#VRML V2.0 utf8
# 3D model generated by easyeda2kicad.py (https://github.com/uPesy/easyeda2kicad.py)

Shape{
    appearance Appearance {
        material  Material 	{
            diffuseColor 0.2235294117647059 0.2235294117647059 0.2235294117647059
            specularColor 0.11372549019607843 0.11372549019607843 0.11372549019607843
            ambientIntensity 0.2
            transparency 0
            shininess 0.5
        }
    }
    geometry IndexedFaceSet {
        ccw TRUE
        solid FALSE
        coord DEF co Coordinate {
            point [
                1.25 0.4017 0.0256, 1.25 0.4017 -0.0241, 1.25 0.424 -0.0241, 1.25 0.5851 -0.4542, 1.25 0.6376 -0.4542, 1.25 0.6376 -0.142, 1.25 0.4296 -0.0184, 1.25 0.4288 -0.0162, 1.25 0.4288 -0.0309, 1.25 0.6114 -0.0304, 1.25 0.6057 -0.0151, 1.25 0.5851 -0.0151, 1.25 0.5497 -0.0633, 1.25 0.5674 -0.0633, 1.25 0.5674 -0.0474, 1.25 0.3229 -0.0181, 1.25 0.3337 -0.0272, 1.25 0.3715 0.0261, 1.25 0.3715 -0.0309, 1.25 0.2698 0.0319, 1.25 0.2784 0.0261, 1.25 0.2876 0.0199, 1.25 0.3008 0.0046, 1.25 0.3091 -0.0116, 1.25 0.311 -0.0122, 1.25 0.1953 0.0311, 1.25 0.2137 0.0382, 1.25 0.0394 0.4542, 1.25 0.3715 0.4542, 1.25 0.2334 0.0406, 1.25 0.2498 0.0389, 1.25 0.1871 0.0261, 1.25 0.0394 0.0261, 1.25 0.1855 0.0251, 1.25 0.1157 -0.0082, 1.25 0.1284 0.0007, 1.25 0.1431 0.0064, 1.25 0.1589 0.0084, 1.25 0.1762 0.0171, 1.25 0.1634 0.0081, 1.25 0.168 0.0076, 1.25 0.0394 -0.0309, 1.25 0.1 -0.0309, 1.25 0.0394 -0.0, 1.25 0.1034 -0.0231, 1.25 0.113 -0.0108, 1.25 0.1429 -0.1188, 1.25 0.1379 -0.1172, 1.25 0.0394 -0.1198, 1.25 0.1235 -0.1102, 1.25 0.111 -0.0996, 1.25 0.1019 -0.0867, 1.25 0.0962 -0.0718, 1.25 0.0394 -0.0474, 1.25 0.0943 -0.0562, 1.25 0.0944 -0.0524, 1.25 0.0953 -0.0474, 1.25 0.0971 -0.0374, 1.25 0.1607 -0.1405, 1.25 0.1529 -0.1346, 1.25 0.0394 -0.142, 1.25 0.1469 -0.1273, 1.25 0.1434 -0.1198, 1.25 0.3715 -0.142, 1.25 0.1973 -0.142, 1.25 0.3715 -0.4542, 1.25 0.1904 -0.1447, 1.25 0.0394 -0.4542, 1.25 0.1808 -0.1459, 1.25 0.1793 -0.1458, 1.25 0.1699 -0.1444, 1.25 0.1643 -0.142, 1.25 0.3715 -0.1198, 1.25 0.2181 -0.1198, 1.25 0.218 -0.1201, 1.25 0.2133 -0.1289, 1.25 0.2073 -0.1357, 1.25 0.1993 -0.1412, 1.25 0.3467 -0.0507, 1.25 0.3485 -0.0638, 1.25 0.3715 -0.0474, 1.25 0.269 -0.0963, 1.25 0.2717 -0.0952, 1.25 0.2764 -0.0725, 1.25 0.3338 -0.1016, 1.25 0.323 -0.1108, 1.25 0.2107 -0.0793, 1.25 0.2641 -0.0514, 1.25 0.2037 -0.073, 1.25 0.1952 -0.0684, 1.25 0.2665 -0.0981, 1.25 0.3417 -0.0906, 1.25 0.3236 -0.0606, 1.25 0.3217 -0.053, 1.25 0.3187 -0.0474, 1.25 0.1204 -0.0474, 1.25 0.3467 -0.078, 1.25 0.2748 -0.0948, 1.25 0.2752 -0.0949, 1.25 0.2764 -0.0951, 1.25 0.1228 -0.0713, 1.25 0.1275 -0.0794, 1.25 0.1477 -0.0835, 1.25 0.1346 -0.0867, 1.25 0.1433 -0.0921, 1.25 0.1624 -0.0703, 1.25 0.1543 -0.076, 1.25 0.1194 -0.0554, 1.25 0.1199 -0.0616, 1.25 0.1712 -0.0669, 1.25 0.1808 -0.0658, 1.25 0.1856 -0.066, 1.25 0.2625 -0.1072, 1.25 0.2626 -0.1056, 1.25 0.2206 -0.102, 1.25 0.2634 -0.1026, 1.25 0.2649 -0.0999, 1.25 0.3157 -0.0853, 1.25 0.3201 -0.079, 1.25 0.3229 -0.0719, 1.25 0.3238 -0.0642, 1.25 0.2718 -0.1192, 1.25 0.2691 -0.1182, 1.25 0.2666 -0.1163, 1.25 0.2656 -0.1154, 1.25 0.2639 -0.1129, 1.25 0.2628 -0.1102, 1.25 0.2204 -0.1102, 1.25 0.2206 -0.106, 1.25 0.3108 -0.1167, 1.25 0.2975 -0.1196, 1.25 0.274 -0.1196, 1.25 0.2772 -0.0952, 1.25 0.2951 -0.0952, 1.25 0.3023 -0.0939, 1.25 0.3094 -0.0906, 1.25 0.3152 -0.0858, 1.25 0.2896 -0.0331, 1.25 0.124 -0.0368, 1.25 0.1206 -0.0457, 1.25 0.2927 -0.0331, 1.25 0.318 -0.0461, 1.25 0.3135 -0.041, 1.25 0.3073 -0.0367, 1.25 0.3003 -0.034, 1.25 0.2809 -0.0091, 1.25 0.2719 0.0016, 1.25 0.1804 -0.0215, 1.25 0.271 0.0025, 1.25 0.2598 0.0103, 1.25 0.1865 -0.0089, 1.25 0.1281 -0.0309, 1.25 0.1776 -0.02, 1.25 0.2891 -0.0309, 1.25 0.2871 -0.0219, 1.25 0.1687 -0.0167, 1.25 0.1592 -0.0155, 1.25 0.155 -0.0158, 1.25 0.1954 0.0018, 1.25 0.2473 0.0151, 1.25 0.2061 0.0096, 1.25 0.2338 0.0167, 1.25 0.2191 0.0148, 1.25 0.1452 -0.0181, 1.25 0.1363 -0.0228, 1.25 0.1295 -0.0289, 1.25 0.3363 -0.0309, 1.25 0.3418 -0.0386, 1.25 0.3454 -0.0474, 1.25 0.5851 -0.0474, 1.25 0.5785 -0.0633, 1.25 0.5785 -0.0698, 1.25 0.5769 -0.0877, 1.25 0.5769 -0.0941, 1.25 0.5851 -0.1198, 1.25 0.5569 -0.0698, 1.25 0.5569 -0.0877, 1.25 0.5674 -0.0698, 1.25 0.5674 -0.0877, 1.25 0.5348 -0.0793, 1.25 0.5421 -0.0793, 1.25 0.5149 -0.0474, 1.25 0.5149 -0.0891, 1.25 0.522 -0.1094, 1.25 0.5239 -0.1095, 1.25 0.5569 -0.0941, 1.25 0.5569 -0.113, 1.25 0.5674 -0.0941, 1.25 0.5674 -0.113, 1.25 0.5798 -0.113, 1.25 0.5798 -0.1194, 1.25 0.5674 -0.1198, 1.25 0.5674 -0.1194, 1.25 0.5497 -0.1194, 1.25 0.5228 -0.1127, 1.25 0.523 -0.1127, 1.25 0.5233 -0.1113, 1.25 0.473 -0.0901, 1.25 0.4733 -0.0876, 1.25 0.4659 -0.0474, 1.25 0.4741 -0.095, 1.25 0.4733 -0.0929, 1.25 0.473 -0.1107, 1.25 0.4757 -0.1124, 1.25 0.4762 -0.1126, 1.25 0.4762 -0.0977, 1.25 0.475 -0.0965, 1.25 0.4762 -0.0977, 1.25 0.4793 -0.1198, 1.25 0.4779 -0.1197, 1.25 0.4762 -0.1198, 1.25 0.4762 -0.1191, 1.25 0.4659 -0.1198, 1.25 0.473 -0.118, 1.25 0.4838 -0.1203, 1.25 0.4762 -0.142, 1.25 0.4881 -0.1198, 1.25 0.5018 -0.142, 1.25 0.4977 -0.1019, 1.25 0.499 -0.1038, 1.25 0.4981 -0.087, 1.25 0.4775 -0.0816, 1.25 0.4793 -0.0805, 1.25 0.4762 -0.0474, 1.25 0.4741 -0.0854, 1.25 0.4754 -0.0835, 1.25 0.4762 -0.0828, 1.25 0.4997 -0.1059, 1.25 0.5 -0.1085, 1.25 0.5018 -0.1198, 1.25 0.4997 -0.1113, 1.25 0.4988 -0.1135, 1.25 0.4975 -0.1154, 1.25 0.483 -0.0791, 1.25 0.4886 -0.0784, 1.25 0.5018 -0.0474, 1.25 0.4981 -0.0802, 1.25 0.4929 -0.0787, 1.25 0.4955 -0.1171, 1.25 0.4936 -0.1183, 1.25 0.4898 -0.1196, 1.25 0.4879 -0.0841, 1.25 0.4858 -0.0843, 1.25 0.4803 -0.0895, 1.25 0.484 -0.0848, 1.25 0.4824 -0.0856, 1.25 0.4803 -0.0904, 1.25 0.4806 -0.0915, 1.25 0.4811 -0.0925, 1.25 0.4818 -0.0932, 1.25 0.4843 -0.0948, 1.25 0.4925 -0.0846, 1.25 0.4886 -0.0967, 1.25 0.4965 -0.0861, 1.25 0.4913 -0.0978, 1.25 0.496 -0.1004, 1.25 0.4813 -0.0865, 1.25 0.4807 -0.0874, 1.25 0.4804 -0.0884, 1.25 0.4801 -0.1141, 1.25 0.4837 -0.1018, 1.25 0.4795 -0.0998, 1.25 0.4845 -0.1146, 1.25 0.4848 -0.1146, 1.25 0.4883 -0.1037, 1.25 0.4884 -0.1142, 1.25 0.4928 -0.1092, 1.25 0.4927 -0.1083, 1.25 0.4903 -0.1135, 1.25 0.4909 -0.1131, 1.25 0.4917 -0.1124, 1.25 0.4923 -0.1115, 1.25 0.4927 -0.1105, 1.25 0.4924 -0.1072, 1.25 0.4919 -0.1063, 1.25 0.491 -0.1053, 1.25 0.598 0.0256, 1.25 0.6194 -0.0304, 1.25 0.6376 -0.0309, 1.25 0.5851 -0.0309, 1.25 0.5823 -0.0151, 1.25 0.5769 -0.0304, 1.25 0.5674 -0.0309, 1.25 0.5689 -0.0304, 1.25 0.5674 0.0261, 1.25 0.5851 0.012, 1.25 0.5851 0.0261, 1.25 0.5083 0.0192, 1.25 0.5149 0.0261, 1.25 0.5083 0.0256, 1.25 0.5018 0.0261, 1.25 0.5018 0.0256, 1.25 0.5068 0.0012, 1.25 0.5068 -0.0052, 1.25 0.5149 -0.0309, 1.25 0.4867 0.0192, 1.25 0.4867 0.0012, 1.25 0.5018 0.0192, 1.25 0.5018 0.0012, 1.25 0.4795 -0.0304, 1.25 0.4762 -0.0309, 1.25 0.5018 -0.0309, 1.25 0.4867 -0.0052, 1.25 0.4867 -0.0241, 1.25 0.5018 -0.0052, 1.25 0.5018 -0.0241, 1.25 0.5096 -0.0241, 1.25 0.5096 -0.0304, 1.25 0.5018 -0.0304, 1.25 0.4795 0.0256, 1.25 0.4762 0.0261, 1.25 0.4683 0.0167, 1.25 0.4683 -0.0212, 1.25 0.4671 0.0173, 1.25 0.4659 -0.0223, 1.25 0.4659 0.0177, 1.25 0.4613 0.0193, 1.25 0.4568 -0.0248, 1.25 0.4631 -0.0235, 1.25 0.4339 -0.0036, 1.25 0.4339 -0.0031, 1.25 0.455 0.02, 1.25 0.4531 0.0199, 1.25 0.4482 0.0191, 1.25 0.4388 0.0127, 1.25 0.4363 0.0087, 1.25 0.4346 0.0036, 1.25 0.4348 -0.0105, 1.25 0.4365 -0.015, 1.25 0.4394 -0.019, 1.25 0.4442 -0.0228, 1.25 0.4482 -0.0243, 1.25 0.4538 -0.0249, 1.25 0.4438 0.0171, 1.25 0.4398 0.0138, 1.25 0.4405 -0.0202, 1.25 0.4606 0.0261, 1.25 0.4629 0.0259, 1.25 0.4659 0.0261, 1.25 0.4659 0.025, 1.25 0.4683 0.0243, 1.25 0.4557 0.0265, 1.25 0.4659 0.4542, 1.25 0.455 0.0265, 1.25 0.4288 0.4542, 1.25 0.451 0.0261, 1.25 0.4411 0.0233, 1.25 0.4469 0.0256, 1.25 0.4288 0.0261, 1.25 0.4307 0.0136, 1.25 0.4344 0.0183, 1.25 0.4356 0.0195, 1.25 0.4254 0.0261, 1.25 0.4279 0.0074, 1.25 0.4288 0.0095, 1.25 0.4274 -0.0125, 1.25 0.4254 -0.0309, 1.25 0.4263 -0.0035, 1.25 0.4265 0.0003, 1.25 0.4431 -0.0299, 1.25 0.4378 -0.0274, 1.25 0.4335 -0.0237, 1.25 0.433 -0.0232, 1.25 0.4478 -0.0309, 1.25 0.4288 -0.0474, 1.25 0.4491 -0.0312, 1.25 0.4527 -0.0314, 1.25 0.4577 -0.0309, 1.25 0.4683 -0.0281, 1.25 0.4673 -0.0286, 1.25 0.4659 -0.0309, 1.25 0.4659 -0.0291, 1.25 0.4613 -0.0306, 1.25 0.434 -0.1005, 1.25 0.4352 -0.089, 1.25 0.4325 -0.1028, 1.25 0.4316 -0.1053, 1.25 0.4635 -0.1194, 1.25 0.4564 -0.1194, 1.25 0.4507 -0.0844, 1.25 0.4483 -0.0841, 1.25 0.4446 -0.0956, 1.25 0.4628 -0.0878, 1.25 0.4635 -0.0936, 1.25 0.436 -0.0986, 1.25 0.4389 -0.097, 1.25 0.44 -0.086, 1.25 0.4444 -0.0845, 1.25 0.4371 -0.1188, 1.25 0.4347 -0.1172, 1.25 0.4288 -0.1198, 1.25 0.434 -0.1164, 1.25 0.4325 -0.1142, 1.25 0.4564 -0.1132, 1.25 0.4563 -0.1132, 1.25 0.4552 -0.1148, 1.25 0.453 -0.1172, 1.25 0.4316 -0.1118, 1.25 0.4313 -0.1086, 1.25 0.4352 -0.0821, 1.25 0.4537 -0.0789, 1.25 0.4565 -0.0798, 1.25 0.4588 -0.0812, 1.25 0.4564 -0.0939, 1.25 0.4562 -0.0908, 1.25 0.4555 -0.0883, 1.25 0.4547 -0.0869, 1.25 0.4602 -0.0826, 1.25 0.4617 -0.0847, 1.25 0.4373 -0.081, 1.25 0.4427 -0.0791, 1.25 0.449 -0.0784, 1.25 0.4536 -0.0857, 1.25 0.4523 -0.0849, 1.25 0.4478 -0.1198, 1.25 0.4476 -0.1199, 1.25 0.4659 -0.142, 1.25 0.4288 -0.142, 1.25 0.444 -0.1203, 1.25 0.4399 -0.1198, 1.25 0.4398 -0.1198, 1.25 0.5115 -0.0793, 1.25 0.5037 -0.0793, 1.25 0.5191 -0.1198, 1.25 0.5194 -0.1193, 1.25 0.5149 -0.1079, 1.25 0.5163 -0.1266, 1.25 0.5149 -0.1198, 1.25 0.5149 -0.1291, 1.25 0.5149 -0.1291, 1.25 0.5051 -0.1314, 1.25 0.5051 -0.1376, 1.25 0.5066 -0.1319, 1.25 0.5091 -0.1322, 1.25 0.5108 -0.132, 1.25 0.5149 -0.137, 1.25 0.5125 -0.1379, 1.25 0.5149 -0.142, 1.25 0.5096 -0.1382, 1.25 0.5081 -0.1382, 1.25 0.5123 -0.1314, 1.25 0.5136 -0.1305, 1.25 0.5239 -0.1254, 1.25 0.5208 -0.1316, 1.25 0.5674 -0.142, 1.25 0.5261 -0.1198, 1.25 0.5182 -0.1347, 1.25 0.5177 -0.1351, 1.25 0.5153 -0.1368, 1.25 0.5851 -0.142, 1.25 0.5674 -0.4542, 1.25 0.5149 -0.4542, 1.25 0.5018 -0.4542, 1.25 0.4762 -0.4542, 1.25 0.4659 -0.4542, 1.25 0.4288 -0.4542, 1.25 0.748 -0.4542, 1.25 0.748 -0.4092, 1.25 0.7188 -0.4542, 1.25 0.7188 -0.142, 1.25 0.4505 -0.1189, 1.25 0.7188 -0.1198, 1.25 0.6376 -0.1198, 1.25 0.3944 -0.0633, 1.25 0.3944 -0.1194, 1.25 0.4254 -0.1198, 1.25 0.4254 -0.142, 1.25 0.4254 -0.4542, 1.25 0.4233 -0.0633, 1.25 0.4254 -0.0474, 1.25 0.4233 -0.0698, 1.25 0.4246 -0.113, 1.25 0.4246 -0.1194, 1.25 0.4017 -0.0941, 1.25 0.4017 -0.113, 1.25 0.4217 -0.0941, 1.25 0.4217 -0.0877, 1.25 0.4017 -0.0877, 1.25 0.4017 -0.0698, 1.25 0.5904 -0.1194, 1.25 0.6343 -0.1013, 1.25 0.6314 -0.107, 1.25 0.6276 -0.1115, 1.25 0.6216 -0.1158, 1.25 0.6152 -0.1182, 1.25 0.6058 -0.1194, 1.25 0.5904 -0.0633, 1.25 0.6064 -0.0633, 1.25 0.6376 -0.0474, 1.25 0.6159 -0.0645, 1.25 0.6225 -0.0671, 1.25 0.6335 -0.0785, 1.25 0.6354 -0.084, 1.25 0.636 -0.0906, 1.25 0.6358 -0.0948, 1.25 0.6276 -0.0707, 1.25 0.6302 -0.0734, 1.25 0.6896 -0.1194, 1.25 0.6682 -0.0633, 1.25 0.7188 -0.0474, 1.25 0.6759 -0.104, 1.25 0.6525 -0.104, 1.25 0.6816 -0.1194, 1.25 0.6471 -0.1194, 1.25 0.6391 -0.1194, 1.25 0.6605 -0.0633, 1.25 0.748 -0.0309, 1.25 0.748 -0.0474, 1.25 0.748 -0.1198, 1.25 0.748 -0.142, 1.25 0.7188 -0.0309, 1.25 0.3944 -0.0304, 1.25 0.3944 0.0256, 1.25 0.424 -0.0304, 1.25 0.5356 -0.0304, 1.25 0.5202 -0.0304, 1.25 0.5641 -0.0123, 1.25 0.5613 -0.0181, 1.25 0.5574 -0.0226, 1.25 0.5514 -0.0268, 1.25 0.545 -0.0293, 1.25 0.5202 0.0256, 1.25 0.5362 0.0256, 1.25 0.5457 0.0244, 1.25 0.5523 0.0218, 1.25 0.5633 0.0105, 1.25 0.5652 0.0049, 1.25 0.5658 -0.0017, 1.25 0.5656 -0.0059, 1.25 0.5574 0.0182, 1.25 0.56 0.0156, 1.25 0.7188 0.0261, 1.25 0.6376 0.0261, 1.25 0.5903 0.0256, 1.25 0.748 -0.0, 1.25 0.748 0.0261, 1.25 0.4254 0.4542, 1.25 0.748 0.4542, 1.25 0.7188 0.4542, 1.25 0.6376 0.4542, 1.25 0.5851 0.4542, 1.25 0.5674 0.4542, 1.25 0.5149 0.4542, 1.25 0.5018 0.4542, 1.25 0.4762 0.4542, -0.8287 0.8268 -0.5906, -1.1713 0.8268 -0.5906, -0.7705 0.8268 -0.4896, -1.2295 0.8268 -0.4896, -0.7295 0.8268 -0.4896, -0.2705 0.8268 -0.4896, -0.6713 0.8268 -0.5906, -0.3287 0.8268 -0.5906, 1.2295 0.8268 0.4896, 0.7705 0.8268 0.4896, 1.1713 0.8268 0.5906, 0.8287 0.8268 0.5906, 0.8287 0.0394 0.5906, 1.1713 0.0394 0.5906, -1.1713 0.0394 -0.5906, -1.1644 0.0394 -0.5906, -0.8287 0.0394 -0.5906, -0.6713 0.0394 -0.5906, -0.3287 0.0394 -0.5906, -0.7705 0.748 -0.4896, -1.1644 0.748 -0.4896, -1.2295 0.748 -0.4896, -0.7295 0.748 -0.4896, -0.2705 0.748 -0.4896, 1.2295 0.748 0.4896, 0.7705 0.748 0.4896, 0.6713 0.8268 -0.5906, 0.3287 0.8268 -0.5906, 0.7295 0.8268 -0.4896, 0.2705 0.8268 -0.4896, -0.1713 0.8268 0.5906, 0.1713 0.8268 0.5906, -0.2295 0.8268 0.4896, 0.2295 0.8268 0.4896, -0.2705 0.8268 0.4896, -0.7295 0.8268 0.4896, -0.3287 0.8268 0.5906, -0.6713 0.8268 0.5906, 0.1713 0.0394 0.5906, -0.1713 0.0394 0.5906, -0.6713 0.0394 0.5906, -0.3287 0.0394 0.5906, 0.6713 0.0394 -0.5906, 0.3287 0.0394 -0.5906, 0.7295 0.748 -0.4896, 0.2705 0.748 -0.4896, -0.2295 0.748 0.4896, 0.2295 0.748 0.4896, -0.2705 0.748 0.4896, -0.7295 0.748 0.4896, -0.2295 0.8268 -0.4896, 0.2295 0.8268 -0.4896, -0.1713 0.8268 -0.5906, 0.1713 0.8268 -0.5906, 0.7295 0.8268 0.4896, 0.2705 0.8268 0.4896, 0.6713 0.8268 0.5906, 0.3287 0.8268 0.5906, 0.3287 0.0394 0.5906, 0.6713 0.0394 0.5906, -0.1713 0.0394 -0.5906, 0.1713 0.0394 -0.5906, -0.2295 0.748 -0.4896, 0.2295 0.748 -0.4896, 0.7295 0.748 0.4896, 0.2705 0.748 0.4896, 0.7705 0.8268 -0.4896, 1.2295 0.8268 -0.4896, 0.8287 0.8268 -0.5906, 1.1713 0.8268 -0.5906, -1.1713 0.8268 0.5906, -0.8287 0.8268 0.5906, -1.2295 0.8268 0.4896, -0.7705 0.8268 0.4896, -1.25 0.0394 -0.0, -1.25 0.0394 0.4542, -1.25 0.748 0.4542, -1.25 0.748 -0.4542, -1.25 0.0394 -0.4542, -1.25 0.748 -0.4092, -1.25 0.748 -0.0, -1.2468 0.0394 -0.4596, -1.1644 0.0394 -0.4596, -1.1644 0.0394 -0.0, -1.1644 0.0394 0.5906, -1.1713 0.0394 0.5906, -0.75 0.0394 0.4542, -0.9213 0.0394 0.3287, -0.75 0.0394 -0.0, -0.9213 0.0394 0.1713, -1.0787 0.0394 0.1713, -0.8287 0.0394 0.5906, -1.0787 0.0394 0.3287, -0.5787 0.0394 0.3287, -0.25 0.0394 0.4542, -0.4213 0.0394 0.3287, -0.25 0.0394 -0.0, -0.4213 0.0394 0.1713, -0.5787 0.0394 0.1713, -0.0787 0.0394 0.3287, 0.25 0.0394 0.4542, 0.0787 0.0394 0.3287, 0.25 0.0394 -0.0, 0.0787 0.0394 0.1713, -0.0787 0.0394 0.1713, 0.4213 0.0394 0.3287, 0.5787 0.0394 0.3287, 0.75 0.0394 0.4542, 0.4213 0.0394 0.1713, 0.5787 0.0394 0.1713, 0.75 0.0394 -0.0, 1.0787 0.0394 0.1713, 0.9213 0.0394 0.1713, 0.9213 0.0394 0.3287, 1.0787 0.0394 0.3287, 1.0787 0.0394 -0.3287, 0.9213 0.0394 -0.3287, 0.7532 0.0394 -0.4596, 1.2468 0.0394 -0.4596, 1.0787 0.0394 -0.1713, 0.9213 0.0394 -0.1713, 0.75 0.0394 -0.4542, 0.8287 0.0394 -0.5906, 1.1713 0.0394 -0.5906, 0.25 0.0394 -0.4542, 0.2532 0.0394 -0.4596, 0.4213 0.0394 -0.3287, 0.5787 0.0394 -0.3287, 0.4213 0.0394 -0.1713, 0.5787 0.0394 -0.1713, 0.7468 0.0394 -0.4596, -0.25 0.0394 -0.4542, -0.2468 0.0394 -0.4596, -0.0787 0.0394 -0.3287, 0.0787 0.0394 -0.3287, -0.0787 0.0394 -0.1713, 0.0787 0.0394 -0.1713, 0.2468 0.0394 -0.4596, -0.75 0.0394 -0.4542, -0.7468 0.0394 -0.4596, -0.5787 0.0394 -0.3287, -0.4213 0.0394 -0.3287, -0.5787 0.0394 -0.1713, -0.4213 0.0394 -0.1713, -0.2532 0.0394 -0.4596, -0.7532 0.0394 -0.4596, -0.9213 0.0394 -0.3287, -0.9213 0.0394 -0.1713, -1.0787 0.0394 -0.1713, -1.0787 0.0394 -0.3287, 0.7705 0.748 -0.4896, 1.2295 0.748 -0.4896, -0.7705 0.748 0.4896, -1.1644 0.748 0.4896, -1.2295 0.748 0.4896, -0.75 0.748 -0.4542, -0.25 0.748 -0.4542, 0.25 0.748 -0.4542, 0.75 0.748 -0.4542, 0.75 0.748 -0.4092, 1.0787 0.748 0.3287, 0.9213 0.748 0.3287, 1.0787 0.748 0.1713, 0.9213 0.748 0.1713, 0.75 0.748 -0.0, 0.75 0.748 0.4542, 0.5787 0.748 0.3287, 0.4213 0.748 0.3287, 0.5787 0.748 0.1713, 0.4213 0.748 0.1713, 0.25 0.748 -0.0, 0.25 0.748 0.4542, 0.0787 0.748 0.3287, -0.0787 0.748 0.3287, 0.0787 0.748 0.1713, -0.0787 0.748 0.1713, -0.25 0.748 -0.0, -0.25 0.748 0.4542, -0.4213 0.748 0.3287, -0.5787 0.748 0.3287, -0.4213 0.748 0.1713, -0.5787 0.748 0.1713, -0.75 0.748 -0.0, -0.75 0.748 0.4542, -0.9213 0.748 0.3287, -0.9213 0.748 0.1713, -1.0787 0.748 0.1713, -1.1644 0.748 -0.0, -1.0787 0.748 0.3287, -1.1644 0.748 -0.4092, 0.25 0.748 -0.4092, -0.25 0.748 -0.4092, -0.75 0.748 -0.4092, 1.0787 0.748 -0.1713, 1.0787 0.748 -0.3287, 0.9213 0.748 -0.3287, 0.9213 0.748 -0.1713, 0.4213 0.748 -0.1713, 0.5787 0.748 -0.1713, 0.5787 0.748 -0.3287, 0.4213 0.748 -0.3287, -0.0787 0.748 -0.1713, 0.0787 0.748 -0.1713, 0.0787 0.748 -0.3287, -0.0787 0.748 -0.3287, -0.5787 0.748 -0.1713, -0.4213 0.748 -0.1713, -0.4213 0.748 -0.3287, -0.5787 0.748 -0.3287, -1.0787 0.748 -0.1713, -0.9213 0.748 -0.1713, -0.9213 0.748 -0.3287, -1.0787 0.748 -0.3287, -1.0787 0.748 -0.3287
            ]
        }
        coordIndex [
            0,1,2,-1,3,4,5,-1,6,7,8,-1,9,10,11,-1,12,13,14,-1,15,16,17,-1,17,16,18,-1,19,20,17,-1,17,20,21,-1,17,21,22,-1,22,23,17,-1,17,23,24,-1,17,24,15,-1,25,26,27,-1,27,26,28,-1,28,26,29,-1,28,29,30,-1,25,27,31,-1,31,27,32,-1,31,32,33,-1,34,35,32,-1,32,35,36,-1,32,36,33,-1,33,36,37,-1,33,37,38,-1,38,37,39,-1,38,39,40,-1,41,42,43,-1,43,42,44,-1,43,44,32,-1,32,44,45,-1,32,45,34,-1,46,47,48,-1,48,47,49,-1,48,49,50,-1,50,51,48,-1,48,51,52,-1,48,52,53,-1,53,52,54,-1,54,55,53,-1,53,55,56,-1,53,56,41,-1,41,56,57,-1,41,57,42,-1,58,59,60,-1,60,59,61,-1,60,61,48,-1,48,61,62,-1,48,62,46,-1,63,64,65,-1,65,64,66,-1,65,66,67,-1,67,66,68,-1,68,69,67,-1,67,69,70,-1,67,70,60,-1,60,70,71,-1,60,71,58,-1,72,73,63,-1,63,73,74,-1,63,74,75,-1,75,76,63,-1,63,76,77,-1,63,77,64,-1,78,79,80,-1,81,82,83,-1,84,85,72,-1,86,87,88,-1,88,87,89,-1,81,83,90,-1,84,72,91,-1,92,93,87,-1,87,93,94,-1,87,94,95,-1,80,79,72,-1,72,79,96,-1,72,96,91,-1,82,97,83,-1,83,97,98,-1,83,98,99,-1,100,101,102,-1,102,101,103,-1,102,103,104,-1,105,95,106,-1,106,95,107,-1,106,107,102,-1,102,107,108,-1,102,108,100,-1,105,109,95,-1,95,109,110,-1,95,110,87,-1,87,110,111,-1,87,111,89,-1,112,113,114,-1,114,113,115,-1,114,115,83,-1,83,115,116,-1,83,116,90,-1,117,118,83,-1,83,118,119,-1,83,119,87,-1,87,119,120,-1,87,120,92,-1,121,122,73,-1,73,122,123,-1,73,123,124,-1,124,125,73,-1,73,125,126,-1,73,126,127,-1,127,126,112,-1,127,112,128,-1,128,112,114,-1,85,129,72,-1,72,129,130,-1,72,130,73,-1,73,130,131,-1,73,131,121,-1,99,132,83,-1,83,132,133,-1,83,133,134,-1,134,135,83,-1,83,135,136,-1,83,136,117,-1,137,138,139,-1,139,95,137,-1,137,95,94,-1,137,94,140,-1,140,94,141,-1,141,142,140,-1,140,142,143,-1,140,143,144,-1,145,146,147,-1,146,148,147,-1,147,148,149,-1,147,149,150,-1,151,147,152,-1,138,137,151,-1,151,137,153,-1,151,153,147,-1,147,153,154,-1,147,154,145,-1,152,155,151,-1,151,155,156,-1,151,156,157,-1,150,149,158,-1,158,149,159,-1,158,159,160,-1,160,159,161,-1,160,161,162,-1,163,164,157,-1,157,164,165,-1,157,165,151,-1,16,166,18,-1,18,166,167,-1,18,167,80,-1,80,167,168,-1,80,168,78,-1,14,13,169,-1,169,13,170,-1,169,170,171,-1,172,173,174,-1,175,176,177,-1,177,176,178,-1,177,178,171,-1,179,180,181,-1,182,183,184,-1,185,186,187,-1,187,186,188,-1,187,188,173,-1,173,188,189,-1,173,189,174,-1,174,189,190,-1,174,190,191,-1,191,190,192,-1,191,192,193,-1,194,195,183,-1,183,195,196,-1,183,196,184,-1,197,198,199,-1,200,201,202,-1,203,204,205,-1,200,202,206,-1,203,205,202,-1,202,205,207,-1,202,207,206,-1,208,209,210,-1,210,209,211,-1,210,211,212,-1,212,211,213,-1,212,213,202,-1,214,215,216,-1,216,215,217,-1,218,219,220,-1,221,222,223,-1,198,224,199,-1,199,224,225,-1,199,225,223,-1,223,225,226,-1,223,226,221,-1,227,228,229,-1,228,230,229,-1,229,230,231,-1,229,231,232,-1,222,233,223,-1,223,233,234,-1,223,234,235,-1,219,227,220,-1,220,227,229,-1,220,229,236,-1,236,229,235,-1,236,235,237,-1,237,235,234,-1,232,238,229,-1,229,238,239,-1,229,239,240,-1,241,242,243,-1,243,242,244,-1,243,244,245,-1,243,246,241,-1,241,246,247,-1,241,247,248,-1,248,249,241,-1,241,249,250,-1,241,250,251,-1,251,250,252,-1,251,252,253,-1,253,252,254,-1,253,254,220,-1,220,254,255,-1,220,255,218,-1,256,257,245,-1,245,257,258,-1,245,258,243,-1,259,260,204,-1,204,260,261,-1,204,261,205,-1,259,262,260,-1,260,262,263,-1,260,263,264,-1,264,263,265,-1,264,266,267,-1,265,268,264,-1,264,268,269,-1,264,269,270,-1,270,271,264,-1,264,271,272,-1,264,272,266,-1,267,273,264,-1,264,273,274,-1,264,274,275,-1,276,277,278,-1,278,277,9,-1,278,9,279,-1,279,9,11,-1,11,280,279,-1,279,280,281,-1,279,281,282,-1,282,281,283,-1,282,283,284,-1,284,283,285,-1,284,285,286,-1,287,288,289,-1,289,288,290,-1,289,290,291,-1,292,293,294,-1,295,296,297,-1,297,296,298,-1,297,298,287,-1,299,300,301,-1,302,303,304,-1,304,303,305,-1,304,305,293,-1,293,305,306,-1,293,306,294,-1,294,306,307,-1,294,307,301,-1,301,307,308,-1,301,308,299,-1,291,290,309,-1,309,290,310,-1,309,310,299,-1,299,310,300,-1,300,310,311,-1,300,311,312,-1,312,311,313,-1,312,313,314,-1,314,313,315,-1,314,315,316,-1,317,318,319,-1,319,318,314,-1,319,314,320,-1,316,321,314,-1,314,321,322,-1,314,322,323,-1,324,325,314,-1,314,325,326,-1,314,326,320,-1,327,328,329,-1,330,331,319,-1,319,331,332,-1,319,332,317,-1,323,333,314,-1,314,333,334,-1,314,334,324,-1,327,329,319,-1,319,329,335,-1,319,335,330,-1,336,337,338,-1,338,337,339,-1,338,339,310,-1,310,339,340,-1,310,340,311,-1,341,342,343,-1,343,342,344,-1,343,344,345,-1,346,347,348,-1,349,350,348,-1,348,350,351,-1,348,351,346,-1,352,353,348,-1,348,353,354,-1,348,354,349,-1,7,355,356,-1,356,355,357,-1,356,357,352,-1,352,357,358,-1,352,358,353,-1,359,360,8,-1,360,361,8,-1,8,361,362,-1,8,362,6,-1,359,8,363,-1,363,8,364,-1,363,364,365,-1,365,364,366,-1,366,364,199,-1,366,199,367,-1,312,368,300,-1,300,368,369,-1,300,369,370,-1,370,369,371,-1,370,371,372,-1,373,374,375,-1,375,374,376,-1,212,377,378,-1,379,380,381,-1,199,382,383,-1,373,384,374,-1,374,384,385,-1,374,385,386,-1,386,385,381,-1,386,381,387,-1,387,381,380,-1,201,197,202,-1,202,197,199,-1,202,199,212,-1,212,199,383,-1,212,383,377,-1,388,389,390,-1,390,389,391,-1,390,391,392,-1,393,394,378,-1,378,394,395,-1,378,395,396,-1,392,397,390,-1,390,397,398,-1,390,398,364,-1,364,398,376,-1,364,376,399,-1,399,376,374,-1,400,401,199,-1,199,401,402,-1,403,404,381,-1,381,404,405,-1,381,405,406,-1,402,407,199,-1,199,407,408,-1,199,408,382,-1,399,409,364,-1,364,409,410,-1,364,410,199,-1,199,410,411,-1,199,411,400,-1,406,412,381,-1,381,412,413,-1,381,413,379,-1,414,415,416,-1,416,415,417,-1,415,418,417,-1,417,418,419,-1,417,419,390,-1,390,419,420,-1,390,420,388,-1,184,179,182,-1,182,179,181,-1,182,181,421,-1,421,181,422,-1,423,424,425,-1,426,427,428,-1,428,427,429,-1,427,229,430,-1,240,216,229,-1,229,216,217,-1,229,217,430,-1,430,217,431,-1,430,432,427,-1,427,432,433,-1,427,433,434,-1,435,436,437,-1,437,436,438,-1,437,438,217,-1,217,438,439,-1,217,439,431,-1,434,440,427,-1,427,440,441,-1,427,441,429,-1,442,443,444,-1,442,444,445,-1,443,446,444,-1,444,446,447,-1,444,447,437,-1,437,447,448,-1,437,448,435,-1,3,449,450,-1,450,449,444,-1,450,444,451,-1,451,444,437,-1,451,437,452,-1,452,437,217,-1,452,217,453,-1,453,217,215,-1,453,215,454,-1,454,215,416,-1,454,416,455,-1,455,416,417,-1,456,457,458,-1,458,457,459,-1,458,459,4,-1,214,208,215,-1,215,208,210,-1,215,210,416,-1,416,210,212,-1,416,212,414,-1,414,212,378,-1,414,378,460,-1,460,378,396,-1,449,174,444,-1,444,174,191,-1,444,191,445,-1,445,191,193,-1,445,193,180,-1,180,193,12,-1,180,12,181,-1,181,12,14,-1,181,14,282,-1,4,459,5,-1,5,459,461,-1,5,461,462,-1,463,80,464,-1,464,80,72,-1,464,72,465,-1,465,72,63,-1,465,63,466,-1,466,63,65,-1,466,65,467,-1,463,468,469,-1,468,470,469,-1,469,470,471,-1,469,471,465,-1,465,471,472,-1,465,472,464,-1,473,474,475,-1,475,474,471,-1,475,471,476,-1,476,471,470,-1,476,470,477,-1,477,470,478,-1,178,172,171,-1,171,172,174,-1,171,174,169,-1,169,174,479,-1,480,481,462,-1,462,481,482,-1,482,483,462,-1,462,483,484,-1,462,484,485,-1,3,5,449,-1,449,5,462,-1,449,462,174,-1,174,462,485,-1,174,485,479,-1,479,486,169,-1,169,486,487,-1,169,487,488,-1,488,487,489,-1,488,489,490,-1,491,492,488,-1,488,492,493,-1,488,493,462,-1,462,493,494,-1,462,494,480,-1,490,495,488,-1,488,495,496,-1,488,496,491,-1,497,461,498,-1,498,461,499,-1,500,501,502,-1,502,501,503,-1,497,502,461,-1,461,502,503,-1,461,503,462,-1,462,503,504,-1,462,504,488,-1,488,504,505,-1,506,499,507,-1,507,499,461,-1,507,461,508,-1,508,461,459,-1,508,459,509,-1,509,459,457,-1,7,356,8,-1,8,356,469,-1,8,469,364,-1,364,469,465,-1,364,465,390,-1,390,465,466,-1,390,466,417,-1,417,466,467,-1,417,467,455,-1,372,367,370,-1,370,367,199,-1,370,199,300,-1,300,199,223,-1,300,223,301,-1,301,223,235,-1,301,235,294,-1,282,14,279,-1,279,14,169,-1,279,169,278,-1,278,169,488,-1,278,488,510,-1,463,469,80,-1,80,469,356,-1,80,356,18,-1,18,356,511,-1,18,511,17,-1,511,512,17,-1,17,512,0,-1,17,0,352,-1,352,0,2,-1,352,2,356,-1,356,2,513,-1,356,513,511,-1,514,515,294,-1,298,292,287,-1,287,292,294,-1,287,294,288,-1,288,294,515,-1,516,517,282,-1,517,518,282,-1,282,518,519,-1,282,519,520,-1,520,514,282,-1,282,514,294,-1,282,294,181,-1,181,294,235,-1,181,235,422,-1,422,235,229,-1,422,229,425,-1,425,229,427,-1,425,427,423,-1,423,427,426,-1,515,521,288,-1,288,521,522,-1,288,522,284,-1,284,522,523,-1,284,523,524,-1,525,526,284,-1,284,526,527,-1,284,527,282,-1,282,527,528,-1,282,528,516,-1,524,529,284,-1,284,529,530,-1,284,530,525,-1,510,531,278,-1,278,531,532,-1,278,532,276,-1,276,532,286,-1,276,286,533,-1,533,286,285,-1,505,498,488,-1,488,498,499,-1,488,499,510,-1,510,499,506,-1,510,506,531,-1,531,506,534,-1,531,534,535,-1,347,345,348,-1,348,345,344,-1,348,344,352,-1,352,344,536,-1,352,536,17,-1,17,536,28,-1,17,28,19,-1,19,28,30,-1,535,537,531,-1,531,537,538,-1,531,538,532,-1,532,538,539,-1,532,539,286,-1,286,539,540,-1,286,540,284,-1,284,540,541,-1,284,541,288,-1,288,541,542,-1,288,542,290,-1,290,542,543,-1,290,543,310,-1,310,543,544,-1,310,544,338,-1,338,544,342,-1,338,342,336,-1,336,342,341,-1,545,546,547,-1,547,546,548,-1,549,550,551,-1,551,550,552,-1,553,554,555,-1,555,554,556,-1,556,557,555,-1,555,557,558,-1,559,546,560,-1,560,546,545,-1,560,545,561,-1,551,552,562,-1,562,552,563,-1,564,547,565,-1,565,547,548,-1,565,548,566,-1,567,568,549,-1,549,568,550,-1,569,570,553,-1,553,570,554,-1,571,572,573,-1,573,572,574,-1,575,576,577,-1,577,576,578,-1,579,580,581,-1,581,580,582,-1,583,576,584,-1,584,576,575,-1,582,585,581,-1,581,585,586,-1,587,588,571,-1,571,588,572,-1,573,574,589,-1,589,574,590,-1,577,578,591,-1,591,578,592,-1,593,594,579,-1,579,594,580,-1,595,596,597,-1,597,596,598,-1,599,600,601,-1,601,600,602,-1,602,603,601,-1,601,603,604,-1,597,598,605,-1,605,598,606,-1,607,608,595,-1,595,608,596,-1,609,610,599,-1,599,610,600,-1,611,612,613,-1,613,612,614,-1,615,616,617,-1,617,616,618,-1,619,620,621,-1,622,623,624,-1,624,623,619,-1,624,619,625,-1,625,619,621,-1,626,627,623,-1,623,627,628,-1,623,628,619,-1,629,630,628,-1,628,630,620,-1,628,620,619,-1,631,632,633,-1,633,632,634,-1,633,634,628,-1,628,634,635,-1,628,635,629,-1,631,636,632,-1,632,636,629,-1,632,629,637,-1,637,629,635,-1,585,631,586,-1,586,631,638,-1,586,638,639,-1,639,638,640,-1,639,640,641,-1,641,640,642,-1,641,642,633,-1,633,642,643,-1,633,643,631,-1,631,643,638,-1,584,639,583,-1,583,639,644,-1,583,644,645,-1,645,644,646,-1,645,646,647,-1,647,646,648,-1,647,648,641,-1,641,648,649,-1,641,649,639,-1,639,649,644,-1,650,651,652,-1,604,603,645,-1,652,604,650,-1,650,604,645,-1,650,645,653,-1,653,645,647,-1,653,647,654,-1,654,647,655,-1,654,655,651,-1,656,657,655,-1,651,655,652,-1,652,655,657,-1,652,657,658,-1,557,652,558,-1,558,652,658,-1,558,658,27,-1,27,658,659,-1,27,659,32,-1,32,659,656,-1,32,656,43,-1,43,656,655,-1,660,661,662,-1,660,663,67,-1,660,67,664,-1,67,60,664,-1,664,60,48,-1,664,48,53,-1,53,41,664,-1,664,41,43,-1,664,43,665,-1,665,43,655,-1,665,655,661,-1,661,655,666,-1,661,666,662,-1,660,662,663,-1,663,662,667,-1,663,667,668,-1,669,670,671,-1,671,670,672,-1,669,671,647,-1,647,671,673,-1,647,673,655,-1,655,673,674,-1,655,674,666,-1,666,674,672,-1,666,672,675,-1,672,670,675,-1,675,670,588,-1,675,588,587,-1,676,677,678,-1,678,677,679,-1,676,678,641,-1,641,678,680,-1,641,680,647,-1,647,680,681,-1,647,681,669,-1,669,681,679,-1,669,679,682,-1,679,677,682,-1,682,677,605,-1,682,605,606,-1,683,684,685,-1,685,684,686,-1,683,685,633,-1,633,685,687,-1,633,687,641,-1,641,687,688,-1,641,688,676,-1,676,688,686,-1,676,686,689,-1,686,684,689,-1,689,684,562,-1,689,562,563,-1,627,690,691,-1,691,690,683,-1,691,683,692,-1,692,683,633,-1,692,633,693,-1,693,633,628,-1,693,628,694,-1,694,628,627,-1,694,627,691,-1,626,559,627,-1,627,559,560,-1,627,560,690,-1,690,560,561,-1,636,616,629,-1,629,616,615,-1,629,615,630,-1,613,614,667,-1,667,614,668,-1,695,696,611,-1,611,696,612,-1,618,697,617,-1,617,697,698,-1,617,698,699,-1,700,564,565,-1,568,567,701,-1,701,567,700,-1,608,607,702,-1,702,607,701,-1,589,590,703,-1,703,590,702,-1,696,695,456,-1,456,695,703,-1,456,703,457,-1,457,703,704,-1,705,706,570,-1,570,569,705,-1,705,569,537,-1,705,537,707,-1,537,535,707,-1,707,535,534,-1,707,534,708,-1,708,534,709,-1,708,709,706,-1,706,709,710,-1,706,710,570,-1,711,712,610,-1,610,609,711,-1,711,609,710,-1,711,710,713,-1,713,710,709,-1,713,709,714,-1,714,709,715,-1,714,715,712,-1,712,715,716,-1,712,716,610,-1,717,718,591,-1,591,592,717,-1,717,592,716,-1,717,716,719,-1,719,716,715,-1,719,715,720,-1,720,715,721,-1,720,721,718,-1,718,721,722,-1,718,722,591,-1,723,724,594,-1,594,593,723,-1,723,593,722,-1,723,722,725,-1,725,722,721,-1,725,721,726,-1,726,721,727,-1,726,727,724,-1,724,727,728,-1,724,728,594,-1,698,697,729,-1,729,697,728,-1,729,728,730,-1,730,728,727,-1,730,727,731,-1,731,727,732,-1,731,732,733,-1,733,732,698,-1,733,698,729,-1,566,622,734,-1,704,703,735,-1,735,703,702,-1,735,702,736,-1,736,702,701,-1,736,701,737,-1,737,701,700,-1,737,700,734,-1,734,700,565,-1,734,565,566,-1,738,506,507,-1,507,508,738,-1,738,508,509,-1,738,509,739,-1,739,509,457,-1,739,457,740,-1,740,457,704,-1,740,704,741,-1,741,704,709,-1,741,709,738,-1,738,709,534,-1,738,534,506,-1,742,715,743,-1,743,715,709,-1,743,709,744,-1,744,709,704,-1,744,704,745,-1,745,704,735,-1,745,735,742,-1,742,735,715,-1,746,721,747,-1,747,721,715,-1,747,715,748,-1,748,715,735,-1,748,735,749,-1,749,735,736,-1,749,736,746,-1,746,736,721,-1,750,727,751,-1,751,727,721,-1,751,721,752,-1,752,721,736,-1,752,736,753,-1,753,736,737,-1,753,737,750,-1,750,737,727,-1,754,732,755,-1,755,732,727,-1,755,727,756,-1,756,727,737,-1,756,737,757,-1,757,737,734,-1,757,734,754,-1,754,734,732,-1,699,698,621,-1,621,698,732,-1,621,732,625,-1,625,732,734,-1,625,734,624,-1,624,734,622,-1,
        ]
    }
}
Shape{
    appearance Appearance {
        material  Material 	{
            diffuseColor 0.9686274509803922 0.8784313725490196 0.6
            specularColor 0.6784313725490196 0.615686274509804 0.4196078431372549
            ambientIntensity 0.2
            transparency 0
            shininess 0.5
        }
    }
    geometry IndexedFaceSet {
        ccw TRUE
        solid FALSE
        coord DEF co Coordinate {
            point [
                0.0787 1.6929 0.1713, -0.0787 1.6929 0.1713, 0.0787 1.7031 0.1699, -0.0787 1.7031 0.1699, 0.0787 1.7126 0.166, -0.0787 1.7126 0.166, 0.0787 1.7208 0.1597, -0.0787 1.7208 0.1597, 0.0787 1.727 0.1516, -0.0787 1.727 0.1516, 0.0787 1.7309 0.1421, -0.0787 1.7309 0.1421, 0.0787 1.7323 0.1319, -0.0787 1.7323 0.1319, 0.0787 1.7323 -1.5354, -0.0787 1.7323 -1.5354, -0.0358 1.7753 -1.6535, -0.0358 1.8468 -1.6535, 0.0358 1.7753 -1.6535, 0.0358 1.8468 -1.6535, -0.0787 1.8898 -1.5354, -0.0787 1.8898 0.1319, 0.0787 1.8898 -1.5354, 0.0787 1.8898 0.1319, -0.0787 1.8831 0.1828, 0.0787 1.8831 0.1828, -0.0787 1.8634 0.2303, 0.0787 1.8634 0.2303, -0.0787 1.8321 0.2711, 0.0787 1.8321 0.2711, -0.0787 1.7913 0.3024, 0.0787 1.7913 0.3024, -0.0787 1.7439 0.322, 0.0787 1.7439 0.322, -0.0787 1.6929 0.3287, 0.0787 1.6929 0.3287, -0.0787 0.748 0.1713, -0.0787 0.748 0.3287, 0.0787 0.748 0.1713, 0.0787 0.748 0.3287, 0.0787 -1.0236 0.3287, 0.0787 0.0394 0.3287, -0.0787 -1.0236 0.3287, -0.0787 0.0394 0.3287, -0.0787 -1.0236 0.1713, -0.0787 0.0394 0.1713, 0.0787 -1.0236 0.1713, 0.0787 0.0394 0.1713, -0.0358 -1.1417 0.2858, -0.0358 -1.1417 0.2142, 0.0358 -1.1417 0.2858, 0.0358 -1.1417 0.2142, 0.0787 1.1929 -0.3287, -0.0787 1.1929 -0.3287, 0.0787 1.2031 -0.3301, -0.0787 1.2031 -0.3301, 0.0787 1.2126 -0.334, -0.0787 1.2126 -0.334, 0.0787 1.2208 -0.3403, -0.0787 1.2208 -0.3403, 0.0787 1.227 -0.3484, -0.0787 1.227 -0.3484, 0.0787 1.2309 -0.3579, -0.0787 1.2309 -0.3579, 0.0787 1.2323 -0.3681, -0.0787 1.2323 -0.3681, 0.0787 1.2323 -1.5354, -0.0787 1.2323 -1.5354, -0.0358 1.2753 -1.6535, -0.0358 1.3468 -1.6535, 0.0358 1.2753 -1.6535, 0.0358 1.3468 -1.6535, -0.0787 1.3898 -1.5354, -0.0787 1.3898 -0.3681, 0.0787 1.3898 -1.5354, 0.0787 1.3898 -0.3681, -0.0787 1.3831 -0.3172, 0.0787 1.3831 -0.3172, -0.0787 1.3634 -0.2697, 0.0787 1.3634 -0.2697, -0.0787 1.3321 -0.2289, 0.0787 1.3321 -0.2289, -0.0787 1.2913 -0.1976, 0.0787 1.2913 -0.1976, -0.0787 1.2439 -0.178, 0.0787 1.2439 -0.178, -0.0787 1.1929 -0.1713, 0.0787 1.1929 -0.1713, -0.0787 0.748 -0.3287, -0.0787 0.748 -0.1713, 0.0787 0.748 -0.3287, 0.0787 0.748 -0.1713, 0.0787 -1.0236 -0.1713, 0.0787 0.0394 -0.1713, -0.0787 -1.0236 -0.1713, -0.0787 0.0394 -0.1713, -0.0787 -1.0236 -0.3287, -0.0787 0.0394 -0.3287, 0.0787 -1.0236 -0.3287, 0.0787 0.0394 -0.3287, -0.0358 -1.1417 -0.2142, -0.0358 -1.1417 -0.2858, 0.0358 -1.1417 -0.2142, 0.0358 -1.1417 -0.2858, 0.5787 1.6929 0.1713, 0.4213 1.6929 0.1713, 0.5787 1.7031 0.1699, 0.4213 1.7031 0.1699, 0.5787 1.7126 0.166, 0.4213 1.7126 0.166, 0.5787 1.7208 0.1597, 0.4213 1.7208 0.1597, 0.5787 1.727 0.1516, 0.4213 1.727 0.1516, 0.5787 1.7309 0.1421, 0.4213 1.7309 0.1421, 0.5787 1.7323 0.1319, 0.4213 1.7323 0.1319, 0.5787 1.7323 -1.5354, 0.4213 1.7323 -1.5354, 0.4642 1.7753 -1.6535, 0.4642 1.8468 -1.6535, 0.5358 1.7753 -1.6535, 0.5358 1.8468 -1.6535, 0.4213 1.8898 -1.5354, 0.4213 1.8898 0.1319, 0.5787 1.8898 -1.5354, 0.5787 1.8898 0.1319, 0.4213 1.8831 0.1828, 0.5787 1.8831 0.1828, 0.4213 1.8634 0.2303, 0.5787 1.8634 0.2303, 0.4213 1.8321 0.2711, 0.5787 1.8321 0.2711, 0.4213 1.7913 0.3024, 0.5787 1.7913 0.3024, 0.4213 1.7439 0.322, 0.5787 1.7439 0.322, 0.4213 1.6929 0.3287, 0.5787 1.6929 0.3287, 0.4213 0.748 0.1713, 0.4213 0.748 0.3287, 0.5787 0.748 0.1713, 0.5787 0.748 0.3287, 0.5787 -1.0236 0.3287, 0.5787 0.0394 0.3287, 0.4213 -1.0236 0.3287, 0.4213 0.0394 0.3287, 0.4213 -1.0236 0.1713, 0.4213 0.0394 0.1713, 0.5787 -1.0236 0.1713, 0.5787 0.0394 0.1713, 0.4642 -1.1417 0.2858, 0.4642 -1.1417 0.2142, 0.5358 -1.1417 0.2858, 0.5358 -1.1417 0.2142, 0.5787 1.1929 -0.3287, 0.4213 1.1929 -0.3287, 0.5787 1.2031 -0.3301, 0.4213 1.2031 -0.3301, 0.5787 1.2126 -0.334, 0.4213 1.2126 -0.334, 0.5787 1.2208 -0.3403, 0.4213 1.2208 -0.3403, 0.5787 1.227 -0.3484, 0.4213 1.227 -0.3484, 0.5787 1.2309 -0.3579, 0.4213 1.2309 -0.3579, 0.5787 1.2323 -0.3681, 0.4213 1.2323 -0.3681, 0.5787 1.2323 -1.5354, 0.4213 1.2323 -1.5354, 0.4642 1.2753 -1.6535, 0.4642 1.3468 -1.6535, 0.5358 1.2753 -1.6535, 0.5358 1.3468 -1.6535, 0.4213 1.3898 -1.5354, 0.4213 1.3898 -0.3681, 0.5787 1.3898 -1.5354, 0.5787 1.3898 -0.3681, 0.4213 1.3831 -0.3172, 0.5787 1.3831 -0.3172, 0.4213 1.3634 -0.2697, 0.5787 1.3634 -0.2697, 0.4213 1.3321 -0.2289, 0.5787 1.3321 -0.2289, 0.4213 1.2913 -0.1976, 0.5787 1.2913 -0.1976, 0.4213 1.2439 -0.178, 0.5787 1.2439 -0.178, 0.4213 1.1929 -0.1713, 0.5787 1.1929 -0.1713, 0.4213 0.748 -0.3287, 0.4213 0.748 -0.1713, 0.5787 0.748 -0.3287, 0.5787 0.748 -0.1713, 0.5787 -1.0236 -0.1713, 0.5787 0.0394 -0.1713, 0.4213 -1.0236 -0.1713, 0.4213 0.0394 -0.1713, 0.4213 -1.0236 -0.3287, 0.4213 0.0394 -0.3287, 0.5787 -1.0236 -0.3287, 0.5787 0.0394 -0.3287, 0.4642 -1.1417 -0.2142, 0.4642 -1.1417 -0.2858, 0.5358 -1.1417 -0.2142, 0.5358 -1.1417 -0.2858, 1.0787 1.6929 0.1713, 0.9213 1.6929 0.1713, 1.0787 1.7031 0.1699, 0.9213 1.7031 0.1699, 1.0787 1.7126 0.166, 0.9213 1.7126 0.166, 1.0787 1.7208 0.1597, 0.9213 1.7208 0.1597, 1.0787 1.727 0.1516, 0.9213 1.727 0.1516, 1.0787 1.7309 0.1421, 0.9213 1.7309 0.1421, 1.0787 1.7323 0.1319, 0.9213 1.7323 0.1319, 1.0787 1.7323 -1.5354, 0.9213 1.7323 -1.5354, 0.9642 1.7753 -1.6535, 0.9642 1.8468 -1.6535, 1.0358 1.7753 -1.6535, 1.0358 1.8468 -1.6535, 0.9213 1.8898 -1.5354, 0.9213 1.8898 0.1319, 1.0787 1.8898 -1.5354, 1.0787 1.8898 0.1319, 0.9213 1.8831 0.1828, 1.0787 1.8831 0.1828, 0.9213 1.8634 0.2303, 1.0787 1.8634 0.2303, 0.9213 1.8321 0.2711, 1.0787 1.8321 0.2711, 0.9213 1.7913 0.3024, 1.0787 1.7913 0.3024, 0.9213 1.7439 0.322, 1.0787 1.7439 0.322, 0.9213 1.6929 0.3287, 1.0787 1.6929 0.3287, 0.9213 0.748 0.1713, 0.9213 0.748 0.3287, 1.0787 0.748 0.1713, 1.0787 0.748 0.3287, 1.0787 -1.0236 0.3287, 1.0787 0.0394 0.3287, 0.9213 -1.0236 0.3287, 0.9213 0.0394 0.3287, 0.9213 -1.0236 0.1713, 0.9213 0.0394 0.1713, 1.0787 -1.0236 0.1713, 1.0787 0.0394 0.1713, 0.9642 -1.1417 0.2858, 0.9642 -1.1417 0.2142, 1.0358 -1.1417 0.2858, 1.0358 -1.1417 0.2142, 1.0787 1.1929 -0.3287, 0.9213 1.1929 -0.3287, 1.0787 1.2031 -0.3301, 0.9213 1.2031 -0.3301, 1.0787 1.2126 -0.334, 0.9213 1.2126 -0.334, 1.0787 1.2208 -0.3403, 0.9213 1.2208 -0.3403, 1.0787 1.227 -0.3484, 0.9213 1.227 -0.3484, 1.0787 1.2309 -0.3579, 0.9213 1.2309 -0.3579, 1.0787 1.2323 -0.3681, 0.9213 1.2323 -0.3681, 1.0787 1.2323 -1.5354, 0.9213 1.2323 -1.5354, 0.9642 1.2753 -1.6535, 0.9642 1.3468 -1.6535, 1.0358 1.2753 -1.6535, 1.0358 1.3468 -1.6535, 0.9213 1.3898 -1.5354, 0.9213 1.3898 -0.3681, 1.0787 1.3898 -1.5354, 1.0787 1.3898 -0.3681, 0.9213 1.3831 -0.3172, 1.0787 1.3831 -0.3172, 0.9213 1.3634 -0.2697, 1.0787 1.3634 -0.2697, 0.9213 1.3321 -0.2289, 1.0787 1.3321 -0.2289, 0.9213 1.2913 -0.1976, 1.0787 1.2913 -0.1976, 0.9213 1.2439 -0.178, 1.0787 1.2439 -0.178, 0.9213 1.1929 -0.1713, 1.0787 1.1929 -0.1713, 0.9213 0.748 -0.3287, 0.9213 0.748 -0.1713, 1.0787 0.748 -0.3287, 1.0787 0.748 -0.1713, 1.0787 -1.0236 -0.1713, 1.0787 0.0394 -0.1713, 0.9213 -1.0236 -0.1713, 0.9213 0.0394 -0.1713, 0.9213 -1.0236 -0.3287, 0.9213 0.0394 -0.3287, 1.0787 -1.0236 -0.3287, 1.0787 0.0394 -0.3287, 0.9642 -1.1417 -0.2142, 0.9642 -1.1417 -0.2858, 1.0358 -1.1417 -0.2142, 1.0358 -1.1417 -0.2858, -0.4213 1.6929 0.1713, -0.5787 1.6929 0.1713, -0.4213 1.7031 0.1699, -0.5787 1.7031 0.1699, -0.4213 1.7126 0.166, -0.5787 1.7126 0.166, -0.4213 1.7208 0.1597, -0.5787 1.7208 0.1597, -0.4213 1.727 0.1516, -0.5787 1.727 0.1516, -0.4213 1.7309 0.1421, -0.5787 1.7309 0.1421, -0.4213 1.7323 0.1319, -0.5787 1.7323 0.1319, -0.4213 1.7323 -1.5354, -0.5787 1.7323 -1.5354, -0.5358 1.7753 -1.6535, -0.5358 1.8468 -1.6535, -0.4642 1.7753 -1.6535, -0.4642 1.8468 -1.6535, -0.5787 1.8898 -1.5354, -0.5787 1.8898 0.1319, -0.4213 1.8898 -1.5354, -0.4213 1.8898 0.1319, -0.5787 1.8831 0.1828, -0.4213 1.8831 0.1828, -0.5787 1.8634 0.2303, -0.4213 1.8634 0.2303, -0.5787 1.8321 0.2711, -0.4213 1.8321 0.2711, -0.5787 1.7913 0.3024, -0.4213 1.7913 0.3024, -0.5787 1.7439 0.322, -0.4213 1.7439 0.322, -0.5787 1.6929 0.3287, -0.4213 1.6929 0.3287, -0.5787 0.748 0.1713, -0.5787 0.748 0.3287, -0.4213 0.748 0.1713, -0.4213 0.748 0.3287, -0.4213 -1.0236 0.3287, -0.4213 0.0394 0.3287, -0.5787 -1.0236 0.3287, -0.5787 0.0394 0.3287, -0.5787 -1.0236 0.1713, -0.5787 0.0394 0.1713, -0.4213 -1.0236 0.1713, -0.4213 0.0394 0.1713, -0.5358 -1.1417 0.2858, -0.5358 -1.1417 0.2142, -0.4642 -1.1417 0.2858, -0.4642 -1.1417 0.2142, -0.4213 1.1929 -0.3287, -0.5787 1.1929 -0.3287, -0.4213 1.2031 -0.3301, -0.5787 1.2031 -0.3301, -0.4213 1.2126 -0.334, -0.5787 1.2126 -0.334, -0.4213 1.2208 -0.3403, -0.5787 1.2208 -0.3403, -0.4213 1.227 -0.3484, -0.5787 1.227 -0.3484, -0.4213 1.2309 -0.3579, -0.5787 1.2309 -0.3579, -0.4213 1.2323 -0.3681, -0.5787 1.2323 -0.3681, -0.4213 1.2323 -1.5354, -0.5787 1.2323 -1.5354, -0.5358 1.2753 -1.6535, -0.5358 1.3468 -1.6535, -0.4642 1.2753 -1.6535, -0.4642 1.3468 -1.6535, -0.5787 1.3898 -1.5354, -0.5787 1.3898 -0.3681, -0.4213 1.3898 -1.5354, -0.4213 1.3898 -0.3681, -0.5787 1.3831 -0.3172, -0.4213 1.3831 -0.3172, -0.5787 1.3634 -0.2697, -0.4213 1.3634 -0.2697, -0.5787 1.3321 -0.2289, -0.4213 1.3321 -0.2289, -0.5787 1.2913 -0.1976, -0.4213 1.2913 -0.1976, -0.5787 1.2439 -0.178, -0.4213 1.2439 -0.178, -0.5787 1.1929 -0.1713, -0.4213 1.1929 -0.1713, -0.5787 0.748 -0.3287, -0.5787 0.748 -0.1713, -0.4213 0.748 -0.3287, -0.4213 0.748 -0.1713, -0.4213 -1.0236 -0.1713, -0.4213 0.0394 -0.1713, -0.5787 -1.0236 -0.1713, -0.5787 0.0394 -0.1713, -0.5787 -1.0236 -0.3287, -0.5787 0.0394 -0.3287, -0.4213 -1.0236 -0.3287, -0.4213 0.0394 -0.3287, -0.5358 -1.1417 -0.2142, -0.5358 -1.1417 -0.2858, -0.4642 -1.1417 -0.2142, -0.4642 -1.1417 -0.2858, -0.9213 1.6929 0.1713, -1.0787 1.6929 0.1713, -0.9213 1.7031 0.1699, -1.0787 1.7031 0.1699, -0.9213 1.7126 0.166, -1.0787 1.7126 0.166, -0.9213 1.7208 0.1597, -1.0787 1.7208 0.1597, -0.9213 1.727 0.1516, -1.0787 1.727 0.1516, -0.9213 1.7309 0.1421, -1.0787 1.7309 0.1421, -0.9213 1.7323 0.1319, -1.0787 1.7323 0.1319, -0.9213 1.7323 -1.5354, -1.0787 1.7323 -1.5354, -1.0358 1.7753 -1.6535, -1.0358 1.8468 -1.6535, -0.9642 1.7753 -1.6535, -0.9642 1.8468 -1.6535, -1.0787 1.8898 -1.5354, -1.0787 1.8898 0.1319, -0.9213 1.8898 -1.5354, -0.9213 1.8898 0.1319, -1.0787 1.8831 0.1828, -0.9213 1.8831 0.1828, -1.0787 1.8634 0.2303, -0.9213 1.8634 0.2303, -1.0787 1.8321 0.2711, -0.9213 1.8321 0.2711, -1.0787 1.7913 0.3024, -0.9213 1.7913 0.3024, -1.0787 1.7439 0.322, -0.9213 1.7439 0.322, -1.0787 1.6929 0.3287, -0.9213 1.6929 0.3287, -1.0787 0.748 0.1713, -1.0787 0.748 0.3287, -0.9213 0.748 0.1713, -0.9213 0.748 0.3287, -0.9213 -1.0236 0.3287, -0.9213 0.0394 0.3287, -1.0787 -1.0236 0.3287, -1.0787 0.0394 0.3287, -1.0787 -1.0236 0.1713, -1.0787 0.0394 0.1713, -0.9213 -1.0236 0.1713, -0.9213 0.0394 0.1713, -1.0358 -1.1417 0.2858, -1.0358 -1.1417 0.2142, -0.9642 -1.1417 0.2858, -0.9642 -1.1417 0.2142, -0.9213 1.1929 -0.3287, -1.0787 1.1929 -0.3287, -0.9213 1.2031 -0.3301, -1.0787 1.2031 -0.3301, -0.9213 1.2126 -0.334, -1.0787 1.2126 -0.334, -0.9213 1.2208 -0.3403, -1.0787 1.2208 -0.3403, -0.9213 1.227 -0.3484, -1.0787 1.227 -0.3484, -0.9213 1.2309 -0.3579, -1.0787 1.2309 -0.3579, -0.9213 1.2323 -0.3681, -1.0787 1.2323 -0.3681, -0.9213 1.2323 -1.5354, -1.0787 1.2323 -1.5354, -1.0358 1.2753 -1.6535, -1.0358 1.3468 -1.6535, -0.9642 1.2753 -1.6535, -0.9642 1.3468 -1.6535, -1.0787 1.3898 -1.5354, -1.0787 1.3898 -0.3681, -0.9213 1.3898 -1.5354, -0.9213 1.3898 -0.3681, -1.0787 1.3831 -0.3172, -0.9213 1.3831 -0.3172, -1.0787 1.3634 -0.2697, -0.9213 1.3634 -0.2697, -1.0787 1.3321 -0.2289, -0.9213 1.3321 -0.2289, -1.0787 1.2913 -0.1976, -0.9213 1.2913 -0.1976, -1.0787 1.2439 -0.178, -0.9213 1.2439 -0.178, -1.0787 1.1929 -0.1713, -0.9213 1.1929 -0.1713, -1.0787 0.748 -0.3287, -1.0787 0.748 -0.1713, -0.9213 0.748 -0.3287, -0.9213 0.748 -0.1713, -0.9213 -1.0236 -0.1713, -0.9213 0.0394 -0.1713, -1.0787 -1.0236 -0.1713, -1.0787 0.0394 -0.1713, -1.0787 -1.0236 -0.3287, -1.0787 0.0394 -0.3287, -0.9213 -1.0236 -0.3287, -0.9213 0.0394 -0.3287, -1.0358 -1.1417 -0.2142, -1.0358 -1.1417 -0.2858, -0.9642 -1.1417 -0.2142, -0.9642 -1.1417 -0.2858, -0.9642 -1.1417 -0.2858
            ]
        }
        coordIndex [
            0,1,2,-1,2,1,3,-1,2,3,4,-1,4,3,5,-1,4,5,6,-1,6,5,7,-1,6,7,8,-1,8,7,9,-1,8,9,10,-1,10,9,11,-1,10,11,12,-1,12,11,13,-1,14,12,15,-1,15,12,13,-1,16,17,18,-1,18,17,19,-1,20,21,22,-1,22,21,23,-1,23,21,24,-1,23,24,25,-1,25,24,26,-1,25,26,27,-1,27,26,28,-1,27,28,29,-1,29,28,30,-1,29,30,31,-1,31,30,32,-1,31,32,33,-1,33,32,34,-1,33,34,35,-1,36,37,1,-1,1,37,34,-1,1,34,3,-1,3,34,32,-1,3,32,5,-1,5,32,30,-1,5,30,7,-1,7,30,28,-1,7,28,9,-1,9,28,26,-1,9,26,11,-1,11,26,24,-1,11,24,13,-1,13,24,21,-1,13,21,15,-1,15,21,20,-1,14,22,12,-1,12,22,23,-1,12,23,10,-1,10,23,25,-1,10,25,8,-1,8,25,27,-1,8,27,6,-1,6,27,29,-1,6,29,4,-1,4,29,31,-1,4,31,2,-1,2,31,33,-1,2,33,0,-1,0,33,35,-1,0,35,38,-1,38,35,39,-1,36,1,38,-1,38,1,0,-1,35,34,39,-1,39,34,37,-1,40,41,42,-1,42,41,43,-1,44,45,46,-1,46,45,47,-1,46,47,40,-1,40,47,41,-1,42,43,44,-1,44,43,45,-1,48,49,50,-1,50,49,51,-1,52,53,54,-1,54,53,55,-1,54,55,56,-1,56,55,57,-1,56,57,58,-1,58,57,59,-1,58,59,60,-1,60,59,61,-1,60,61,62,-1,62,61,63,-1,62,63,64,-1,64,63,65,-1,66,64,67,-1,67,64,65,-1,68,69,70,-1,70,69,71,-1,72,73,74,-1,74,73,75,-1,75,73,76,-1,75,76,77,-1,77,76,78,-1,77,78,79,-1,79,78,80,-1,79,80,81,-1,81,80,82,-1,81,82,83,-1,83,82,84,-1,83,84,85,-1,85,84,86,-1,85,86,87,-1,88,89,53,-1,53,89,86,-1,53,86,55,-1,55,86,84,-1,55,84,57,-1,57,84,82,-1,57,82,59,-1,59,82,80,-1,59,80,61,-1,61,80,78,-1,61,78,63,-1,63,78,76,-1,63,76,65,-1,65,76,73,-1,65,73,67,-1,67,73,72,-1,66,74,64,-1,64,74,75,-1,64,75,62,-1,62,75,77,-1,62,77,60,-1,60,77,79,-1,60,79,58,-1,58,79,81,-1,58,81,56,-1,56,81,83,-1,56,83,54,-1,54,83,85,-1,54,85,52,-1,52,85,87,-1,52,87,90,-1,90,87,91,-1,88,53,90,-1,90,53,52,-1,87,86,91,-1,91,86,89,-1,92,93,94,-1,94,93,95,-1,96,97,98,-1,98,97,99,-1,98,99,92,-1,92,99,93,-1,94,95,96,-1,96,95,97,-1,100,101,102,-1,102,101,103,-1,22,19,20,-1,20,19,17,-1,14,18,22,-1,22,18,19,-1,16,15,17,-1,17,15,20,-1,15,16,14,-1,14,16,18,-1,74,71,72,-1,72,71,69,-1,66,70,74,-1,74,70,71,-1,68,67,69,-1,69,67,72,-1,67,68,66,-1,66,68,70,-1,98,103,96,-1,96,103,101,-1,92,102,98,-1,98,102,103,-1,100,94,101,-1,101,94,96,-1,94,100,92,-1,92,100,102,-1,46,51,44,-1,44,51,49,-1,40,50,46,-1,46,50,51,-1,48,42,49,-1,49,42,44,-1,42,48,40,-1,40,48,50,-1,104,105,106,-1,106,105,107,-1,106,107,108,-1,108,107,109,-1,108,109,110,-1,110,109,111,-1,110,111,112,-1,112,111,113,-1,112,113,114,-1,114,113,115,-1,114,115,116,-1,116,115,117,-1,118,116,119,-1,119,116,117,-1,120,121,122,-1,122,121,123,-1,124,125,126,-1,126,125,127,-1,127,125,128,-1,127,128,129,-1,129,128,130,-1,129,130,131,-1,131,130,132,-1,131,132,133,-1,133,132,134,-1,133,134,135,-1,135,134,136,-1,135,136,137,-1,137,136,138,-1,137,138,139,-1,140,141,105,-1,105,141,138,-1,105,138,107,-1,107,138,136,-1,107,136,109,-1,109,136,134,-1,109,134,111,-1,111,134,132,-1,111,132,113,-1,113,132,130,-1,113,130,115,-1,115,130,128,-1,115,128,117,-1,117,128,125,-1,117,125,119,-1,119,125,124,-1,118,126,116,-1,116,126,127,-1,116,127,114,-1,114,127,129,-1,114,129,112,-1,112,129,131,-1,112,131,110,-1,110,131,133,-1,110,133,108,-1,108,133,135,-1,108,135,106,-1,106,135,137,-1,106,137,104,-1,104,137,139,-1,104,139,142,-1,142,139,143,-1,140,105,142,-1,142,105,104,-1,139,138,143,-1,143,138,141,-1,144,145,146,-1,146,145,147,-1,148,149,150,-1,150,149,151,-1,150,151,144,-1,144,151,145,-1,146,147,148,-1,148,147,149,-1,152,153,154,-1,154,153,155,-1,156,157,158,-1,158,157,159,-1,158,159,160,-1,160,159,161,-1,160,161,162,-1,162,161,163,-1,162,163,164,-1,164,163,165,-1,164,165,166,-1,166,165,167,-1,166,167,168,-1,168,167,169,-1,170,168,171,-1,171,168,169,-1,172,173,174,-1,174,173,175,-1,176,177,178,-1,178,177,179,-1,179,177,180,-1,179,180,181,-1,181,180,182,-1,181,182,183,-1,183,182,184,-1,183,184,185,-1,185,184,186,-1,185,186,187,-1,187,186,188,-1,187,188,189,-1,189,188,190,-1,189,190,191,-1,192,193,157,-1,157,193,190,-1,157,190,159,-1,159,190,188,-1,159,188,161,-1,161,188,186,-1,161,186,163,-1,163,186,184,-1,163,184,165,-1,165,184,182,-1,165,182,167,-1,167,182,180,-1,167,180,169,-1,169,180,177,-1,169,177,171,-1,171,177,176,-1,170,178,168,-1,168,178,179,-1,168,179,166,-1,166,179,181,-1,166,181,164,-1,164,181,183,-1,164,183,162,-1,162,183,185,-1,162,185,160,-1,160,185,187,-1,160,187,158,-1,158,187,189,-1,158,189,156,-1,156,189,191,-1,156,191,194,-1,194,191,195,-1,192,157,194,-1,194,157,156,-1,191,190,195,-1,195,190,193,-1,196,197,198,-1,198,197,199,-1,200,201,202,-1,202,201,203,-1,202,203,196,-1,196,203,197,-1,198,199,200,-1,200,199,201,-1,204,205,206,-1,206,205,207,-1,208,209,210,-1,210,209,211,-1,210,211,212,-1,212,211,213,-1,212,213,214,-1,214,213,215,-1,214,215,216,-1,216,215,217,-1,216,217,218,-1,218,217,219,-1,218,219,220,-1,220,219,221,-1,222,220,223,-1,223,220,221,-1,224,225,226,-1,226,225,227,-1,228,229,230,-1,230,229,231,-1,231,229,232,-1,231,232,233,-1,233,232,234,-1,233,234,235,-1,235,234,236,-1,235,236,237,-1,237,236,238,-1,237,238,239,-1,239,238,240,-1,239,240,241,-1,241,240,242,-1,241,242,243,-1,244,245,209,-1,209,245,242,-1,209,242,211,-1,211,242,240,-1,211,240,213,-1,213,240,238,-1,213,238,215,-1,215,238,236,-1,215,236,217,-1,217,236,234,-1,217,234,219,-1,219,234,232,-1,219,232,221,-1,221,232,229,-1,221,229,223,-1,223,229,228,-1,222,230,220,-1,220,230,231,-1,220,231,218,-1,218,231,233,-1,218,233,216,-1,216,233,235,-1,216,235,214,-1,214,235,237,-1,214,237,212,-1,212,237,239,-1,212,239,210,-1,210,239,241,-1,210,241,208,-1,208,241,243,-1,208,243,246,-1,246,243,247,-1,244,209,246,-1,246,209,208,-1,243,242,247,-1,247,242,245,-1,248,249,250,-1,250,249,251,-1,252,253,254,-1,254,253,255,-1,254,255,248,-1,248,255,249,-1,250,251,252,-1,252,251,253,-1,256,257,258,-1,258,257,259,-1,260,261,262,-1,262,261,263,-1,262,263,264,-1,264,263,265,-1,264,265,266,-1,266,265,267,-1,266,267,268,-1,268,267,269,-1,268,269,270,-1,270,269,271,-1,270,271,272,-1,272,271,273,-1,274,272,275,-1,275,272,273,-1,276,277,278,-1,278,277,279,-1,280,281,282,-1,282,281,283,-1,283,281,284,-1,283,284,285,-1,285,284,286,-1,285,286,287,-1,287,286,288,-1,287,288,289,-1,289,288,290,-1,289,290,291,-1,291,290,292,-1,291,292,293,-1,293,292,294,-1,293,294,295,-1,296,297,261,-1,261,297,294,-1,261,294,263,-1,263,294,292,-1,263,292,265,-1,265,292,290,-1,265,290,267,-1,267,290,288,-1,267,288,269,-1,269,288,286,-1,269,286,271,-1,271,286,284,-1,271,284,273,-1,273,284,281,-1,273,281,275,-1,275,281,280,-1,274,282,272,-1,272,282,283,-1,272,283,270,-1,270,283,285,-1,270,285,268,-1,268,285,287,-1,268,287,266,-1,266,287,289,-1,266,289,264,-1,264,289,291,-1,264,291,262,-1,262,291,293,-1,262,293,260,-1,260,293,295,-1,260,295,298,-1,298,295,299,-1,296,261,298,-1,298,261,260,-1,295,294,299,-1,299,294,297,-1,300,301,302,-1,302,301,303,-1,304,305,306,-1,306,305,307,-1,306,307,300,-1,300,307,301,-1,302,303,304,-1,304,303,305,-1,308,309,310,-1,310,309,311,-1,312,313,314,-1,314,313,315,-1,314,315,316,-1,316,315,317,-1,316,317,318,-1,318,317,319,-1,318,319,320,-1,320,319,321,-1,320,321,322,-1,322,321,323,-1,322,323,324,-1,324,323,325,-1,326,324,327,-1,327,324,325,-1,328,329,330,-1,330,329,331,-1,332,333,334,-1,334,333,335,-1,335,333,336,-1,335,336,337,-1,337,336,338,-1,337,338,339,-1,339,338,340,-1,339,340,341,-1,341,340,342,-1,341,342,343,-1,343,342,344,-1,343,344,345,-1,345,344,346,-1,345,346,347,-1,348,349,313,-1,313,349,346,-1,313,346,315,-1,315,346,344,-1,315,344,317,-1,317,344,342,-1,317,342,319,-1,319,342,340,-1,319,340,321,-1,321,340,338,-1,321,338,323,-1,323,338,336,-1,323,336,325,-1,325,336,333,-1,325,333,327,-1,327,333,332,-1,326,334,324,-1,324,334,335,-1,324,335,322,-1,322,335,337,-1,322,337,320,-1,320,337,339,-1,320,339,318,-1,318,339,341,-1,318,341,316,-1,316,341,343,-1,316,343,314,-1,314,343,345,-1,314,345,312,-1,312,345,347,-1,312,347,350,-1,350,347,351,-1,348,313,350,-1,350,313,312,-1,347,346,351,-1,351,346,349,-1,352,353,354,-1,354,353,355,-1,356,357,358,-1,358,357,359,-1,358,359,352,-1,352,359,353,-1,354,355,356,-1,356,355,357,-1,360,361,362,-1,362,361,363,-1,364,365,366,-1,366,365,367,-1,366,367,368,-1,368,367,369,-1,368,369,370,-1,370,369,371,-1,370,371,372,-1,372,371,373,-1,372,373,374,-1,374,373,375,-1,374,375,376,-1,376,375,377,-1,378,376,379,-1,379,376,377,-1,380,381,382,-1,382,381,383,-1,384,385,386,-1,386,385,387,-1,387,385,388,-1,387,388,389,-1,389,388,390,-1,389,390,391,-1,391,390,392,-1,391,392,393,-1,393,392,394,-1,393,394,395,-1,395,394,396,-1,395,396,397,-1,397,396,398,-1,397,398,399,-1,400,401,365,-1,365,401,398,-1,365,398,367,-1,367,398,396,-1,367,396,369,-1,369,396,394,-1,369,394,371,-1,371,394,392,-1,371,392,373,-1,373,392,390,-1,373,390,375,-1,375,390,388,-1,375,388,377,-1,377,388,385,-1,377,385,379,-1,379,385,384,-1,378,386,376,-1,376,386,387,-1,376,387,374,-1,374,387,389,-1,374,389,372,-1,372,389,391,-1,372,391,370,-1,370,391,393,-1,370,393,368,-1,368,393,395,-1,368,395,366,-1,366,395,397,-1,366,397,364,-1,364,397,399,-1,364,399,402,-1,402,399,403,-1,400,365,402,-1,402,365,364,-1,399,398,403,-1,403,398,401,-1,404,405,406,-1,406,405,407,-1,408,409,410,-1,410,409,411,-1,410,411,404,-1,404,411,405,-1,406,407,408,-1,408,407,409,-1,412,413,414,-1,414,413,415,-1,416,417,418,-1,418,417,419,-1,418,419,420,-1,420,419,421,-1,420,421,422,-1,422,421,423,-1,422,423,424,-1,424,423,425,-1,424,425,426,-1,426,425,427,-1,426,427,428,-1,428,427,429,-1,430,428,431,-1,431,428,429,-1,432,433,434,-1,434,433,435,-1,436,437,438,-1,438,437,439,-1,439,437,440,-1,439,440,441,-1,441,440,442,-1,441,442,443,-1,443,442,444,-1,443,444,445,-1,445,444,446,-1,445,446,447,-1,447,446,448,-1,447,448,449,-1,449,448,450,-1,449,450,451,-1,452,453,417,-1,417,453,450,-1,417,450,419,-1,419,450,448,-1,419,448,421,-1,421,448,446,-1,421,446,423,-1,423,446,444,-1,423,444,425,-1,425,444,442,-1,425,442,427,-1,427,442,440,-1,427,440,429,-1,429,440,437,-1,429,437,431,-1,431,437,436,-1,430,438,428,-1,428,438,439,-1,428,439,426,-1,426,439,441,-1,426,441,424,-1,424,441,443,-1,424,443,422,-1,422,443,445,-1,422,445,420,-1,420,445,447,-1,420,447,418,-1,418,447,449,-1,418,449,416,-1,416,449,451,-1,416,451,454,-1,454,451,455,-1,452,417,454,-1,454,417,416,-1,451,450,455,-1,455,450,453,-1,456,457,458,-1,458,457,459,-1,460,461,462,-1,462,461,463,-1,462,463,456,-1,456,463,457,-1,458,459,460,-1,460,459,461,-1,464,465,466,-1,466,465,467,-1,468,469,470,-1,470,469,471,-1,470,471,472,-1,472,471,473,-1,472,473,474,-1,474,473,475,-1,474,475,476,-1,476,475,477,-1,476,477,478,-1,478,477,479,-1,478,479,480,-1,480,479,481,-1,482,480,483,-1,483,480,481,-1,484,485,486,-1,486,485,487,-1,488,489,490,-1,490,489,491,-1,491,489,492,-1,491,492,493,-1,493,492,494,-1,493,494,495,-1,495,494,496,-1,495,496,497,-1,497,496,498,-1,497,498,499,-1,499,498,500,-1,499,500,501,-1,501,500,502,-1,501,502,503,-1,504,505,469,-1,469,505,502,-1,469,502,471,-1,471,502,500,-1,471,500,473,-1,473,500,498,-1,473,498,475,-1,475,498,496,-1,475,496,477,-1,477,496,494,-1,477,494,479,-1,479,494,492,-1,479,492,481,-1,481,492,489,-1,481,489,483,-1,483,489,488,-1,482,490,480,-1,480,490,491,-1,480,491,478,-1,478,491,493,-1,478,493,476,-1,476,493,495,-1,476,495,474,-1,474,495,497,-1,474,497,472,-1,472,497,499,-1,472,499,470,-1,470,499,501,-1,470,501,468,-1,468,501,503,-1,468,503,506,-1,506,503,507,-1,504,469,506,-1,506,469,468,-1,503,502,507,-1,507,502,505,-1,508,509,510,-1,510,509,511,-1,512,513,514,-1,514,513,515,-1,514,515,508,-1,508,515,509,-1,510,511,512,-1,512,511,513,-1,516,517,518,-1,518,517,519,-1,126,123,124,-1,124,123,121,-1,118,122,126,-1,126,122,123,-1,120,119,121,-1,121,119,124,-1,119,120,118,-1,118,120,122,-1,178,175,176,-1,176,175,173,-1,170,174,178,-1,178,174,175,-1,172,171,173,-1,173,171,176,-1,171,172,170,-1,170,172,174,-1,202,207,200,-1,200,207,205,-1,196,206,202,-1,202,206,207,-1,204,198,205,-1,205,198,200,-1,198,204,196,-1,196,204,206,-1,150,155,148,-1,148,155,153,-1,144,154,150,-1,150,154,155,-1,152,146,153,-1,153,146,148,-1,146,152,144,-1,144,152,154,-1,230,227,228,-1,228,227,225,-1,222,226,230,-1,230,226,227,-1,224,223,225,-1,225,223,228,-1,223,224,222,-1,222,224,226,-1,282,279,280,-1,280,279,277,-1,274,278,282,-1,282,278,279,-1,276,275,277,-1,277,275,280,-1,275,276,274,-1,274,276,278,-1,306,311,304,-1,304,311,309,-1,300,310,306,-1,306,310,311,-1,308,302,309,-1,309,302,304,-1,302,308,300,-1,300,308,310,-1,254,259,252,-1,252,259,257,-1,248,258,254,-1,254,258,259,-1,256,250,257,-1,257,250,252,-1,250,256,248,-1,248,256,258,-1,334,331,332,-1,332,331,329,-1,326,330,334,-1,334,330,331,-1,328,327,329,-1,329,327,332,-1,327,328,326,-1,326,328,330,-1,386,383,384,-1,384,383,381,-1,378,382,386,-1,386,382,383,-1,380,379,381,-1,381,379,384,-1,379,380,378,-1,378,380,382,-1,410,415,408,-1,408,415,413,-1,404,414,410,-1,410,414,415,-1,412,406,413,-1,413,406,408,-1,406,412,404,-1,404,412,414,-1,358,363,356,-1,356,363,361,-1,352,362,358,-1,358,362,363,-1,360,354,361,-1,361,354,356,-1,354,360,352,-1,352,360,362,-1,438,435,436,-1,436,435,433,-1,430,434,438,-1,438,434,435,-1,432,431,433,-1,433,431,436,-1,431,432,430,-1,430,432,434,-1,490,487,488,-1,488,487,485,-1,482,486,490,-1,490,486,487,-1,484,483,485,-1,485,483,488,-1,483,484,482,-1,482,484,486,-1,514,519,512,-1,512,519,517,-1,508,518,514,-1,514,518,519,-1,516,510,517,-1,517,510,512,-1,510,516,508,-1,508,516,518,-1,462,467,460,-1,460,467,465,-1,456,466,462,-1,462,466,467,-1,464,458,465,-1,465,458,460,-1,458,464,456,-1,456,464,466,-1,
        ]
    }
}
Shape{
    appearance Appearance {
        material  Material 	{
            diffuseColor 0.2235294117647059 0.2235294117647059 0.2235294117647059
            specularColor 0.11372549019607843 0.11372549019607843 0.11372549019607843
            ambientIntensity 0.2
            transparency 0
            shininess 0.5
        }
    }
    geometry IndexedFaceSet {
        ccw TRUE
        solid FALSE
        coord DEF co Coordinate {
            point [
                0.1713 0.0394 -0.5906, 0.1713 0.8268 -0.5906, 0.2295 0.748 -0.4896, 0.2295 0.8268 -0.4896, 0.2468 0.0394 -0.4596, 0.25 0.748 -0.4542, 0.25 0.0394 -0.4542, 0.2705 0.748 -0.4896, 0.2705 0.8268 -0.4896, 0.3287 0.8268 -0.5906, 0.2532 0.0394 -0.4596, 0.3287 0.0394 -0.5906, 0.3287 0.8268 0.5906, 0.2705 0.8268 0.4896, 0.2705 0.748 0.4896, 0.25 0.748 0.4542, 0.25 0.0394 0.4542, 0.3287 0.0394 0.5906, 0.2295 0.8268 0.4896, 0.1713 0.8268 0.5906, 0.2295 0.748 0.4896, 0.1713 0.0394 0.5906, 0.8287 0.8268 0.5906, 0.7705 0.8268 0.4896, 0.7705 0.748 0.4896, 0.75 0.748 0.4542, 0.75 0.0394 0.4542, 0.8287 0.0394 0.5906, 0.7295 0.8268 0.4896, 0.6713 0.8268 0.5906, 0.7295 0.748 0.4896, 0.6713 0.0394 0.5906, 1.1713 0.8268 -0.5906, 1.2295 0.8268 -0.4896, 1.2295 0.748 -0.4896, 1.25 0.748 -0.4542, 1.25 0.7188 -0.4542, 1.25 0.6376 -0.4542, 1.25 0.4288 -0.4542, 1.25 0.4254 -0.4542, 1.1713 0.0394 -0.5906, 1.25 0.3715 -0.4542, 1.2468 0.0394 -0.4596, 1.25 0.0394 -0.4542, 1.25 0.5851 -0.4542, 1.25 0.5674 -0.4542, 1.25 0.5149 -0.4542, 1.25 0.5018 -0.4542, 1.25 0.4762 -0.4542, 1.25 0.4659 -0.4542, 1.25 0.7188 0.4542, 1.25 0.748 0.4542, 1.2295 0.748 0.4896, 1.2295 0.8268 0.4896, 1.1713 0.8268 0.5906, 1.1713 0.0394 0.5906, 1.25 0.0394 0.4542, 1.25 0.3715 0.4542, 1.25 0.4254 0.4542, 1.25 0.4288 0.4542, 1.25 0.4659 0.4542, 1.25 0.4762 0.4542, 1.25 0.5018 0.4542, 1.25 0.5149 0.4542, 1.25 0.5674 0.4542, 1.25 0.5851 0.4542, 1.25 0.6376 0.4542, 0.6713 0.0394 -0.5906, 0.6713 0.8268 -0.5906, 0.7295 0.748 -0.4896, 0.7295 0.8268 -0.4896, 0.7468 0.0394 -0.4596, 0.75 0.748 -0.4542, 0.75 0.0394 -0.4542, 0.7705 0.748 -0.4896, 0.7705 0.8268 -0.4896, 0.8287 0.8268 -0.5906, 0.7532 0.0394 -0.4596, 0.8287 0.0394 -0.5906, -0.6713 0.8268 0.5906, -0.7295 0.8268 0.4896, -0.7295 0.748 0.4896, -0.75 0.748 0.4542, -0.75 0.0394 0.4542, -0.6713 0.0394 0.5906, -0.7705 0.8268 0.4896, -0.8287 0.8268 0.5906, -0.7705 0.748 0.4896, -0.8287 0.0394 0.5906, -0.3287 0.0394 -0.5906, -0.3287 0.8268 -0.5906, -0.2705 0.748 -0.4896, -0.2705 0.8268 -0.4896, -0.2532 0.0394 -0.4596, -0.25 0.748 -0.4542, -0.25 0.0394 -0.4542, -0.2295 0.748 -0.4896, -0.2295 0.8268 -0.4896, -0.1713 0.8268 -0.5906, -0.2468 0.0394 -0.4596, -0.1713 0.0394 -0.5906, -0.1713 0.8268 0.5906, -0.2295 0.8268 0.4896, -0.2295 0.748 0.4896, -0.25 0.748 0.4542, -0.25 0.0394 0.4542, -0.1713 0.0394 0.5906, -0.2705 0.8268 0.4896, -0.3287 0.8268 0.5906, -0.2705 0.748 0.4896, -0.3287 0.0394 0.5906, -1.2295 0.748 -0.4896, -1.2295 0.8268 -0.4896, -1.1713 0.8268 -0.5906, -1.25 0.0394 -0.4542, -1.25 0.748 -0.4542, -1.2468 0.0394 -0.4596, -1.1713 0.0394 -0.5906, -1.1713 0.8268 0.5906, -1.2295 0.8268 0.4896, -1.2295 0.748 0.4896, -1.25 0.748 0.4542, -1.25 0.0394 0.4542, -1.1713 0.0394 0.5906, -0.8287 0.0394 -0.5906, -0.8287 0.8268 -0.5906, -0.7705 0.748 -0.4896, -0.7705 0.8268 -0.4896, -0.7532 0.0394 -0.4596, -0.75 0.748 -0.4542, -0.75 0.0394 -0.4542, -0.7295 0.748 -0.4896, -0.7295 0.8268 -0.4896, -0.6713 0.8268 -0.5906, -0.7468 0.0394 -0.4596, -0.6713 0.0394 -0.5906, -0.6713 0.0394 -0.5906
            ]
        }
        coordIndex [
            0,1,2,-1,2,1,3,-1,0,2,4,-1,4,2,5,-1,4,5,6,-1,7,8,9,-1,6,5,10,-1,10,5,7,-1,10,7,11,-1,11,7,9,-1,12,13,14,-1,15,16,14,-1,14,16,17,-1,14,17,12,-1,18,19,20,-1,20,19,21,-1,20,21,15,-1,15,21,16,-1,22,23,24,-1,25,26,24,-1,24,26,27,-1,24,27,22,-1,28,29,30,-1,30,29,31,-1,30,31,25,-1,25,31,26,-1,32,33,34,-1,35,36,34,-1,34,36,37,-1,38,39,40,-1,40,39,41,-1,40,41,42,-1,42,41,43,-1,37,44,34,-1,34,44,40,-1,34,40,32,-1,44,45,40,-1,40,45,46,-1,40,46,47,-1,47,48,40,-1,40,48,49,-1,40,49,38,-1,50,51,52,-1,53,54,52,-1,52,54,55,-1,55,56,57,-1,57,58,55,-1,55,58,59,-1,55,59,60,-1,60,61,55,-1,55,61,62,-1,55,62,63,-1,63,64,55,-1,55,64,65,-1,55,65,52,-1,52,65,66,-1,52,66,50,-1,67,68,69,-1,69,68,70,-1,67,69,71,-1,71,69,72,-1,71,72,73,-1,74,75,76,-1,73,72,77,-1,77,72,74,-1,77,74,78,-1,78,74,76,-1,79,80,81,-1,82,83,81,-1,81,83,84,-1,81,84,79,-1,85,86,87,-1,87,86,88,-1,87,88,82,-1,82,88,83,-1,89,90,91,-1,91,90,92,-1,89,91,93,-1,93,91,94,-1,93,94,95,-1,96,97,98,-1,95,94,99,-1,99,94,96,-1,99,96,100,-1,100,96,98,-1,101,102,103,-1,104,105,103,-1,103,105,106,-1,103,106,101,-1,107,108,109,-1,109,108,110,-1,109,110,104,-1,104,110,105,-1,111,112,113,-1,114,115,116,-1,116,115,111,-1,116,111,117,-1,117,111,113,-1,118,119,120,-1,121,122,120,-1,120,122,123,-1,120,123,118,-1,124,125,126,-1,126,125,127,-1,124,126,128,-1,128,126,129,-1,128,129,130,-1,131,132,133,-1,130,129,134,-1,134,129,131,-1,134,131,135,-1,135,131,133,-1,
        ]
    }
}
Shape{
    appearance Appearance {
        material  Material 	{
            diffuseColor 1.0 1.0 1.0
            specularColor 0.5019607843137255 0.5019607843137255 0.5019607843137255
            ambientIntensity 0.2
            transparency 0
            shininess 0.5
        }
    }
    geometry IndexedFaceSet {
        ccw TRUE
        solid FALSE
        coord DEF co Coordinate {
            point [
                1.2539 0.424 -0.0241, 1.2539 0.424 -0.0304, 1.25 0.424 -0.0241, 1.25 0.424 -0.0304, 1.2539 0.4017 -0.0241, 1.25 0.4017 -0.0241, 1.2539 0.4017 0.0256, 1.25 0.4017 0.0256, 1.2539 0.3944 0.0256, 1.25 0.3944 0.0256, 1.2539 0.3944 -0.0304, 1.25 0.3944 -0.0304, 1.25 0.4683 -0.0281, 1.2539 0.4683 -0.0281, 1.2539 0.4673 -0.0286, 1.2539 0.4527 -0.0314, 1.25 0.4527 -0.0314, 1.2539 0.4613 -0.0306, 1.25 0.4577 -0.0309, 1.25 0.4613 -0.0306, 1.25 0.4659 -0.0291, 1.25 0.4673 -0.0286, 1.2539 0.4683 -0.0212, 1.25 0.4683 -0.0212, 1.25 0.4659 -0.0223, 1.2539 0.4631 -0.0235, 1.25 0.4631 -0.0235, 1.25 0.4568 -0.0248, 1.2539 0.4568 -0.0248, 1.25 0.4538 -0.0249, 1.2539 0.4538 -0.0249, 1.25 0.4482 -0.0243, 1.2539 0.4482 -0.0243, 1.25 0.4442 -0.0228, 1.2539 0.4442 -0.0228, 1.25 0.4405 -0.0202, 1.2539 0.4405 -0.0202, 1.25 0.4394 -0.019, 1.2539 0.4394 -0.019, 1.25 0.4365 -0.015, 1.2539 0.4365 -0.015, 1.25 0.4348 -0.0105, 1.2539 0.4348 -0.0105, 1.25 0.4339 -0.0036, 1.2539 0.4339 -0.0036, 1.25 0.4339 -0.0031, 1.2539 0.4339 -0.0031, 1.25 0.4346 0.0036, 1.2539 0.4346 0.0036, 1.25 0.4363 0.0087, 1.2539 0.4363 0.0087, 1.25 0.4388 0.0127, 1.2539 0.4388 0.0127, 1.25 0.4398 0.0138, 1.2539 0.4398 0.0138, 1.25 0.4438 0.0171, 1.2539 0.4438 0.0171, 1.25 0.4482 0.0191, 1.2539 0.4482 0.0191, 1.25 0.4531 0.0199, 1.2539 0.4531 0.0199, 1.25 0.455 0.02, 1.2539 0.455 0.02, 1.25 0.4683 0.0167, 1.2539 0.4683 0.0167, 1.2539 0.4671 0.0173, 1.25 0.4613 0.0193, 1.2539 0.4613 0.0193, 1.25 0.4659 0.0177, 1.25 0.4671 0.0173, 1.2539 0.4683 0.0243, 1.25 0.4683 0.0243, 1.25 0.455 0.0265, 1.2539 0.455 0.0265, 1.2539 0.4557 0.0265, 1.25 0.4659 0.025, 1.2539 0.4629 0.0259, 1.25 0.4629 0.0259, 1.25 0.4606 0.0261, 1.25 0.4557 0.0265, 1.25 0.451 0.0261, 1.2539 0.4469 0.0256, 1.25 0.4469 0.0256, 1.25 0.4411 0.0233, 1.2539 0.4411 0.0233, 1.25 0.4356 0.0195, 1.2539 0.4356 0.0195, 1.25 0.4344 0.0183, 1.2539 0.4344 0.0183, 1.25 0.4307 0.0136, 1.2539 0.4307 0.0136, 1.25 0.4288 0.0095, 1.2539 0.4279 0.0074, 1.25 0.4279 0.0074, 1.25 0.4265 0.0003, 1.2539 0.4265 0.0003, 1.25 0.4263 -0.0035, 1.2539 0.4263 -0.0035, 1.25 0.4274 -0.0125, 1.25 0.4288 -0.0162, 1.2539 0.4296 -0.0184, 1.2539 0.4274 -0.0125, 1.25 0.4296 -0.0184, 1.25 0.433 -0.0232, 1.2539 0.433 -0.0232, 1.25 0.4335 -0.0237, 1.2539 0.4335 -0.0237, 1.2539 0.4491 -0.0312, 1.25 0.4378 -0.0274, 1.2539 0.4378 -0.0274, 1.25 0.4431 -0.0299, 1.2539 0.4431 -0.0299, 1.25 0.4478 -0.0309, 1.25 0.4491 -0.0312, 1.2539 0.5096 -0.0241, 1.2539 0.5096 -0.0304, 1.25 0.5096 -0.0241, 1.25 0.5096 -0.0304, 1.25 0.4867 -0.0241, 1.2539 0.4867 -0.0241, 1.25 0.5018 -0.0241, 1.2539 0.4867 -0.0052, 1.25 0.4867 -0.0052, 1.2539 0.5068 -0.0052, 1.25 0.5018 -0.0052, 1.25 0.5068 -0.0052, 1.2539 0.5068 0.0012, 1.25 0.5068 0.0012, 1.25 0.4867 0.0012, 1.2539 0.4867 0.0012, 1.25 0.5018 0.0012, 1.2539 0.4867 0.0192, 1.25 0.4867 0.0192, 1.2539 0.5083 0.0192, 1.25 0.5018 0.0192, 1.25 0.5083 0.0192, 1.2539 0.5083 0.0256, 1.25 0.5083 0.0256, 1.25 0.4795 0.0256, 1.2539 0.4795 0.0256, 1.25 0.5018 0.0256, 1.2539 0.4795 -0.0304, 1.25 0.4795 -0.0304, 1.25 0.5018 -0.0304, 1.2539 0.5552 -0.0145, 1.2539 0.5522 -0.0182, 1.2539 0.5574 -0.0226, 1.2539 0.551 -0.0193, 1.2539 0.5514 -0.0268, 1.2539 0.5472 -0.0217, 1.2539 0.545 -0.0293, 1.2539 0.5423 -0.0234, 1.2539 0.5356 -0.0304, 1.2539 0.5356 -0.0241, 1.2539 0.5202 -0.0304, 1.2539 0.5274 -0.0241, 1.2539 0.5202 0.0256, 1.2539 0.5274 0.0192, 1.2539 0.5362 0.0256, 1.2539 0.5359 0.0192, 1.2539 0.5457 0.0244, 1.2539 0.5429 0.0184, 1.2539 0.5523 0.0218, 1.2539 0.5478 0.0167, 1.2539 0.5574 0.0182, 1.2539 0.5521 0.0139, 1.2539 0.56 0.0156, 1.2539 0.554 0.012, 1.2539 0.5633 0.0105, 1.2539 0.5561 0.0087, 1.2539 0.5652 0.0049, 1.2539 0.5576 0.0045, 1.2539 0.5658 -0.0017, 1.2539 0.5582 -0.0019, 1.2539 0.5656 -0.0059, 1.2539 0.5581 -0.0051, 1.2539 0.5641 -0.0123, 1.2539 0.557 -0.0103, 1.2539 0.5613 -0.0181, 1.25 0.5356 -0.0304, 1.25 0.5202 -0.0304, 1.25 0.545 -0.0293, 1.25 0.5514 -0.0268, 1.25 0.5574 -0.0226, 1.25 0.5613 -0.0181, 1.25 0.5641 -0.0123, 1.25 0.5656 -0.0059, 1.25 0.5658 -0.0017, 1.25 0.5652 0.0049, 1.25 0.5633 0.0105, 1.25 0.56 0.0156, 1.25 0.5574 0.0182, 1.25 0.5523 0.0218, 1.25 0.5457 0.0244, 1.25 0.5362 0.0256, 1.25 0.5202 0.0256, 1.25 0.5359 0.0192, 1.25 0.5274 0.0192, 1.25 0.5274 -0.0241, 1.25 0.5356 -0.0241, 1.25 0.5522 -0.0182, 1.25 0.551 -0.0193, 1.25 0.5472 -0.0217, 1.25 0.5423 -0.0234, 1.25 0.5582 -0.0019, 1.25 0.5581 -0.0051, 1.25 0.557 -0.0103, 1.25 0.5552 -0.0145, 1.25 0.5521 0.0139, 1.25 0.554 0.012, 1.25 0.5561 0.0087, 1.25 0.5576 0.0045, 1.25 0.5429 0.0184, 1.25 0.5478 0.0167, 1.25 0.5478 0.0167
            ]
        }
        coordIndex [
            0,1,2,-1,2,1,3,-1,4,0,5,-1,5,0,2,-1,6,4,7,-1,7,4,5,-1,8,6,9,-1,9,6,7,-1,10,8,11,-1,11,8,9,-1,1,10,3,-1,3,10,11,-1,6,8,4,-1,4,8,10,-1,4,10,0,-1,0,10,1,-1,12,13,14,-1,15,16,17,-1,17,16,18,-1,18,19,17,-1,17,19,20,-1,17,20,14,-1,14,20,21,-1,14,21,12,-1,22,13,23,-1,23,13,12,-1,22,23,24,-1,22,24,25,-1,24,26,25,-1,25,26,27,-1,25,27,28,-1,28,27,29,-1,28,29,30,-1,30,29,31,-1,30,31,32,-1,32,31,33,-1,32,33,34,-1,34,33,35,-1,34,35,36,-1,36,35,37,-1,36,37,38,-1,38,37,39,-1,38,39,40,-1,40,39,41,-1,40,41,42,-1,42,41,43,-1,42,43,44,-1,44,43,45,-1,44,45,46,-1,46,45,47,-1,46,47,48,-1,48,47,49,-1,48,49,50,-1,50,49,51,-1,50,51,52,-1,52,51,53,-1,52,53,54,-1,54,53,55,-1,54,55,56,-1,56,55,57,-1,56,57,58,-1,58,57,59,-1,58,59,60,-1,60,59,61,-1,60,61,62,-1,63,64,65,-1,62,61,66,-1,62,66,67,-1,67,66,68,-1,67,68,65,-1,65,68,69,-1,65,69,63,-1,70,64,71,-1,71,64,63,-1,72,73,74,-1,70,71,75,-1,70,75,76,-1,75,77,76,-1,76,77,78,-1,76,78,74,-1,74,78,79,-1,74,79,72,-1,73,72,80,-1,73,80,81,-1,80,82,81,-1,81,82,83,-1,81,83,84,-1,84,83,85,-1,84,85,86,-1,86,85,87,-1,86,87,88,-1,88,87,89,-1,88,89,90,-1,90,89,91,-1,90,91,92,-1,91,93,92,-1,92,93,94,-1,92,94,95,-1,95,94,96,-1,95,96,97,-1,97,96,98,-1,99,100,98,-1,98,100,101,-1,98,101,97,-1,99,102,100,-1,100,102,103,-1,100,103,104,-1,104,103,105,-1,104,105,106,-1,16,15,107,-1,106,105,108,-1,106,108,109,-1,109,108,110,-1,109,110,111,-1,111,110,112,-1,111,112,107,-1,107,112,113,-1,107,113,16,-1,65,64,70,-1,56,58,81,-1,40,42,101,-1,48,50,90,-1,81,58,73,-1,65,70,67,-1,101,42,97,-1,90,50,88,-1,58,60,73,-1,73,60,62,-1,73,62,74,-1,74,62,67,-1,74,67,76,-1,76,67,70,-1,81,84,56,-1,56,84,86,-1,56,86,54,-1,54,86,88,-1,54,88,52,-1,52,88,50,-1,101,100,40,-1,40,100,104,-1,40,104,38,-1,38,104,106,-1,38,106,36,-1,36,106,109,-1,36,109,34,-1,34,109,111,-1,34,111,32,-1,32,111,107,-1,32,107,30,-1,30,107,15,-1,30,15,28,-1,28,15,17,-1,28,17,25,-1,25,17,14,-1,25,14,22,-1,22,14,13,-1,42,44,97,-1,97,44,46,-1,97,46,95,-1,95,46,48,-1,95,48,92,-1,92,48,90,-1,114,115,116,-1,116,115,117,-1,118,119,120,-1,120,119,114,-1,120,114,116,-1,121,119,122,-1,122,119,118,-1,121,122,123,-1,123,122,124,-1,123,124,125,-1,126,123,127,-1,127,123,125,-1,128,129,130,-1,130,129,126,-1,130,126,127,-1,131,129,132,-1,132,129,128,-1,131,132,133,-1,133,132,134,-1,133,134,135,-1,136,133,137,-1,137,133,135,-1,138,139,140,-1,140,139,136,-1,140,136,137,-1,141,139,142,-1,142,139,138,-1,141,142,115,-1,115,142,143,-1,115,143,117,-1,141,115,114,-1,114,119,141,-1,141,119,121,-1,141,121,139,-1,133,136,131,-1,131,136,139,-1,131,139,129,-1,129,139,121,-1,129,121,126,-1,126,121,123,-1,144,145,146,-1,146,145,147,-1,146,147,148,-1,148,147,149,-1,148,149,150,-1,150,149,151,-1,150,151,152,-1,152,151,153,-1,152,153,154,-1,154,153,155,-1,154,155,156,-1,156,155,157,-1,156,157,158,-1,158,157,159,-1,158,159,160,-1,160,159,161,-1,160,161,162,-1,162,161,163,-1,162,163,164,-1,164,163,165,-1,164,165,166,-1,166,165,167,-1,166,167,168,-1,168,167,169,-1,168,169,170,-1,170,169,171,-1,170,171,172,-1,172,171,173,-1,172,173,174,-1,174,173,175,-1,174,175,176,-1,176,175,177,-1,176,177,178,-1,178,177,144,-1,178,144,146,-1,152,154,179,-1,179,154,180,-1,152,179,181,-1,152,181,150,-1,150,181,182,-1,150,182,148,-1,148,182,183,-1,148,183,146,-1,146,183,184,-1,146,184,178,-1,178,184,185,-1,178,185,176,-1,176,185,186,-1,176,186,174,-1,174,186,187,-1,174,187,172,-1,172,187,188,-1,172,188,170,-1,170,188,189,-1,170,189,168,-1,168,189,190,-1,168,190,166,-1,166,190,191,-1,166,191,164,-1,164,191,192,-1,164,192,162,-1,162,192,193,-1,162,193,160,-1,160,193,194,-1,160,194,158,-1,156,158,195,-1,195,158,194,-1,154,156,180,-1,180,156,195,-1,159,157,196,-1,196,157,197,-1,157,155,197,-1,197,155,198,-1,155,153,198,-1,198,153,199,-1,145,200,201,-1,145,201,147,-1,147,201,202,-1,147,202,149,-1,149,202,203,-1,149,203,151,-1,151,203,199,-1,151,199,153,-1,173,204,205,-1,173,205,175,-1,175,205,206,-1,175,206,177,-1,177,206,207,-1,177,207,144,-1,144,207,200,-1,144,200,145,-1,165,208,209,-1,165,209,167,-1,167,209,210,-1,167,210,169,-1,169,210,211,-1,169,211,171,-1,171,211,204,-1,171,204,173,-1,159,196,212,-1,159,212,161,-1,161,212,213,-1,161,213,163,-1,163,213,208,-1,163,208,165,-1,
        ]
    }
}
Shape{
    appearance Appearance {
        material  Material 	{
            diffuseColor 0.2235294117647059 0.2235294117647059 0.2235294117647059
            specularColor 0.11372549019607843 0.11372549019607843 0.11372549019607843
            ambientIntensity 0.2
            transparency 0
            shininess 0.5
        }
    }
    geometry IndexedFaceSet {
        ccw TRUE
        solid FALSE
        coord DEF co Coordinate {
            point [
                1.25 0.5274 0.0192, 1.25 0.5274 -0.0241, 1.25 0.5359 0.0192, 1.25 0.5356 -0.0241, 1.25 0.5423 -0.0234, 1.25 0.5472 -0.0217, 1.25 0.551 -0.0193, 1.25 0.5522 -0.0182, 1.25 0.5552 -0.0145, 1.25 0.557 -0.0103, 1.25 0.5581 -0.0051, 1.25 0.5582 -0.0019, 1.25 0.5576 0.0045, 1.25 0.5561 0.0087, 1.25 0.554 0.012, 1.25 0.5521 0.0139, 1.25 0.5429 0.0184, 1.25 0.5478 0.0167, 1.25 0.5478 0.0167
            ]
        }
        coordIndex [
            0,1,2,-1,2,1,3,-1,2,3,4,-1,4,5,2,-1,2,5,6,-1,2,6,7,-1,7,8,2,-1,2,8,9,-1,2,9,10,-1,10,11,2,-1,2,11,12,-1,2,12,13,-1,13,14,2,-1,2,14,15,-1,2,15,16,-1,16,15,17,-1,
        ]
    }
}
Shape{
    appearance Appearance {
        material  Material 	{
            diffuseColor 1.0 1.0 1.0
            specularColor 0.5019607843137255 0.5019607843137255 0.5019607843137255
            ambientIntensity 0.2
            transparency 0
            shininess 0.5
        }
    }
    geometry IndexedFaceSet {
        ccw TRUE
        solid FALSE
        coord DEF co Coordinate {
            point [
                1.2539 0.5846 -0.0088, 1.2539 0.5823 -0.0151, 1.2539 0.6034 -0.0088, 1.2539 0.6057 -0.0151, 1.2539 0.593 0.0145, 1.2539 0.5903 0.0256, 1.2539 0.5689 -0.0304, 1.2539 0.5769 -0.0304, 1.2539 0.5935 0.0162, 1.2539 0.5939 0.0184, 1.2539 0.598 0.0256, 1.2539 0.5941 0.0184, 1.2539 0.5945 0.0161, 1.2539 0.595 0.0145, 1.2539 0.6194 -0.0304, 1.2539 0.6114 -0.0304, 1.25 0.598 0.0256, 1.25 0.6194 -0.0304, 1.25 0.5903 0.0256, 1.25 0.5689 -0.0304, 1.25 0.5851 0.012, 1.25 0.5769 -0.0304, 1.25 0.5823 -0.0151, 1.25 0.6057 -0.0151, 1.25 0.5851 -0.0151, 1.25 0.6114 -0.0304, 1.25 0.5846 -0.0088, 1.25 0.6034 -0.0088, 1.25 0.595 0.0145, 1.25 0.5941 0.0184, 1.25 0.5945 0.0161, 1.25 0.5939 0.0184, 1.25 0.593 0.0145, 1.25 0.5935 0.0162, 1.25 0.5935 0.0162
            ]
        }
        coordIndex [
            0,1,2,-1,2,1,3,-1,4,5,0,-1,0,5,6,-1,0,6,1,-1,1,6,7,-1,4,8,5,-1,5,8,9,-1,5,9,10,-1,10,9,11,-1,10,11,12,-1,12,13,10,-1,10,13,2,-1,10,2,14,-1,14,2,3,-1,14,3,15,-1,10,14,16,-1,16,14,17,-1,5,10,18,-1,18,10,16,-1,19,6,20,-1,20,6,5,-1,20,5,18,-1,7,6,21,-1,21,6,19,-1,1,7,22,-1,22,7,21,-1,23,3,24,-1,24,3,1,-1,24,1,22,-1,15,3,25,-1,25,3,23,-1,14,15,17,-1,17,15,25,-1,0,2,26,-1,26,2,27,-1,2,13,27,-1,27,13,28,-1,11,29,30,-1,11,30,12,-1,12,30,28,-1,12,28,13,-1,11,9,29,-1,29,9,31,-1,4,32,33,-1,4,33,8,-1,8,33,31,-1,8,31,9,-1,4,0,32,-1,32,0,26,-1,
        ]
    }
}
Shape{
    appearance Appearance {
        material  Material 	{
            diffuseColor 0.2235294117647059 0.2235294117647059 0.2235294117647059
            specularColor 0.11372549019607843 0.11372549019607843 0.11372549019607843
            ambientIntensity 0.2
            transparency 0
            shininess 0.5
        }
    }
    geometry IndexedFaceSet {
        ccw TRUE
        solid FALSE
        coord DEF co Coordinate {
            point [
                1.25 0.5941 0.0184, 1.25 0.5939 0.0184, 1.25 0.5945 0.0161, 1.25 0.5935 0.0162, 1.25 0.595 0.0145, 1.25 0.593 0.0145, 1.25 0.6034 -0.0088, 1.25 0.5846 -0.0088, 1.25 0.5846 -0.0088
            ]
        }
        coordIndex [
            0,1,2,-1,2,1,3,-1,2,3,4,-1,4,3,5,-1,4,5,6,-1,6,5,7,-1,
        ]
    }
}
Shape{
    appearance Appearance {
        material  Material 	{
            diffuseColor 1.0 1.0 1.0
            specularColor 0.5019607843137255 0.5019607843137255 0.5019607843137255
            ambientIntensity 0.2
            transparency 0
            shininess 0.5
        }
    }
    geometry IndexedFaceSet {
        ccw TRUE
        solid FALSE
        coord DEF co Coordinate {
            point [
                1.2539 0.4246 -0.113, 1.2539 0.4246 -0.1194, 1.25 0.4246 -0.113, 1.25 0.4246 -0.1194, 1.2539 0.4017 -0.113, 1.25 0.4017 -0.113, 1.2539 0.4017 -0.0941, 1.25 0.4017 -0.0941, 1.2539 0.4217 -0.0941, 1.25 0.4217 -0.0941, 1.2539 0.4217 -0.0877, 1.25 0.4217 -0.0877, 1.2539 0.4017 -0.0877, 1.25 0.4017 -0.0877, 1.2539 0.4017 -0.0698, 1.25 0.4017 -0.0698, 1.2539 0.4233 -0.0698, 1.25 0.4233 -0.0698, 1.2539 0.4233 -0.0633, 1.25 0.4233 -0.0633, 1.2539 0.3944 -0.0633, 1.25 0.3944 -0.0633, 1.2539 0.3944 -0.1194, 1.25 0.3944 -0.1194, 1.2539 0.4563 -0.1132, 1.2539 0.4564 -0.1132, 1.2539 0.456 -0.1067, 1.2539 0.4564 -0.1036, 1.2539 0.4635 -0.0936, 1.2539 0.4564 -0.1031, 1.2539 0.4564 -0.0993, 1.2539 0.4564 -0.1194, 1.2539 0.4635 -0.1194, 1.2539 0.4389 -0.097, 1.2539 0.4413 -0.1023, 1.2539 0.443 -0.1015, 1.2539 0.455 -0.1092, 1.2539 0.4534 -0.1113, 1.2539 0.4552 -0.1148, 1.2539 0.4526 -0.1121, 1.2539 0.453 -0.1172, 1.2539 0.4506 -0.1135, 1.2539 0.4505 -0.1189, 1.2539 0.4484 -0.1143, 1.2539 0.4476 -0.1199, 1.2539 0.4458 -0.1145, 1.2539 0.444 -0.1203, 1.2539 0.4434 -0.1143, 1.2539 0.4398 -0.1198, 1.2539 0.4419 -0.1137, 1.2539 0.4371 -0.1188, 1.2539 0.4405 -0.1127, 1.2539 0.4347 -0.1172, 1.2539 0.4399 -0.1121, 1.2539 0.4446 -0.0956, 1.2539 0.4471 -0.1005, 1.2539 0.4564 -0.0939, 1.2539 0.4352 -0.0821, 1.2539 0.4352 -0.089, 1.2539 0.4373 -0.081, 1.2539 0.44 -0.086, 1.2539 0.4427 -0.0791, 1.2539 0.4444 -0.0845, 1.2539 0.449 -0.0784, 1.2539 0.4483 -0.0841, 1.2539 0.4537 -0.0789, 1.2539 0.4507 -0.0844, 1.2539 0.4565 -0.0798, 1.2539 0.4523 -0.0849, 1.2539 0.4588 -0.0812, 1.2539 0.4536 -0.0857, 1.2539 0.4602 -0.0826, 1.2539 0.4547 -0.0869, 1.2539 0.4617 -0.0847, 1.2539 0.4555 -0.0883, 1.2539 0.4628 -0.0878, 1.2539 0.4562 -0.0908, 1.2539 0.4403 -0.103, 1.2539 0.436 -0.0986, 1.2539 0.4394 -0.104, 1.2539 0.434 -0.1005, 1.2539 0.4388 -0.1053, 1.2539 0.4325 -0.1028, 1.2539 0.4385 -0.107, 1.2539 0.4316 -0.1053, 1.2539 0.4384 -0.1081, 1.2539 0.4313 -0.1086, 1.2539 0.4386 -0.1097, 1.2539 0.4316 -0.1118, 1.2539 0.4391 -0.111, 1.2539 0.4325 -0.1142, 1.2539 0.434 -0.1164, 1.25 0.449 -0.0784, 1.25 0.4427 -0.0791, 1.25 0.4373 -0.081, 1.25 0.4352 -0.0821, 1.25 0.4352 -0.089, 1.25 0.44 -0.086, 1.25 0.4444 -0.0845, 1.25 0.4483 -0.0841, 1.25 0.4507 -0.0844, 1.25 0.4523 -0.0849, 1.25 0.4536 -0.0857, 1.25 0.4547 -0.0869, 1.25 0.4555 -0.0883, 1.25 0.4562 -0.0908, 1.25 0.4564 -0.0939, 1.25 0.4446 -0.0956, 1.25 0.4389 -0.097, 1.25 0.436 -0.0986, 1.25 0.434 -0.1005, 1.25 0.4325 -0.1028, 1.25 0.4316 -0.1053, 1.25 0.4313 -0.1086, 1.25 0.4316 -0.1118, 1.25 0.4325 -0.1142, 1.25 0.434 -0.1164, 1.25 0.4347 -0.1172, 1.25 0.444 -0.1203, 1.25 0.4399 -0.1198, 1.25 0.4398 -0.1198, 1.25 0.4371 -0.1188, 1.25 0.4476 -0.1199, 1.25 0.4478 -0.1198, 1.25 0.4505 -0.1189, 1.25 0.453 -0.1172, 1.25 0.4552 -0.1148, 1.25 0.4563 -0.1132, 1.25 0.4564 -0.1132, 1.25 0.4564 -0.1194, 1.25 0.4635 -0.1194, 1.25 0.4635 -0.0936, 1.25 0.4628 -0.0878, 1.25 0.4617 -0.0847, 1.25 0.4602 -0.0826, 1.25 0.4588 -0.0812, 1.25 0.4565 -0.0798, 1.25 0.4537 -0.0789, 1.25 0.4403 -0.103, 1.25 0.4413 -0.1023, 1.25 0.443 -0.1015, 1.25 0.4471 -0.1005, 1.25 0.4384 -0.1081, 1.25 0.4385 -0.107, 1.25 0.4388 -0.1053, 1.25 0.4394 -0.104, 1.25 0.4405 -0.1127, 1.25 0.4399 -0.1121, 1.25 0.4391 -0.111, 1.25 0.4386 -0.1097, 1.25 0.4458 -0.1145, 1.25 0.4434 -0.1143, 1.25 0.4419 -0.1137, 1.25 0.4534 -0.1113, 1.25 0.4526 -0.1121, 1.25 0.4506 -0.1135, 1.25 0.4484 -0.1143, 1.25 0.4564 -0.1031, 1.25 0.4564 -0.1036, 1.25 0.456 -0.1067, 1.25 0.455 -0.1092, 1.25 0.4564 -0.0993, 1.25 0.4564 -0.0993
            ]
        }
        coordIndex [
            0,1,2,-1,2,1,3,-1,4,0,5,-1,5,0,2,-1,6,4,7,-1,7,4,5,-1,8,6,9,-1,9,6,7,-1,10,8,11,-1,11,8,9,-1,12,10,13,-1,13,10,11,-1,14,12,15,-1,15,12,13,-1,16,14,17,-1,17,14,15,-1,18,16,19,-1,19,16,17,-1,20,18,21,-1,21,18,19,-1,22,20,23,-1,23,20,21,-1,1,22,3,-1,3,22,23,-1,22,1,0,-1,0,4,22,-1,22,4,6,-1,22,6,20,-1,16,18,14,-1,14,18,20,-1,14,20,12,-1,12,20,6,-1,12,6,10,-1,10,6,8,-1,24,25,26,-1,27,28,29,-1,29,28,30,-1,31,32,25,-1,25,32,28,-1,25,28,26,-1,26,28,27,-1,33,34,35,-1,26,36,24,-1,24,36,37,-1,24,37,38,-1,38,37,39,-1,38,39,40,-1,40,39,41,-1,40,41,42,-1,42,41,43,-1,42,43,44,-1,44,43,45,-1,44,45,46,-1,46,45,47,-1,46,47,48,-1,48,47,49,-1,48,49,50,-1,50,49,51,-1,50,51,52,-1,52,51,53,-1,33,35,54,-1,54,35,55,-1,54,55,56,-1,57,58,59,-1,59,58,60,-1,59,60,61,-1,61,60,62,-1,61,62,63,-1,63,62,64,-1,63,64,65,-1,65,64,66,-1,65,66,67,-1,67,66,68,-1,67,68,69,-1,69,68,70,-1,69,70,71,-1,71,70,72,-1,71,72,73,-1,73,72,74,-1,73,74,75,-1,75,74,76,-1,75,76,28,-1,28,76,56,-1,28,56,30,-1,30,56,55,-1,34,33,77,-1,77,33,78,-1,77,78,79,-1,79,78,80,-1,79,80,81,-1,81,80,82,-1,81,82,83,-1,83,82,84,-1,83,84,85,-1,85,84,86,-1,85,86,87,-1,87,86,88,-1,87,88,89,-1,89,88,90,-1,89,90,53,-1,53,90,91,-1,53,91,52,-1,63,92,93,-1,63,93,61,-1,61,93,94,-1,61,94,59,-1,59,94,95,-1,59,95,57,-1,58,57,96,-1,96,57,95,-1,58,96,97,-1,58,97,60,-1,60,97,98,-1,60,98,62,-1,62,98,99,-1,62,99,64,-1,64,99,100,-1,64,100,66,-1,66,100,101,-1,66,101,68,-1,68,101,102,-1,68,102,70,-1,70,102,103,-1,70,103,72,-1,72,103,104,-1,72,104,74,-1,74,104,105,-1,74,105,76,-1,76,105,106,-1,76,106,56,-1,54,56,107,-1,107,56,106,-1,54,107,108,-1,54,108,33,-1,33,108,109,-1,33,109,78,-1,78,109,110,-1,78,110,80,-1,80,110,111,-1,80,111,82,-1,82,111,112,-1,82,112,84,-1,84,112,113,-1,84,113,86,-1,86,113,114,-1,86,114,88,-1,88,114,115,-1,88,115,90,-1,90,115,116,-1,90,116,91,-1,91,116,117,-1,91,117,52,-1,118,46,119,-1,119,46,48,-1,119,48,120,-1,120,48,50,-1,120,50,121,-1,121,50,52,-1,121,52,117,-1,46,118,122,-1,46,122,44,-1,44,122,123,-1,44,123,42,-1,123,124,42,-1,42,124,125,-1,42,125,40,-1,40,125,126,-1,40,126,38,-1,38,126,127,-1,38,127,24,-1,25,24,128,-1,128,24,127,-1,31,25,129,-1,129,25,128,-1,32,31,130,-1,130,31,129,-1,28,32,131,-1,131,32,130,-1,28,131,132,-1,28,132,75,-1,75,132,133,-1,75,133,73,-1,73,133,134,-1,73,134,71,-1,71,134,135,-1,71,135,69,-1,69,135,136,-1,69,136,67,-1,67,136,137,-1,67,137,65,-1,65,137,92,-1,65,92,63,-1,77,138,139,-1,77,139,34,-1,34,139,140,-1,34,140,35,-1,35,140,141,-1,35,141,55,-1,85,142,143,-1,85,143,83,-1,83,143,144,-1,83,144,81,-1,81,144,145,-1,81,145,79,-1,79,145,138,-1,79,138,77,-1,51,146,147,-1,51,147,53,-1,53,147,148,-1,53,148,89,-1,89,148,149,-1,89,149,87,-1,87,149,142,-1,87,142,85,-1,45,150,151,-1,45,151,47,-1,47,151,152,-1,47,152,49,-1,49,152,146,-1,49,146,51,-1,37,153,154,-1,37,154,39,-1,39,154,155,-1,39,155,41,-1,41,155,156,-1,41,156,43,-1,43,156,150,-1,43,150,45,-1,29,157,158,-1,29,158,27,-1,27,158,159,-1,27,159,26,-1,26,159,160,-1,26,160,36,-1,36,160,153,-1,36,153,37,-1,29,30,157,-1,157,30,161,-1,30,55,161,-1,161,55,141,-1,
        ]
    }
}
Shape{
    appearance Appearance {
        material  Material 	{
            diffuseColor 0.2235294117647059 0.2235294117647059 0.2235294117647059
            specularColor 0.11372549019607843 0.11372549019607843 0.11372549019607843
            ambientIntensity 0.2
            transparency 0
            shininess 0.5
        }
    }
    geometry IndexedFaceSet {
        ccw TRUE
        solid FALSE
        coord DEF co Coordinate {
            point [
                1.25 0.4564 -0.0993, 1.25 0.4471 -0.1005, 1.25 0.4564 -0.1031, 1.25 0.443 -0.1015, 1.25 0.4413 -0.1023, 1.25 0.4403 -0.103, 1.25 0.4564 -0.1036, 1.25 0.456 -0.1067, 1.25 0.4394 -0.104, 1.25 0.455 -0.1092, 1.25 0.4399 -0.1121, 1.25 0.4405 -0.1127, 1.25 0.4526 -0.1121, 1.25 0.4391 -0.111, 1.25 0.4506 -0.1135, 1.25 0.4484 -0.1143, 1.25 0.4458 -0.1145, 1.25 0.4388 -0.1053, 1.25 0.4385 -0.107, 1.25 0.4534 -0.1113, 1.25 0.4384 -0.1081, 1.25 0.4386 -0.1097, 1.25 0.4419 -0.1137, 1.25 0.4434 -0.1143, 1.25 0.4434 -0.1143
            ]
        }
        coordIndex [
            0,1,2,-1,2,1,3,-1,3,4,2,-1,2,4,5,-1,2,5,6,-1,6,5,7,-1,7,5,8,-1,7,8,9,-1,10,11,12,-1,10,12,13,-1,14,12,15,-1,15,12,16,-1,8,17,9,-1,9,17,18,-1,9,18,19,-1,19,18,20,-1,19,20,12,-1,12,20,21,-1,12,21,13,-1,11,22,12,-1,12,22,23,-1,12,23,16,-1,
        ]
    }
}
Shape{
    appearance Appearance {
        material  Material 	{
            diffuseColor 1.0 1.0 1.0
            specularColor 0.5019607843137255 0.5019607843137255 0.5019607843137255
            ambientIntensity 0.2
            transparency 0
            shininess 0.5
        }
    }
    geometry IndexedFaceSet {
        ccw TRUE
        solid FALSE
        coord DEF co Coordinate {
            point [
                1.25 0.473 -0.1107, 1.2539 0.473 -0.1107, 1.2539 0.4757 -0.1124, 1.2539 0.4845 -0.1146, 1.25 0.4845 -0.1146, 1.25 0.4801 -0.1141, 1.2539 0.4801 -0.1141, 1.25 0.4762 -0.1126, 1.25 0.4757 -0.1124, 1.2539 0.473 -0.118, 1.25 0.473 -0.118, 1.25 0.4762 -0.1191, 1.2539 0.4779 -0.1197, 1.25 0.4838 -0.1203, 1.2539 0.4838 -0.1203, 1.25 0.4793 -0.1198, 1.25 0.4779 -0.1197, 1.25 0.4881 -0.1198, 1.2539 0.4898 -0.1196, 1.25 0.4898 -0.1196, 1.25 0.4936 -0.1183, 1.2539 0.4936 -0.1183, 1.25 0.4955 -0.1171, 1.2539 0.4955 -0.1171, 1.25 0.4975 -0.1154, 1.2539 0.4975 -0.1154, 1.25 0.4988 -0.1135, 1.2539 0.4988 -0.1135, 1.25 0.4997 -0.1113, 1.2539 0.4997 -0.1113, 1.25 0.5 -0.1085, 1.2539 0.5 -0.1085, 1.25 0.4997 -0.1059, 1.2539 0.4997 -0.1059, 1.25 0.499 -0.1038, 1.2539 0.499 -0.1038, 1.25 0.4977 -0.1019, 1.2539 0.4977 -0.1019, 1.25 0.496 -0.1004, 1.2539 0.496 -0.1004, 1.25 0.4913 -0.0978, 1.2539 0.4913 -0.0978, 1.25 0.4886 -0.0967, 1.2539 0.4886 -0.0967, 1.25 0.4843 -0.0948, 1.2539 0.4843 -0.0948, 1.25 0.4818 -0.0932, 1.2539 0.4818 -0.0932, 1.25 0.4811 -0.0925, 1.2539 0.4811 -0.0925, 1.25 0.4806 -0.0915, 1.2539 0.4806 -0.0915, 1.25 0.4803 -0.0904, 1.2539 0.4803 -0.0904, 1.25 0.4803 -0.0895, 1.2539 0.4803 -0.0895, 1.25 0.4804 -0.0884, 1.2539 0.4804 -0.0884, 1.25 0.4807 -0.0874, 1.2539 0.4807 -0.0874, 1.25 0.4813 -0.0865, 1.2539 0.4813 -0.0865, 1.25 0.4824 -0.0856, 1.2539 0.4824 -0.0856, 1.25 0.484 -0.0848, 1.2539 0.484 -0.0848, 1.25 0.4858 -0.0843, 1.2539 0.4858 -0.0843, 1.25 0.4879 -0.0841, 1.2539 0.4879 -0.0841, 1.25 0.4925 -0.0846, 1.2539 0.4925 -0.0846, 1.25 0.4965 -0.0861, 1.2539 0.4965 -0.0861, 1.25 0.4981 -0.087, 1.2539 0.4981 -0.087, 1.2539 0.4981 -0.0802, 1.25 0.4981 -0.0802, 1.25 0.4929 -0.0787, 1.2539 0.4929 -0.0787, 1.25 0.4886 -0.0784, 1.2539 0.4886 -0.0784, 1.25 0.483 -0.0791, 1.2539 0.483 -0.0791, 1.25 0.4793 -0.0805, 1.2539 0.4793 -0.0805, 1.25 0.4775 -0.0816, 1.2539 0.4775 -0.0816, 1.25 0.4762 -0.0828, 1.2539 0.4754 -0.0835, 1.25 0.4754 -0.0835, 1.25 0.4741 -0.0854, 1.2539 0.4741 -0.0854, 1.25 0.4733 -0.0876, 1.2539 0.4733 -0.0876, 1.25 0.473 -0.0901, 1.2539 0.473 -0.0901, 1.25 0.4733 -0.0929, 1.2539 0.4733 -0.0929, 1.25 0.4741 -0.095, 1.2539 0.4741 -0.095, 1.25 0.475 -0.0965, 1.2539 0.475 -0.0965, 1.25 0.4837 -0.1018, 1.2539 0.4837 -0.1018, 1.2539 0.4795 -0.0998, 1.25 0.4762 -0.0977, 1.2539 0.4762 -0.0977, 1.25 0.4762 -0.0977, 1.25 0.4795 -0.0998, 1.25 0.4883 -0.1037, 1.2539 0.4883 -0.1037, 1.25 0.491 -0.1053, 1.2539 0.491 -0.1053, 1.25 0.4919 -0.1063, 1.2539 0.4919 -0.1063, 1.25 0.4924 -0.1072, 1.2539 0.4924 -0.1072, 1.25 0.4927 -0.1083, 1.2539 0.4927 -0.1083, 1.25 0.4928 -0.1092, 1.2539 0.4928 -0.1092, 1.25 0.4927 -0.1105, 1.2539 0.4927 -0.1105, 1.25 0.4923 -0.1115, 1.2539 0.4923 -0.1115, 1.25 0.4917 -0.1124, 1.2539 0.4917 -0.1124, 1.25 0.4909 -0.1131, 1.2539 0.4909 -0.1131, 1.25 0.4903 -0.1135, 1.2539 0.4903 -0.1135, 1.25 0.4884 -0.1142, 1.2539 0.4884 -0.1142, 1.25 0.4848 -0.1146, 1.2539 0.4848 -0.1146, 1.2539 0.5348 -0.0793, 1.2539 0.5421 -0.0793, 1.25 0.5348 -0.0793, 1.25 0.5421 -0.0793, 1.2539 0.5239 -0.1095, 1.25 0.5239 -0.1095, 1.25 0.5233 -0.1113, 1.2539 0.5233 -0.1113, 1.25 0.523 -0.1127, 1.2539 0.523 -0.1127, 1.2539 0.5228 -0.1127, 1.25 0.5228 -0.1127, 1.2539 0.522 -0.1094, 1.25 0.522 -0.1094, 1.2539 0.5115 -0.0793, 1.25 0.5149 -0.0891, 1.25 0.5115 -0.0793, 1.2539 0.5037 -0.0793, 1.25 0.5037 -0.0793, 1.25 0.5194 -0.1193, 1.2539 0.5194 -0.1193, 1.25 0.5149 -0.1079, 1.25 0.5163 -0.1266, 1.2539 0.5163 -0.1266, 1.25 0.5191 -0.1198, 1.25 0.5149 -0.1291, 1.2539 0.5149 -0.1291, 1.25 0.5149 -0.1291, 1.2539 0.5136 -0.1305, 1.25 0.5136 -0.1305, 1.25 0.5123 -0.1314, 1.2539 0.5123 -0.1314, 1.25 0.5108 -0.132, 1.2539 0.5108 -0.132, 1.25 0.5091 -0.1322, 1.2539 0.5091 -0.1322, 1.25 0.5066 -0.1319, 1.2539 0.5066 -0.1319, 1.25 0.5051 -0.1314, 1.2539 0.5051 -0.1314, 1.2539 0.5051 -0.1376, 1.25 0.5051 -0.1376, 1.25 0.5081 -0.1382, 1.2539 0.5081 -0.1382, 1.25 0.5096 -0.1382, 1.2539 0.5096 -0.1382, 1.25 0.5125 -0.1379, 1.2539 0.5125 -0.1379, 1.25 0.5149 -0.137, 1.2539 0.5153 -0.1368, 1.25 0.5153 -0.1368, 1.25 0.5177 -0.1351, 1.2539 0.5177 -0.1351, 1.25 0.5182 -0.1347, 1.2539 0.5182 -0.1347, 1.25 0.5208 -0.1316, 1.2539 0.5208 -0.1316, 1.25 0.5239 -0.1254, 1.2539 0.5239 -0.1254, 1.25 0.5261 -0.1198, 1.2539 0.5798 -0.113, 1.2539 0.5798 -0.1194, 1.25 0.5798 -0.113, 1.25 0.5798 -0.1194, 1.2539 0.5569 -0.113, 1.25 0.5674 -0.113, 1.25 0.5569 -0.113, 1.2539 0.5569 -0.0941, 1.25 0.5569 -0.0941, 1.2539 0.5769 -0.0941, 1.25 0.5674 -0.0941, 1.25 0.5769 -0.0941, 1.2539 0.5769 -0.0877, 1.25 0.5769 -0.0877, 1.25 0.5569 -0.0877, 1.2539 0.5569 -0.0877, 1.25 0.5674 -0.0877, 1.2539 0.5569 -0.0698, 1.25 0.5569 -0.0698, 1.25 0.5785 -0.0698, 1.2539 0.5785 -0.0698, 1.25 0.5674 -0.0698, 1.2539 0.5785 -0.0633, 1.25 0.5785 -0.0633, 1.25 0.5497 -0.0633, 1.2539 0.5497 -0.0633, 1.25 0.5674 -0.0633, 1.2539 0.5497 -0.1194, 1.25 0.5497 -0.1194, 1.25 0.5674 -0.1194, 1.2539 0.6254 -0.1034, 1.2539 0.6224 -0.1071, 1.2539 0.6276 -0.1115, 1.2539 0.6212 -0.1083, 1.2539 0.6216 -0.1158, 1.2539 0.6174 -0.1106, 1.2539 0.6152 -0.1182, 1.2539 0.6125 -0.1123, 1.2539 0.6058 -0.1194, 1.2539 0.6058 -0.113, 1.2539 0.5904 -0.1194, 1.2539 0.5976 -0.113, 1.2539 0.5904 -0.0633, 1.2539 0.5976 -0.0698, 1.2539 0.6064 -0.0633, 1.2539 0.6061 -0.0698, 1.2539 0.6159 -0.0645, 1.2539 0.6131 -0.0705, 1.2539 0.6225 -0.0671, 1.2539 0.618 -0.0722, 1.2539 0.6276 -0.0707, 1.2539 0.6223 -0.075, 1.2539 0.6302 -0.0734, 1.2539 0.6242 -0.0769, 1.2539 0.6335 -0.0785, 1.2539 0.6262 -0.0802, 1.2539 0.6354 -0.084, 1.2539 0.6277 -0.0845, 1.2539 0.636 -0.0906, 1.2539 0.6284 -0.0908, 1.2539 0.6358 -0.0948, 1.2539 0.6283 -0.094, 1.2539 0.6343 -0.1013, 1.2539 0.6272 -0.0992, 1.2539 0.6314 -0.107, 1.25 0.6058 -0.1194, 1.25 0.5904 -0.1194, 1.25 0.6152 -0.1182, 1.25 0.6216 -0.1158, 1.25 0.6276 -0.1115, 1.25 0.6314 -0.107, 1.25 0.6343 -0.1013, 1.25 0.6358 -0.0948, 1.25 0.636 -0.0906, 1.25 0.6354 -0.084, 1.25 0.6335 -0.0785, 1.25 0.6302 -0.0734, 1.25 0.6276 -0.0707, 1.25 0.6225 -0.0671, 1.25 0.6159 -0.0645, 1.25 0.6064 -0.0633, 1.25 0.5904 -0.0633, 1.25 0.6061 -0.0698, 1.25 0.5976 -0.0698, 1.25 0.5976 -0.113, 1.25 0.6058 -0.113, 1.25 0.6224 -0.1071, 1.25 0.6212 -0.1083, 1.25 0.6174 -0.1106, 1.25 0.6125 -0.1123, 1.25 0.6284 -0.0908, 1.25 0.6283 -0.094, 1.25 0.6272 -0.0992, 1.25 0.6254 -0.1034, 1.25 0.6223 -0.075, 1.25 0.6242 -0.0769, 1.25 0.6262 -0.0802, 1.25 0.6277 -0.0845, 1.25 0.6131 -0.0705, 1.25 0.618 -0.0722, 1.25 0.618 -0.0722
            ]
        }
        coordIndex [
            0,1,2,-1,3,4,5,-1,3,5,6,-1,6,5,7,-1,6,7,2,-1,2,7,8,-1,2,8,0,-1,9,1,10,-1,10,1,0,-1,10,11,9,-1,9,11,12,-1,13,14,15,-1,15,14,12,-1,15,12,16,-1,16,12,11,-1,13,17,14,-1,14,17,18,-1,17,19,18,-1,18,19,20,-1,18,20,21,-1,21,20,22,-1,21,22,23,-1,23,22,24,-1,23,24,25,-1,25,24,26,-1,25,26,27,-1,27,26,28,-1,27,28,29,-1,29,28,30,-1,29,30,31,-1,31,30,32,-1,31,32,33,-1,33,32,34,-1,33,34,35,-1,35,34,36,-1,35,36,37,-1,37,36,38,-1,37,38,39,-1,39,38,40,-1,39,40,41,-1,41,40,42,-1,41,42,43,-1,43,42,44,-1,43,44,45,-1,45,44,46,-1,45,46,47,-1,47,46,48,-1,47,48,49,-1,49,48,50,-1,49,50,51,-1,51,50,52,-1,51,52,53,-1,53,52,54,-1,53,54,55,-1,55,54,56,-1,55,56,57,-1,57,56,58,-1,57,58,59,-1,59,58,60,-1,59,60,61,-1,61,60,62,-1,61,62,63,-1,63,62,64,-1,63,64,65,-1,65,64,66,-1,65,66,67,-1,67,66,68,-1,67,68,69,-1,69,68,70,-1,69,70,71,-1,71,70,72,-1,71,72,73,-1,73,72,74,-1,73,74,75,-1,76,75,77,-1,77,75,74,-1,76,77,78,-1,76,78,79,-1,79,78,80,-1,79,80,81,-1,81,80,82,-1,81,82,83,-1,83,82,84,-1,83,84,85,-1,85,84,86,-1,85,86,87,-1,86,88,87,-1,87,88,89,-1,88,90,89,-1,89,90,91,-1,89,91,92,-1,92,91,93,-1,92,93,94,-1,94,93,95,-1,94,95,96,-1,96,95,97,-1,96,97,98,-1,98,97,99,-1,98,99,100,-1,100,99,101,-1,100,101,102,-1,103,104,105,-1,102,101,106,-1,102,106,107,-1,107,106,108,-1,107,108,105,-1,105,108,109,-1,105,109,103,-1,104,103,110,-1,104,110,111,-1,111,110,112,-1,111,112,113,-1,113,112,114,-1,113,114,115,-1,115,114,116,-1,115,116,117,-1,117,116,118,-1,117,118,119,-1,119,118,120,-1,119,120,121,-1,121,120,122,-1,121,122,123,-1,123,122,124,-1,123,124,125,-1,125,124,126,-1,125,126,127,-1,127,126,128,-1,127,128,129,-1,129,128,130,-1,129,130,131,-1,131,130,132,-1,131,132,133,-1,133,132,134,-1,133,134,135,-1,135,134,4,-1,135,4,3,-1,61,63,85,-1,85,63,83,-1,111,43,104,-1,104,43,45,-1,21,23,127,-1,127,23,25,-1,127,25,125,-1,125,25,27,-1,125,27,123,-1,123,27,29,-1,123,29,121,-1,121,29,31,-1,121,31,119,-1,119,31,33,-1,119,33,117,-1,117,33,35,-1,117,35,115,-1,115,35,37,-1,115,37,113,-1,113,37,39,-1,113,39,111,-1,111,39,41,-1,111,41,43,-1,14,3,12,-1,12,3,6,-1,12,6,9,-1,9,6,2,-1,9,2,1,-1,63,65,83,-1,83,65,67,-1,83,67,81,-1,81,67,69,-1,81,69,79,-1,79,69,71,-1,79,71,76,-1,76,71,73,-1,76,73,75,-1,127,129,21,-1,21,129,131,-1,21,131,18,-1,18,131,133,-1,18,133,14,-1,14,133,135,-1,14,135,3,-1,85,87,61,-1,61,87,89,-1,61,89,59,-1,59,89,92,-1,59,92,57,-1,57,92,94,-1,57,94,55,-1,55,94,96,-1,55,96,53,-1,53,96,98,-1,53,98,51,-1,51,98,100,-1,51,100,49,-1,49,100,102,-1,49,102,47,-1,47,102,107,-1,47,107,45,-1,45,107,105,-1,45,105,104,-1,136,137,138,-1,138,137,139,-1,140,136,141,-1,141,136,138,-1,140,141,142,-1,140,142,143,-1,143,142,144,-1,143,144,145,-1,146,145,147,-1,147,145,144,-1,148,146,149,-1,149,146,147,-1,148,149,150,-1,150,149,151,-1,150,151,152,-1,153,150,154,-1,154,150,152,-1,155,156,157,-1,157,156,153,-1,157,153,154,-1,158,159,160,-1,160,159,156,-1,160,156,155,-1,159,158,161,-1,159,161,162,-1,162,161,163,-1,162,163,164,-1,163,165,164,-1,164,165,166,-1,164,166,167,-1,167,166,168,-1,167,168,169,-1,169,168,170,-1,169,170,171,-1,171,170,172,-1,171,172,173,-1,173,172,174,-1,173,174,175,-1,176,175,177,-1,177,175,174,-1,176,177,178,-1,176,178,179,-1,179,178,180,-1,179,180,181,-1,181,180,182,-1,181,182,183,-1,183,182,184,-1,183,184,185,-1,184,186,185,-1,185,186,187,-1,185,187,188,-1,188,187,189,-1,188,189,190,-1,190,189,191,-1,190,191,192,-1,192,191,193,-1,192,193,194,-1,139,137,195,-1,195,137,194,-1,195,194,193,-1,143,145,194,-1,137,136,194,-1,194,136,140,-1,194,140,143,-1,150,153,148,-1,148,153,156,-1,148,156,146,-1,192,162,190,-1,190,162,164,-1,175,176,173,-1,173,176,179,-1,173,179,171,-1,171,179,181,-1,171,181,169,-1,169,181,183,-1,169,183,167,-1,167,183,185,-1,167,185,164,-1,164,185,188,-1,164,188,190,-1,145,146,194,-1,194,146,156,-1,194,156,192,-1,192,156,159,-1,192,159,162,-1,196,197,198,-1,198,197,199,-1,196,198,200,-1,200,198,201,-1,200,201,202,-1,203,200,204,-1,204,200,202,-1,203,204,205,-1,205,204,206,-1,205,206,207,-1,208,205,209,-1,209,205,207,-1,210,211,212,-1,212,211,208,-1,212,208,209,-1,213,211,214,-1,214,211,210,-1,215,216,217,-1,217,216,213,-1,217,213,214,-1,218,216,219,-1,219,216,215,-1,220,221,222,-1,222,221,218,-1,222,218,219,-1,223,221,224,-1,224,221,220,-1,199,197,225,-1,225,197,223,-1,225,223,224,-1,223,197,196,-1,196,200,223,-1,223,200,203,-1,223,203,221,-1,216,218,213,-1,213,218,221,-1,213,221,211,-1,211,221,203,-1,211,203,208,-1,208,203,205,-1,226,227,228,-1,228,227,229,-1,228,229,230,-1,230,229,231,-1,230,231,232,-1,232,231,233,-1,232,233,234,-1,234,233,235,-1,234,235,236,-1,236,235,237,-1,236,237,238,-1,238,237,239,-1,238,239,240,-1,240,239,241,-1,240,241,242,-1,242,241,243,-1,242,243,244,-1,244,243,245,-1,244,245,246,-1,246,245,247,-1,246,247,248,-1,248,247,249,-1,248,249,250,-1,250,249,251,-1,250,251,252,-1,252,251,253,-1,252,253,254,-1,254,253,255,-1,254,255,256,-1,256,255,257,-1,256,257,258,-1,258,257,259,-1,258,259,260,-1,260,259,226,-1,260,226,228,-1,234,236,261,-1,261,236,262,-1,234,261,263,-1,234,263,232,-1,232,263,264,-1,232,264,230,-1,230,264,265,-1,230,265,228,-1,228,265,266,-1,228,266,260,-1,260,266,267,-1,260,267,258,-1,258,267,268,-1,258,268,256,-1,256,268,269,-1,256,269,254,-1,254,269,270,-1,254,270,252,-1,252,270,271,-1,252,271,250,-1,250,271,272,-1,250,272,248,-1,248,272,273,-1,248,273,246,-1,246,273,274,-1,246,274,244,-1,244,274,275,-1,244,275,242,-1,242,275,276,-1,242,276,240,-1,238,240,277,-1,277,240,276,-1,236,238,262,-1,262,238,277,-1,241,239,278,-1,278,239,279,-1,239,237,279,-1,279,237,280,-1,237,235,280,-1,280,235,281,-1,227,282,283,-1,227,283,229,-1,229,283,284,-1,229,284,231,-1,231,284,285,-1,231,285,233,-1,233,285,281,-1,233,281,235,-1,255,286,287,-1,255,287,257,-1,257,287,288,-1,257,288,259,-1,259,288,289,-1,259,289,226,-1,226,289,282,-1,226,282,227,-1,247,290,291,-1,247,291,249,-1,249,291,292,-1,249,292,251,-1,251,292,293,-1,251,293,253,-1,253,293,286,-1,253,286,255,-1,241,278,294,-1,241,294,243,-1,243,294,295,-1,243,295,245,-1,245,295,290,-1,245,290,247,-1,
        ]
    }
}
Shape{
    appearance Appearance {
        material  Material 	{
            diffuseColor 0.2235294117647059 0.2235294117647059 0.2235294117647059
            specularColor 0.11372549019607843 0.11372549019607843 0.11372549019607843
            ambientIntensity 0.2
            transparency 0
            shininess 0.5
        }
    }
    geometry IndexedFaceSet {
        ccw TRUE
        solid FALSE
        coord DEF co Coordinate {
            point [
                1.25 0.5976 -0.0698, 1.25 0.5976 -0.113, 1.25 0.6061 -0.0698, 1.25 0.6058 -0.113, 1.25 0.6125 -0.1123, 1.25 0.6174 -0.1106, 1.25 0.6212 -0.1083, 1.25 0.6224 -0.1071, 1.25 0.6254 -0.1034, 1.25 0.6272 -0.0992, 1.25 0.6283 -0.094, 1.25 0.6284 -0.0908, 1.25 0.6277 -0.0845, 1.25 0.6262 -0.0802, 1.25 0.6242 -0.0769, 1.25 0.6223 -0.075, 1.25 0.6131 -0.0705, 1.25 0.618 -0.0722, 1.25 0.618 -0.0722
            ]
        }
        coordIndex [
            0,1,2,-1,2,1,3,-1,2,3,4,-1,4,5,2,-1,2,5,6,-1,2,6,7,-1,7,8,2,-1,2,8,9,-1,2,9,10,-1,10,11,2,-1,2,11,12,-1,2,12,13,-1,13,14,2,-1,2,14,15,-1,2,15,16,-1,16,15,17,-1,
        ]
    }
}
Shape{
    appearance Appearance {
        material  Material 	{
            diffuseColor 1.0 1.0 1.0
            specularColor 0.5019607843137255 0.5019607843137255 0.5019607843137255
            ambientIntensity 0.2
            transparency 0
            shininess 0.5
        }
    }
    geometry IndexedFaceSet {
        ccw TRUE
        solid FALSE
        coord DEF co Coordinate {
            point [
                1.2539 0.6548 -0.0977, 1.2539 0.6525 -0.104, 1.2539 0.6736 -0.0977, 1.2539 0.6759 -0.104, 1.2539 0.6632 -0.0744, 1.2539 0.6605 -0.0633, 1.2539 0.6391 -0.1194, 1.2539 0.6471 -0.1194, 1.2539 0.6637 -0.0727, 1.2539 0.6641 -0.0705, 1.2539 0.6682 -0.0633, 1.2539 0.6643 -0.0705, 1.2539 0.6647 -0.0728, 1.2539 0.6652 -0.0744, 1.2539 0.6896 -0.1194, 1.2539 0.6816 -0.1194, 1.25 0.6682 -0.0633, 1.25 0.6896 -0.1194, 1.25 0.6605 -0.0633, 1.25 0.6391 -0.1194, 1.25 0.6471 -0.1194, 1.25 0.6525 -0.104, 1.25 0.6759 -0.104, 1.25 0.6816 -0.1194, 1.25 0.6548 -0.0977, 1.25 0.6736 -0.0977, 1.25 0.6652 -0.0744, 1.25 0.6643 -0.0705, 1.25 0.6647 -0.0728, 1.25 0.6641 -0.0705, 1.25 0.6632 -0.0744, 1.25 0.6637 -0.0727, 1.25 0.6637 -0.0727
            ]
        }
        coordIndex [
            0,1,2,-1,2,1,3,-1,4,5,0,-1,0,5,6,-1,0,6,1,-1,1,6,7,-1,4,8,5,-1,5,8,9,-1,5,9,10,-1,10,9,11,-1,10,11,12,-1,12,13,10,-1,10,13,2,-1,10,2,14,-1,14,2,3,-1,14,3,15,-1,10,14,16,-1,16,14,17,-1,5,10,18,-1,18,10,16,-1,6,5,19,-1,19,5,18,-1,7,6,20,-1,20,6,19,-1,1,7,21,-1,21,7,20,-1,3,1,22,-1,22,1,21,-1,15,3,23,-1,23,3,22,-1,14,15,17,-1,17,15,23,-1,0,2,24,-1,24,2,25,-1,2,13,25,-1,25,13,26,-1,11,27,28,-1,11,28,12,-1,12,28,26,-1,12,26,13,-1,11,9,27,-1,27,9,29,-1,4,30,31,-1,4,31,8,-1,8,31,29,-1,8,29,9,-1,4,0,30,-1,30,0,24,-1,
        ]
    }
}
Shape{
    appearance Appearance {
        material  Material 	{
            diffuseColor 0.2235294117647059 0.2235294117647059 0.2235294117647059
            specularColor 0.11372549019607843 0.11372549019607843 0.11372549019607843
            ambientIntensity 0.2
            transparency 0
            shininess 0.5
        }
    }
    geometry IndexedFaceSet {
        ccw TRUE
        solid FALSE
        coord DEF co Coordinate {
            point [
                1.25 0.6643 -0.0705, 1.25 0.6641 -0.0705, 1.25 0.6647 -0.0728, 1.25 0.6637 -0.0727, 1.25 0.6652 -0.0744, 1.25 0.6632 -0.0744, 1.25 0.6736 -0.0977, 1.25 0.6548 -0.0977, 1.25 0.6548 -0.0977
            ]
        }
        coordIndex [
            0,1,2,-1,2,1,3,-1,2,3,4,-1,4,3,5,-1,4,5,6,-1,6,5,7,-1,
        ]
    }
}
Shape{
    appearance Appearance {
        material  Material 	{
            diffuseColor 1.0 1.0 1.0
            specularColor 0.5019607843137255 0.5019607843137255 0.5019607843137255
            ambientIntensity 0.2
            transparency 0
            shininess 0.5
        }
    }
    geometry IndexedFaceSet {
        ccw TRUE
        solid FALSE
        coord DEF co Coordinate {
            point [
                1.2539 0.1363 -0.0228, 1.2539 0.1452 -0.0181, 1.2539 0.1431 0.0064, 1.2539 0.2133 -0.1289, 1.2539 0.218 -0.1201, 1.2539 0.2204 -0.1102, 1.2539 0.168 0.0076, 1.2539 0.1804 -0.0215, 1.2539 0.1865 -0.0089, 1.2539 0.1656 -0.1113, 1.2539 0.1649 -0.1075, 1.2539 0.1433 -0.0921, 1.2539 0.1429 -0.1188, 1.2539 0.1379 -0.1172, 1.2539 0.1346 -0.0867, 1.2539 0.1589 0.0084, 1.2539 0.2764 -0.0725, 1.2539 0.2641 -0.0514, 1.2539 0.2206 -0.102, 1.2539 0.2107 -0.0793, 1.2539 0.2206 -0.106, 1.2539 0.1993 -0.1412, 1.2539 0.2073 -0.1357, 1.2539 0.1672 -0.1146, 1.2539 0.1529 -0.1346, 1.2539 0.1469 -0.1273, 1.2539 0.2896 -0.0331, 1.2539 0.2927 -0.0331, 1.2539 0.3091 -0.0116, 1.2539 0.3003 -0.034, 1.2539 0.311 -0.0122, 1.2539 0.3073 -0.0367, 1.2539 0.3229 -0.0181, 1.2539 0.3337 -0.0272, 1.2539 0.1762 0.0171, 1.2539 0.1954 0.0018, 1.2539 0.1855 0.0251, 1.2539 0.2061 0.0096, 1.2539 0.1953 0.0311, 1.2539 0.155 -0.0158, 1.2539 0.1592 -0.0155, 1.2539 0.1634 0.0081, 1.2539 0.1687 -0.0167, 1.2539 0.1776 -0.02, 1.2539 0.193 -0.1154, 1.2539 0.1908 -0.1179, 1.2539 0.1878 -0.1201, 1.2539 0.1904 -0.1447, 1.2539 0.1844 -0.1214, 1.2539 0.1808 -0.1459, 1.2539 0.1804 -0.1219, 1.2539 0.1793 -0.1458, 1.2539 0.1797 -0.1219, 1.2539 0.1699 -0.1444, 1.2539 0.1761 -0.1213, 1.2539 0.1607 -0.1405, 1.2539 0.1725 -0.1198, 1.2539 0.1695 -0.1175, 1.2539 0.1949 -0.1009, 1.2539 0.1958 -0.1045, 1.2539 0.1958 -0.1082, 1.2539 0.1949 -0.112, 1.2539 0.3338 -0.1016, 1.2539 0.3152 -0.0858, 1.2539 0.323 -0.1108, 1.2539 0.3094 -0.0906, 1.2539 0.3108 -0.1167, 1.2539 0.3023 -0.0939, 1.2539 0.2975 -0.1196, 1.2539 0.2951 -0.0952, 1.2539 0.274 -0.1196, 1.2539 0.2772 -0.0952, 1.2539 0.2718 -0.1192, 1.2539 0.1651 -0.1037, 1.2539 0.1662 -0.0999, 1.2539 0.1477 -0.0835, 1.2539 0.1683 -0.0966, 1.2539 0.1543 -0.076, 1.2539 0.1699 -0.095, 1.2539 0.1624 -0.0703, 1.2539 0.173 -0.0927, 1.2539 0.1712 -0.0669, 1.2539 0.1765 -0.0914, 1.2539 0.1808 -0.0658, 1.2539 0.1804 -0.0909, 1.2539 0.1856 -0.066, 1.2539 0.1837 -0.0912, 1.2539 0.1952 -0.0684, 1.2539 0.1874 -0.0925, 1.2539 0.2037 -0.073, 1.2539 0.1906 -0.0947, 1.2539 0.1932 -0.0976, 1.2539 0.3135 -0.041, 1.2539 0.318 -0.0461, 1.2539 0.3418 -0.0386, 1.2539 0.3217 -0.053, 1.2539 0.3467 -0.0507, 1.2539 0.3236 -0.0606, 1.2539 0.3485 -0.0638, 1.2539 0.3238 -0.0642, 1.2539 0.3467 -0.078, 1.2539 0.3229 -0.0719, 1.2539 0.3417 -0.0906, 1.2539 0.3201 -0.079, 1.2539 0.3157 -0.0853, 1.2539 0.2876 0.0199, 1.2539 0.2719 0.0016, 1.2539 0.3008 0.0046, 1.2539 0.2809 -0.0091, 1.2539 0.2871 -0.0219, 1.2539 0.1206 -0.0457, 1.2539 0.0944 -0.0524, 1.2539 0.1194 -0.0554, 1.2539 0.0943 -0.0562, 1.2539 0.1199 -0.0616, 1.2539 0.0962 -0.0718, 1.2539 0.1228 -0.0713, 1.2539 0.1019 -0.0867, 1.2539 0.1275 -0.0794, 1.2539 0.111 -0.0996, 1.2539 0.1235 -0.1102, 1.2539 0.2137 0.0382, 1.2539 0.2191 0.0148, 1.2539 0.2334 0.0406, 1.2539 0.2338 0.0167, 1.2539 0.2498 0.0389, 1.2539 0.2473 0.0151, 1.2539 0.2698 0.0319, 1.2539 0.2598 0.0103, 1.2539 0.271 0.0025, 1.2539 0.1284 0.0007, 1.2539 0.1157 -0.0082, 1.2539 0.1295 -0.0289, 1.2539 0.113 -0.0108, 1.2539 0.124 -0.0368, 1.2539 0.1034 -0.0231, 1.2539 0.0971 -0.0374, 1.2539 0.2752 -0.0949, 1.2539 0.2656 -0.1154, 1.2539 0.2666 -0.1163, 1.2539 0.2764 -0.0951, 1.2539 0.2691 -0.1182, 1.2539 0.2625 -0.1072, 1.2539 0.2628 -0.1102, 1.2539 0.2639 -0.1129, 1.2539 0.2717 -0.0952, 1.2539 0.269 -0.0963, 1.2539 0.2626 -0.1056, 1.2539 0.2665 -0.0981, 1.2539 0.2649 -0.0999, 1.2539 0.2634 -0.1026, 1.2539 0.2748 -0.0948, 1.25 0.3363 -0.0309, 1.25 0.3418 -0.0386, 1.25 0.3454 -0.0474, 1.25 0.3467 -0.0507, 1.25 0.3485 -0.0638, 1.25 0.3337 -0.0272, 1.25 0.3229 -0.0181, 1.25 0.311 -0.0122, 1.25 0.3091 -0.0116, 1.25 0.3008 0.0046, 1.25 0.2876 0.0199, 1.25 0.2784 0.0261, 1.25 0.2698 0.0319, 1.25 0.2498 0.0389, 1.25 0.2334 0.0406, 1.25 0.1855 0.0251, 1.25 0.1871 0.0261, 1.25 0.1953 0.0311, 1.25 0.2137 0.0382, 1.25 0.1762 0.0171, 1.25 0.168 0.0076, 1.25 0.1634 0.0081, 1.25 0.1589 0.0084, 1.25 0.1431 0.0064, 1.25 0.1284 0.0007, 1.25 0.1157 -0.0082, 1.25 0.113 -0.0108, 1.25 0.1034 -0.0231, 1.25 0.1 -0.0309, 1.25 0.0971 -0.0374, 1.25 0.0953 -0.0474, 1.25 0.0944 -0.0524, 1.25 0.0943 -0.0562, 1.25 0.0962 -0.0718, 1.25 0.1019 -0.0867, 1.25 0.111 -0.0996, 1.25 0.1235 -0.1102, 1.25 0.1379 -0.1172, 1.25 0.1429 -0.1188, 1.25 0.1434 -0.1198, 1.25 0.1469 -0.1273, 1.25 0.1529 -0.1346, 1.25 0.1607 -0.1405, 1.25 0.1643 -0.142, 1.25 0.1699 -0.1444, 1.25 0.1793 -0.1458, 1.25 0.1808 -0.1459, 1.25 0.2206 -0.106, 1.25 0.1904 -0.1447, 1.25 0.1973 -0.142, 1.25 0.1993 -0.1412, 1.25 0.2073 -0.1357, 1.25 0.2133 -0.1289, 1.25 0.218 -0.1201, 1.25 0.2181 -0.1198, 1.25 0.2204 -0.1102, 1.25 0.2206 -0.102, 1.25 0.2764 -0.0725, 1.25 0.2641 -0.0514, 1.25 0.2107 -0.0793, 1.25 0.2037 -0.073, 1.25 0.1952 -0.0684, 1.25 0.1856 -0.066, 1.25 0.1808 -0.0658, 1.25 0.1712 -0.0669, 1.25 0.1624 -0.0703, 1.25 0.1543 -0.076, 1.25 0.1477 -0.0835, 1.25 0.1433 -0.0921, 1.25 0.1346 -0.0867, 1.25 0.1275 -0.0794, 1.25 0.1228 -0.0713, 1.25 0.1199 -0.0616, 1.25 0.1194 -0.0554, 1.25 0.1204 -0.0474, 1.25 0.1206 -0.0457, 1.25 0.124 -0.0368, 1.25 0.1281 -0.0309, 1.25 0.1295 -0.0289, 1.25 0.1363 -0.0228, 1.25 0.1452 -0.0181, 1.25 0.155 -0.0158, 1.25 0.1592 -0.0155, 1.25 0.1687 -0.0167, 1.25 0.1776 -0.02, 1.25 0.1804 -0.0215, 1.25 0.1865 -0.0089, 1.25 0.1954 0.0018, 1.25 0.2061 0.0096, 1.25 0.2191 0.0148, 1.25 0.2338 0.0167, 1.25 0.2896 -0.0331, 1.25 0.2891 -0.0309, 1.25 0.2871 -0.0219, 1.25 0.2809 -0.0091, 1.25 0.2719 0.0016, 1.25 0.271 0.0025, 1.25 0.2598 0.0103, 1.25 0.2473 0.0151, 1.25 0.2927 -0.0331, 1.25 0.3003 -0.034, 1.25 0.3073 -0.0367, 1.25 0.3135 -0.041, 1.25 0.318 -0.0461, 1.25 0.3187 -0.0474, 1.25 0.3217 -0.053, 1.25 0.3236 -0.0606, 1.25 0.3238 -0.0642, 1.25 0.3229 -0.0719, 1.25 0.3201 -0.079, 1.25 0.3157 -0.0853, 1.25 0.3152 -0.0858, 1.25 0.3094 -0.0906, 1.25 0.3023 -0.0939, 1.25 0.2951 -0.0952, 1.25 0.2772 -0.0952, 1.25 0.2764 -0.0951, 1.25 0.2752 -0.0949, 1.25 0.2748 -0.0948, 1.25 0.2717 -0.0952, 1.25 0.269 -0.0963, 1.25 0.2665 -0.0981, 1.25 0.2649 -0.0999, 1.25 0.2634 -0.1026, 1.25 0.2626 -0.1056, 1.25 0.2625 -0.1072, 1.25 0.2628 -0.1102, 1.25 0.2639 -0.1129, 1.25 0.2656 -0.1154, 1.25 0.2666 -0.1163, 1.25 0.2691 -0.1182, 1.25 0.2718 -0.1192, 1.25 0.274 -0.1196, 1.25 0.2975 -0.1196, 1.25 0.3108 -0.1167, 1.25 0.323 -0.1108, 1.25 0.3338 -0.1016, 1.25 0.3417 -0.0906, 1.25 0.3467 -0.078, 1.25 0.1804 -0.0909, 1.25 0.1837 -0.0912, 1.25 0.1874 -0.0925, 1.25 0.1906 -0.0947, 1.25 0.1932 -0.0976, 1.25 0.1949 -0.1009, 1.25 0.1958 -0.1045, 1.25 0.1958 -0.1082, 1.25 0.1949 -0.112, 1.25 0.193 -0.1154, 1.25 0.1908 -0.1179, 1.25 0.1878 -0.1201, 1.25 0.1844 -0.1214, 1.25 0.1804 -0.1219, 1.25 0.1797 -0.1219, 1.25 0.1761 -0.1213, 1.25 0.1725 -0.1198, 1.25 0.1695 -0.1175, 1.25 0.1672 -0.1146, 1.25 0.1656 -0.1113, 1.25 0.1649 -0.1075, 1.25 0.1651 -0.1037, 1.25 0.1662 -0.0999, 1.25 0.1683 -0.0966, 1.25 0.1699 -0.095, 1.25 0.173 -0.0927, 1.25 0.1765 -0.0914, 1.25 0.1765 -0.0914
            ]
        }
        coordIndex [
            0,1,2,-1,3,4,5,-1,6,7,8,-1,9,10,11,-1,12,11,13,-1,13,11,14,-1,2,1,15,-1,16,17,18,-1,18,17,19,-1,18,19,20,-1,20,19,21,-1,20,21,5,-1,5,21,22,-1,5,22,3,-1,23,9,24,-1,24,9,11,-1,24,11,25,-1,25,11,12,-1,26,27,28,-1,28,27,29,-1,28,29,30,-1,30,29,31,-1,30,31,32,-1,32,31,33,-1,6,8,34,-1,34,8,35,-1,34,35,36,-1,36,35,37,-1,36,37,38,-1,1,39,15,-1,15,39,40,-1,15,40,41,-1,41,40,42,-1,41,42,6,-1,6,42,43,-1,6,43,7,-1,44,45,21,-1,21,45,46,-1,21,46,47,-1,47,46,48,-1,47,48,49,-1,49,48,50,-1,49,50,51,-1,51,50,52,-1,51,52,53,-1,53,52,54,-1,53,54,55,-1,55,54,56,-1,55,56,24,-1,24,56,57,-1,24,57,23,-1,58,59,19,-1,19,59,60,-1,19,60,21,-1,21,60,61,-1,21,61,44,-1,62,63,64,-1,64,63,65,-1,64,65,66,-1,66,65,67,-1,66,67,68,-1,68,67,69,-1,68,69,70,-1,70,69,71,-1,70,71,72,-1,10,73,11,-1,11,73,74,-1,11,74,75,-1,75,74,76,-1,75,76,77,-1,77,76,78,-1,77,78,79,-1,79,78,80,-1,79,80,81,-1,81,80,82,-1,81,82,83,-1,83,82,84,-1,83,84,85,-1,85,84,86,-1,85,86,87,-1,87,86,88,-1,87,88,89,-1,89,88,90,-1,89,90,19,-1,19,90,91,-1,19,91,58,-1,31,92,33,-1,33,92,93,-1,33,93,94,-1,94,93,95,-1,94,95,96,-1,96,95,97,-1,96,97,98,-1,98,97,99,-1,98,99,100,-1,100,99,101,-1,100,101,102,-1,102,101,103,-1,102,103,62,-1,62,103,104,-1,62,104,63,-1,105,106,107,-1,107,106,108,-1,107,108,28,-1,28,108,109,-1,28,109,26,-1,110,111,112,-1,112,111,113,-1,112,113,114,-1,114,113,115,-1,114,115,116,-1,116,115,117,-1,116,117,118,-1,118,117,119,-1,118,119,14,-1,14,119,120,-1,14,120,13,-1,38,37,121,-1,121,37,122,-1,121,122,123,-1,123,122,124,-1,123,124,125,-1,125,124,126,-1,125,126,127,-1,127,126,128,-1,127,128,105,-1,105,128,129,-1,105,129,106,-1,2,130,0,-1,0,130,131,-1,0,131,132,-1,132,131,133,-1,132,133,134,-1,134,133,135,-1,134,135,110,-1,110,135,136,-1,110,136,111,-1,137,138,139,-1,71,140,72,-1,72,140,137,-1,72,137,141,-1,141,137,139,-1,142,143,137,-1,137,143,144,-1,137,144,138,-1,145,146,147,-1,146,148,147,-1,147,148,149,-1,147,149,150,-1,142,137,147,-1,147,137,151,-1,147,151,145,-1,152,33,153,-1,153,33,94,-1,153,94,154,-1,154,94,96,-1,154,96,155,-1,155,96,98,-1,155,98,156,-1,152,157,33,-1,33,157,158,-1,33,158,32,-1,32,158,159,-1,32,159,30,-1,30,159,160,-1,30,160,28,-1,28,160,161,-1,28,161,107,-1,107,161,162,-1,107,162,105,-1,105,162,127,-1,127,162,163,-1,163,164,127,-1,127,164,165,-1,127,165,125,-1,125,165,166,-1,125,166,123,-1,167,36,168,-1,168,36,38,-1,168,38,169,-1,169,38,121,-1,169,121,170,-1,170,121,123,-1,170,123,166,-1,36,167,171,-1,36,171,34,-1,34,171,172,-1,34,172,6,-1,6,172,173,-1,6,173,41,-1,41,173,174,-1,41,174,15,-1,15,174,175,-1,15,175,2,-1,2,175,176,-1,2,176,130,-1,130,176,177,-1,130,177,131,-1,131,177,178,-1,131,178,133,-1,136,135,179,-1,179,135,133,-1,179,133,178,-1,179,180,136,-1,136,180,181,-1,136,181,111,-1,111,181,182,-1,182,183,111,-1,111,183,184,-1,111,184,113,-1,113,184,185,-1,113,185,115,-1,115,185,186,-1,115,186,117,-1,117,186,187,-1,117,187,119,-1,119,187,188,-1,119,188,120,-1,120,188,189,-1,120,189,13,-1,13,189,190,-1,13,190,12,-1,12,190,191,-1,12,191,25,-1,191,192,25,-1,25,192,193,-1,25,193,24,-1,24,193,194,-1,24,194,55,-1,55,194,195,-1,55,195,53,-1,195,196,53,-1,53,196,197,-1,53,197,51,-1,51,197,198,-1,51,198,49,-1,199,20,5,-1,49,198,200,-1,49,200,47,-1,47,200,201,-1,47,201,21,-1,201,202,21,-1,21,202,203,-1,21,203,22,-1,22,203,204,-1,22,204,3,-1,3,204,205,-1,3,205,4,-1,4,205,206,-1,4,206,5,-1,5,206,207,-1,5,207,199,-1,18,20,208,-1,208,20,199,-1,16,18,209,-1,209,18,208,-1,17,16,210,-1,210,16,209,-1,19,17,211,-1,211,17,210,-1,19,211,212,-1,19,212,89,-1,89,212,213,-1,89,213,87,-1,87,213,214,-1,87,214,85,-1,85,214,215,-1,85,215,83,-1,83,215,216,-1,83,216,81,-1,81,216,217,-1,81,217,79,-1,79,217,218,-1,79,218,77,-1,77,218,219,-1,77,219,75,-1,75,219,220,-1,75,220,11,-1,11,220,221,-1,11,221,14,-1,14,221,222,-1,14,222,118,-1,118,222,223,-1,118,223,116,-1,116,223,224,-1,116,224,114,-1,114,224,225,-1,114,225,112,-1,112,225,226,-1,112,226,110,-1,110,226,227,-1,110,227,228,-1,229,132,228,-1,228,132,134,-1,228,134,110,-1,229,230,132,-1,132,230,231,-1,132,231,0,-1,0,231,232,-1,0,232,1,-1,1,232,233,-1,1,233,39,-1,39,233,234,-1,39,234,40,-1,40,234,235,-1,40,235,42,-1,42,235,236,-1,42,236,43,-1,43,236,237,-1,43,237,7,-1,7,237,238,-1,7,238,8,-1,8,238,239,-1,8,239,35,-1,35,239,240,-1,35,240,37,-1,37,240,241,-1,37,241,122,-1,122,241,242,-1,122,242,124,-1,243,26,244,-1,244,26,109,-1,244,109,245,-1,245,109,108,-1,245,108,246,-1,246,108,106,-1,246,106,247,-1,247,106,129,-1,247,129,248,-1,248,129,128,-1,248,128,249,-1,249,128,126,-1,249,126,250,-1,250,126,124,-1,250,124,242,-1,27,26,251,-1,251,26,243,-1,27,251,252,-1,27,252,29,-1,29,252,253,-1,29,253,31,-1,31,253,254,-1,31,254,92,-1,92,254,255,-1,92,255,93,-1,93,255,256,-1,93,256,95,-1,256,257,95,-1,95,257,258,-1,95,258,97,-1,97,258,259,-1,97,259,99,-1,99,259,260,-1,99,260,101,-1,101,260,261,-1,101,261,103,-1,103,261,262,-1,103,262,104,-1,104,262,263,-1,104,263,63,-1,63,263,264,-1,63,264,65,-1,65,264,265,-1,65,265,67,-1,67,265,266,-1,67,266,69,-1,71,69,267,-1,267,69,266,-1,71,267,268,-1,71,268,140,-1,140,268,269,-1,140,269,137,-1,137,269,270,-1,137,270,151,-1,151,270,271,-1,151,271,145,-1,145,271,272,-1,145,272,146,-1,146,272,273,-1,146,273,148,-1,148,273,274,-1,148,274,149,-1,149,274,275,-1,149,275,150,-1,150,275,276,-1,150,276,147,-1,147,276,277,-1,147,277,142,-1,142,277,278,-1,142,278,143,-1,143,278,279,-1,143,279,144,-1,144,279,280,-1,144,280,138,-1,138,280,281,-1,138,281,139,-1,139,281,282,-1,139,282,141,-1,141,282,283,-1,141,283,72,-1,72,283,284,-1,72,284,70,-1,68,70,285,-1,285,70,284,-1,68,285,286,-1,68,286,66,-1,66,286,287,-1,66,287,64,-1,64,287,288,-1,64,288,62,-1,62,288,289,-1,62,289,102,-1,102,289,290,-1,102,290,100,-1,100,290,156,-1,100,156,98,-1,84,291,292,-1,84,292,86,-1,86,292,293,-1,86,293,88,-1,88,293,294,-1,88,294,90,-1,90,294,295,-1,90,295,91,-1,91,295,296,-1,91,296,58,-1,58,296,297,-1,58,297,59,-1,59,297,298,-1,59,298,60,-1,60,298,299,-1,60,299,61,-1,61,299,300,-1,61,300,44,-1,44,300,301,-1,44,301,45,-1,45,301,302,-1,45,302,46,-1,46,302,303,-1,46,303,48,-1,48,303,304,-1,48,304,50,-1,50,304,305,-1,50,305,52,-1,52,305,306,-1,52,306,54,-1,54,306,307,-1,54,307,56,-1,56,307,308,-1,56,308,57,-1,57,308,309,-1,57,309,23,-1,23,309,310,-1,23,310,9,-1,9,310,311,-1,9,311,10,-1,10,311,312,-1,10,312,73,-1,73,312,313,-1,73,313,74,-1,74,313,314,-1,74,314,76,-1,76,314,315,-1,76,315,78,-1,78,315,316,-1,78,316,80,-1,80,316,317,-1,80,317,82,-1,82,317,291,-1,82,291,84,-1,
        ]
    }
}
Shape{
    appearance Appearance {
        material  Material 	{
            diffuseColor 0.2235294117647059 0.2235294117647059 0.2235294117647059
            specularColor 0.11372549019607843 0.11372549019607843 0.11372549019607843
            ambientIntensity 0.2
            transparency 0
            shininess 0.5
        }
    }
    geometry IndexedFaceSet {
        ccw TRUE
        solid FALSE
        coord DEF co Coordinate {
            point [
                1.25 0.1797 -0.1219, 1.25 0.1699 -0.095, 1.25 0.1683 -0.0966, 1.25 0.1844 -0.1214, 1.25 0.1878 -0.1201, 1.25 0.1837 -0.0912, 1.25 0.1804 -0.0909, 1.25 0.1765 -0.0914, 1.25 0.173 -0.0927, 1.25 0.1656 -0.1113, 1.25 0.1672 -0.1146, 1.25 0.1695 -0.1175, 1.25 0.1804 -0.1219, 1.25 0.1662 -0.0999, 1.25 0.1651 -0.1037, 1.25 0.1649 -0.1075, 1.25 0.1725 -0.1198, 1.25 0.1761 -0.1213, 1.25 0.1908 -0.1179, 1.25 0.193 -0.1154, 1.25 0.1949 -0.112, 1.25 0.1958 -0.1082, 1.25 0.1958 -0.1045, 1.25 0.1949 -0.1009, 1.25 0.1932 -0.0976, 1.25 0.1906 -0.0947, 1.25 0.1874 -0.0925, 1.25 0.1874 -0.0925
            ]
        }
        coordIndex [
            0,1,2,-1,3,4,5,-1,6,7,0,-1,0,7,8,-1,0,8,1,-1,9,10,2,-1,2,10,11,-1,6,0,5,-1,5,0,12,-1,5,12,3,-1,13,14,2,-1,2,14,15,-1,2,15,9,-1,11,16,2,-1,2,16,17,-1,2,17,0,-1,4,18,5,-1,5,18,19,-1,5,19,20,-1,20,21,5,-1,5,21,22,-1,5,22,23,-1,23,24,5,-1,5,24,25,-1,5,25,26,-1,
        ]
    }
}