#VRML V2.0 utf8
# 3D model generated by easyeda2kicad.py (https://github.com/uPesy/easyeda2kicad.py)

Shape{
    appearance Appearance {
        material  Material 	{
            diffuseColor 0.25098039215686274 0.25098039215686274 0.25098039215686274
            specularColor 0.12549019607843137 0.12549019607843137 0.12549019607843137
            ambientIntensity 0.2
            transparency 0
            shininess 0.5
        }
    }
    geometry IndexedFaceSet {
        ccw TRUE
        solid FALSE
        coord DEF co Coordinate {
            point [
                0.5 0.0473 0.8402, 0.5 0.0473 0.7219, 0.5 0.1005 0.7219, 0.5 0.8073 0.0, 0.5 0.8819 0.0, 0.5 0.8819 0.441, 0.5 0.609 0.0, 0.5 0.8073 0.441, 0.5 0.4841 0.0, 0.5 0.609 0.441, 0.5 0.3138 0.4684, 0.5 0.3169 0.4719, 0.5 0.3169 0.4939, 0.5 0.114 0.7353, 0.5 0.1119 0.7406, 0.5 0.1119 0.7056, 0.5 0.155 0.8401, 0.5 0.1649 0.8413, 0.5 0.1119 0.8413, 0.5 0.256 0.4941, 0.5 0.2542 0.4939, 0.5 0.2858 0.4939, 0.5 0.3997 0.6285, 0.5 0.4419 0.6285, 0.5 0.4419 0.6665, 0.5 -0.1402 0.7361, 0.5 -0.1145 0.7143, 0.5 -0.0245 0.8413, 0.5 -0.0245 0.7056, 0.5 -0.263 0.8532, 0.5 -0.2457 0.8413, 0.5 -0.2244 0.8266, 0.5 -0.1925 0.7896, 0.5 -0.1731 0.7517, 0.5 -0.1685 0.7501, 0.5 -0.4418 0.8545, 0.5 -0.3979 0.8708, 0.5 -0.8819 1.1811, 0.5 -0.0245 1.1811, 0.5 -0.3534 0.876, 0.5 -0.3102 0.871, 0.5 -0.4635 0.8413, 0.5 -0.8819 0.8413, 0.5 -0.4673 0.839, 0.5 -0.8819 0.7056, 0.5 -0.6711 0.7056, 0.5 -0.6628 0.7243, 0.5 -0.6399 0.7536, 0.5 -0.5682 0.7945, 0.5 -0.5308 0.7991, 0.5 -0.4896 0.8199, 0.5 -0.5199 0.7985, 0.5 -0.509 0.7972, 0.5 -0.6335 0.7596, 0.5 -0.6034 0.7809, 0.5 -0.6151 0.5167, 0.5 -0.6447 0.542, 0.5 -0.8819 0.4939, 0.5 -0.5808 0.5, 0.5 -0.6664 0.5729, 0.5 -0.6799 0.6083, 0.5 -0.8819 0.6665, 0.5 -0.6845 0.6454, 0.5 -0.6843 0.6545, 0.5 -0.6821 0.6665, 0.5 -0.6779 0.6902, 0.5 -0.5688 0.4965, 0.5 -0.5676 0.4939, 0.5 -0.5593 0.4761, 0.5 -0.8819 0.441, 0.5 -0.5451 0.4587, 0.5 -0.5266 0.4447, 0.5 -0.0245 0.0, 0.5 -0.4557 0.4348, 0.5 -0.4786 0.4319, 0.5 -0.8819 0.0, 0.5 -0.4823 0.432, 0.5 -0.5047 0.4355, 0.5 -0.5179 0.441, 0.5 -0.0245 0.4939, 0.5 -0.3897 0.4939, 0.5 -0.0245 0.441, 0.5 -0.3898 0.4935, 0.5 -0.4011 0.4723, 0.5 -0.4156 0.456, 0.5 -0.4345 0.4429, 0.5 -0.4394 0.441, 0.5 -0.0835 0.6584, 0.5 -0.0792 0.6274, 0.5 -0.0245 0.6665, 0.5 -0.2686 0.5499, 0.5 -0.2621 0.5524, 0.5 -0.2509 0.6065, 0.5 -0.1143 0.5373, 0.5 -0.1401 0.5154, 0.5 -0.4075 0.5904, 0.5 -0.2803 0.6568, 0.5 -0.4241 0.6055, 0.5 -0.4442 0.6163, 0.5 -0.2744 0.5457, 0.5 -0.0955 0.5635, 0.5 -0.1385 0.6348, 0.5 -0.143 0.653, 0.5 -0.1502 0.6665, 0.5 -0.6224 0.6665, 0.5 -0.0835 0.5935, 0.5 -0.2547 0.5534, 0.5 -0.2538 0.5533, 0.5 -0.251 0.5527, 0.5 -0.6168 0.6094, 0.5 -0.6055 0.5902, 0.5 -0.5574 0.5804, 0.5 -0.5885 0.5728, 0.5 -0.5678 0.56, 0.5 -0.5223 0.6118, 0.5 -0.5417 0.5983, 0.5 -0.6248 0.6473, 0.5 -0.6236 0.6327, 0.5 -0.5013 0.6198, 0.5 -0.4786 0.6226, 0.5 -0.4671 0.622, 0.5 -0.2841 0.524, 0.5 -0.2839 0.5277, 0.5 -0.3838 0.5363, 0.5 -0.282 0.5349, 0.5 -0.2783 0.5414, 0.5 -0.1573 0.5762, 0.5 -0.1468 0.591, 0.5 -0.1403 0.608, 0.5 -0.138 0.6264, 0.5 -0.262 0.4954, 0.5 -0.2682 0.4979, 0.5 -0.2744 0.5023, 0.5 -0.2766 0.5045, 0.5 -0.2807 0.5105, 0.5 -0.2832 0.5169, 0.5 -0.3843 0.5169, 0.5 -0.3838 0.5268, 0.5 -0.1691 0.5012, 0.5 -0.2006 0.4946, 0.5 -0.2566 0.4946, 0.5 -0.249 0.5524, 0.5 -0.2063 0.5524, 0.5 -0.1893 0.5557, 0.5 -0.1725 0.5635, 0.5 -0.1585 0.5749, 0.5 -0.2196 0.7004, 0.5 -0.6138 0.6915, 0.5 -0.6219 0.6703, 0.5 -0.212 0.7004, 0.5 -0.1518 0.6694, 0.5 -0.1627 0.6816, 0.5 -0.1774 0.6918, 0.5 -0.194 0.6982, 0.5 -0.2401 0.7575, 0.5 -0.2615 0.783, 0.5 -0.4796 0.728, 0.5 -0.2639 0.7852, 0.5 -0.2905 0.8037, 0.5 -0.4651 0.758, 0.5 -0.604 0.7056, 0.5 -0.4863 0.7316, 0.5 -0.2208 0.7056, 0.5 -0.2254 0.7269, 0.5 -0.5076 0.7394, 0.5 -0.5299 0.7422, 0.5 -0.5398 0.7417, 0.5 -0.4438 0.7834, 0.5 -0.3203 0.8151, 0.5 -0.4184 0.802, 0.5 -0.3525 0.819, 0.5 -0.3874 0.8145, 0.5 -0.5632 0.7361, 0.5 -0.5843 0.7249, 0.5 -0.6006 0.7103, 0.5 -0.1082 0.7056, 0.5 -0.0951 0.6873, 0.5 -0.0868 0.6665, 0.5 0.4714 0.5102, 0.5 0.4714 0.495, 0.5 0.4841 0.4939, 0.5 0.4841 0.6665, 0.5 0.4684 0.6285, 0.5 0.4684 0.6131, 0.5 0.4169 0.5551, 0.5 0.4169 0.5102, 0.5 0.4419 0.5551, 0.5 0.4419 0.5102, 0.5 0.4646 0.5551, 0.5 0.4646 0.5704, 0.5 0.4169 0.6131, 0.5 0.4169 0.5704, 0.5 0.4419 0.6131, 0.5 0.4419 0.5704, 0.5 0.4419 0.4939, 0.5 0.4419 0.495, 0.5 0.3997 0.495, 0.5 0.3338 0.5187, 0.5 0.3358 0.5108, 0.5 0.3363 0.5108, 0.5 0.3817 0.5903, 0.5 0.3169 0.6665, 0.5 0.3643 0.5903, 0.5 0.3169 0.5671, 0.5 0.3383 0.5186, 0.5 0.337 0.5141, 0.5 0.2171 0.5156, 0.5 0.2001 0.6665, 0.5 0.2001 0.4939, 0.5 0.2234 0.5117, 0.5 0.2248 0.5112, 0.5 0.2248 0.5466, 0.5 0.2219 0.5495, 0.5 0.2198 0.553, 0.5 0.2179 0.5581, 0.5 0.2172 0.5646, 0.5 0.2179 0.5706, 0.5 0.2247 0.5467, 0.5 0.2331 0.4939, 0.5 0.2277 0.4945, 0.5 0.2248 0.4939, 0.5 0.2248 0.4955, 0.5 0.2171 0.4984, 0.5 0.2769 0.5883, 0.5 0.2769 0.572, 0.5 0.2279 0.5849, 0.5 0.233 0.588, 0.5 0.2248 0.6665, 0.5 0.2807 0.5142, 0.5 0.2786 0.5089, 0.5 0.2755 0.5045, 0.5 0.2199 0.576, 0.5 0.223 0.5805, 0.5 0.2248 0.5822, 0.5 0.2422 0.5912, 0.5 0.2543 0.5925, 0.5 0.2858 0.6665, 0.5 0.2656 0.5915, 0.5 0.2759 0.5367, 0.5 0.279 0.5321, 0.5 0.2808 0.5272, 0.5 0.2815 0.5209, 0.5 0.2707 0.5003, 0.5 0.2653 0.4972, 0.5 0.2527 0.5789, 0.5 0.2477 0.5786, 0.5 0.2344 0.5661, 0.5 0.2433 0.5774, 0.5 0.2395 0.5754, 0.5 0.2346 0.5639, 0.5 0.2352 0.5613, 0.5 0.2365 0.559, 0.5 0.2381 0.5572, 0.5 0.244 0.5536, 0.5 0.2638 0.5777, 0.5 0.2543 0.5491, 0.5 0.2732 0.5742, 0.5 0.2608 0.5464, 0.5 0.2719 0.5403, 0.5 0.237 0.5732, 0.5 0.2356 0.571, 0.5 0.2347 0.5688, 0.5 0.2339 0.5077, 0.5 0.2425 0.5369, 0.5 0.2326 0.5415, 0.5 0.2446 0.5064, 0.5 0.2453 0.5064, 0.5 0.2535 0.5323, 0.5 0.2539 0.5074, 0.5 0.2643 0.5193, 0.5 0.2642 0.5214, 0.5 0.2582 0.509, 0.5 0.2597 0.5099, 0.5 0.2617 0.5116, 0.5 0.2631 0.5137, 0.5 0.264 0.5161, 0.5 0.2634 0.524, 0.5 0.2621 0.5262, 0.5 0.26 0.5284, 0.5 0.609 0.7056, 0.5 0.5657 0.7067, 0.5 0.5466 0.7067, 0.5 0.533 0.7432, 0.5 0.4841 0.7432, 0.5 0.4841 0.7056, 0.5 0.5148 0.8402, 0.5 0.609 0.8413, 0.5 0.4841 0.8413, 0.5 0.4775 0.7432, 0.5 0.4646 0.7067, 0.5 0.4419 0.7056, 0.5 0.4456 0.7067, 0.5 0.4419 0.8413, 0.5 0.4841 0.8077, 0.5 0.4964 0.8402, 0.5 0.3169 0.8413, 0.5 0.2858 0.8413, 0.5 0.3013 0.8402, 0.5 0.2858 0.8402, 0.5 0.2498 0.7668, 0.5 0.2498 0.7219, 0.5 0.2858 0.7668, 0.5 0.2858 0.7219, 0.5 0.2975 0.7668, 0.5 0.3043 0.7219, 0.5 0.2975 0.7821, 0.5 0.3013 0.8248, 0.5 0.2858 0.7821, 0.5 0.2858 0.8248, 0.5 0.2498 0.7821, 0.5 0.2498 0.8248, 0.5 0.2326 0.7067, 0.5 0.2248 0.7056, 0.5 0.2858 0.7056, 0.5 0.3169 0.7056, 0.5 0.3043 0.7067, 0.5 0.2858 0.7067, 0.5 0.2326 0.8402, 0.5 0.2248 0.8413, 0.5 0.1744 0.8269, 0.5 0.1685 0.8266, 0.5 0.2001 0.7261, 0.5 0.1908 0.8249, 0.5 0.2058 0.819, 0.5 0.2058 0.7288, 0.5 0.2044 0.8198, 0.5 0.2001 0.8214, 0.5 0.157 0.8242, 0.5 0.1466 0.8192, 0.5 0.138 0.8121, 0.5 0.1371 0.811, 0.5 0.1306 0.8017, 0.5 0.1262 0.7902, 0.5 0.124 0.7719, 0.5 0.1242 0.7664, 0.5 0.1948 0.7236, 0.5 0.1801 0.7203, 0.5 0.1714 0.7198, 0.5 0.1264 0.7532, 0.5 0.1308 0.7425, 0.5 0.1371 0.7339, 0.5 0.1406 0.7305, 0.5 0.1593 0.7211, 0.5 0.1496 0.7245, 0.5 0.1886 0.8413, 0.5 0.1917 0.841, 0.5 0.2001 0.8413, 0.5 0.2001 0.8386, 0.5 0.2058 0.837, 0.5 0.1092 0.7953, 0.5 0.1119 0.8016, 0.5 0.1155 0.8101, 0.5 0.1252 0.8228, 0.5 0.1285 0.826, 0.5 0.141 0.8347, 0.5 0.1742 0.8424, 0.5 0.2001 1.1811, 0.5 0.1119 1.1811, 0.5 0.1039 0.8413, 0.5 0.1085 0.7493, 0.5 0.1039 0.7056, 0.5 0.1059 0.7709, 0.5 0.1062 0.7779, 0.5 0.1446 0.7084, 0.5 0.1323 0.7148, 0.5 0.1231 0.7227, 0.5 0.1219 0.7239, 0.5 0.1566 0.7056, 0.5 0.1119 0.6665, 0.5 0.1588 0.7051, 0.5 0.1689 0.7045, 0.5 0.1807 0.7056, 0.5 0.2058 0.7122, 0.5 0.2036 0.7111, 0.5 0.2001 0.7056, 0.5 0.2001 0.71, 0.5 0.1892 0.7064, 0.5 0.1247 0.5405, 0.5 0.1272 0.5674, 0.5 0.1213 0.5357, 0.5 0.119 0.5299, 0.5 0.1119 0.4939, 0.5 0.1207 0.5073, 0.5 0.1187 0.5129, 0.5 0.17 0.5916, 0.5 0.1771 0.5895, 0.5 0.1298 0.5449, 0.5 0.137 0.5486, 0.5 0.1374 0.574, 0.5 0.1495 0.5516, 0.5 0.1641 0.5783, 0.5 0.1584 0.5789, 0.5 0.1478 0.5778, 0.5 0.1317 0.4963, 0.5 0.1261 0.5003, 0.5 0.1242 0.5022, 0.5 0.1826 0.5863, 0.5 0.1871 0.5821, 0.5 0.1905 0.5767, 0.5 0.1777 0.5098, 0.5 0.1773 0.5098, 0.5 0.1777 0.495, 0.5 0.1746 0.5057, 0.5 0.1693 0.5, 0.5 0.1272 0.5836, 0.5 0.1307 0.5857, 0.5 0.1431 0.5905, 0.5 0.16 0.5925, 0.5 0.1179 0.5205, 0.5 0.1179 0.5227, 0.5 0.1777 0.5556, 0.5 0.1772 0.563, 0.5 0.1754 0.5689, 0.5 0.1735 0.5724, 0.5 0.1931 0.5691, 0.5 0.1945 0.5564, 0.5 0.1945 0.495, 0.5 0.1709 0.5751, 0.5 0.168 0.577, 0.5 0.1572 0.4939, 0.5 0.1568 0.4937, 0.5 0.2001 0.441, 0.5 0.1119 0.441, 0.5 0.1481 0.4928, 0.5 0.1384 0.4939, 0.5 0.1381 0.4939, 0.5 0.3169 0.5223, 0.5 0.2902 0.5903, 0.5 0.3089 0.5903, 0.5 0.3276 0.4952, 0.5 0.327 0.4939, 0.5 0.3202 0.4779, 0.5 0.2858 0.441, 0.5 0.2936 0.4515, 0.5 0.2936 0.4664, 0.5 0.243 0.4928, 0.5 0.2248 0.441, 0.5 0.297 0.4652, 0.5 0.3031 0.4645, 0.5 0.3169 0.4531, 0.5 0.3112 0.4509, 0.5 0.3169 0.441, 0.5 0.3044 0.4501, 0.5 0.3007 0.4503, 0.5 0.3072 0.4649, 0.5 0.3109 0.4663, 0.5 0.3384 0.4806, 0.5 0.3308 0.4659, 0.5 0.4419 0.441, 0.5 0.3436 0.4939, 0.5 0.3247 0.4585, 0.5 0.3236 0.4575, 0.5 0.3177 0.4534, 0.5 0.0 0.0, 0.5 0.4841 0.441, 0.5 0.4419 0.0, 0.5 0.3169 0.0, 0.5 0.2858 0.0, 0.5 0.2248 0.0, 0.5 0.2001 0.0, 0.5 0.1119 0.0, 0.5 0.1635 0.4962, 0.5 0.8073 0.4939, 0.5 0.609 0.4939, 0.5 0.0301 0.6285, 0.5 0.0301 0.495, 0.5 0.1039 0.4939, 0.5 0.1039 0.441, 0.5 0.1039 0.0, 0.5 0.0988 0.6285, 0.5 0.1039 0.6665, 0.5 0.0988 0.6131, 0.5 0.1019 0.5102, 0.5 0.1019 0.495, 0.5 0.0473 0.5551, 0.5 0.0473 0.5102, 0.5 0.095 0.5551, 0.5 0.095 0.5704, 0.5 0.0473 0.5704, 0.5 0.0473 0.6131, 0.5 0.4967 0.495, 0.5 0.6017 0.5393, 0.5 0.5951 0.5255, 0.5 0.5852 0.5137, 0.5 0.5982 0.5945, 0.5 0.6031 0.5818, 0.5 0.609 0.6665, 0.5 0.6053 0.5634, 0.5 0.6049 0.5549, 0.5 0.5712 0.5037, 0.5 0.5559 0.4978, 0.5 0.5334 0.495, 0.5 0.4967 0.6285, 0.5 0.5347 0.6285, 0.5 0.5551 0.6262, 0.5 0.5712 0.6203, 0.5 0.5852 0.6108, 0.5 0.5899 0.6061, 0.5 0.7001 0.5315, 0.5 0.6446 0.5315, 0.5 0.7138 0.495, 0.5 0.6317 0.495, 0.5 0.7328 0.495, 0.5 0.6127 0.495, 0.5 0.6635 0.6285, 0.5 0.682 0.6285, 0.5 0.0301 0.7067, 0.5 0.0301 0.8402, 0.5 0.1005 0.7067, 0.5 0.4345 0.751, 0.5 0.428 0.7372, 0.5 0.4181 0.7254, 0.5 0.404 0.7154, 0.5 0.4311 0.8062, 0.5 0.436 0.7935, 0.5 0.4382 0.7752, 0.5 0.4378 0.7666, 0.5 0.3676 0.8402, 0.5 0.388 0.8379, 0.5 0.4041 0.832, 0.5 0.3888 0.7095, 0.5 0.3662 0.7067, 0.5 0.3295 0.7067, 0.5 0.3295 0.8402, 0.5 0.4181 0.8225, 0.5 0.4228 0.8179, 0.5 0.8073 0.6665, 0.5 0.8073 0.7056, 0.5 0.8073 0.8413, 0.5 0.8819 0.4939, 0.5 0.8819 0.6665, 0.5 0.8819 0.7056, 0.5 0.8819 0.8413, 0.5 0.0 1.1811, 0.5 0.1039 1.1811, 0.5 0.8819 1.1811, 0.5 0.8073 1.1811, 0.5 0.609 1.1811, 0.5 0.4841 1.1811, 0.5 0.4419 1.1811, 0.5 0.3169 1.1811, 0.5 0.2858 1.1811, 0.5 0.2248 1.1811, 0.5 0.2248 1.1811
            ]
        }
        coordIndex [
            0,1,2,-1,3,4,5,-1,6,3,7,-1,8,6,9,-1,10,11,12,-1,13,14,15,-1,16,17,18,-1,19,20,21,-1,22,23,24,-1,25,26,27,-1,27,26,28,-1,29,30,27,-1,27,30,31,-1,27,31,32,-1,32,33,27,-1,27,33,34,-1,27,34,25,-1,35,36,37,-1,37,36,38,-1,38,36,39,-1,38,39,40,-1,35,37,41,-1,41,37,42,-1,41,42,43,-1,44,45,42,-1,42,45,46,-1,42,46,47,-1,42,48,43,-1,43,48,49,-1,43,49,50,-1,50,49,51,-1,50,51,52,-1,47,53,42,-1,42,53,54,-1,42,54,48,-1,55,56,57,-1,55,57,58,-1,56,59,57,-1,57,59,60,-1,57,60,61,-1,61,60,62,-1,62,63,61,-1,61,63,64,-1,61,64,44,-1,44,64,65,-1,44,65,45,-1,66,58,67,-1,67,58,57,-1,67,57,68,-1,68,57,69,-1,68,69,70,-1,70,69,71,-1,72,73,74,-1,72,74,75,-1,74,76,75,-1,75,76,77,-1,75,77,69,-1,69,77,78,-1,69,78,71,-1,79,80,81,-1,81,80,82,-1,81,82,83,-1,83,84,81,-1,81,84,85,-1,81,85,86,-1,87,88,89,-1,90,91,92,-1,93,94,79,-1,95,96,97,-1,97,96,98,-1,90,92,99,-1,93,79,100,-1,101,102,96,-1,96,102,103,-1,96,103,104,-1,89,88,79,-1,79,88,105,-1,79,105,100,-1,91,106,92,-1,92,106,107,-1,92,107,108,-1,109,110,111,-1,111,110,112,-1,111,112,113,-1,114,104,115,-1,115,104,116,-1,115,116,111,-1,111,116,117,-1,111,117,109,-1,114,118,104,-1,104,118,119,-1,104,119,96,-1,96,119,120,-1,96,120,98,-1,121,122,123,-1,123,122,124,-1,123,124,92,-1,92,124,125,-1,92,125,99,-1,126,127,92,-1,92,127,128,-1,92,128,96,-1,96,128,129,-1,96,129,101,-1,130,131,80,-1,80,131,132,-1,80,132,133,-1,133,134,80,-1,80,134,135,-1,80,135,136,-1,136,135,121,-1,136,121,137,-1,137,121,123,-1,94,138,79,-1,79,138,139,-1,79,139,80,-1,80,139,140,-1,80,140,130,-1,108,141,92,-1,92,141,142,-1,92,142,143,-1,143,144,92,-1,92,144,145,-1,92,145,126,-1,146,147,148,-1,148,104,146,-1,146,104,103,-1,146,103,149,-1,149,103,150,-1,150,151,149,-1,149,151,152,-1,149,152,153,-1,154,155,156,-1,155,157,156,-1,156,157,158,-1,156,158,159,-1,160,156,161,-1,147,146,160,-1,160,146,162,-1,160,162,156,-1,156,162,163,-1,156,163,154,-1,161,164,160,-1,160,164,165,-1,160,165,166,-1,159,158,167,-1,167,158,168,-1,167,168,169,-1,169,168,170,-1,169,170,171,-1,172,173,166,-1,166,173,174,-1,166,174,160,-1,26,175,28,-1,28,175,176,-1,28,176,89,-1,89,176,177,-1,89,177,87,-1,178,179,180,-1,24,23,181,-1,181,23,182,-1,181,182,183,-1,184,185,186,-1,186,185,187,-1,186,187,188,-1,188,187,178,-1,188,178,189,-1,190,191,192,-1,192,191,193,-1,192,193,183,-1,180,179,194,-1,194,179,195,-1,194,195,196,-1,197,198,199,-1,200,201,202,-1,202,201,203,-1,202,203,204,-1,204,203,197,-1,204,197,205,-1,205,197,199,-1,206,207,208,-1,209,210,211,-1,212,213,206,-1,213,214,206,-1,206,214,215,-1,206,215,207,-1,207,215,216,-1,209,211,206,-1,206,211,217,-1,206,217,212,-1,218,219,220,-1,220,219,221,-1,220,221,208,-1,208,221,222,-1,208,222,206,-1,223,224,21,-1,225,226,227,-1,228,229,21,-1,21,229,230,-1,216,231,207,-1,207,231,232,-1,207,232,227,-1,227,232,233,-1,227,233,225,-1,226,234,227,-1,227,234,235,-1,227,235,236,-1,236,235,237,-1,236,237,223,-1,238,239,224,-1,224,239,240,-1,224,240,21,-1,21,240,241,-1,21,241,228,-1,230,242,21,-1,21,242,243,-1,21,243,19,-1,244,245,246,-1,246,245,247,-1,246,247,248,-1,246,249,244,-1,244,249,250,-1,244,250,251,-1,251,252,244,-1,244,252,253,-1,244,253,254,-1,254,253,255,-1,254,255,256,-1,256,255,257,-1,256,257,224,-1,224,257,258,-1,224,258,238,-1,259,260,248,-1,248,260,261,-1,248,261,246,-1,262,263,210,-1,210,263,264,-1,210,264,211,-1,262,265,263,-1,263,265,266,-1,263,266,267,-1,267,266,268,-1,267,269,270,-1,268,271,267,-1,267,271,272,-1,267,272,273,-1,273,274,267,-1,267,274,275,-1,267,275,269,-1,270,276,267,-1,267,276,277,-1,267,277,278,-1,279,280,281,-1,282,283,281,-1,281,283,284,-1,281,284,279,-1,280,279,285,-1,285,279,286,-1,285,286,287,-1,283,288,284,-1,284,288,289,-1,284,289,290,-1,290,289,291,-1,290,291,292,-1,292,291,293,-1,292,293,287,-1,287,293,294,-1,287,294,285,-1,295,296,297,-1,297,296,298,-1,299,300,301,-1,301,300,302,-1,301,302,303,-1,303,302,304,-1,303,304,305,-1,305,304,306,-1,305,306,307,-1,307,306,308,-1,307,308,309,-1,309,308,310,-1,311,312,313,-1,297,306,295,-1,295,306,304,-1,295,304,314,-1,314,304,315,-1,314,315,313,-1,313,315,316,-1,313,316,311,-1,298,296,317,-1,317,296,318,-1,317,318,311,-1,319,320,321,-1,319,321,322,-1,311,318,312,-1,312,318,323,-1,312,323,324,-1,324,323,325,-1,324,325,321,-1,321,325,326,-1,321,326,322,-1,320,327,321,-1,321,327,328,-1,321,328,329,-1,329,330,321,-1,321,330,331,-1,321,331,332,-1,332,333,321,-1,321,333,334,-1,321,334,335,-1,335,334,336,-1,336,334,337,-1,337,334,338,-1,337,338,339,-1,339,340,337,-1,337,340,341,-1,337,341,342,-1,342,341,343,-1,344,345,346,-1,346,345,347,-1,346,347,318,-1,318,347,348,-1,318,348,323,-1,349,350,18,-1,18,350,351,-1,18,351,352,-1,352,353,18,-1,18,353,354,-1,18,354,16,-1,355,356,17,-1,17,356,357,-1,17,357,18,-1,18,357,358,-1,18,358,349,-1,14,359,360,-1,360,359,361,-1,360,361,358,-1,358,361,362,-1,358,362,349,-1,15,363,364,-1,364,365,15,-1,15,365,366,-1,15,366,13,-1,363,15,367,-1,367,15,368,-1,367,368,369,-1,369,368,370,-1,370,368,207,-1,370,207,371,-1,324,372,312,-1,312,372,373,-1,312,373,374,-1,374,373,375,-1,374,375,376,-1,377,378,379,-1,379,378,380,-1,381,382,383,-1,384,385,207,-1,377,386,378,-1,378,386,387,-1,378,387,388,-1,388,387,389,-1,390,391,389,-1,389,391,392,-1,389,392,388,-1,393,394,381,-1,381,394,395,-1,381,395,382,-1,385,396,207,-1,207,396,397,-1,207,397,398,-1,399,400,401,-1,401,400,402,-1,401,402,403,-1,404,405,368,-1,368,405,406,-1,368,406,207,-1,207,406,407,-1,207,407,384,-1,383,408,381,-1,381,408,409,-1,381,409,368,-1,368,409,380,-1,368,380,404,-1,404,380,378,-1,410,411,389,-1,389,411,412,-1,389,412,413,-1,398,414,207,-1,207,414,415,-1,207,415,208,-1,208,415,416,-1,208,416,401,-1,413,417,389,-1,389,417,418,-1,389,418,390,-1,419,420,421,-1,421,420,422,-1,420,423,422,-1,422,423,424,-1,422,424,381,-1,381,424,425,-1,381,425,393,-1,12,426,21,-1,21,426,427,-1,223,21,236,-1,236,21,427,-1,236,427,201,-1,201,427,428,-1,201,428,203,-1,429,426,430,-1,430,426,12,-1,430,12,431,-1,431,12,11,-1,432,433,434,-1,435,436,20,-1,20,436,432,-1,20,432,21,-1,21,432,434,-1,21,434,12,-1,12,434,437,-1,12,437,438,-1,439,440,441,-1,441,440,442,-1,441,442,432,-1,432,442,443,-1,432,443,433,-1,438,444,12,-1,12,444,445,-1,12,445,10,-1,446,447,448,-1,446,448,449,-1,447,450,448,-1,448,450,451,-1,448,451,441,-1,441,451,452,-1,441,452,439,-1,453,81,72,-1,72,81,86,-1,72,86,73,-1,8,454,455,-1,455,454,448,-1,455,448,456,-1,456,448,441,-1,456,441,457,-1,457,441,432,-1,457,432,458,-1,458,432,436,-1,458,436,459,-1,459,436,421,-1,459,421,460,-1,460,421,422,-1,435,218,436,-1,436,218,220,-1,436,220,421,-1,421,220,208,-1,421,208,419,-1,419,208,401,-1,419,401,461,-1,461,401,403,-1,454,180,448,-1,448,180,194,-1,448,194,449,-1,449,194,196,-1,449,196,200,-1,200,196,22,-1,200,22,201,-1,201,22,24,-1,6,7,9,-1,9,7,462,-1,9,462,463,-1,464,89,465,-1,465,89,79,-1,465,79,466,-1,466,79,81,-1,466,81,467,-1,467,81,453,-1,467,453,468,-1,464,469,470,-1,469,471,470,-1,470,471,472,-1,470,472,466,-1,466,472,473,-1,466,473,465,-1,474,475,476,-1,476,475,472,-1,476,472,477,-1,477,472,471,-1,477,471,478,-1,478,471,479,-1,193,189,183,-1,183,189,178,-1,183,178,181,-1,181,178,180,-1,181,180,480,-1,481,482,463,-1,463,482,483,-1,484,485,486,-1,486,485,487,-1,486,487,463,-1,463,487,488,-1,463,488,481,-1,483,489,463,-1,463,489,490,-1,463,490,491,-1,8,9,454,-1,454,9,463,-1,454,463,180,-1,180,463,491,-1,180,491,480,-1,480,492,181,-1,181,492,493,-1,181,493,486,-1,486,493,494,-1,486,494,495,-1,495,496,486,-1,486,496,497,-1,486,497,484,-1,498,499,500,-1,500,499,501,-1,502,500,462,-1,462,500,501,-1,462,501,463,-1,463,501,503,-1,463,503,486,-1,486,503,504,-1,486,504,505,-1,14,360,15,-1,15,360,470,-1,15,470,368,-1,368,470,466,-1,368,466,381,-1,381,466,467,-1,381,467,422,-1,422,467,468,-1,422,468,460,-1,486,279,181,-1,181,279,284,-1,181,284,24,-1,24,284,290,-1,24,290,201,-1,201,290,314,-1,201,314,236,-1,236,314,313,-1,236,313,227,-1,227,313,312,-1,227,312,207,-1,207,312,374,-1,207,374,371,-1,371,374,376,-1,464,470,89,-1,89,470,360,-1,89,360,28,-1,28,360,506,-1,28,506,27,-1,506,507,27,-1,27,507,0,-1,27,0,358,-1,358,0,2,-1,358,2,360,-1,360,2,508,-1,360,508,506,-1,509,510,290,-1,290,510,511,-1,290,511,512,-1,513,514,292,-1,292,514,515,-1,292,515,290,-1,290,515,516,-1,290,516,509,-1,295,517,292,-1,292,517,518,-1,292,518,519,-1,512,520,290,-1,290,520,521,-1,290,521,314,-1,314,521,522,-1,314,522,295,-1,295,522,523,-1,295,523,517,-1,519,524,292,-1,292,524,525,-1,292,525,513,-1,502,462,505,-1,505,462,526,-1,505,526,486,-1,486,526,527,-1,486,527,279,-1,279,527,528,-1,279,528,286,-1,3,5,7,-1,7,5,529,-1,7,529,462,-1,462,529,530,-1,462,530,526,-1,526,530,531,-1,526,531,527,-1,527,531,532,-1,527,532,528,-1,40,29,38,-1,38,29,27,-1,38,27,533,-1,533,27,358,-1,533,358,534,-1,534,358,357,-1,532,535,528,-1,528,535,536,-1,528,536,286,-1,286,536,537,-1,286,537,287,-1,287,537,538,-1,287,538,292,-1,292,538,539,-1,292,539,295,-1,295,539,540,-1,295,540,296,-1,296,540,541,-1,296,541,318,-1,318,541,542,-1,318,542,346,-1,346,542,356,-1,346,356,344,-1,344,356,355,-1,
        ]
    }
}
Shape{
    appearance Appearance {
        material  Material 	{
            diffuseColor 1.0 1.0 0.5019607843137255
            specularColor 0.5019607843137255 0.5019607843137255 0.25098039215686274
            ambientIntensity 0.2
            transparency 0
            shininess 0.5
        }
    }
    geometry IndexedFaceSet {
        ccw TRUE
        solid FALSE
        coord DEF co Coordinate {
            point [
                -7.0 -1.3976 -0.9252, -7.0251 -1.4078 -0.9205, -7.0255 -1.3976 -0.9218, -7.0485 -1.4078 -0.9108, -7.0492 -1.3976 -0.912, -7.0686 -1.4078 -0.8954, -7.0696 -1.3976 -0.8964, -7.0841 -1.4078 -0.8753, -7.0852 -1.3976 -0.876, -7.0938 -1.4078 -0.8519, -7.0951 -1.3976 -0.8522, -7.0971 -1.4078 -0.8268, -7.0984 -1.3976 -0.8268, -7.0938 -1.4078 -0.8016, -7.0951 -1.3976 -0.8013, -7.0841 -1.4078 -0.7782, -7.0852 -1.3976 -0.7776, -7.0686 -1.4078 -0.7581, -7.0696 -1.3976 -0.7572, -7.0485 -1.4078 -0.7427, -7.0492 -1.3976 -0.7415, -7.0251 -1.4078 -0.733, -7.0255 -1.3976 -0.7317, -7.0 -1.4078 -0.7297, -7.0 -1.3976 -0.7283, -6.9749 -1.4078 -0.733, -6.9745 -1.3976 -0.7317, -6.9515 -1.4078 -0.7427, -6.9508 -1.3976 -0.7415, -6.9314 -1.4078 -0.7581, -6.9304 -1.3976 -0.7572, -6.9159 -1.4078 -0.7782, -6.9148 -1.3976 -0.7776, -6.9062 -1.4078 -0.8016, -6.9049 -1.3976 -0.8013, -6.9029 -1.4078 -0.8268, -6.9016 -1.3976 -0.8268, -6.9062 -1.4078 -0.8519, -6.9049 -1.3976 -0.8522, -6.9159 -1.4078 -0.8753, -6.9148 -1.3976 -0.876, -6.9314 -1.4078 -0.8954, -6.9304 -1.3976 -0.8964, -6.9515 -1.4078 -0.9108, -6.9508 -1.3976 -0.912, -6.9749 -1.4078 -0.9205, -6.9745 -1.3976 -0.9218, -7.0 -1.4078 -0.9239, -7.0241 -1.4173 -0.9167, -7.0466 -1.4173 -0.9074, -7.0659 -1.4173 -0.8926, -7.0807 -1.4173 -0.8733, -7.09 -1.4173 -0.8509, -7.0932 -1.4173 -0.8268, -7.09 -1.4173 -0.8027, -7.0807 -1.4173 -0.7802, -7.0659 -1.4173 -0.7609, -7.0466 -1.4173 -0.7461, -7.0241 -1.4173 -0.7368, -7.0 -1.4173 -0.7336, -6.9759 -1.4173 -0.7368, -6.9534 -1.4173 -0.7461, -6.9341 -1.4173 -0.7609, -6.9193 -1.4173 -0.7802, -6.91 -1.4173 -0.8027, -6.9068 -1.4173 -0.8268, -6.91 -1.4173 -0.8509, -6.9193 -1.4173 -0.8733, -6.9341 -1.4173 -0.8926, -6.9534 -1.4173 -0.9074, -6.9759 -1.4173 -0.9167, -7.0 -1.4173 -0.9199, -7.0225 -1.4255 -0.9107, -7.0434 -1.4255 -0.902, -7.0614 -1.4255 -0.8882, -7.0753 -1.4255 -0.8702, -7.0839 -1.4255 -0.8493, -7.0869 -1.4255 -0.8268, -7.0839 -1.4255 -0.8043, -7.0753 -1.4255 -0.7833, -7.0614 -1.4255 -0.7653, -7.0434 -1.4255 -0.7515, -7.0225 -1.4255 -0.7428, -7.0 -1.4255 -0.7399, -6.9775 -1.4255 -0.7428, -6.9566 -1.4255 -0.7515, -6.9386 -1.4255 -0.7653, -6.9247 -1.4255 -0.7833, -6.9161 -1.4255 -0.8043, -6.9131 -1.4255 -0.8268, -6.9161 -1.4255 -0.8493, -6.9247 -1.4255 -0.8702, -6.9386 -1.4255 -0.8882, -6.9566 -1.4255 -0.902, -6.9775 -1.4255 -0.9107, -7.0 -1.4255 -0.9137, -7.0204 -1.4317 -0.9028, -7.0394 -1.4317 -0.895, -7.0557 -1.4317 -0.8824, -7.0682 -1.4317 -0.8661, -7.0761 -1.4317 -0.8472, -7.0787 -1.4317 -0.8268, -7.0761 -1.4317 -0.8064, -7.0682 -1.4317 -0.7874, -7.0557 -1.4317 -0.7711, -7.0394 -1.4317 -0.7586, -7.0204 -1.4317 -0.7507, -7.0 -1.4317 -0.748, -6.9796 -1.4317 -0.7507, -6.9606 -1.4317 -0.7586, -6.9443 -1.4317 -0.7711, -6.9318 -1.4317 -0.7874, -6.9239 -1.4317 -0.8064, -6.9213 -1.4317 -0.8268, -6.9239 -1.4317 -0.8472, -6.9318 -1.4317 -0.8661, -6.9443 -1.4317 -0.8824, -6.9606 -1.4317 -0.895, -6.9796 -1.4317 -0.9028, -7.0 -1.4317 -0.9055, -7.0179 -1.4357 -0.8937, -7.0346 -1.4357 -0.8867, -7.049 -1.4357 -0.8757, -7.06 -1.4357 -0.8614, -7.0669 -1.4357 -0.8447, -7.0692 -1.4357 -0.8268, -7.0669 -1.4357 -0.8088, -7.06 -1.4357 -0.7921, -7.049 -1.4357 -0.7778, -7.0346 -1.4357 -0.7668, -7.0179 -1.4357 -0.7599, -7.0 -1.4357 -0.7575, -6.9821 -1.4357 -0.7599, -6.9654 -1.4357 -0.7668, -6.951 -1.4357 -0.7778, -6.94 -1.4357 -0.7921, -6.9331 -1.4357 -0.8088, -6.9308 -1.4357 -0.8268, -6.9331 -1.4357 -0.8447, -6.94 -1.4357 -0.8614, -6.951 -1.4357 -0.8757, -6.9654 -1.4357 -0.8867, -6.9821 -1.4357 -0.8937, -7.0 -1.4357 -0.896, -7.0153 -1.437 -0.8838, -7.0295 -1.437 -0.8779, -7.0418 -1.437 -0.8685, -7.0511 -1.437 -0.8563, -7.057 -1.437 -0.8421, -7.0591 -1.437 -0.8268, -7.057 -1.437 -0.8115, -7.0511 -1.437 -0.7972, -7.0418 -1.437 -0.785, -7.0295 -1.437 -0.7756, -7.0153 -1.437 -0.7697, -7.0 -1.437 -0.7677, -6.9847 -1.437 -0.7697, -6.9705 -1.437 -0.7756, -6.9582 -1.437 -0.785, -6.9489 -1.437 -0.7972, -6.943 -1.437 -0.8115, -6.9409 -1.437 -0.8268, -6.943 -1.437 -0.8421, -6.9489 -1.437 -0.8563, -6.9582 -1.437 -0.8685, -6.9705 -1.437 -0.8779, -6.9847 -1.437 -0.8838, -7.0 -1.437 -0.8858, -7.0 -1.437 -0.8268, -7.0 -0.5984 -0.6299, -7.0255 -0.5951 -0.3937, -7.0255 -0.5951 -0.6299, -7.0492 -0.5852 -0.3937, -7.0492 -0.5852 -0.6299, -7.0696 -0.5696 -0.3937, -7.0696 -0.5696 -0.6299, -7.0852 -0.5492 -0.3937, -7.0852 -0.5492 -0.6299, -7.0951 -0.5255 -0.3937, -7.0951 -0.5255 -0.6299, -7.0984 -0.5 -0.3937, -7.0984 -0.5 -0.6299, -7.0951 -0.4745 -0.3937, -7.0951 -0.4745 -0.6299, -7.0852 -0.4508 -0.3937, -7.0852 -0.4508 -0.6299, -7.0696 -0.4304 -0.3937, -7.0696 -0.4304 -0.6299, -7.0492 -0.4148 -0.3937, -7.0492 -0.4148 -0.6299, -7.0255 -0.4049 -0.3937, -7.0255 -0.4049 -0.6299, -7.0 -0.4016 -0.3937, -7.0 -0.4016 -0.6299, -6.9745 -0.4049 -0.3937, -6.9745 -0.4049 -0.6299, -6.9508 -0.4148 -0.3937, -6.9508 -0.4148 -0.6299, -6.9304 -0.4304 -0.3937, -6.9304 -0.4304 -0.6299, -6.9148 -0.4508 -0.3937, -6.9148 -0.4508 -0.6299, -6.9049 -0.4745 -0.3937, -6.9049 -0.4745 -0.6299, -6.9016 -0.5 -0.3937, -6.9016 -0.5 -0.6299, -6.9049 -0.5255 -0.3937, -6.9049 -0.5255 -0.6299, -6.9148 -0.5492 -0.3937, -6.9148 -0.5492 -0.6299, -6.9304 -0.5696 -0.3937, -6.9304 -0.5696 -0.6299, -6.9508 -0.5852 -0.3937, -6.9508 -0.5852 -0.6299, -6.9745 -0.5951 -0.3937, -6.9745 -0.5951 -0.6299, -7.0 -0.5984 -0.3937, -7.0 -0.6009 -0.6518, -6.9745 -0.5976 -0.6526, -6.9508 -0.588 -0.6548, -6.9304 -0.5728 -0.6582, -6.9148 -0.5529 -0.6628, -6.9049 -0.5298 -0.6681, -6.9016 -0.5049 -0.6737, -6.9049 -0.4801 -0.6794, -6.9148 -0.457 -0.6847, -6.9304 -0.4371 -0.6892, -6.9508 -0.4218 -0.6927, -6.9745 -0.4122 -0.6949, -7.0 -0.409 -0.6956, -7.0255 -0.4122 -0.6949, -7.0492 -0.4218 -0.6927, -7.0696 -0.4371 -0.6892, -7.0852 -0.457 -0.6847, -7.0951 -0.4801 -0.6794, -7.0984 -0.5049 -0.6737, -7.0951 -0.5298 -0.6681, -7.0852 -0.5529 -0.6628, -7.0696 -0.5728 -0.6582, -7.0492 -0.588 -0.6548, -7.0255 -0.5976 -0.6526, -7.0 -0.6082 -0.6726, -6.9745 -0.6052 -0.6741, -6.9508 -0.5963 -0.6783, -6.9304 -0.5822 -0.6851, -6.9148 -0.5638 -0.694, -6.9049 -0.5424 -0.7043, -6.9016 -0.5195 -0.7153, -6.9049 -0.4965 -0.7264, -6.9148 -0.4752 -0.7367, -6.9304 -0.4568 -0.7455, -6.9508 -0.4427 -0.7523, -6.9745 -0.4338 -0.7566, -7.0 -0.4308 -0.758, -7.0255 -0.4338 -0.7566, -7.0492 -0.4427 -0.7523, -7.0696 -0.4568 -0.7455, -7.0852 -0.4752 -0.7367, -7.0951 -0.4965 -0.7264, -7.0984 -0.5195 -0.7153, -7.0951 -0.5424 -0.7043, -7.0852 -0.5638 -0.694, -7.0696 -0.5822 -0.6851, -7.0492 -0.5963 -0.6783, -7.0255 -0.6052 -0.6741, -7.0 -0.6199 -0.6913, -6.9745 -0.6173 -0.6934, -6.9508 -0.6096 -0.6995, -6.9304 -0.5974 -0.7093, -6.9148 -0.5814 -0.722, -6.9049 -0.5629 -0.7368, -6.9016 -0.5429 -0.7527, -6.9049 -0.523 -0.7685, -6.9148 -0.5045 -0.7833, -6.9304 -0.4885 -0.796, -6.9508 -0.4763 -0.8058, -6.9745 -0.4686 -0.8119, -7.0 -0.466 -0.814, -7.0255 -0.4686 -0.8119, -7.0492 -0.4763 -0.8058, -7.0696 -0.4885 -0.796, -7.0852 -0.5045 -0.7833, -7.0951 -0.523 -0.7685, -7.0984 -0.5429 -0.7527, -7.0951 -0.5629 -0.7368, -7.0852 -0.5814 -0.722, -7.0696 -0.5974 -0.7093, -7.0492 -0.6096 -0.6995, -7.0255 -0.6173 -0.6934, -7.0 -0.6355 -0.7069, -6.9745 -0.6334 -0.7095, -6.9508 -0.6273 -0.7172, -6.9304 -0.6175 -0.7294, -6.9148 -0.6048 -0.7453, -6.9049 -0.59 -0.7639, -6.9016 -0.5741 -0.7838, -6.9049 -0.5582 -0.8037, -6.9148 -0.5434 -0.8223, -6.9304 -0.5307 -0.8382, -6.9508 -0.521 -0.8505, -6.9745 -0.5148 -0.8582, -7.0 -0.5127 -0.8608, -7.0255 -0.5148 -0.8582, -7.0492 -0.521 -0.8505, -7.0696 -0.5307 -0.8382, -7.0852 -0.5434 -0.8223, -7.0951 -0.5582 -0.8037, -7.0984 -0.5741 -0.7838, -7.0951 -0.59 -0.7639, -7.0852 -0.6048 -0.7453, -7.0696 -0.6175 -0.7294, -7.0492 -0.6273 -0.7172, -7.0255 -0.6334 -0.7095, -7.0 -0.6541 -0.7186, -6.9745 -0.6527 -0.7216, -6.9508 -0.6484 -0.7305, -6.9304 -0.6416 -0.7446, -6.9148 -0.6328 -0.7629, -6.9049 -0.6225 -0.7843, -6.9016 -0.6114 -0.8073, -6.9049 -0.6004 -0.8302, -6.9148 -0.5901 -0.8516, -6.9304 -0.5812 -0.87, -6.9508 -0.5745 -0.8841, -6.9745 -0.5702 -0.8929, -7.0 -0.5687 -0.896, -7.0255 -0.5702 -0.8929, -7.0492 -0.5745 -0.8841, -7.0696 -0.5812 -0.87, -7.0852 -0.5901 -0.8516, -7.0951 -0.6004 -0.8302, -7.0984 -0.6114 -0.8073, -7.0951 -0.6225 -0.7843, -7.0852 -0.6328 -0.7629, -7.0696 -0.6416 -0.7446, -7.0492 -0.6484 -0.7305, -7.0255 -0.6527 -0.7216, -7.0 -0.6749 -0.7259, -6.9745 -0.6742 -0.7291, -6.9508 -0.672 -0.7387, -6.9304 -0.6685 -0.754, -6.9148 -0.664 -0.7739, -6.9049 -0.6587 -0.797, -6.9016 -0.653 -0.8218, -6.9049 -0.6474 -0.8467, -6.9148 -0.6421 -0.8698, -6.9304 -0.6376 -0.8897, -6.9508 -0.6341 -0.9049, -6.9745 -0.6319 -0.9145, -7.0 -0.6311 -0.9178, -7.0255 -0.6319 -0.9145, -7.0492 -0.6341 -0.9049, -7.0696 -0.6376 -0.8897, -7.0852 -0.6421 -0.8698, -7.0951 -0.6474 -0.8467, -7.0984 -0.653 -0.8218, -7.0951 -0.6587 -0.797, -7.0852 -0.664 -0.7739, -7.0696 -0.6685 -0.754, -7.0492 -0.672 -0.7387, -7.0255 -0.6742 -0.7291, -7.0 -0.6969 -0.7283, -6.9745 -0.6969 -0.7317, -6.9508 -0.6969 -0.7415, -6.9304 -0.6969 -0.7572, -6.9148 -0.6969 -0.7776, -6.9049 -0.6969 -0.8013, -6.9016 -0.6969 -0.8268, -6.9049 -0.6969 -0.8522, -6.9148 -0.6969 -0.876, -6.9304 -0.6969 -0.8964, -6.9508 -0.6969 -0.912, -6.9745 -0.6969 -0.9218, -7.0 -0.6969 -0.9252, -7.0255 -0.6969 -0.9218, -7.0492 -0.6969 -0.912, -7.0696 -0.6969 -0.8964, -7.0852 -0.6969 -0.876, -7.0951 -0.6969 -0.8522, -7.0984 -0.6969 -0.8268, -7.0951 -0.6969 -0.8013, -7.0852 -0.6969 -0.7776, -7.0696 -0.6969 -0.7572, -7.0492 -0.6969 -0.7415, -7.0255 -0.6969 -0.7317, -6.6457 -0.5 -0.2756, -6.7718 -0.4389 -0.3937, -6.6577 -0.4083 -0.2756, -6.7954 -0.3819 -0.3937, -6.6931 -0.3228 -0.2756, -6.833 -0.333 -0.3937, -6.7495 -0.2495 -0.2756, -6.8819 -0.2954 -0.3937, -6.8228 -0.1931 -0.2756, -6.9389 -0.2718 -0.3937, -6.9083 -0.1577 -0.2756, -7.0 -0.2638 -0.3937, -7.0 -0.1457 -0.2756, -7.0611 -0.2718 -0.3937, -7.0917 -0.1577 -0.2756, -7.1181 -0.2954 -0.3937, -7.1772 -0.1931 -0.2756, -7.167 -0.333 -0.3937, -7.2505 -0.2495 -0.2756, -7.2046 -0.3819 -0.3937, -7.3069 -0.3228 -0.2756, -7.2282 -0.4389 -0.3937, -7.3423 -0.4083 -0.2756, -7.2362 -0.5 -0.3937, -7.3543 -0.5 -0.2756, -7.2282 -0.5611 -0.3937, -7.3423 -0.5917 -0.2756, -7.2046 -0.6181 -0.3937, -7.3069 -0.6772 -0.2756, -7.167 -0.667 -0.3937, -7.2505 -0.7505 -0.2756, -7.1181 -0.7046 -0.3937, -7.1772 -0.8069 -0.2756, -7.0611 -0.7282 -0.3937, -7.0917 -0.8423 -0.2756, -7.0 -0.7362 -0.3937, -7.0 -0.8543 -0.2756, -6.9389 -0.7282 -0.3937, -6.9083 -0.8423 -0.2756, -6.8819 -0.7046 -0.3937, -6.8228 -0.8069 -0.2756, -6.833 -0.667 -0.3937, -6.7495 -0.7505 -0.2756, -6.7954 -0.6181 -0.3937, -6.6931 -0.6772 -0.2756, -6.7718 -0.5611 -0.3937, -6.6577 -0.5917 -0.2756, -6.7638 -0.5 -0.3937, -6.6457 -0.5 0.0, -6.6577 -0.4083 0.0, -6.6931 -0.3228 0.0, -6.7495 -0.2495 0.0, -6.8228 -0.1931 0.0, -6.9083 -0.1577 0.0, -7.0 -0.1457 0.0, -7.0917 -0.1577 0.0, -7.1772 -0.1931 0.0, -7.2505 -0.2495 0.0, -7.3069 -0.3228 0.0, -7.3423 -0.4083 0.0, -7.3543 -0.5 0.0, -7.3423 -0.5917 0.0, -7.3069 -0.6772 0.0, -7.2505 -0.7505 0.0, -7.1772 -0.8069 0.0, -7.0917 -0.8423 0.0, -7.0 -0.8543 0.0, -6.9083 -0.8423 0.0, -6.8228 -0.8069 0.0, -6.7495 -0.7505 0.0, -6.6931 -0.6772 0.0, -6.6577 -0.5917 0.0, -6.8792 -0.4676 0.3976, -6.6958 -0.4185 1.1063, -6.8917 -0.4375 0.3976, -6.7272 -0.3425 1.1063, -6.9116 -0.4116 0.3976, -6.7773 -0.2773 1.1063, -6.9375 -0.3917 0.3976, -6.8425 -0.2272 1.1063, -6.9676 -0.3792 0.3976, -6.9185 -0.1958 1.1063, -7.0 -0.3749 0.3976, -7.0 -0.185 1.1063, -7.0324 -0.3792 0.3976, -7.0815 -0.1958 1.1063, -7.0625 -0.3917 0.3976, -7.1575 -0.2272 1.1063, -7.0884 -0.4116 0.3976, -7.2227 -0.2773 1.1063, -7.1083 -0.4375 0.3976, -7.2728 -0.3425 1.1063, -7.1208 -0.4676 0.3976, -7.3042 -0.4185 1.1063, -7.1251 -0.5 0.3976, -7.315 -0.5 1.1063, -7.1208 -0.5324 0.3976, -7.3042 -0.5815 1.1063, -7.1083 -0.5625 0.3976, -7.2728 -0.6575 1.1063, -7.0884 -0.5884 0.3976, -7.2227 -0.7227 1.1063, -7.0625 -0.6083 0.3976, -7.1575 -0.7728 1.1063, -7.0324 -0.6208 0.3976, -7.0815 -0.8042 1.1063, -7.0 -0.6251 0.3976, -7.0 -0.815 1.1063, -6.9676 -0.6208 0.3976, -6.9185 -0.8042 1.1063, -6.9375 -0.6083 0.3976, -6.8425 -0.7728 1.1063, -6.9116 -0.5884 0.3976, -6.7773 -0.7227 1.1063, -6.8917 -0.5625 0.3976, -6.7272 -0.6575 1.1063, -6.8792 -0.5324 0.3976, -6.6958 -0.5815 1.1063, -6.8749 -0.5 0.3976, -6.685 -0.5 1.1063, -6.685 -0.5 1.185, -6.6958 -0.4185 1.185, -6.7272 -0.3425 1.185, -6.7773 -0.2773 1.185, -6.8425 -0.2272 1.185, -6.9185 -0.1958 1.185, -7.0 -0.185 1.185, -7.0815 -0.1958 1.185, -7.1575 -0.2272 1.185, -7.2227 -0.2773 1.185, -7.2728 -0.3425 1.185, -7.3042 -0.4185 1.185, -7.315 -0.5 1.185, -7.3042 -0.5815 1.185, -7.2728 -0.6575 1.185, -7.2227 -0.7227 1.185, -7.1575 -0.7728 1.185, -7.0815 -0.8042 1.185, -7.0 -0.815 1.185, -6.9185 -0.8042 1.185, -6.8425 -0.7728 1.185, -6.7773 -0.7227 1.185, -6.7272 -0.6575 1.185, -6.6958 -0.5815 1.185, -7.0 -0.5 0.3976, -7.3543 -0.5 1.1811, -7.3423 -0.4083 1.185, -7.3423 -0.4083 1.1811, -7.3069 -0.3228 1.185, -7.3069 -0.3228 1.1811, -7.2505 -0.2495 1.185, -7.2505 -0.2495 1.1811, -7.1772 -0.1931 1.185, -7.1772 -0.1931 1.1811, -7.0917 -0.1577 1.185, -7.0917 -0.1577 1.1811, -7.0 -0.1457 1.185, -7.0 -0.1457 1.1811, -6.9083 -0.1577 1.185, -6.9083 -0.1577 1.1811, -6.8228 -0.1931 1.185, -6.8228 -0.1931 1.1811, -6.7495 -0.2495 1.185, -6.7495 -0.2495 1.1811, -6.6931 -0.3228 1.185, -6.6931 -0.3228 1.1811, -6.6577 -0.4083 1.185, -6.6577 -0.4083 1.1811, -6.6457 -0.5 1.185, -6.6457 -0.5 1.1811, -6.6577 -0.5917 1.185, -6.6577 -0.5917 1.1811, -6.6931 -0.6772 1.185, -6.6931 -0.6772 1.1811, -6.7495 -0.7505 1.185, -6.7495 -0.7505 1.1811, -6.8228 -0.8069 1.185, -6.8228 -0.8069 1.1811, -6.9083 -0.8423 1.185, -6.9083 -0.8423 1.1811, -7.0 -0.8543 1.185, -7.0 -0.8543 1.1811, -7.0917 -0.8423 1.185, -7.0917 -0.8423 1.1811, -7.1772 -0.8069 1.185, -7.1772 -0.8069 1.1811, -7.2505 -0.7505 1.185, -7.2505 -0.7505 1.1811, -7.3069 -0.6772 1.185, -7.3069 -0.6772 1.1811, -7.3423 -0.5917 1.185, -7.3423 -0.5917 1.1811, -7.3543 -0.5 1.185, -6.0 -1.3976 -0.9252, -6.0251 -1.4078 -0.9205, -6.0255 -1.3976 -0.9218, -6.0485 -1.4078 -0.9108, -6.0492 -1.3976 -0.912, -6.0686 -1.4078 -0.8954, -6.0696 -1.3976 -0.8964, -6.0841 -1.4078 -0.8753, -6.0852 -1.3976 -0.876, -6.0938 -1.4078 -0.8519, -6.0951 -1.3976 -0.8522, -6.0971 -1.4078 -0.8268, -6.0984 -1.3976 -0.8268, -6.0938 -1.4078 -0.8016, -6.0951 -1.3976 -0.8013, -6.0841 -1.4078 -0.7782, -6.0852 -1.3976 -0.7776, -6.0686 -1.4078 -0.7581, -6.0696 -1.3976 -0.7572, -6.0485 -1.4078 -0.7427, -6.0492 -1.3976 -0.7415, -6.0251 -1.4078 -0.733, -6.0255 -1.3976 -0.7317, -6.0 -1.4078 -0.7297, -6.0 -1.3976 -0.7283, -5.9749 -1.4078 -0.733, -5.9745 -1.3976 -0.7317, -5.9515 -1.4078 -0.7427, -5.9508 -1.3976 -0.7415, -5.9314 -1.4078 -0.7581, -5.9304 -1.3976 -0.7572, -5.9159 -1.4078 -0.7782, -5.9148 -1.3976 -0.7776, -5.9062 -1.4078 -0.8016, -5.9049 -1.3976 -0.8013, -5.9029 -1.4078 -0.8268, -5.9016 -1.3976 -0.8268, -5.9062 -1.4078 -0.8519, -5.9049 -1.3976 -0.8522, -5.9159 -1.4078 -0.8753, -5.9148 -1.3976 -0.876, -5.9314 -1.4078 -0.8954, -5.9304 -1.3976 -0.8964, -5.9515 -1.4078 -0.9108, -5.9508 -1.3976 -0.912, -5.9749 -1.4078 -0.9205, -5.9745 -1.3976 -0.9218, -6.0 -1.4078 -0.9239, -6.0241 -1.4173 -0.9167, -6.0466 -1.4173 -0.9074, -6.0659 -1.4173 -0.8926, -6.0807 -1.4173 -0.8733, -6.09 -1.4173 -0.8509, -6.0932 -1.4173 -0.8268, -6.09 -1.4173 -0.8027, -6.0807 -1.4173 -0.7802, -6.0659 -1.4173 -0.7609, -6.0466 -1.4173 -0.7461, -6.0241 -1.4173 -0.7368, -6.0 -1.4173 -0.7336, -5.9759 -1.4173 -0.7368, -5.9534 -1.4173 -0.7461, -5.9341 -1.4173 -0.7609, -5.9193 -1.4173 -0.7802, -5.91 -1.4173 -0.8027, -5.9068 -1.4173 -0.8268, -5.91 -1.4173 -0.8509, -5.9193 -1.4173 -0.8733, -5.9341 -1.4173 -0.8926, -5.9534 -1.4173 -0.9074, -5.9759 -1.4173 -0.9167, -6.0 -1.4173 -0.9199, -6.0225 -1.4255 -0.9107, -6.0434 -1.4255 -0.902, -6.0614 -1.4255 -0.8882, -6.0753 -1.4255 -0.8702, -6.0839 -1.4255 -0.8493, -6.0869 -1.4255 -0.8268, -6.0839 -1.4255 -0.8043, -6.0753 -1.4255 -0.7833, -6.0614 -1.4255 -0.7653, -6.0434 -1.4255 -0.7515, -6.0225 -1.4255 -0.7428, -6.0 -1.4255 -0.7399, -5.9775 -1.4255 -0.7428, -5.9566 -1.4255 -0.7515, -5.9386 -1.4255 -0.7653, -5.9247 -1.4255 -0.7833, -5.9161 -1.4255 -0.8043, -5.9131 -1.4255 -0.8268, -5.9161 -1.4255 -0.8493, -5.9247 -1.4255 -0.8702, -5.9386 -1.4255 -0.8882, -5.9566 -1.4255 -0.902, -5.9775 -1.4255 -0.9107, -6.0 -1.4255 -0.9137, -6.0204 -1.4317 -0.9028, -6.0394 -1.4317 -0.895, -6.0557 -1.4317 -0.8824, -6.0682 -1.4317 -0.8661, -6.0761 -1.4317 -0.8472, -6.0787 -1.4317 -0.8268, -6.0761 -1.4317 -0.8064, -6.0682 -1.4317 -0.7874, -6.0557 -1.4317 -0.7711, -6.0394 -1.4317 -0.7586, -6.0204 -1.4317 -0.7507, -6.0 -1.4317 -0.748, -5.9796 -1.4317 -0.7507, -5.9606 -1.4317 -0.7586, -5.9443 -1.4317 -0.7711, -5.9318 -1.4317 -0.7874, -5.9239 -1.4317 -0.8064, -5.9213 -1.4317 -0.8268, -5.9239 -1.4317 -0.8472, -5.9318 -1.4317 -0.8661, -5.9443 -1.4317 -0.8824, -5.9606 -1.4317 -0.895, -5.9796 -1.4317 -0.9028, -6.0 -1.4317 -0.9055, -6.0179 -1.4357 -0.8937, -6.0346 -1.4357 -0.8867, -6.049 -1.4357 -0.8757, -6.06 -1.4357 -0.8614, -6.0669 -1.4357 -0.8447, -6.0692 -1.4357 -0.8268, -6.0669 -1.4357 -0.8088, -6.06 -1.4357 -0.7921, -6.049 -1.4357 -0.7778, -6.0346 -1.4357 -0.7668, -6.0179 -1.4357 -0.7599, -6.0 -1.4357 -0.7575, -5.9821 -1.4357 -0.7599, -5.9654 -1.4357 -0.7668, -5.951 -1.4357 -0.7778, -5.94 -1.4357 -0.7921, -5.9331 -1.4357 -0.8088, -5.9308 -1.4357 -0.8268, -5.9331 -1.4357 -0.8447, -5.94 -1.4357 -0.8614, -5.951 -1.4357 -0.8757, -5.9654 -1.4357 -0.8867, -5.9821 -1.4357 -0.8937, -6.0 -1.4357 -0.896, -6.0153 -1.437 -0.8838, -6.0295 -1.437 -0.8779, -6.0418 -1.437 -0.8685, -6.0511 -1.437 -0.8563, -6.057 -1.437 -0.8421, -6.0591 -1.437 -0.8268, -6.057 -1.437 -0.8115, -6.0511 -1.437 -0.7972, -6.0418 -1.437 -0.785, -6.0295 -1.437 -0.7756, -6.0153 -1.437 -0.7697, -6.0 -1.437 -0.7677, -5.9847 -1.437 -0.7697, -5.9705 -1.437 -0.7756, -5.9582 -1.437 -0.785, -5.9489 -1.437 -0.7972, -5.943 -1.437 -0.8115, -5.9409 -1.437 -0.8268, -5.943 -1.437 -0.8421, -5.9489 -1.437 -0.8563, -5.9582 -1.437 -0.8685, -5.9705 -1.437 -0.8779, -5.9847 -1.437 -0.8838, -6.0 -1.437 -0.8858, -6.0 -1.437 -0.8268, -6.0 -0.5984 -0.6299, -6.0255 -0.5951 -0.3937, -6.0255 -0.5951 -0.6299, -6.0492 -0.5852 -0.3937, -6.0492 -0.5852 -0.6299, -6.0696 -0.5696 -0.3937, -6.0696 -0.5696 -0.6299, -6.0852 -0.5492 -0.3937, -6.0852 -0.5492 -0.6299, -6.0951 -0.5255 -0.3937, -6.0951 -0.5255 -0.6299, -6.0984 -0.5 -0.3937, -6.0984 -0.5 -0.6299, -6.0951 -0.4745 -0.3937, -6.0951 -0.4745 -0.6299, -6.0852 -0.4508 -0.3937, -6.0852 -0.4508 -0.6299, -6.0696 -0.4304 -0.3937, -6.0696 -0.4304 -0.6299, -6.0492 -0.4148 -0.3937, -6.0492 -0.4148 -0.6299, -6.0255 -0.4049 -0.3937, -6.0255 -0.4049 -0.6299, -6.0 -0.4016 -0.3937, -6.0 -0.4016 -0.6299, -5.9745 -0.4049 -0.3937, -5.9745 -0.4049 -0.6299, -5.9508 -0.4148 -0.3937, -5.9508 -0.4148 -0.6299, -5.9304 -0.4304 -0.3937, -5.9304 -0.4304 -0.6299, -5.9148 -0.4508 -0.3937, -5.9148 -0.4508 -0.6299, -5.9049 -0.4745 -0.3937, -5.9049 -0.4745 -0.6299, -5.9016 -0.5 -0.3937, -5.9016 -0.5 -0.6299, -5.9049 -0.5255 -0.3937, -5.9049 -0.5255 -0.6299, -5.9148 -0.5492 -0.3937, -5.9148 -0.5492 -0.6299, -5.9304 -0.5696 -0.3937, -5.9304 -0.5696 -0.6299, -5.9508 -0.5852 -0.3937, -5.9508 -0.5852 -0.6299, -5.9745 -0.5951 -0.3937, -5.9745 -0.5951 -0.6299, -6.0 -0.5984 -0.3937, -6.0 -0.6009 -0.6518, -5.9745 -0.5976 -0.6526, -5.9508 -0.588 -0.6548, -5.9304 -0.5728 -0.6582, -5.9148 -0.5529 -0.6628, -5.9049 -0.5298 -0.6681, -5.9016 -0.5049 -0.6737, -5.9049 -0.4801 -0.6794, -5.9148 -0.457 -0.6847, -5.9304 -0.4371 -0.6892, -5.9508 -0.4218 -0.6927, -5.9745 -0.4122 -0.6949, -6.0 -0.409 -0.6956, -6.0255 -0.4122 -0.6949, -6.0492 -0.4218 -0.6927, -6.0696 -0.4371 -0.6892, -6.0852 -0.457 -0.6847, -6.0951 -0.4801 -0.6794, -6.0984 -0.5049 -0.6737, -6.0951 -0.5298 -0.6681, -6.0852 -0.5529 -0.6628, -6.0696 -0.5728 -0.6582, -6.0492 -0.588 -0.6548, -6.0255 -0.5976 -0.6526, -6.0 -0.6082 -0.6726, -5.9745 -0.6052 -0.6741, -5.9508 -0.5963 -0.6783, -5.9304 -0.5822 -0.6851, -5.9148 -0.5638 -0.694, -5.9049 -0.5424 -0.7043, -5.9016 -0.5195 -0.7153, -5.9049 -0.4965 -0.7264, -5.9148 -0.4752 -0.7367, -5.9304 -0.4568 -0.7455, -5.9508 -0.4427 -0.7523, -5.9745 -0.4338 -0.7566, -6.0 -0.4308 -0.758, -6.0255 -0.4338 -0.7566, -6.0492 -0.4427 -0.7523, -6.0696 -0.4568 -0.7455, -6.0852 -0.4752 -0.7367, -6.0951 -0.4965 -0.7264, -6.0984 -0.5195 -0.7153, -6.0951 -0.5424 -0.7043, -6.0852 -0.5638 -0.694, -6.0696 -0.5822 -0.6851, -6.0492 -0.5963 -0.6783, -6.0255 -0.6052 -0.6741, -6.0 -0.6199 -0.6913, -5.9745 -0.6173 -0.6934, -5.9508 -0.6096 -0.6995, -5.9304 -0.5974 -0.7093, -5.9148 -0.5814 -0.722, -5.9049 -0.5629 -0.7368, -5.9016 -0.5429 -0.7527, -5.9049 -0.523 -0.7685, -5.9148 -0.5045 -0.7833, -5.9304 -0.4885 -0.796, -5.9508 -0.4763 -0.8058, -5.9745 -0.4686 -0.8119, -6.0 -0.466 -0.814, -6.0255 -0.4686 -0.8119, -6.0492 -0.4763 -0.8058, -6.0696 -0.4885 -0.796, -6.0852 -0.5045 -0.7833, -6.0951 -0.523 -0.7685, -6.0984 -0.5429 -0.7527, -6.0951 -0.5629 -0.7368, -6.0852 -0.5814 -0.722, -6.0696 -0.5974 -0.7093, -6.0492 -0.6096 -0.6995, -6.0255 -0.6173 -0.6934, -6.0 -0.6355 -0.7069, -5.9745 -0.6334 -0.7095, -5.9508 -0.6273 -0.7172, -5.9304 -0.6175 -0.7294, -5.9148 -0.6048 -0.7453, -5.9049 -0.59 -0.7639, -5.9016 -0.5741 -0.7838, -5.9049 -0.5582 -0.8037, -5.9148 -0.5434 -0.8223, -5.9304 -0.5307 -0.8382, -5.9508 -0.521 -0.8505, -5.9745 -0.5148 -0.8582, -6.0 -0.5127 -0.8608, -6.0255 -0.5148 -0.8582, -6.0492 -0.521 -0.8505, -6.0696 -0.5307 -0.8382, -6.0852 -0.5434 -0.8223, -6.0951 -0.5582 -0.8037, -6.0984 -0.5741 -0.7838, -6.0951 -0.59 -0.7639, -6.0852 -0.6048 -0.7453, -6.0696 -0.6175 -0.7294, -6.0492 -0.6273 -0.7172, -6.0255 -0.6334 -0.7095, -6.0 -0.6541 -0.7186, -5.9745 -0.6527 -0.7216, -5.9508 -0.6484 -0.7305, -5.9304 -0.6416 -0.7446, -5.9148 -0.6328 -0.7629, -5.9049 -0.6225 -0.7843, -5.9016 -0.6114 -0.8073, -5.9049 -0.6004 -0.8302, -5.9148 -0.5901 -0.8516, -5.9304 -0.5812 -0.87, -5.9508 -0.5745 -0.8841, -5.9745 -0.5702 -0.8929, -6.0 -0.5687 -0.896, -6.0255 -0.5702 -0.8929, -6.0492 -0.5745 -0.8841, -6.0696 -0.5812 -0.87, -6.0852 -0.5901 -0.8516, -6.0951 -0.6004 -0.8302, -6.0984 -0.6114 -0.8073, -6.0951 -0.6225 -0.7843, -6.0852 -0.6328 -0.7629, -6.0696 -0.6416 -0.7446, -6.0492 -0.6484 -0.7305, -6.0255 -0.6527 -0.7216, -6.0 -0.6749 -0.7259, -5.9745 -0.6742 -0.7291, -5.9508 -0.672 -0.7387, -5.9304 -0.6685 -0.754, -5.9148 -0.664 -0.7739, -5.9049 -0.6587 -0.797, -5.9016 -0.653 -0.8218, -5.9049 -0.6474 -0.8467, -5.9148 -0.6421 -0.8698, -5.9304 -0.6376 -0.8897, -5.9508 -0.6341 -0.9049, -5.9745 -0.6319 -0.9145, -6.0 -0.6311 -0.9178, -6.0255 -0.6319 -0.9145, -6.0492 -0.6341 -0.9049, -6.0696 -0.6376 -0.8897, -6.0852 -0.6421 -0.8698, -6.0951 -0.6474 -0.8467, -6.0984 -0.653 -0.8218, -6.0951 -0.6587 -0.797, -6.0852 -0.664 -0.7739, -6.0696 -0.6685 -0.754, -6.0492 -0.672 -0.7387, -6.0255 -0.6742 -0.7291, -6.0 -0.6969 -0.7283, -5.9745 -0.6969 -0.7317, -5.9508 -0.6969 -0.7415, -5.9304 -0.6969 -0.7572, -5.9148 -0.6969 -0.7776, -5.9049 -0.6969 -0.8013, -5.9016 -0.6969 -0.8268, -5.9049 -0.6969 -0.8522, -5.9148 -0.6969 -0.876, -5.9304 -0.6969 -0.8964, -5.9508 -0.6969 -0.912, -5.9745 -0.6969 -0.9218, -6.0 -0.6969 -0.9252, -6.0255 -0.6969 -0.9218, -6.0492 -0.6969 -0.912, -6.0696 -0.6969 -0.8964, -6.0852 -0.6969 -0.876, -6.0951 -0.6969 -0.8522, -6.0984 -0.6969 -0.8268, -6.0951 -0.6969 -0.8013, -6.0852 -0.6969 -0.7776, -6.0696 -0.6969 -0.7572, -6.0492 -0.6969 -0.7415, -6.0255 -0.6969 -0.7317, -5.6457 -0.5 -0.2756, -5.7718 -0.4389 -0.3937, -5.6577 -0.4083 -0.2756, -5.7954 -0.3819 -0.3937, -5.6931 -0.3228 -0.2756, -5.833 -0.333 -0.3937, -5.7494 -0.2495 -0.2756, -5.8819 -0.2954 -0.3937, -5.8228 -0.1931 -0.2756, -5.9389 -0.2718 -0.3937, -5.9083 -0.1577 -0.2756, -6.0 -0.2638 -0.3937, -6.0 -0.1457 -0.2756, -6.0611 -0.2718 -0.3937, -6.0917 -0.1577 -0.2756, -6.1181 -0.2954 -0.3937, -6.1772 -0.1931 -0.2756, -6.167 -0.333 -0.3937, -6.2505 -0.2495 -0.2756, -6.2046 -0.3819 -0.3937, -6.3069 -0.3228 -0.2756, -6.2282 -0.4389 -0.3937, -6.3423 -0.4083 -0.2756, -6.2362 -0.5 -0.3937, -6.3543 -0.5 -0.2756, -6.2282 -0.5611 -0.3937, -6.3423 -0.5917 -0.2756, -6.2046 -0.6181 -0.3937, -6.3069 -0.6772 -0.2756, -6.167 -0.667 -0.3937, -6.2505 -0.7505 -0.2756, -6.1181 -0.7046 -0.3937, -6.1772 -0.8069 -0.2756, -6.0611 -0.7282 -0.3937, -6.0917 -0.8423 -0.2756, -6.0 -0.7362 -0.3937, -6.0 -0.8543 -0.2756, -5.9389 -0.7282 -0.3937, -5.9083 -0.8423 -0.2756, -5.8819 -0.7046 -0.3937, -5.8228 -0.8069 -0.2756, -5.833 -0.667 -0.3937, -5.7494 -0.7505 -0.2756, -5.7954 -0.6181 -0.3937, -5.6931 -0.6772 -0.2756, -5.7718 -0.5611 -0.3937, -5.6577 -0.5917 -0.2756, -5.7638 -0.5 -0.3937, -5.6457 -0.5 0.0, -5.6577 -0.4083 0.0, -5.6931 -0.3228 0.0, -5.7494 -0.2495 0.0, -5.8228 -0.1931 0.0, -5.9083 -0.1577 0.0, -6.0 -0.1457 0.0, -6.0917 -0.1577 0.0, -6.1772 -0.1931 0.0, -6.2505 -0.2495 0.0, -6.3069 -0.3228 0.0, -6.3423 -0.4083 0.0, -6.3543 -0.5 0.0, -6.3423 -0.5917 0.0, -6.3069 -0.6772 0.0, -6.2505 -0.7505 0.0, -6.1772 -0.8069 0.0, -6.0917 -0.8423 0.0, -6.0 -0.8543 0.0, -5.9083 -0.8423 0.0, -5.8228 -0.8069 0.0, -5.7494 -0.7505 0.0, -5.6931 -0.6772 0.0, -5.6577 -0.5917 0.0, -5.8792 -0.4676 0.3976, -5.6958 -0.4185 1.1063, -5.8917 -0.4375 0.3976, -5.7272 -0.3425 1.1063, -5.9116 -0.4116 0.3976, -5.7773 -0.2773 1.1063, -5.9375 -0.3917 0.3976, -5.8425 -0.2272 1.1063, -5.9676 -0.3792 0.3976, -5.9185 -0.1958 1.1063, -6.0 -0.3749 0.3976, -6.0 -0.185 1.1063, -6.0324 -0.3792 0.3976, -6.0815 -0.1958 1.1063, -6.0625 -0.3917 0.3976, -6.1575 -0.2272 1.1063, -6.0884 -0.4116 0.3976, -6.2227 -0.2773 1.1063, -6.1083 -0.4375 0.3976, -6.2728 -0.3425 1.1063, -6.1208 -0.4676 0.3976, -6.3042 -0.4185 1.1063, -6.1251 -0.5 0.3976, -6.315 -0.5 1.1063, -6.1208 -0.5324 0.3976, -6.3042 -0.5815 1.1063, -6.1083 -0.5625 0.3976, -6.2728 -0.6575 1.1063, -6.0884 -0.5884 0.3976, -6.2227 -0.7227 1.1063, -6.0625 -0.6083 0.3976, -6.1575 -0.7728 1.1063, -6.0324 -0.6208 0.3976, -6.0815 -0.8042 1.1063, -6.0 -0.6251 0.3976, -6.0 -0.815 1.1063, -5.9676 -0.6208 0.3976, -5.9185 -0.8042 1.1063, -5.9375 -0.6083 0.3976, -5.8425 -0.7728 1.1063, -5.9116 -0.5884 0.3976, -5.7773 -0.7227 1.1063, -5.8917 -0.5625 0.3976, -5.7272 -0.6575 1.1063, -5.8792 -0.5324 0.3976, -5.6958 -0.5815 1.1063, -5.8749 -0.5 0.3976, -5.685 -0.5 1.1063, -5.685 -0.5 1.185, -5.6958 -0.4185 1.185, -5.7272 -0.3425 1.185, -5.7773 -0.2773 1.185, -5.8425 -0.2272 1.185, -5.9185 -0.1958 1.185, -6.0 -0.185 1.185, -6.0815 -0.1958 1.185, -6.1575 -0.2272 1.185, -6.2227 -0.2773 1.185, -6.2728 -0.3425 1.185, -6.3042 -0.4185 1.185, -6.315 -0.5 1.185, -6.3042 -0.5815 1.185, -6.2728 -0.6575 1.185, -6.2227 -0.7227 1.185, -6.1575 -0.7728 1.185, -6.0815 -0.8042 1.185, -6.0 -0.815 1.185, -5.9185 -0.8042 1.185, -5.8425 -0.7728 1.185, -5.7773 -0.7227 1.185, -5.7272 -0.6575 1.185, -5.6958 -0.5815 1.185, -6.0 -0.5 0.3976, -6.3543 -0.5 1.1811, -6.3423 -0.4083 1.185, -6.3423 -0.4083 1.1811, -6.3069 -0.3228 1.185, -6.3069 -0.3228 1.1811, -6.2505 -0.2495 1.185, -6.2505 -0.2495 1.1811, -6.1772 -0.1931 1.185, -6.1772 -0.1931 1.1811, -6.0917 -0.1577 1.185, -6.0917 -0.1577 1.1811, -6.0 -0.1457 1.185, -6.0 -0.1457 1.1811, -5.9083 -0.1577 1.185, -5.9083 -0.1577 1.1811, -5.8228 -0.1931 1.185, -5.8228 -0.1931 1.1811, -5.7494 -0.2495 1.185, -5.7494 -0.2495 1.1811, -5.6931 -0.3228 1.185, -5.6931 -0.3228 1.1811, -5.6577 -0.4083 1.185, -5.6577 -0.4083 1.1811, -5.6457 -0.5 1.185, -5.6457 -0.5 1.1811, -5.6577 -0.5917 1.185, -5.6577 -0.5917 1.1811, -5.6931 -0.6772 1.185, -5.6931 -0.6772 1.1811, -5.7494 -0.7505 1.185, -5.7494 -0.7505 1.1811, -5.8228 -0.8069 1.185, -5.8228 -0.8069 1.1811, -5.9083 -0.8423 1.185, -5.9083 -0.8423 1.1811, -6.0 -0.8543 1.185, -6.0 -0.8543 1.1811, -6.0917 -0.8423 1.185, -6.0917 -0.8423 1.1811, -6.1772 -0.8069 1.185, -6.1772 -0.8069 1.1811, -6.2505 -0.7505 1.185, -6.2505 -0.7505 1.1811, -6.3069 -0.6772 1.185, -6.3069 -0.6772 1.1811, -6.3423 -0.5917 1.185, -6.3423 -0.5917 1.1811, -6.3543 -0.5 1.185, -5.0 -1.3976 -0.9252, -5.0251 -1.4078 -0.9205, -5.0255 -1.3976 -0.9218, -5.0485 -1.4078 -0.9108, -5.0492 -1.3976 -0.912, -5.0686 -1.4078 -0.8954, -5.0696 -1.3976 -0.8964, -5.0841 -1.4078 -0.8753, -5.0852 -1.3976 -0.876, -5.0938 -1.4078 -0.8519, -5.0951 -1.3976 -0.8522, -5.0971 -1.4078 -0.8268, -5.0984 -1.3976 -0.8268, -5.0938 -1.4078 -0.8016, -5.0951 -1.3976 -0.8013, -5.0841 -1.4078 -0.7782, -5.0852 -1.3976 -0.7776, -5.0686 -1.4078 -0.7581, -5.0696 -1.3976 -0.7572, -5.0485 -1.4078 -0.7427, -5.0492 -1.3976 -0.7415, -5.0251 -1.4078 -0.733, -5.0255 -1.3976 -0.7317, -5.0 -1.4078 -0.7297, -5.0 -1.3976 -0.7283, -4.9749 -1.4078 -0.733, -4.9745 -1.3976 -0.7317, -4.9515 -1.4078 -0.7427, -4.9508 -1.3976 -0.7415, -4.9314 -1.4078 -0.7581, -4.9304 -1.3976 -0.7572, -4.9159 -1.4078 -0.7782, -4.9148 -1.3976 -0.7776, -4.9062 -1.4078 -0.8016, -4.9049 -1.3976 -0.8013, -4.9029 -1.4078 -0.8268, -4.9016 -1.3976 -0.8268, -4.9062 -1.4078 -0.8519, -4.9049 -1.3976 -0.8522, -4.9159 -1.4078 -0.8753, -4.9148 -1.3976 -0.876, -4.9314 -1.4078 -0.8954, -4.9304 -1.3976 -0.8964, -4.9515 -1.4078 -0.9108, -4.9508 -1.3976 -0.912, -4.9749 -1.4078 -0.9205, -4.9745 -1.3976 -0.9218, -5.0 -1.4078 -0.9239, -5.0241 -1.4173 -0.9167, -5.0466 -1.4173 -0.9074, -5.0659 -1.4173 -0.8926, -5.0807 -1.4173 -0.8733, -5.09 -1.4173 -0.8509, -5.0932 -1.4173 -0.8268, -5.09 -1.4173 -0.8027, -5.0807 -1.4173 -0.7802, -5.0659 -1.4173 -0.7609, -5.0466 -1.4173 -0.7461, -5.0241 -1.4173 -0.7368, -5.0 -1.4173 -0.7336, -4.9759 -1.4173 -0.7368, -4.9534 -1.4173 -0.7461, -4.9341 -1.4173 -0.7609, -4.9193 -1.4173 -0.7802, -4.91 -1.4173 -0.8027, -4.9068 -1.4173 -0.8268, -4.91 -1.4173 -0.8509, -4.9193 -1.4173 -0.8733, -4.9341 -1.4173 -0.8926, -4.9534 -1.4173 -0.9074, -4.9759 -1.4173 -0.9167, -5.0 -1.4173 -0.9199, -5.0225 -1.4255 -0.9107, -5.0434 -1.4255 -0.902, -5.0614 -1.4255 -0.8882, -5.0753 -1.4255 -0.8702, -5.0839 -1.4255 -0.8493, -5.0869 -1.4255 -0.8268, -5.0839 -1.4255 -0.8043, -5.0753 -1.4255 -0.7833, -5.0614 -1.4255 -0.7653, -5.0434 -1.4255 -0.7515, -5.0225 -1.4255 -0.7428, -5.0 -1.4255 -0.7399, -4.9775 -1.4255 -0.7428, -4.9566 -1.4255 -0.7515, -4.9386 -1.4255 -0.7653, -4.9247 -1.4255 -0.7833, -4.9161 -1.4255 -0.8043, -4.9131 -1.4255 -0.8268, -4.9161 -1.4255 -0.8493, -4.9247 -1.4255 -0.8702, -4.9386 -1.4255 -0.8882, -4.9566 -1.4255 -0.902, -4.9775 -1.4255 -0.9107, -5.0 -1.4255 -0.9137, -5.0204 -1.4317 -0.9028, -5.0394 -1.4317 -0.895, -5.0557 -1.4317 -0.8824, -5.0682 -1.4317 -0.8661, -5.0761 -1.4317 -0.8472, -5.0787 -1.4317 -0.8268, -5.0761 -1.4317 -0.8064, -5.0682 -1.4317 -0.7874, -5.0557 -1.4317 -0.7711, -5.0394 -1.4317 -0.7586, -5.0204 -1.4317 -0.7507, -5.0 -1.4317 -0.748, -4.9796 -1.4317 -0.7507, -4.9606 -1.4317 -0.7586, -4.9443 -1.4317 -0.7711, -4.9318 -1.4317 -0.7874, -4.9239 -1.4317 -0.8064, -4.9213 -1.4317 -0.8268, -4.9239 -1.4317 -0.8472, -4.9318 -1.4317 -0.8661, -4.9443 -1.4317 -0.8824, -4.9606 -1.4317 -0.895, -4.9796 -1.4317 -0.9028, -5.0 -1.4317 -0.9055, -5.0179 -1.4357 -0.8937, -5.0346 -1.4357 -0.8867, -5.049 -1.4357 -0.8757, -5.06 -1.4357 -0.8614, -5.0669 -1.4357 -0.8447, -5.0692 -1.4357 -0.8268, -5.0669 -1.4357 -0.8088, -5.06 -1.4357 -0.7921, -5.049 -1.4357 -0.7778, -5.0346 -1.4357 -0.7668, -5.0179 -1.4357 -0.7599, -5.0 -1.4357 -0.7575, -4.9821 -1.4357 -0.7599, -4.9654 -1.4357 -0.7668, -4.951 -1.4357 -0.7778, -4.94 -1.4357 -0.7921, -4.9331 -1.4357 -0.8088, -4.9308 -1.4357 -0.8268, -4.9331 -1.4357 -0.8447, -4.94 -1.4357 -0.8614, -4.951 -1.4357 -0.8757, -4.9654 -1.4357 -0.8867, -4.9821 -1.4357 -0.8937, -5.0 -1.4357 -0.896, -5.0153 -1.437 -0.8838, -5.0295 -1.437 -0.8779, -5.0418 -1.437 -0.8685, -5.0511 -1.437 -0.8563, -5.057 -1.437 -0.8421, -5.0591 -1.437 -0.8268, -5.057 -1.437 -0.8115, -5.0511 -1.437 -0.7972, -5.0418 -1.437 -0.785, -5.0295 -1.437 -0.7756, -5.0153 -1.437 -0.7697, -5.0 -1.437 -0.7677, -4.9847 -1.437 -0.7697, -4.9705 -1.437 -0.7756, -4.9582 -1.437 -0.785, -4.9489 -1.437 -0.7972, -4.943 -1.437 -0.8115, -4.9409 -1.437 -0.8268, -4.943 -1.437 -0.8421, -4.9489 -1.437 -0.8563, -4.9582 -1.437 -0.8685, -4.9705 -1.437 -0.8779, -4.9847 -1.437 -0.8838, -5.0 -1.437 -0.8858, -5.0 -1.437 -0.8268, -5.0 -0.5984 -0.6299, -5.0255 -0.5951 -0.3937, -5.0255 -0.5951 -0.6299, -5.0492 -0.5852 -0.3937, -5.0492 -0.5852 -0.6299, -5.0696 -0.5696 -0.3937, -5.0696 -0.5696 -0.6299, -5.0852 -0.5492 -0.3937, -5.0852 -0.5492 -0.6299, -5.0951 -0.5255 -0.3937, -5.0951 -0.5255 -0.6299, -5.0984 -0.5 -0.3937, -5.0984 -0.5 -0.6299, -5.0951 -0.4745 -0.3937, -5.0951 -0.4745 -0.6299, -5.0852 -0.4508 -0.3937, -5.0852 -0.4508 -0.6299, -5.0696 -0.4304 -0.3937, -5.0696 -0.4304 -0.6299, -5.0492 -0.4148 -0.3937, -5.0492 -0.4148 -0.6299, -5.0255 -0.4049 -0.3937, -5.0255 -0.4049 -0.6299, -5.0 -0.4016 -0.3937, -5.0 -0.4016 -0.6299, -4.9745 -0.4049 -0.3937, -4.9745 -0.4049 -0.6299, -4.9508 -0.4148 -0.3937, -4.9508 -0.4148 -0.6299, -4.9304 -0.4304 -0.3937, -4.9304 -0.4304 -0.6299, -4.9148 -0.4508 -0.3937, -4.9148 -0.4508 -0.6299, -4.9049 -0.4745 -0.3937, -4.9049 -0.4745 -0.6299, -4.9016 -0.5 -0.3937, -4.9016 -0.5 -0.6299, -4.9049 -0.5255 -0.3937, -4.9049 -0.5255 -0.6299, -4.9148 -0.5492 -0.3937, -4.9148 -0.5492 -0.6299, -4.9304 -0.5696 -0.3937, -4.9304 -0.5696 -0.6299, -4.9508 -0.5852 -0.3937, -4.9508 -0.5852 -0.6299, -4.9745 -0.5951 -0.3937, -4.9745 -0.5951 -0.6299, -5.0 -0.5984 -0.3937, -5.0 -0.6009 -0.6518, -4.9745 -0.5976 -0.6526, -4.9508 -0.588 -0.6548, -4.9304 -0.5728 -0.6582, -4.9148 -0.5529 -0.6628, -4.9049 -0.5298 -0.6681, -4.9016 -0.5049 -0.6737, -4.9049 -0.4801 -0.6794, -4.9148 -0.457 -0.6847, -4.9304 -0.4371 -0.6892, -4.9508 -0.4218 -0.6927, -4.9745 -0.4122 -0.6949, -5.0 -0.409 -0.6956, -5.0255 -0.4122 -0.6949, -5.0492 -0.4218 -0.6927, -5.0696 -0.4371 -0.6892, -5.0852 -0.457 -0.6847, -5.0951 -0.4801 -0.6794, -5.0984 -0.5049 -0.6737, -5.0951 -0.5298 -0.6681, -5.0852 -0.5529 -0.6628, -5.0696 -0.5728 -0.6582, -5.0492 -0.588 -0.6548, -5.0255 -0.5976 -0.6526, -5.0 -0.6082 -0.6726, -4.9745 -0.6052 -0.6741, -4.9508 -0.5963 -0.6783, -4.9304 -0.5822 -0.6851, -4.9148 -0.5638 -0.694, -4.9049 -0.5424 -0.7043, -4.9016 -0.5195 -0.7153, -4.9049 -0.4965 -0.7264, -4.9148 -0.4752 -0.7367, -4.9304 -0.4568 -0.7455, -4.9508 -0.4427 -0.7523, -4.9745 -0.4338 -0.7566, -5.0 -0.4308 -0.758, -5.0255 -0.4338 -0.7566, -5.0492 -0.4427 -0.7523, -5.0696 -0.4568 -0.7455, -5.0852 -0.4752 -0.7367, -5.0951 -0.4965 -0.7264, -5.0984 -0.5195 -0.7153, -5.0951 -0.5424 -0.7043, -5.0852 -0.5638 -0.694, -5.0696 -0.5822 -0.6851, -5.0492 -0.5963 -0.6783, -5.0255 -0.6052 -0.6741, -5.0 -0.6199 -0.6913, -4.9745 -0.6173 -0.6934, -4.9508 -0.6096 -0.6995, -4.9304 -0.5974 -0.7093, -4.9148 -0.5814 -0.722, -4.9049 -0.5629 -0.7368, -4.9016 -0.5429 -0.7527, -4.9049 -0.523 -0.7685, -4.9148 -0.5045 -0.7833, -4.9304 -0.4885 -0.796, -4.9508 -0.4763 -0.8058, -4.9745 -0.4686 -0.8119, -5.0 -0.466 -0.814, -5.0255 -0.4686 -0.8119, -5.0492 -0.4763 -0.8058, -5.0696 -0.4885 -0.796, -5.0852 -0.5045 -0.7833, -5.0951 -0.523 -0.7685, -5.0984 -0.5429 -0.7527, -5.0951 -0.5629 -0.7368, -5.0852 -0.5814 -0.722, -5.0696 -0.5974 -0.7093, -5.0492 -0.6096 -0.6995, -5.0255 -0.6173 -0.6934, -5.0 -0.6355 -0.7069, -4.9745 -0.6334 -0.7095, -4.9508 -0.6273 -0.7172, -4.9304 -0.6175 -0.7294, -4.9148 -0.6048 -0.7453, -4.9049 -0.59 -0.7639, -4.9016 -0.5741 -0.7838, -4.9049 -0.5582 -0.8037, -4.9148 -0.5434 -0.8223, -4.9304 -0.5307 -0.8382, -4.9508 -0.521 -0.8505, -4.9745 -0.5148 -0.8582, -5.0 -0.5127 -0.8608, -5.0255 -0.5148 -0.8582, -5.0492 -0.521 -0.8505, -5.0696 -0.5307 -0.8382, -5.0852 -0.5434 -0.8223, -5.0951 -0.5582 -0.8037, -5.0984 -0.5741 -0.7838, -5.0951 -0.59 -0.7639, -5.0852 -0.6048 -0.7453, -5.0696 -0.6175 -0.7294, -5.0492 -0.6273 -0.7172, -5.0255 -0.6334 -0.7095, -5.0 -0.6541 -0.7186, -4.9745 -0.6527 -0.7216, -4.9508 -0.6484 -0.7305, -4.9304 -0.6416 -0.7446, -4.9148 -0.6328 -0.7629, -4.9049 -0.6225 -0.7843, -4.9016 -0.6114 -0.8073, -4.9049 -0.6004 -0.8302, -4.9148 -0.5901 -0.8516, -4.9304 -0.5812 -0.87, -4.9508 -0.5745 -0.8841, -4.9745 -0.5702 -0.8929, -5.0 -0.5687 -0.896, -5.0255 -0.5702 -0.8929, -5.0492 -0.5745 -0.8841, -5.0696 -0.5812 -0.87, -5.0852 -0.5901 -0.8516, -5.0951 -0.6004 -0.8302, -5.0984 -0.6114 -0.8073, -5.0951 -0.6225 -0.7843, -5.0852 -0.6328 -0.7629, -5.0696 -0.6416 -0.7446, -5.0492 -0.6484 -0.7305, -5.0255 -0.6527 -0.7216, -5.0 -0.6749 -0.7259, -4.9745 -0.6742 -0.7291, -4.9508 -0.672 -0.7387, -4.9304 -0.6685 -0.754, -4.9148 -0.664 -0.7739, -4.9049 -0.6587 -0.797, -4.9016 -0.653 -0.8218, -4.9049 -0.6474 -0.8467, -4.9148 -0.6421 -0.8698, -4.9304 -0.6376 -0.8897, -4.9508 -0.6341 -0.9049, -4.9745 -0.6319 -0.9145, -5.0 -0.6311 -0.9178, -5.0255 -0.6319 -0.9145, -5.0492 -0.6341 -0.9049, -5.0696 -0.6376 -0.8897, -5.0852 -0.6421 -0.8698, -5.0951 -0.6474 -0.8467, -5.0984 -0.653 -0.8218, -5.0951 -0.6587 -0.797, -5.0852 -0.664 -0.7739, -5.0696 -0.6685 -0.754, -5.0492 -0.672 -0.7387, -5.0255 -0.6742 -0.7291, -5.0 -0.6969 -0.7283, -4.9745 -0.6969 -0.7317, -4.9508 -0.6969 -0.7415, -4.9304 -0.6969 -0.7572, -4.9148 -0.6969 -0.7776, -4.9049 -0.6969 -0.8013, -4.9016 -0.6969 -0.8268, -4.9049 -0.6969 -0.8522, -4.9148 -0.6969 -0.876, -4.9304 -0.6969 -0.8964, -4.9508 -0.6969 -0.912, -4.9745 -0.6969 -0.9218, -5.0 -0.6969 -0.9252, -5.0255 -0.6969 -0.9218, -5.0492 -0.6969 -0.912, -5.0696 -0.6969 -0.8964, -5.0852 -0.6969 -0.876, -5.0951 -0.6969 -0.8522, -5.0984 -0.6969 -0.8268, -5.0951 -0.6969 -0.8013, -5.0852 -0.6969 -0.7776, -5.0696 -0.6969 -0.7572, -5.0492 -0.6969 -0.7415, -5.0255 -0.6969 -0.7317, -4.6457 -0.5 -0.2756, -4.7718 -0.4389 -0.3937, -4.6577 -0.4083 -0.2756, -4.7954 -0.3819 -0.3937, -4.6931 -0.3228 -0.2756, -4.833 -0.333 -0.3937, -4.7495 -0.2495 -0.2756, -4.8819 -0.2954 -0.3937, -4.8228 -0.1931 -0.2756, -4.9389 -0.2718 -0.3937, -4.9083 -0.1577 -0.2756, -5.0 -0.2638 -0.3937, -5.0 -0.1457 -0.2756, -5.0611 -0.2718 -0.3937, -5.0917 -0.1577 -0.2756, -5.1181 -0.2954 -0.3937, -5.1772 -0.1931 -0.2756, -5.167 -0.333 -0.3937, -5.2505 -0.2495 -0.2756, -5.2046 -0.3819 -0.3937, -5.3069 -0.3228 -0.2756, -5.2282 -0.4389 -0.3937, -5.3423 -0.4083 -0.2756, -5.2362 -0.5 -0.3937, -5.3543 -0.5 -0.2756, -5.2282 -0.5611 -0.3937, -5.3423 -0.5917 -0.2756, -5.2046 -0.6181 -0.3937, -5.3069 -0.6772 -0.2756, -5.167 -0.667 -0.3937, -5.2505 -0.7505 -0.2756, -5.1181 -0.7046 -0.3937, -5.1772 -0.8069 -0.2756, -5.0611 -0.7282 -0.3937, -5.0917 -0.8423 -0.2756, -5.0 -0.7362 -0.3937, -5.0 -0.8543 -0.2756, -4.9389 -0.7282 -0.3937, -4.9083 -0.8423 -0.2756, -4.8819 -0.7046 -0.3937, -4.8228 -0.8069 -0.2756, -4.833 -0.667 -0.3937, -4.7495 -0.7505 -0.2756, -4.7954 -0.6181 -0.3937, -4.6931 -0.6772 -0.2756, -4.7718 -0.5611 -0.3937, -4.6577 -0.5917 -0.2756, -4.7638 -0.5 -0.3937, -4.6457 -0.5 0.0, -4.6577 -0.4083 0.0, -4.6931 -0.3228 0.0, -4.7495 -0.2495 0.0, -4.8228 -0.1931 0.0, -4.9083 -0.1577 0.0, -5.0 -0.1457 0.0, -5.0917 -0.1577 0.0, -5.1772 -0.1931 0.0, -5.2505 -0.2495 0.0, -5.3069 -0.3228 0.0, -5.3423 -0.4083 0.0, -5.3543 -0.5 0.0, -5.3423 -0.5917 0.0, -5.3069 -0.6772 0.0, -5.2505 -0.7505 0.0, -5.1772 -0.8069 0.0, -5.0917 -0.8423 0.0, -5.0 -0.8543 0.0, -4.9083 -0.8423 0.0, -4.8228 -0.8069 0.0, -4.7495 -0.7505 0.0, -4.6931 -0.6772 0.0, -4.6577 -0.5917 0.0, -4.8792 -0.4676 0.3976, -4.6958 -0.4185 1.1063, -4.8917 -0.4375 0.3976, -4.7272 -0.3425 1.1063, -4.9116 -0.4116 0.3976, -4.7773 -0.2773 1.1063, -4.9375 -0.3917 0.3976, -4.8425 -0.2272 1.1063, -4.9676 -0.3792 0.3976, -4.9185 -0.1958 1.1063, -5.0 -0.3749 0.3976, -5.0 -0.185 1.1063, -5.0324 -0.3792 0.3976, -5.0815 -0.1958 1.1063, -5.0625 -0.3917 0.3976, -5.1575 -0.2272 1.1063, -5.0884 -0.4116 0.3976, -5.2227 -0.2773 1.1063, -5.1083 -0.4375 0.3976, -5.2728 -0.3425 1.1063, -5.1208 -0.4676 0.3976, -5.3042 -0.4185 1.1063, -5.1251 -0.5 0.3976, -5.315 -0.5 1.1063, -5.1208 -0.5324 0.3976, -5.3042 -0.5815 1.1063, -5.1083 -0.5625 0.3976, -5.2728 -0.6575 1.1063, -5.0884 -0.5884 0.3976, -5.2227 -0.7227 1.1063, -5.0625 -0.6083 0.3976, -5.1575 -0.7728 1.1063, -5.0324 -0.6208 0.3976, -5.0815 -0.8042 1.1063, -5.0 -0.6251 0.3976, -5.0 -0.815 1.1063, -4.9676 -0.6208 0.3976, -4.9185 -0.8042 1.1063, -4.9375 -0.6083 0.3976, -4.8425 -0.7728 1.1063, -4.9116 -0.5884 0.3976, -4.7773 -0.7227 1.1063, -4.8917 -0.5625 0.3976, -4.7272 -0.6575 1.1063, -4.8792 -0.5324 0.3976, -4.6958 -0.5815 1.1063, -4.8749 -0.5 0.3976, -4.685 -0.5 1.1063, -4.685 -0.5 1.185, -4.6958 -0.4185 1.185, -4.7272 -0.3425 1.185, -4.7773 -0.2773 1.185, -4.8425 -0.2272 1.185, -4.9185 -0.1958 1.185, -5.0 -0.185 1.185, -5.0815 -0.1958 1.185, -5.1575 -0.2272 1.185, -5.2227 -0.2773 1.185, -5.2728 -0.3425 1.185, -5.3042 -0.4185 1.185, -5.315 -0.5 1.185, -5.3042 -0.5815 1.185, -5.2728 -0.6575 1.185, -5.2227 -0.7227 1.185, -5.1575 -0.7728 1.185, -5.0815 -0.8042 1.185, -5.0 -0.815 1.185, -4.9185 -0.8042 1.185, -4.8425 -0.7728 1.185, -4.7773 -0.7227 1.185, -4.7272 -0.6575 1.185, -4.6958 -0.5815 1.185, -5.0 -0.5 0.3976, -5.3543 -0.5 1.1811, -5.3423 -0.4083 1.185, -5.3423 -0.4083 1.1811, -5.3069 -0.3228 1.185, -5.3069 -0.3228 1.1811, -5.2505 -0.2495 1.185, -5.2505 -0.2495 1.1811, -5.1772 -0.1931 1.185, -5.1772 -0.1931 1.1811, -5.0917 -0.1577 1.185, -5.0917 -0.1577 1.1811, -5.0 -0.1457 1.185, -5.0 -0.1457 1.1811, -4.9083 -0.1577 1.185, -4.9083 -0.1577 1.1811, -4.8228 -0.1931 1.185, -4.8228 -0.1931 1.1811, -4.7495 -0.2495 1.185, -4.7495 -0.2495 1.1811, -4.6931 -0.3228 1.185, -4.6931 -0.3228 1.1811, -4.6577 -0.4083 1.185, -4.6577 -0.4083 1.1811, -4.6457 -0.5 1.185, -4.6457 -0.5 1.1811, -4.6577 -0.5917 1.185, -4.6577 -0.5917 1.1811, -4.6931 -0.6772 1.185, -4.6931 -0.6772 1.1811, -4.7495 -0.7505 1.185, -4.7495 -0.7505 1.1811, -4.8228 -0.8069 1.185, -4.8228 -0.8069 1.1811, -4.9083 -0.8423 1.185, -4.9083 -0.8423 1.1811, -5.0 -0.8543 1.185, -5.0 -0.8543 1.1811, -5.0917 -0.8423 1.185, -5.0917 -0.8423 1.1811, -5.1772 -0.8069 1.185, -5.1772 -0.8069 1.1811, -5.2505 -0.7505 1.185, -5.2505 -0.7505 1.1811, -5.3069 -0.6772 1.185, -5.3069 -0.6772 1.1811, -5.3423 -0.5917 1.185, -5.3423 -0.5917 1.1811, -5.3543 -0.5 1.185, -4.0 -1.3976 -0.9252, -4.0251 -1.4078 -0.9205, -4.0255 -1.3976 -0.9218, -4.0485 -1.4078 -0.9108, -4.0492 -1.3976 -0.912, -4.0686 -1.4078 -0.8954, -4.0696 -1.3976 -0.8964, -4.0841 -1.4078 -0.8753, -4.0852 -1.3976 -0.876, -4.0938 -1.4078 -0.8519, -4.0951 -1.3976 -0.8522, -4.0971 -1.4078 -0.8268, -4.0984 -1.3976 -0.8268, -4.0938 -1.4078 -0.8016, -4.0951 -1.3976 -0.8013, -4.0841 -1.4078 -0.7782, -4.0852 -1.3976 -0.7776, -4.0686 -1.4078 -0.7581, -4.0696 -1.3976 -0.7572, -4.0485 -1.4078 -0.7427, -4.0492 -1.3976 -0.7415, -4.0251 -1.4078 -0.733, -4.0255 -1.3976 -0.7317, -4.0 -1.4078 -0.7297, -4.0 -1.3976 -0.7283, -3.9749 -1.4078 -0.733, -3.9745 -1.3976 -0.7317, -3.9515 -1.4078 -0.7427, -3.9508 -1.3976 -0.7415, -3.9314 -1.4078 -0.7581, -3.9304 -1.3976 -0.7572, -3.9159 -1.4078 -0.7782, -3.9148 -1.3976 -0.7776, -3.9062 -1.4078 -0.8016, -3.9049 -1.3976 -0.8013, -3.9029 -1.4078 -0.8268, -3.9016 -1.3976 -0.8268, -3.9062 -1.4078 -0.8519, -3.9049 -1.3976 -0.8522, -3.9159 -1.4078 -0.8753, -3.9148 -1.3976 -0.876, -3.9314 -1.4078 -0.8954, -3.9304 -1.3976 -0.8964, -3.9515 -1.4078 -0.9108, -3.9508 -1.3976 -0.912, -3.9749 -1.4078 -0.9205, -3.9745 -1.3976 -0.9218, -4.0 -1.4078 -0.9239, -4.0241 -1.4173 -0.9167, -4.0466 -1.4173 -0.9074, -4.0659 -1.4173 -0.8926, -4.0807 -1.4173 -0.8733, -4.09 -1.4173 -0.8509, -4.0932 -1.4173 -0.8268, -4.09 -1.4173 -0.8027, -4.0807 -1.4173 -0.7802, -4.0659 -1.4173 -0.7609, -4.0466 -1.4173 -0.7461, -4.0241 -1.4173 -0.7368, -4.0 -1.4173 -0.7336, -3.9759 -1.4173 -0.7368, -3.9534 -1.4173 -0.7461, -3.9341 -1.4173 -0.7609, -3.9193 -1.4173 -0.7802, -3.91 -1.4173 -0.8027, -3.9068 -1.4173 -0.8268, -3.91 -1.4173 -0.8509, -3.9193 -1.4173 -0.8733, -3.9341 -1.4173 -0.8926, -3.9534 -1.4173 -0.9074, -3.9759 -1.4173 -0.9167, -4.0 -1.4173 -0.9199, -4.0225 -1.4255 -0.9107, -4.0434 -1.4255 -0.902, -4.0614 -1.4255 -0.8882, -4.0753 -1.4255 -0.8702, -4.0839 -1.4255 -0.8493, -4.0869 -1.4255 -0.8268, -4.0839 -1.4255 -0.8043, -4.0753 -1.4255 -0.7833, -4.0614 -1.4255 -0.7653, -4.0434 -1.4255 -0.7515, -4.0225 -1.4255 -0.7428, -4.0 -1.4255 -0.7399, -3.9775 -1.4255 -0.7428, -3.9566 -1.4255 -0.7515, -3.9386 -1.4255 -0.7653, -3.9247 -1.4255 -0.7833, -3.9161 -1.4255 -0.8043, -3.9131 -1.4255 -0.8268, -3.9161 -1.4255 -0.8493, -3.9247 -1.4255 -0.8702, -3.9386 -1.4255 -0.8882, -3.9566 -1.4255 -0.902, -3.9775 -1.4255 -0.9107, -4.0 -1.4255 -0.9137, -4.0204 -1.4317 -0.9028, -4.0394 -1.4317 -0.895, -4.0557 -1.4317 -0.8824, -4.0682 -1.4317 -0.8661, -4.0761 -1.4317 -0.8472, -4.0787 -1.4317 -0.8268, -4.0761 -1.4317 -0.8064, -4.0682 -1.4317 -0.7874, -4.0557 -1.4317 -0.7711, -4.0394 -1.4317 -0.7586, -4.0204 -1.4317 -0.7507, -4.0 -1.4317 -0.748, -3.9796 -1.4317 -0.7507, -3.9606 -1.4317 -0.7586, -3.9443 -1.4317 -0.7711, -3.9318 -1.4317 -0.7874, -3.9239 -1.4317 -0.8064, -3.9213 -1.4317 -0.8268, -3.9239 -1.4317 -0.8472, -3.9318 -1.4317 -0.8661, -3.9443 -1.4317 -0.8824, -3.9606 -1.4317 -0.895, -3.9796 -1.4317 -0.9028, -4.0 -1.4317 -0.9055, -4.0179 -1.4357 -0.8937, -4.0346 -1.4357 -0.8867, -4.049 -1.4357 -0.8757, -4.06 -1.4357 -0.8614, -4.0669 -1.4357 -0.8447, -4.0692 -1.4357 -0.8268, -4.0669 -1.4357 -0.8088, -4.06 -1.4357 -0.7921, -4.049 -1.4357 -0.7778, -4.0346 -1.4357 -0.7668, -4.0179 -1.4357 -0.7599, -4.0 -1.4357 -0.7575, -3.9821 -1.4357 -0.7599, -3.9654 -1.4357 -0.7668, -3.951 -1.4357 -0.7778, -3.94 -1.4357 -0.7921, -3.9331 -1.4357 -0.8088, -3.9308 -1.4357 -0.8268, -3.9331 -1.4357 -0.8447, -3.94 -1.4357 -0.8614, -3.951 -1.4357 -0.8757, -3.9654 -1.4357 -0.8867, -3.9821 -1.4357 -0.8937, -4.0 -1.4357 -0.896, -4.0153 -1.437 -0.8838, -4.0295 -1.437 -0.8779, -4.0418 -1.437 -0.8685, -4.0511 -1.437 -0.8563, -4.057 -1.437 -0.8421, -4.0591 -1.437 -0.8268, -4.057 -1.437 -0.8115, -4.0511 -1.437 -0.7972, -4.0418 -1.437 -0.785, -4.0295 -1.437 -0.7756, -4.0153 -1.437 -0.7697, -4.0 -1.437 -0.7677, -3.9847 -1.437 -0.7697, -3.9705 -1.437 -0.7756, -3.9582 -1.437 -0.785, -3.9489 -1.437 -0.7972, -3.943 -1.437 -0.8115, -3.9409 -1.437 -0.8268, -3.943 -1.437 -0.8421, -3.9489 -1.437 -0.8563, -3.9582 -1.437 -0.8685, -3.9705 -1.437 -0.8779, -3.9847 -1.437 -0.8838, -4.0 -1.437 -0.8858, -4.0 -1.437 -0.8268, -4.0 -0.5984 -0.6299, -4.0255 -0.5951 -0.3937, -4.0255 -0.5951 -0.6299, -4.0492 -0.5852 -0.3937, -4.0492 -0.5852 -0.6299, -4.0696 -0.5696 -0.3937, -4.0696 -0.5696 -0.6299, -4.0852 -0.5492 -0.3937, -4.0852 -0.5492 -0.6299, -4.0951 -0.5255 -0.3937, -4.0951 -0.5255 -0.6299, -4.0984 -0.5 -0.3937, -4.0984 -0.5 -0.6299, -4.0951 -0.4745 -0.3937, -4.0951 -0.4745 -0.6299, -4.0852 -0.4508 -0.3937, -4.0852 -0.4508 -0.6299, -4.0696 -0.4304 -0.3937, -4.0696 -0.4304 -0.6299, -4.0492 -0.4148 -0.3937, -4.0492 -0.4148 -0.6299, -4.0255 -0.4049 -0.3937, -4.0255 -0.4049 -0.6299, -4.0 -0.4016 -0.3937, -4.0 -0.4016 -0.6299, -3.9745 -0.4049 -0.3937, -3.9745 -0.4049 -0.6299, -3.9508 -0.4148 -0.3937, -3.9508 -0.4148 -0.6299, -3.9304 -0.4304 -0.3937, -3.9304 -0.4304 -0.6299, -3.9148 -0.4508 -0.3937, -3.9148 -0.4508 -0.6299, -3.9049 -0.4745 -0.3937, -3.9049 -0.4745 -0.6299, -3.9016 -0.5 -0.3937, -3.9016 -0.5 -0.6299, -3.9049 -0.5255 -0.3937, -3.9049 -0.5255 -0.6299, -3.9148 -0.5492 -0.3937, -3.9148 -0.5492 -0.6299, -3.9304 -0.5696 -0.3937, -3.9304 -0.5696 -0.6299, -3.9508 -0.5852 -0.3937, -3.9508 -0.5852 -0.6299, -3.9745 -0.5951 -0.3937, -3.9745 -0.5951 -0.6299, -4.0 -0.5984 -0.3937, -4.0 -0.6009 -0.6518, -3.9745 -0.5976 -0.6526, -3.9508 -0.588 -0.6548, -3.9304 -0.5728 -0.6582, -3.9148 -0.5529 -0.6628, -3.9049 -0.5298 -0.6681, -3.9016 -0.5049 -0.6737, -3.9049 -0.4801 -0.6794, -3.9148 -0.457 -0.6847, -3.9304 -0.4371 -0.6892, -3.9508 -0.4218 -0.6927, -3.9745 -0.4122 -0.6949, -4.0 -0.409 -0.6956, -4.0255 -0.4122 -0.6949, -4.0492 -0.4218 -0.6927, -4.0696 -0.4371 -0.6892, -4.0852 -0.457 -0.6847, -4.0951 -0.4801 -0.6794, -4.0984 -0.5049 -0.6737, -4.0951 -0.5298 -0.6681, -4.0852 -0.5529 -0.6628, -4.0696 -0.5728 -0.6582, -4.0492 -0.588 -0.6548, -4.0255 -0.5976 -0.6526, -4.0 -0.6082 -0.6726, -3.9745 -0.6052 -0.6741, -3.9508 -0.5963 -0.6783, -3.9304 -0.5822 -0.6851, -3.9148 -0.5638 -0.694, -3.9049 -0.5424 -0.7043, -3.9016 -0.5195 -0.7153, -3.9049 -0.4965 -0.7264, -3.9148 -0.4752 -0.7367, -3.9304 -0.4568 -0.7455, -3.9508 -0.4427 -0.7523, -3.9745 -0.4338 -0.7566, -4.0 -0.4308 -0.758, -4.0255 -0.4338 -0.7566, -4.0492 -0.4427 -0.7523, -4.0696 -0.4568 -0.7455, -4.0852 -0.4752 -0.7367, -4.0951 -0.4965 -0.7264, -4.0984 -0.5195 -0.7153, -4.0951 -0.5424 -0.7043, -4.0852 -0.5638 -0.694, -4.0696 -0.5822 -0.6851, -4.0492 -0.5963 -0.6783, -4.0255 -0.6052 -0.6741, -4.0 -0.6199 -0.6913, -3.9745 -0.6173 -0.6934, -3.9508 -0.6096 -0.6995, -3.9304 -0.5974 -0.7093, -3.9148 -0.5814 -0.722, -3.9049 -0.5629 -0.7368, -3.9016 -0.5429 -0.7527, -3.9049 -0.523 -0.7685, -3.9148 -0.5045 -0.7833, -3.9304 -0.4885 -0.796, -3.9508 -0.4763 -0.8058, -3.9745 -0.4686 -0.8119, -4.0 -0.466 -0.814, -4.0255 -0.4686 -0.8119, -4.0492 -0.4763 -0.8058, -4.0696 -0.4885 -0.796, -4.0852 -0.5045 -0.7833, -4.0951 -0.523 -0.7685, -4.0984 -0.5429 -0.7527, -4.0951 -0.5629 -0.7368, -4.0852 -0.5814 -0.722, -4.0696 -0.5974 -0.7093, -4.0492 -0.6096 -0.6995, -4.0255 -0.6173 -0.6934, -4.0 -0.6355 -0.7069, -3.9745 -0.6334 -0.7095, -3.9508 -0.6273 -0.7172, -3.9304 -0.6175 -0.7294, -3.9148 -0.6048 -0.7453, -3.9049 -0.59 -0.7639, -3.9016 -0.5741 -0.7838, -3.9049 -0.5582 -0.8037, -3.9148 -0.5434 -0.8223, -3.9304 -0.5307 -0.8382, -3.9508 -0.521 -0.8505, -3.9745 -0.5148 -0.8582, -4.0 -0.5127 -0.8608, -4.0255 -0.5148 -0.8582, -4.0492 -0.521 -0.8505, -4.0696 -0.5307 -0.8382, -4.0852 -0.5434 -0.8223, -4.0951 -0.5582 -0.8037, -4.0984 -0.5741 -0.7838, -4.0951 -0.59 -0.7639, -4.0852 -0.6048 -0.7453, -4.0696 -0.6175 -0.7294, -4.0492 -0.6273 -0.7172, -4.0255 -0.6334 -0.7095, -4.0 -0.6541 -0.7186, -3.9745 -0.6527 -0.7216, -3.9508 -0.6484 -0.7305, -3.9304 -0.6416 -0.7446, -3.9148 -0.6328 -0.7629, -3.9049 -0.6225 -0.7843, -3.9016 -0.6114 -0.8073, -3.9049 -0.6004 -0.8302, -3.9148 -0.5901 -0.8516, -3.9304 -0.5812 -0.87, -3.9508 -0.5745 -0.8841, -3.9745 -0.5702 -0.8929, -4.0 -0.5687 -0.896, -4.0255 -0.5702 -0.8929, -4.0492 -0.5745 -0.8841, -4.0696 -0.5812 -0.87, -4.0852 -0.5901 -0.8516, -4.0951 -0.6004 -0.8302, -4.0984 -0.6114 -0.8073, -4.0951 -0.6225 -0.7843, -4.0852 -0.6328 -0.7629, -4.0696 -0.6416 -0.7446, -4.0492 -0.6484 -0.7305, -4.0255 -0.6527 -0.7216, -4.0 -0.6749 -0.7259, -3.9745 -0.6742 -0.7291, -3.9508 -0.672 -0.7387, -3.9304 -0.6685 -0.754, -3.9148 -0.664 -0.7739, -3.9049 -0.6587 -0.797, -3.9016 -0.653 -0.8218, -3.9049 -0.6474 -0.8467, -3.9148 -0.6421 -0.8698, -3.9304 -0.6376 -0.8897, -3.9508 -0.6341 -0.9049, -3.9745 -0.6319 -0.9145, -4.0 -0.6311 -0.9178, -4.0255 -0.6319 -0.9145, -4.0492 -0.6341 -0.9049, -4.0696 -0.6376 -0.8897, -4.0852 -0.6421 -0.8698, -4.0951 -0.6474 -0.8467, -4.0984 -0.653 -0.8218, -4.0951 -0.6587 -0.797, -4.0852 -0.664 -0.7739, -4.0696 -0.6685 -0.754, -4.0492 -0.672 -0.7387, -4.0255 -0.6742 -0.7291, -4.0 -0.6969 -0.7283, -3.9745 -0.6969 -0.7317, -3.9508 -0.6969 -0.7415, -3.9304 -0.6969 -0.7572, -3.9148 -0.6969 -0.7776, -3.9049 -0.6969 -0.8013, -3.9016 -0.6969 -0.8268, -3.9049 -0.6969 -0.8522, -3.9148 -0.6969 -0.876, -3.9304 -0.6969 -0.8964, -3.9508 -0.6969 -0.912, -3.9745 -0.6969 -0.9218, -4.0 -0.6969 -0.9252, -4.0255 -0.6969 -0.9218, -4.0492 -0.6969 -0.912, -4.0696 -0.6969 -0.8964, -4.0852 -0.6969 -0.876, -4.0951 -0.6969 -0.8522, -4.0984 -0.6969 -0.8268, -4.0951 -0.6969 -0.8013, -4.0852 -0.6969 -0.7776, -4.0696 -0.6969 -0.7572, -4.0492 -0.6969 -0.7415, -4.0255 -0.6969 -0.7317, -3.6457 -0.5 -0.2756, -3.7718 -0.4389 -0.3937, -3.6577 -0.4083 -0.2756, -3.7954 -0.3819 -0.3937, -3.6931 -0.3228 -0.2756, -3.833 -0.333 -0.3937, -3.7495 -0.2495 -0.2756, -3.8819 -0.2954 -0.3937, -3.8228 -0.1931 -0.2756, -3.9389 -0.2718 -0.3937, -3.9083 -0.1577 -0.2756, -4.0 -0.2638 -0.3937, -4.0 -0.1457 -0.2756, -4.0611 -0.2718 -0.3937, -4.0917 -0.1577 -0.2756, -4.1181 -0.2954 -0.3937, -4.1772 -0.1931 -0.2756, -4.167 -0.333 -0.3937, -4.2505 -0.2495 -0.2756, -4.2046 -0.3819 -0.3937, -4.3069 -0.3228 -0.2756, -4.2282 -0.4389 -0.3937, -4.3423 -0.4083 -0.2756, -4.2362 -0.5 -0.3937, -4.3543 -0.5 -0.2756, -4.2282 -0.5611 -0.3937, -4.3423 -0.5917 -0.2756, -4.2046 -0.6181 -0.3937, -4.3069 -0.6772 -0.2756, -4.167 -0.667 -0.3937, -4.2505 -0.7505 -0.2756, -4.1181 -0.7046 -0.3937, -4.1772 -0.8069 -0.2756, -4.0611 -0.7282 -0.3937, -4.0917 -0.8423 -0.2756, -4.0 -0.7362 -0.3937, -4.0 -0.8543 -0.2756, -3.9389 -0.7282 -0.3937, -3.9083 -0.8423 -0.2756, -3.8819 -0.7046 -0.3937, -3.8228 -0.8069 -0.2756, -3.833 -0.667 -0.3937, -3.7495 -0.7505 -0.2756, -3.7954 -0.6181 -0.3937, -3.6931 -0.6772 -0.2756, -3.7718 -0.5611 -0.3937, -3.6577 -0.5917 -0.2756, -3.7638 -0.5 -0.3937, -3.6457 -0.5 0.0, -3.6577 -0.4083 0.0, -3.6931 -0.3228 0.0, -3.7495 -0.2495 0.0, -3.8228 -0.1931 0.0, -3.9083 -0.1577 0.0, -4.0 -0.1457 0.0, -4.0917 -0.1577 0.0, -4.1772 -0.1931 0.0, -4.2505 -0.2495 0.0, -4.3069 -0.3228 0.0, -4.3423 -0.4083 0.0, -4.3543 -0.5 0.0, -4.3423 -0.5917 0.0, -4.3069 -0.6772 0.0, -4.2505 -0.7505 0.0, -4.1772 -0.8069 0.0, -4.0917 -0.8423 0.0, -4.0 -0.8543 0.0, -3.9083 -0.8423 0.0, -3.8228 -0.8069 0.0, -3.7495 -0.7505 0.0, -3.6931 -0.6772 0.0, -3.6577 -0.5917 0.0, -3.8792 -0.4676 0.3976, -3.6958 -0.4185 1.1063, -3.8917 -0.4375 0.3976, -3.7272 -0.3425 1.1063, -3.9116 -0.4116 0.3976, -3.7773 -0.2773 1.1063, -3.9375 -0.3917 0.3976, -3.8425 -0.2272 1.1063, -3.9676 -0.3792 0.3976, -3.9185 -0.1958 1.1063, -4.0 -0.3749 0.3976, -4.0 -0.185 1.1063, -4.0324 -0.3792 0.3976, -4.0815 -0.1958 1.1063, -4.0625 -0.3917 0.3976, -4.1575 -0.2272 1.1063, -4.0884 -0.4116 0.3976, -4.2227 -0.2773 1.1063, -4.1083 -0.4375 0.3976, -4.2728 -0.3425 1.1063, -4.1208 -0.4676 0.3976, -4.3042 -0.4185 1.1063, -4.1251 -0.5 0.3976, -4.315 -0.5 1.1063, -4.1208 -0.5324 0.3976, -4.3042 -0.5815 1.1063, -4.1083 -0.5625 0.3976, -4.2728 -0.6575 1.1063, -4.0884 -0.5884 0.3976, -4.2227 -0.7227 1.1063, -4.0625 -0.6083 0.3976, -4.1575 -0.7728 1.1063, -4.0324 -0.6208 0.3976, -4.0815 -0.8042 1.1063, -4.0 -0.6251 0.3976, -4.0 -0.815 1.1063, -3.9676 -0.6208 0.3976, -3.9185 -0.8042 1.1063, -3.9375 -0.6083 0.3976, -3.8425 -0.7728 1.1063, -3.9116 -0.5884 0.3976, -3.7773 -0.7227 1.1063, -3.8917 -0.5625 0.3976, -3.7272 -0.6575 1.1063, -3.8792 -0.5324 0.3976, -3.6958 -0.5815 1.1063, -3.8749 -0.5 0.3976, -3.685 -0.5 1.1063, -3.685 -0.5 1.185, -3.6958 -0.4185 1.185, -3.7272 -0.3425 1.185, -3.7773 -0.2773 1.185, -3.8425 -0.2272 1.185, -3.9185 -0.1958 1.185, -4.0 -0.185 1.185, -4.0815 -0.1958 1.185, -4.1575 -0.2272 1.185, -4.2227 -0.2773 1.185, -4.2728 -0.3425 1.185, -4.3042 -0.4185 1.185, -4.315 -0.5 1.185, -4.3042 -0.5815 1.185, -4.2728 -0.6575 1.185, -4.2227 -0.7227 1.185, -4.1575 -0.7728 1.185, -4.0815 -0.8042 1.185, -4.0 -0.815 1.185, -3.9185 -0.8042 1.185, -3.8425 -0.7728 1.185, -3.7773 -0.7227 1.185, -3.7272 -0.6575 1.185, -3.6958 -0.5815 1.185, -4.0 -0.5 0.3976, -4.3543 -0.5 1.1811, -4.3423 -0.4083 1.185, -4.3423 -0.4083 1.1811, -4.3069 -0.3228 1.185, -4.3069 -0.3228 1.1811, -4.2505 -0.2495 1.185, -4.2505 -0.2495 1.1811, -4.1772 -0.1931 1.185, -4.1772 -0.1931 1.1811, -4.0917 -0.1577 1.185, -4.0917 -0.1577 1.1811, -4.0 -0.1457 1.185, -4.0 -0.1457 1.1811, -3.9083 -0.1577 1.185, -3.9083 -0.1577 1.1811, -3.8228 -0.1931 1.185, -3.8228 -0.1931 1.1811, -3.7495 -0.2495 1.185, -3.7495 -0.2495 1.1811, -3.6931 -0.3228 1.185, -3.6931 -0.3228 1.1811, -3.6577 -0.4083 1.185, -3.6577 -0.4083 1.1811, -3.6457 -0.5 1.185, -3.6457 -0.5 1.1811, -3.6577 -0.5917 1.185, -3.6577 -0.5917 1.1811, -3.6931 -0.6772 1.185, -3.6931 -0.6772 1.1811, -3.7495 -0.7505 1.185, -3.7495 -0.7505 1.1811, -3.8228 -0.8069 1.185, -3.8228 -0.8069 1.1811, -3.9083 -0.8423 1.185, -3.9083 -0.8423 1.1811, -4.0 -0.8543 1.185, -4.0 -0.8543 1.1811, -4.0917 -0.8423 1.185, -4.0917 -0.8423 1.1811, -4.1772 -0.8069 1.185, -4.1772 -0.8069 1.1811, -4.2505 -0.7505 1.185, -4.2505 -0.7505 1.1811, -4.3069 -0.6772 1.185, -4.3069 -0.6772 1.1811, -4.3423 -0.5917 1.185, -4.3423 -0.5917 1.1811, -4.3543 -0.5 1.185, -3.0 -1.3976 -0.9252, -3.0251 -1.4078 -0.9205, -3.0255 -1.3976 -0.9218, -3.0485 -1.4078 -0.9108, -3.0492 -1.3976 -0.912, -3.0686 -1.4078 -0.8954, -3.0696 -1.3976 -0.8964, -3.0841 -1.4078 -0.8753, -3.0852 -1.3976 -0.876, -3.0938 -1.4078 -0.8519, -3.0951 -1.3976 -0.8522, -3.0971 -1.4078 -0.8268, -3.0984 -1.3976 -0.8268, -3.0938 -1.4078 -0.8016, -3.0951 -1.3976 -0.8013, -3.0841 -1.4078 -0.7782, -3.0852 -1.3976 -0.7776, -3.0686 -1.4078 -0.7581, -3.0696 -1.3976 -0.7572, -3.0485 -1.4078 -0.7427, -3.0492 -1.3976 -0.7415, -3.0251 -1.4078 -0.733, -3.0255 -1.3976 -0.7317, -3.0 -1.4078 -0.7297, -3.0 -1.3976 -0.7283, -2.9749 -1.4078 -0.733, -2.9745 -1.3976 -0.7317, -2.9515 -1.4078 -0.7427, -2.9508 -1.3976 -0.7415, -2.9314 -1.4078 -0.7581, -2.9304 -1.3976 -0.7572, -2.9159 -1.4078 -0.7782, -2.9148 -1.3976 -0.7776, -2.9062 -1.4078 -0.8016, -2.9049 -1.3976 -0.8013, -2.9029 -1.4078 -0.8268, -2.9016 -1.3976 -0.8268, -2.9062 -1.4078 -0.8519, -2.9049 -1.3976 -0.8522, -2.9159 -1.4078 -0.8753, -2.9148 -1.3976 -0.876, -2.9314 -1.4078 -0.8954, -2.9304 -1.3976 -0.8964, -2.9515 -1.4078 -0.9108, -2.9508 -1.3976 -0.912, -2.9749 -1.4078 -0.9205, -2.9745 -1.3976 -0.9218, -3.0 -1.4078 -0.9239, -3.0241 -1.4173 -0.9167, -3.0466 -1.4173 -0.9074, -3.0659 -1.4173 -0.8926, -3.0807 -1.4173 -0.8733, -3.09 -1.4173 -0.8509, -3.0932 -1.4173 -0.8268, -3.09 -1.4173 -0.8027, -3.0807 -1.4173 -0.7802, -3.0659 -1.4173 -0.7609, -3.0466 -1.4173 -0.7461, -3.0241 -1.4173 -0.7368, -3.0 -1.4173 -0.7336, -2.9759 -1.4173 -0.7368, -2.9534 -1.4173 -0.7461, -2.9341 -1.4173 -0.7609, -2.9193 -1.4173 -0.7802, -2.91 -1.4173 -0.8027, -2.9068 -1.4173 -0.8268, -2.91 -1.4173 -0.8509, -2.9193 -1.4173 -0.8733, -2.9341 -1.4173 -0.8926, -2.9534 -1.4173 -0.9074, -2.9759 -1.4173 -0.9167, -3.0 -1.4173 -0.9199, -3.0225 -1.4255 -0.9107, -3.0434 -1.4255 -0.902, -3.0614 -1.4255 -0.8882, -3.0753 -1.4255 -0.8702, -3.0839 -1.4255 -0.8493, -3.0869 -1.4255 -0.8268, -3.0839 -1.4255 -0.8043, -3.0753 -1.4255 -0.7833, -3.0614 -1.4255 -0.7653, -3.0434 -1.4255 -0.7515, -3.0225 -1.4255 -0.7428, -3.0 -1.4255 -0.7399, -2.9775 -1.4255 -0.7428, -2.9566 -1.4255 -0.7515, -2.9386 -1.4255 -0.7653, -2.9247 -1.4255 -0.7833, -2.9161 -1.4255 -0.8043, -2.9131 -1.4255 -0.8268, -2.9161 -1.4255 -0.8493, -2.9247 -1.4255 -0.8702, -2.9386 -1.4255 -0.8882, -2.9566 -1.4255 -0.902, -2.9775 -1.4255 -0.9107, -3.0 -1.4255 -0.9137, -3.0204 -1.4317 -0.9028, -3.0394 -1.4317 -0.895, -3.0557 -1.4317 -0.8824, -3.0682 -1.4317 -0.8661, -3.0761 -1.4317 -0.8472, -3.0787 -1.4317 -0.8268, -3.0761 -1.4317 -0.8064, -3.0682 -1.4317 -0.7874, -3.0557 -1.4317 -0.7711, -3.0394 -1.4317 -0.7586, -3.0204 -1.4317 -0.7507, -3.0 -1.4317 -0.748, -2.9796 -1.4317 -0.7507, -2.9606 -1.4317 -0.7586, -2.9443 -1.4317 -0.7711, -2.9318 -1.4317 -0.7874, -2.9239 -1.4317 -0.8064, -2.9213 -1.4317 -0.8268, -2.9239 -1.4317 -0.8472, -2.9318 -1.4317 -0.8661, -2.9443 -1.4317 -0.8824, -2.9606 -1.4317 -0.895, -2.9796 -1.4317 -0.9028, -3.0 -1.4317 -0.9055, -3.0179 -1.4357 -0.8937, -3.0346 -1.4357 -0.8867, -3.049 -1.4357 -0.8757, -3.06 -1.4357 -0.8614, -3.0669 -1.4357 -0.8447, -3.0692 -1.4357 -0.8268, -3.0669 -1.4357 -0.8088, -3.06 -1.4357 -0.7921, -3.049 -1.4357 -0.7778, -3.0346 -1.4357 -0.7668, -3.0179 -1.4357 -0.7599, -3.0 -1.4357 -0.7575, -2.9821 -1.4357 -0.7599, -2.9654 -1.4357 -0.7668, -2.951 -1.4357 -0.7778, -2.94 -1.4357 -0.7921, -2.9331 -1.4357 -0.8088, -2.9308 -1.4357 -0.8268, -2.9331 -1.4357 -0.8447, -2.94 -1.4357 -0.8614, -2.951 -1.4357 -0.8757, -2.9654 -1.4357 -0.8867, -2.9821 -1.4357 -0.8937, -3.0 -1.4357 -0.896, -3.0153 -1.437 -0.8838, -3.0295 -1.437 -0.8779, -3.0418 -1.437 -0.8685, -3.0511 -1.437 -0.8563, -3.057 -1.437 -0.8421, -3.0591 -1.437 -0.8268, -3.057 -1.437 -0.8115, -3.0511 -1.437 -0.7972, -3.0418 -1.437 -0.785, -3.0295 -1.437 -0.7756, -3.0153 -1.437 -0.7697, -3.0 -1.437 -0.7677, -2.9847 -1.437 -0.7697, -2.9705 -1.437 -0.7756, -2.9582 -1.437 -0.785, -2.9489 -1.437 -0.7972, -2.943 -1.437 -0.8115, -2.9409 -1.437 -0.8268, -2.943 -1.437 -0.8421, -2.9489 -1.437 -0.8563, -2.9582 -1.437 -0.8685, -2.9705 -1.437 -0.8779, -2.9847 -1.437 -0.8838, -3.0 -1.437 -0.8858, -3.0 -1.437 -0.8268, -3.0 -0.5984 -0.6299, -3.0255 -0.5951 -0.3937, -3.0255 -0.5951 -0.6299, -3.0492 -0.5852 -0.3937, -3.0492 -0.5852 -0.6299, -3.0696 -0.5696 -0.3937, -3.0696 -0.5696 -0.6299, -3.0852 -0.5492 -0.3937, -3.0852 -0.5492 -0.6299, -3.0951 -0.5255 -0.3937, -3.0951 -0.5255 -0.6299, -3.0984 -0.5 -0.3937, -3.0984 -0.5 -0.6299, -3.0951 -0.4745 -0.3937, -3.0951 -0.4745 -0.6299, -3.0852 -0.4508 -0.3937, -3.0852 -0.4508 -0.6299, -3.0696 -0.4304 -0.3937, -3.0696 -0.4304 -0.6299, -3.0492 -0.4148 -0.3937, -3.0492 -0.4148 -0.6299, -3.0255 -0.4049 -0.3937, -3.0255 -0.4049 -0.6299, -3.0 -0.4016 -0.3937, -3.0 -0.4016 -0.6299, -2.9745 -0.4049 -0.3937, -2.9745 -0.4049 -0.6299, -2.9508 -0.4148 -0.3937, -2.9508 -0.4148 -0.6299, -2.9304 -0.4304 -0.3937, -2.9304 -0.4304 -0.6299, -2.9148 -0.4508 -0.3937, -2.9148 -0.4508 -0.6299, -2.9049 -0.4745 -0.3937, -2.9049 -0.4745 -0.6299, -2.9016 -0.5 -0.3937, -2.9016 -0.5 -0.6299, -2.9049 -0.5255 -0.3937, -2.9049 -0.5255 -0.6299, -2.9148 -0.5492 -0.3937, -2.9148 -0.5492 -0.6299, -2.9304 -0.5696 -0.3937, -2.9304 -0.5696 -0.6299, -2.9508 -0.5852 -0.3937, -2.9508 -0.5852 -0.6299, -2.9745 -0.5951 -0.3937, -2.9745 -0.5951 -0.6299, -3.0 -0.5984 -0.3937, -3.0 -0.6009 -0.6518, -2.9745 -0.5976 -0.6526, -2.9508 -0.588 -0.6548, -2.9304 -0.5728 -0.6582, -2.9148 -0.5529 -0.6628, -2.9049 -0.5298 -0.6681, -2.9016 -0.5049 -0.6737, -2.9049 -0.4801 -0.6794, -2.9148 -0.457 -0.6847, -2.9304 -0.4371 -0.6892, -2.9508 -0.4218 -0.6927, -2.9745 -0.4122 -0.6949, -3.0 -0.409 -0.6956, -3.0255 -0.4122 -0.6949, -3.0492 -0.4218 -0.6927, -3.0696 -0.4371 -0.6892, -3.0852 -0.457 -0.6847, -3.0951 -0.4801 -0.6794, -3.0984 -0.5049 -0.6737, -3.0951 -0.5298 -0.6681, -3.0852 -0.5529 -0.6628, -3.0696 -0.5728 -0.6582, -3.0492 -0.588 -0.6548, -3.0255 -0.5976 -0.6526, -3.0 -0.6082 -0.6726, -2.9745 -0.6052 -0.6741, -2.9508 -0.5963 -0.6783, -2.9304 -0.5822 -0.6851, -2.9148 -0.5638 -0.694, -2.9049 -0.5424 -0.7043, -2.9016 -0.5195 -0.7153, -2.9049 -0.4965 -0.7264, -2.9148 -0.4752 -0.7367, -2.9304 -0.4568 -0.7455, -2.9508 -0.4427 -0.7523, -2.9745 -0.4338 -0.7566, -3.0 -0.4308 -0.758, -3.0255 -0.4338 -0.7566, -3.0492 -0.4427 -0.7523, -3.0696 -0.4568 -0.7455, -3.0852 -0.4752 -0.7367, -3.0951 -0.4965 -0.7264, -3.0984 -0.5195 -0.7153, -3.0951 -0.5424 -0.7043, -3.0852 -0.5638 -0.694, -3.0696 -0.5822 -0.6851, -3.0492 -0.5963 -0.6783, -3.0255 -0.6052 -0.6741, -3.0 -0.6199 -0.6913, -2.9745 -0.6173 -0.6934, -2.9508 -0.6096 -0.6995, -2.9304 -0.5974 -0.7093, -2.9148 -0.5814 -0.722, -2.9049 -0.5629 -0.7368, -2.9016 -0.5429 -0.7527, -2.9049 -0.523 -0.7685, -2.9148 -0.5045 -0.7833, -2.9304 -0.4885 -0.796, -2.9508 -0.4763 -0.8058, -2.9745 -0.4686 -0.8119, -3.0 -0.466 -0.814, -3.0255 -0.4686 -0.8119, -3.0492 -0.4763 -0.8058, -3.0696 -0.4885 -0.796, -3.0852 -0.5045 -0.7833, -3.0951 -0.523 -0.7685, -3.0984 -0.5429 -0.7527, -3.0951 -0.5629 -0.7368, -3.0852 -0.5814 -0.722, -3.0696 -0.5974 -0.7093, -3.0492 -0.6096 -0.6995, -3.0255 -0.6173 -0.6934, -3.0 -0.6355 -0.7069, -2.9745 -0.6334 -0.7095, -2.9508 -0.6273 -0.7172, -2.9304 -0.6175 -0.7294, -2.9148 -0.6048 -0.7453, -2.9049 -0.59 -0.7639, -2.9016 -0.5741 -0.7838, -2.9049 -0.5582 -0.8037, -2.9148 -0.5434 -0.8223, -2.9304 -0.5307 -0.8382, -2.9508 -0.521 -0.8505, -2.9745 -0.5148 -0.8582, -3.0 -0.5127 -0.8608, -3.0255 -0.5148 -0.8582, -3.0492 -0.521 -0.8505, -3.0696 -0.5307 -0.8382, -3.0852 -0.5434 -0.8223, -3.0951 -0.5582 -0.8037, -3.0984 -0.5741 -0.7838, -3.0951 -0.59 -0.7639, -3.0852 -0.6048 -0.7453, -3.0696 -0.6175 -0.7294, -3.0492 -0.6273 -0.7172, -3.0255 -0.6334 -0.7095, -3.0 -0.6541 -0.7186, -2.9745 -0.6527 -0.7216, -2.9508 -0.6484 -0.7305, -2.9304 -0.6416 -0.7446, -2.9148 -0.6328 -0.7629, -2.9049 -0.6225 -0.7843, -2.9016 -0.6114 -0.8073, -2.9049 -0.6004 -0.8302, -2.9148 -0.5901 -0.8516, -2.9304 -0.5812 -0.87, -2.9508 -0.5745 -0.8841, -2.9745 -0.5702 -0.8929, -3.0 -0.5687 -0.896, -3.0255 -0.5702 -0.8929, -3.0492 -0.5745 -0.8841, -3.0696 -0.5812 -0.87, -3.0852 -0.5901 -0.8516, -3.0951 -0.6004 -0.8302, -3.0984 -0.6114 -0.8073, -3.0951 -0.6225 -0.7843, -3.0852 -0.6328 -0.7629, -3.0696 -0.6416 -0.7446, -3.0492 -0.6484 -0.7305, -3.0255 -0.6527 -0.7216, -3.0 -0.6749 -0.7259, -2.9745 -0.6742 -0.7291, -2.9508 -0.672 -0.7387, -2.9304 -0.6685 -0.754, -2.9148 -0.664 -0.7739, -2.9049 -0.6587 -0.797, -2.9016 -0.653 -0.8218, -2.9049 -0.6474 -0.8467, -2.9148 -0.6421 -0.8698, -2.9304 -0.6376 -0.8897, -2.9508 -0.6341 -0.9049, -2.9745 -0.6319 -0.9145, -3.0 -0.6311 -0.9178, -3.0255 -0.6319 -0.9145, -3.0492 -0.6341 -0.9049, -3.0696 -0.6376 -0.8897, -3.0852 -0.6421 -0.8698, -3.0951 -0.6474 -0.8467, -3.0984 -0.653 -0.8218, -3.0951 -0.6587 -0.797, -3.0852 -0.664 -0.7739, -3.0696 -0.6685 -0.754, -3.0492 -0.672 -0.7387, -3.0255 -0.6742 -0.7291, -3.0 -0.6969 -0.7283, -2.9745 -0.6969 -0.7317, -2.9508 -0.6969 -0.7415, -2.9304 -0.6969 -0.7572, -2.9148 -0.6969 -0.7776, -2.9049 -0.6969 -0.8013, -2.9016 -0.6969 -0.8268, -2.9049 -0.6969 -0.8522, -2.9148 -0.6969 -0.876, -2.9304 -0.6969 -0.8964, -2.9508 -0.6969 -0.912, -2.9745 -0.6969 -0.9218, -3.0 -0.6969 -0.9252, -3.0255 -0.6969 -0.9218, -3.0492 -0.6969 -0.912, -3.0696 -0.6969 -0.8964, -3.0852 -0.6969 -0.876, -3.0951 -0.6969 -0.8522, -3.0984 -0.6969 -0.8268, -3.0951 -0.6969 -0.8013, -3.0852 -0.6969 -0.7776, -3.0696 -0.6969 -0.7572, -3.0492 -0.6969 -0.7415, -3.0255 -0.6969 -0.7317, -2.6457 -0.5 -0.2756, -2.7718 -0.4389 -0.3937, -2.6577 -0.4083 -0.2756, -2.7954 -0.3819 -0.3937, -2.6931 -0.3228 -0.2756, -2.833 -0.333 -0.3937, -2.7495 -0.2495 -0.2756, -2.8819 -0.2954 -0.3937, -2.8228 -0.1931 -0.2756, -2.9389 -0.2718 -0.3937, -2.9083 -0.1577 -0.2756, -3.0 -0.2638 -0.3937, -3.0 -0.1457 -0.2756, -3.0611 -0.2718 -0.3937, -3.0917 -0.1577 -0.2756, -3.1181 -0.2954 -0.3937, -3.1772 -0.1931 -0.2756, -3.167 -0.333 -0.3937, -3.2505 -0.2495 -0.2756, -3.2046 -0.3819 -0.3937, -3.3069 -0.3228 -0.2756, -3.2282 -0.4389 -0.3937, -3.3423 -0.4083 -0.2756, -3.2362 -0.5 -0.3937, -3.3543 -0.5 -0.2756, -3.2282 -0.5611 -0.3937, -3.3423 -0.5917 -0.2756, -3.2046 -0.6181 -0.3937, -3.3069 -0.6772 -0.2756, -3.167 -0.667 -0.3937, -3.2505 -0.7505 -0.2756, -3.1181 -0.7046 -0.3937, -3.1772 -0.8069 -0.2756, -3.0611 -0.7282 -0.3937, -3.0917 -0.8423 -0.2756, -3.0 -0.7362 -0.3937, -3.0 -0.8543 -0.2756, -2.9389 -0.7282 -0.3937, -2.9083 -0.8423 -0.2756, -2.8819 -0.7046 -0.3937, -2.8228 -0.8069 -0.2756, -2.833 -0.667 -0.3937, -2.7495 -0.7505 -0.2756, -2.7954 -0.6181 -0.3937, -2.6931 -0.6772 -0.2756, -2.7718 -0.5611 -0.3937, -2.6577 -0.5917 -0.2756, -2.7638 -0.5 -0.3937, -2.6457 -0.5 0.0, -2.6577 -0.4083 0.0, -2.6931 -0.3228 0.0, -2.7495 -0.2495 0.0, -2.8228 -0.1931 0.0, -2.9083 -0.1577 0.0, -3.0 -0.1457 0.0, -3.0917 -0.1577 0.0, -3.1772 -0.1931 0.0, -3.2505 -0.2495 0.0, -3.3069 -0.3228 0.0, -3.3423 -0.4083 0.0, -3.3543 -0.5 0.0, -3.3423 -0.5917 0.0, -3.3069 -0.6772 0.0, -3.2505 -0.7505 0.0, -3.1772 -0.8069 0.0, -3.0917 -0.8423 0.0, -3.0 -0.8543 0.0, -2.9083 -0.8423 0.0, -2.8228 -0.8069 0.0, -2.7495 -0.7505 0.0, -2.6931 -0.6772 0.0, -2.6577 -0.5917 0.0, -2.8792 -0.4676 0.3976, -2.6958 -0.4185 1.1063, -2.8917 -0.4375 0.3976, -2.7272 -0.3425 1.1063, -2.9116 -0.4116 0.3976, -2.7773 -0.2773 1.1063, -2.9375 -0.3917 0.3976, -2.8425 -0.2272 1.1063, -2.9676 -0.3792 0.3976, -2.9185 -0.1958 1.1063, -3.0 -0.3749 0.3976, -3.0 -0.185 1.1063, -3.0324 -0.3792 0.3976, -3.0815 -0.1958 1.1063, -3.0625 -0.3917 0.3976, -3.1575 -0.2272 1.1063, -3.0884 -0.4116 0.3976, -3.2227 -0.2773 1.1063, -3.1083 -0.4375 0.3976, -3.2728 -0.3425 1.1063, -3.1208 -0.4676 0.3976, -3.3042 -0.4185 1.1063, -3.1251 -0.5 0.3976, -3.315 -0.5 1.1063, -3.1208 -0.5324 0.3976, -3.3042 -0.5815 1.1063, -3.1083 -0.5625 0.3976, -3.2728 -0.6575 1.1063, -3.0884 -0.5884 0.3976, -3.2227 -0.7227 1.1063, -3.0625 -0.6083 0.3976, -3.1575 -0.7728 1.1063, -3.0324 -0.6208 0.3976, -3.0815 -0.8042 1.1063, -3.0 -0.6251 0.3976, -3.0 -0.815 1.1063, -2.9676 -0.6208 0.3976, -2.9185 -0.8042 1.1063, -2.9375 -0.6083 0.3976, -2.8425 -0.7728 1.1063, -2.9116 -0.5884 0.3976, -2.7773 -0.7227 1.1063, -2.8917 -0.5625 0.3976, -2.7272 -0.6575 1.1063, -2.8792 -0.5324 0.3976, -2.6958 -0.5815 1.1063, -2.8749 -0.5 0.3976, -2.685 -0.5 1.1063, -2.685 -0.5 1.185, -2.6958 -0.4185 1.185, -2.7272 -0.3425 1.185, -2.7773 -0.2773 1.185, -2.8425 -0.2272 1.185, -2.9185 -0.1958 1.185, -3.0 -0.185 1.185, -3.0815 -0.1958 1.185, -3.1575 -0.2272 1.185, -3.2227 -0.2773 1.185, -3.2728 -0.3425 1.185, -3.3042 -0.4185 1.185, -3.315 -0.5 1.185, -3.3042 -0.5815 1.185, -3.2728 -0.6575 1.185, -3.2227 -0.7227 1.185, -3.1575 -0.7728 1.185, -3.0815 -0.8042 1.185, -3.0 -0.815 1.185, -2.9185 -0.8042 1.185, -2.8425 -0.7728 1.185, -2.7773 -0.7227 1.185, -2.7272 -0.6575 1.185, -2.6958 -0.5815 1.185, -3.0 -0.5 0.3976, -3.3543 -0.5 1.1811, -3.3423 -0.4083 1.185, -3.3423 -0.4083 1.1811, -3.3069 -0.3228 1.185, -3.3069 -0.3228 1.1811, -3.2505 -0.2495 1.185, -3.2505 -0.2495 1.1811, -3.1772 -0.1931 1.185, -3.1772 -0.1931 1.1811, -3.0917 -0.1577 1.185, -3.0917 -0.1577 1.1811, -3.0 -0.1457 1.185, -3.0 -0.1457 1.1811, -2.9083 -0.1577 1.185, -2.9083 -0.1577 1.1811, -2.8228 -0.1931 1.185, -2.8228 -0.1931 1.1811, -2.7495 -0.2495 1.185, -2.7495 -0.2495 1.1811, -2.6931 -0.3228 1.185, -2.6931 -0.3228 1.1811, -2.6577 -0.4083 1.185, -2.6577 -0.4083 1.1811, -2.6457 -0.5 1.185, -2.6457 -0.5 1.1811, -2.6577 -0.5917 1.185, -2.6577 -0.5917 1.1811, -2.6931 -0.6772 1.185, -2.6931 -0.6772 1.1811, -2.7495 -0.7505 1.185, -2.7495 -0.7505 1.1811, -2.8228 -0.8069 1.185, -2.8228 -0.8069 1.1811, -2.9083 -0.8423 1.185, -2.9083 -0.8423 1.1811, -3.0 -0.8543 1.185, -3.0 -0.8543 1.1811, -3.0917 -0.8423 1.185, -3.0917 -0.8423 1.1811, -3.1772 -0.8069 1.185, -3.1772 -0.8069 1.1811, -3.2505 -0.7505 1.185, -3.2505 -0.7505 1.1811, -3.3069 -0.6772 1.185, -3.3069 -0.6772 1.1811, -3.3423 -0.5917 1.185, -3.3423 -0.5917 1.1811, -3.3543 -0.5 1.185, -2.0 -1.3976 -0.9252, -2.0251 -1.4078 -0.9205, -2.0255 -1.3976 -0.9218, -2.0485 -1.4078 -0.9108, -2.0492 -1.3976 -0.912, -2.0686 -1.4078 -0.8954, -2.0696 -1.3976 -0.8964, -2.0841 -1.4078 -0.8753, -2.0852 -1.3976 -0.876, -2.0938 -1.4078 -0.8519, -2.0951 -1.3976 -0.8522, -2.0971 -1.4078 -0.8268, -2.0984 -1.3976 -0.8268, -2.0938 -1.4078 -0.8016, -2.0951 -1.3976 -0.8013, -2.0841 -1.4078 -0.7782, -2.0852 -1.3976 -0.7776, -2.0686 -1.4078 -0.7581, -2.0696 -1.3976 -0.7572, -2.0485 -1.4078 -0.7427, -2.0492 -1.3976 -0.7415, -2.0251 -1.4078 -0.733, -2.0255 -1.3976 -0.7317, -2.0 -1.4078 -0.7297, -2.0 -1.3976 -0.7283, -1.9749 -1.4078 -0.733, -1.9745 -1.3976 -0.7317, -1.9515 -1.4078 -0.7427, -1.9508 -1.3976 -0.7415, -1.9314 -1.4078 -0.7581, -1.9304 -1.3976 -0.7572, -1.9159 -1.4078 -0.7782, -1.9148 -1.3976 -0.7776, -1.9062 -1.4078 -0.8016, -1.9049 -1.3976 -0.8013, -1.9029 -1.4078 -0.8268, -1.9016 -1.3976 -0.8268, -1.9062 -1.4078 -0.8519, -1.9049 -1.3976 -0.8522, -1.9159 -1.4078 -0.8753, -1.9148 -1.3976 -0.876, -1.9314 -1.4078 -0.8954, -1.9304 -1.3976 -0.8964, -1.9515 -1.4078 -0.9108, -1.9508 -1.3976 -0.912, -1.9749 -1.4078 -0.9205, -1.9745 -1.3976 -0.9218, -2.0 -1.4078 -0.9239, -2.0241 -1.4173 -0.9167, -2.0466 -1.4173 -0.9074, -2.0659 -1.4173 -0.8926, -2.0807 -1.4173 -0.8733, -2.09 -1.4173 -0.8509, -2.0932 -1.4173 -0.8268, -2.09 -1.4173 -0.8027, -2.0807 -1.4173 -0.7802, -2.0659 -1.4173 -0.7609, -2.0466 -1.4173 -0.7461, -2.0241 -1.4173 -0.7368, -2.0 -1.4173 -0.7336, -1.9759 -1.4173 -0.7368, -1.9534 -1.4173 -0.7461, -1.9341 -1.4173 -0.7609, -1.9193 -1.4173 -0.7802, -1.91 -1.4173 -0.8027, -1.9068 -1.4173 -0.8268, -1.91 -1.4173 -0.8509, -1.9193 -1.4173 -0.8733, -1.9341 -1.4173 -0.8926, -1.9534 -1.4173 -0.9074, -1.9759 -1.4173 -0.9167, -2.0 -1.4173 -0.9199, -2.0225 -1.4255 -0.9107, -2.0434 -1.4255 -0.902, -2.0614 -1.4255 -0.8882, -2.0753 -1.4255 -0.8702, -2.0839 -1.4255 -0.8493, -2.0869 -1.4255 -0.8268, -2.0839 -1.4255 -0.8043, -2.0753 -1.4255 -0.7833, -2.0614 -1.4255 -0.7653, -2.0434 -1.4255 -0.7515, -2.0225 -1.4255 -0.7428, -2.0 -1.4255 -0.7399, -1.9775 -1.4255 -0.7428, -1.9566 -1.4255 -0.7515, -1.9386 -1.4255 -0.7653, -1.9247 -1.4255 -0.7833, -1.9161 -1.4255 -0.8043, -1.9131 -1.4255 -0.8268, -1.9161 -1.4255 -0.8493, -1.9247 -1.4255 -0.8702, -1.9386 -1.4255 -0.8882, -1.9566 -1.4255 -0.902, -1.9775 -1.4255 -0.9107, -2.0 -1.4255 -0.9137, -2.0204 -1.4317 -0.9028, -2.0394 -1.4317 -0.895, -2.0557 -1.4317 -0.8824, -2.0682 -1.4317 -0.8661, -2.0761 -1.4317 -0.8472, -2.0787 -1.4317 -0.8268, -2.0761 -1.4317 -0.8064, -2.0682 -1.4317 -0.7874, -2.0557 -1.4317 -0.7711, -2.0394 -1.4317 -0.7586, -2.0204 -1.4317 -0.7507, -2.0 -1.4317 -0.748, -1.9796 -1.4317 -0.7507, -1.9606 -1.4317 -0.7586, -1.9443 -1.4317 -0.7711, -1.9318 -1.4317 -0.7874, -1.9239 -1.4317 -0.8064, -1.9213 -1.4317 -0.8268, -1.9239 -1.4317 -0.8472, -1.9318 -1.4317 -0.8661, -1.9443 -1.4317 -0.8824, -1.9606 -1.4317 -0.895, -1.9796 -1.4317 -0.9028, -2.0 -1.4317 -0.9055, -2.0179 -1.4357 -0.8937, -2.0346 -1.4357 -0.8867, -2.049 -1.4357 -0.8757, -2.06 -1.4357 -0.8614, -2.0669 -1.4357 -0.8447, -2.0692 -1.4357 -0.8268, -2.0669 -1.4357 -0.8088, -2.06 -1.4357 -0.7921, -2.049 -1.4357 -0.7778, -2.0346 -1.4357 -0.7668, -2.0179 -1.4357 -0.7599, -2.0 -1.4357 -0.7575, -1.9821 -1.4357 -0.7599, -1.9654 -1.4357 -0.7668, -1.951 -1.4357 -0.7778, -1.94 -1.4357 -0.7921, -1.9331 -1.4357 -0.8088, -1.9308 -1.4357 -0.8268, -1.9331 -1.4357 -0.8447, -1.94 -1.4357 -0.8614, -1.951 -1.4357 -0.8757, -1.9654 -1.4357 -0.8867, -1.9821 -1.4357 -0.8937, -2.0 -1.4357 -0.896, -2.0153 -1.437 -0.8838, -2.0295 -1.437 -0.8779, -2.0418 -1.437 -0.8685, -2.0511 -1.437 -0.8563, -2.057 -1.437 -0.8421, -2.0591 -1.437 -0.8268, -2.057 -1.437 -0.8115, -2.0511 -1.437 -0.7972, -2.0418 -1.437 -0.785, -2.0295 -1.437 -0.7756, -2.0153 -1.437 -0.7697, -2.0 -1.437 -0.7677, -1.9847 -1.437 -0.7697, -1.9705 -1.437 -0.7756, -1.9582 -1.437 -0.785, -1.9489 -1.437 -0.7972, -1.943 -1.437 -0.8115, -1.9409 -1.437 -0.8268, -1.943 -1.437 -0.8421, -1.9489 -1.437 -0.8563, -1.9582 -1.437 -0.8685, -1.9705 -1.437 -0.8779, -1.9847 -1.437 -0.8838, -2.0 -1.437 -0.8858, -2.0 -1.437 -0.8268, -2.0 -0.5984 -0.6299, -2.0255 -0.5951 -0.3937, -2.0255 -0.5951 -0.6299, -2.0492 -0.5852 -0.3937, -2.0492 -0.5852 -0.6299, -2.0696 -0.5696 -0.3937, -2.0696 -0.5696 -0.6299, -2.0852 -0.5492 -0.3937, -2.0852 -0.5492 -0.6299, -2.0951 -0.5255 -0.3937, -2.0951 -0.5255 -0.6299, -2.0984 -0.5 -0.3937, -2.0984 -0.5 -0.6299, -2.0951 -0.4745 -0.3937, -2.0951 -0.4745 -0.6299, -2.0852 -0.4508 -0.3937, -2.0852 -0.4508 -0.6299, -2.0696 -0.4304 -0.3937, -2.0696 -0.4304 -0.6299, -2.0492 -0.4148 -0.3937, -2.0492 -0.4148 -0.6299, -2.0255 -0.4049 -0.3937, -2.0255 -0.4049 -0.6299, -2.0 -0.4016 -0.3937, -2.0 -0.4016 -0.6299, -1.9745 -0.4049 -0.3937, -1.9745 -0.4049 -0.6299, -1.9508 -0.4148 -0.3937, -1.9508 -0.4148 -0.6299, -1.9304 -0.4304 -0.3937, -1.9304 -0.4304 -0.6299, -1.9148 -0.4508 -0.3937, -1.9148 -0.4508 -0.6299, -1.9049 -0.4745 -0.3937, -1.9049 -0.4745 -0.6299, -1.9016 -0.5 -0.3937, -1.9016 -0.5 -0.6299, -1.9049 -0.5255 -0.3937, -1.9049 -0.5255 -0.6299, -1.9148 -0.5492 -0.3937, -1.9148 -0.5492 -0.6299, -1.9304 -0.5696 -0.3937, -1.9304 -0.5696 -0.6299, -1.9508 -0.5852 -0.3937, -1.9508 -0.5852 -0.6299, -1.9745 -0.5951 -0.3937, -1.9745 -0.5951 -0.6299, -2.0 -0.5984 -0.3937, -2.0 -0.6009 -0.6518, -1.9745 -0.5976 -0.6526, -1.9508 -0.588 -0.6548, -1.9304 -0.5728 -0.6582, -1.9148 -0.5529 -0.6628, -1.9049 -0.5298 -0.6681, -1.9016 -0.5049 -0.6737, -1.9049 -0.4801 -0.6794, -1.9148 -0.457 -0.6847, -1.9304 -0.4371 -0.6892, -1.9508 -0.4218 -0.6927, -1.9745 -0.4122 -0.6949, -2.0 -0.409 -0.6956, -2.0255 -0.4122 -0.6949, -2.0492 -0.4218 -0.6927, -2.0696 -0.4371 -0.6892, -2.0852 -0.457 -0.6847, -2.0951 -0.4801 -0.6794, -2.0984 -0.5049 -0.6737, -2.0951 -0.5298 -0.6681, -2.0852 -0.5529 -0.6628, -2.0696 -0.5728 -0.6582, -2.0492 -0.588 -0.6548, -2.0255 -0.5976 -0.6526, -2.0 -0.6082 -0.6726, -1.9745 -0.6052 -0.6741, -1.9508 -0.5963 -0.6783, -1.9304 -0.5822 -0.6851, -1.9148 -0.5638 -0.694, -1.9049 -0.5424 -0.7043, -1.9016 -0.5195 -0.7153, -1.9049 -0.4965 -0.7264, -1.9148 -0.4752 -0.7367, -1.9304 -0.4568 -0.7455, -1.9508 -0.4427 -0.7523, -1.9745 -0.4338 -0.7566, -2.0 -0.4308 -0.758, -2.0255 -0.4338 -0.7566, -2.0492 -0.4427 -0.7523, -2.0696 -0.4568 -0.7455, -2.0852 -0.4752 -0.7367, -2.0951 -0.4965 -0.7264, -2.0984 -0.5195 -0.7153, -2.0951 -0.5424 -0.7043, -2.0852 -0.5638 -0.694, -2.0696 -0.5822 -0.6851, -2.0492 -0.5963 -0.6783, -2.0255 -0.6052 -0.6741, -2.0 -0.6199 -0.6913, -1.9745 -0.6173 -0.6934, -1.9508 -0.6096 -0.6995, -1.9304 -0.5974 -0.7093, -1.9148 -0.5814 -0.722, -1.9049 -0.5629 -0.7368, -1.9016 -0.5429 -0.7527, -1.9049 -0.523 -0.7685, -1.9148 -0.5045 -0.7833, -1.9304 -0.4885 -0.796, -1.9508 -0.4763 -0.8058, -1.9745 -0.4686 -0.8119, -2.0 -0.466 -0.814, -2.0255 -0.4686 -0.8119, -2.0492 -0.4763 -0.8058, -2.0696 -0.4885 -0.796, -2.0852 -0.5045 -0.7833, -2.0951 -0.523 -0.7685, -2.0984 -0.5429 -0.7527, -2.0951 -0.5629 -0.7368, -2.0852 -0.5814 -0.722, -2.0696 -0.5974 -0.7093, -2.0492 -0.6096 -0.6995, -2.0255 -0.6173 -0.6934, -2.0 -0.6355 -0.7069, -1.9745 -0.6334 -0.7095, -1.9508 -0.6273 -0.7172, -1.9304 -0.6175 -0.7294, -1.9148 -0.6048 -0.7453, -1.9049 -0.59 -0.7639, -1.9016 -0.5741 -0.7838, -1.9049 -0.5582 -0.8037, -1.9148 -0.5434 -0.8223, -1.9304 -0.5307 -0.8382, -1.9508 -0.521 -0.8505, -1.9745 -0.5148 -0.8582, -2.0 -0.5127 -0.8608, -2.0255 -0.5148 -0.8582, -2.0492 -0.521 -0.8505, -2.0696 -0.5307 -0.8382, -2.0852 -0.5434 -0.8223, -2.0951 -0.5582 -0.8037, -2.0984 -0.5741 -0.7838, -2.0951 -0.59 -0.7639, -2.0852 -0.6048 -0.7453, -2.0696 -0.6175 -0.7294, -2.0492 -0.6273 -0.7172, -2.0255 -0.6334 -0.7095, -2.0 -0.6541 -0.7186, -1.9745 -0.6527 -0.7216, -1.9508 -0.6484 -0.7305, -1.9304 -0.6416 -0.7446, -1.9148 -0.6328 -0.7629, -1.9049 -0.6225 -0.7843, -1.9016 -0.6114 -0.8073, -1.9049 -0.6004 -0.8302, -1.9148 -0.5901 -0.8516, -1.9304 -0.5812 -0.87, -1.9508 -0.5745 -0.8841, -1.9745 -0.5702 -0.8929, -2.0 -0.5687 -0.896, -2.0255 -0.5702 -0.8929, -2.0492 -0.5745 -0.8841, -2.0696 -0.5812 -0.87, -2.0852 -0.5901 -0.8516, -2.0951 -0.6004 -0.8302, -2.0984 -0.6114 -0.8073, -2.0951 -0.6225 -0.7843, -2.0852 -0.6328 -0.7629, -2.0696 -0.6416 -0.7446, -2.0492 -0.6484 -0.7305, -2.0255 -0.6527 -0.7216, -2.0 -0.6749 -0.7259, -1.9745 -0.6742 -0.7291, -1.9508 -0.672 -0.7387, -1.9304 -0.6685 -0.754, -1.9148 -0.664 -0.7739, -1.9049 -0.6587 -0.797, -1.9016 -0.653 -0.8218, -1.9049 -0.6474 -0.8467, -1.9148 -0.6421 -0.8698, -1.9304 -0.6376 -0.8897, -1.9508 -0.6341 -0.9049, -1.9745 -0.6319 -0.9145, -2.0 -0.6311 -0.9178, -2.0255 -0.6319 -0.9145, -2.0492 -0.6341 -0.9049, -2.0696 -0.6376 -0.8897, -2.0852 -0.6421 -0.8698, -2.0951 -0.6474 -0.8467, -2.0984 -0.653 -0.8218, -2.0951 -0.6587 -0.797, -2.0852 -0.664 -0.7739, -2.0696 -0.6685 -0.754, -2.0492 -0.672 -0.7387, -2.0255 -0.6742 -0.7291, -2.0 -0.6969 -0.7283, -1.9745 -0.6969 -0.7317, -1.9508 -0.6969 -0.7415, -1.9304 -0.6969 -0.7572, -1.9148 -0.6969 -0.7776, -1.9049 -0.6969 -0.8013, -1.9016 -0.6969 -0.8268, -1.9049 -0.6969 -0.8522, -1.9148 -0.6969 -0.876, -1.9304 -0.6969 -0.8964, -1.9508 -0.6969 -0.912, -1.9745 -0.6969 -0.9218, -2.0 -0.6969 -0.9252, -2.0255 -0.6969 -0.9218, -2.0492 -0.6969 -0.912, -2.0696 -0.6969 -0.8964, -2.0852 -0.6969 -0.876, -2.0951 -0.6969 -0.8522, -2.0984 -0.6969 -0.8268, -2.0951 -0.6969 -0.8013, -2.0852 -0.6969 -0.7776, -2.0696 -0.6969 -0.7572, -2.0492 -0.6969 -0.7415, -2.0255 -0.6969 -0.7317, -1.6457 -0.5 -0.2756, -1.7718 -0.4389 -0.3937, -1.6577 -0.4083 -0.2756, -1.7954 -0.3819 -0.3937, -1.6931 -0.3228 -0.2756, -1.833 -0.333 -0.3937, -1.7495 -0.2495 -0.2756, -1.8819 -0.2954 -0.3937, -1.8228 -0.1931 -0.2756, -1.9389 -0.2718 -0.3937, -1.9083 -0.1577 -0.2756, -2.0 -0.2638 -0.3937, -2.0 -0.1457 -0.2756, -2.0611 -0.2718 -0.3937, -2.0917 -0.1577 -0.2756, -2.1181 -0.2954 -0.3937, -2.1772 -0.1931 -0.2756, -2.167 -0.333 -0.3937, -2.2505 -0.2495 -0.2756, -2.2046 -0.3819 -0.3937, -2.3069 -0.3228 -0.2756, -2.2282 -0.4389 -0.3937, -2.3423 -0.4083 -0.2756, -2.2362 -0.5 -0.3937, -2.3543 -0.5 -0.2756, -2.2282 -0.5611 -0.3937, -2.3423 -0.5917 -0.2756, -2.2046 -0.6181 -0.3937, -2.3069 -0.6772 -0.2756, -2.167 -0.667 -0.3937, -2.2505 -0.7505 -0.2756, -2.1181 -0.7046 -0.3937, -2.1772 -0.8069 -0.2756, -2.0611 -0.7282 -0.3937, -2.0917 -0.8423 -0.2756, -2.0 -0.7362 -0.3937, -2.0 -0.8543 -0.2756, -1.9389 -0.7282 -0.3937, -1.9083 -0.8423 -0.2756, -1.8819 -0.7046 -0.3937, -1.8228 -0.8069 -0.2756, -1.833 -0.667 -0.3937, -1.7495 -0.7505 -0.2756, -1.7954 -0.6181 -0.3937, -1.6931 -0.6772 -0.2756, -1.7718 -0.5611 -0.3937, -1.6577 -0.5917 -0.2756, -1.7638 -0.5 -0.3937, -1.6457 -0.5 0.0, -1.6577 -0.4083 0.0, -1.6931 -0.3228 0.0, -1.7495 -0.2495 0.0, -1.8228 -0.1931 0.0, -1.9083 -0.1577 0.0, -2.0 -0.1457 0.0, -2.0917 -0.1577 0.0, -2.1772 -0.1931 0.0, -2.2505 -0.2495 0.0, -2.3069 -0.3228 0.0, -2.3423 -0.4083 0.0, -2.3543 -0.5 0.0, -2.3423 -0.5917 0.0, -2.3069 -0.6772 0.0, -2.2505 -0.7505 0.0, -2.1772 -0.8069 0.0, -2.0917 -0.8423 0.0, -2.0 -0.8543 0.0, -1.9083 -0.8423 0.0, -1.8228 -0.8069 0.0, -1.7495 -0.7505 0.0, -1.6931 -0.6772 0.0, -1.6577 -0.5917 0.0, -1.8792 -0.4676 0.3976, -1.6958 -0.4185 1.1063, -1.8917 -0.4375 0.3976, -1.7272 -0.3425 1.1063, -1.9116 -0.4116 0.3976, -1.7773 -0.2773 1.1063, -1.9375 -0.3917 0.3976, -1.8425 -0.2272 1.1063, -1.9676 -0.3792 0.3976, -1.9185 -0.1958 1.1063, -2.0 -0.3749 0.3976, -2.0 -0.185 1.1063, -2.0324 -0.3792 0.3976, -2.0815 -0.1958 1.1063, -2.0625 -0.3917 0.3976, -2.1575 -0.2272 1.1063, -2.0884 -0.4116 0.3976, -2.2227 -0.2773 1.1063, -2.1083 -0.4375 0.3976, -2.2728 -0.3425 1.1063, -2.1208 -0.4676 0.3976, -2.3042 -0.4185 1.1063, -2.1251 -0.5 0.3976, -2.315 -0.5 1.1063, -2.1208 -0.5324 0.3976, -2.3042 -0.5815 1.1063, -2.1083 -0.5625 0.3976, -2.2728 -0.6575 1.1063, -2.0884 -0.5884 0.3976, -2.2227 -0.7227 1.1063, -2.0625 -0.6083 0.3976, -2.1575 -0.7728 1.1063, -2.0324 -0.6208 0.3976, -2.0815 -0.8042 1.1063, -2.0 -0.6251 0.3976, -2.0 -0.815 1.1063, -1.9676 -0.6208 0.3976, -1.9185 -0.8042 1.1063, -1.9375 -0.6083 0.3976, -1.8425 -0.7728 1.1063, -1.9116 -0.5884 0.3976, -1.7773 -0.7227 1.1063, -1.8917 -0.5625 0.3976, -1.7272 -0.6575 1.1063, -1.8792 -0.5324 0.3976, -1.6958 -0.5815 1.1063, -1.8749 -0.5 0.3976, -1.685 -0.5 1.1063, -1.685 -0.5 1.185, -1.6958 -0.4185 1.185, -1.7272 -0.3425 1.185, -1.7773 -0.2773 1.185, -1.8425 -0.2272 1.185, -1.9185 -0.1958 1.185, -2.0 -0.185 1.185, -2.0815 -0.1958 1.185, -2.1575 -0.2272 1.185, -2.2227 -0.2773 1.185, -2.2728 -0.3425 1.185, -2.3042 -0.4185 1.185, -2.315 -0.5 1.185, -2.3042 -0.5815 1.185, -2.2728 -0.6575 1.185, -2.2227 -0.7227 1.185, -2.1575 -0.7728 1.185, -2.0815 -0.8042 1.185, -2.0 -0.815 1.185, -1.9185 -0.8042 1.185, -1.8425 -0.7728 1.185, -1.7773 -0.7227 1.185, -1.7272 -0.6575 1.185, -1.6958 -0.5815 1.185, -2.0 -0.5 0.3976, -2.3543 -0.5 1.1811, -2.3423 -0.4083 1.185, -2.3423 -0.4083 1.1811, -2.3069 -0.3228 1.185, -2.3069 -0.3228 1.1811, -2.2505 -0.2495 1.185, -2.2505 -0.2495 1.1811, -2.1772 -0.1931 1.185, -2.1772 -0.1931 1.1811, -2.0917 -0.1577 1.185, -2.0917 -0.1577 1.1811, -2.0 -0.1457 1.185, -2.0 -0.1457 1.1811, -1.9083 -0.1577 1.185, -1.9083 -0.1577 1.1811, -1.8228 -0.1931 1.185, -1.8228 -0.1931 1.1811, -1.7495 -0.2495 1.185, -1.7495 -0.2495 1.1811, -1.6931 -0.3228 1.185, -1.6931 -0.3228 1.1811, -1.6577 -0.4083 1.185, -1.6577 -0.4083 1.1811, -1.6457 -0.5 1.185, -1.6457 -0.5 1.1811, -1.6577 -0.5917 1.185, -1.6577 -0.5917 1.1811, -1.6931 -0.6772 1.185, -1.6931 -0.6772 1.1811, -1.7495 -0.7505 1.185, -1.7495 -0.7505 1.1811, -1.8228 -0.8069 1.185, -1.8228 -0.8069 1.1811, -1.9083 -0.8423 1.185, -1.9083 -0.8423 1.1811, -2.0 -0.8543 1.185, -2.0 -0.8543 1.1811, -2.0917 -0.8423 1.185, -2.0917 -0.8423 1.1811, -2.1772 -0.8069 1.185, -2.1772 -0.8069 1.1811, -2.2505 -0.7505 1.185, -2.2505 -0.7505 1.1811, -2.3069 -0.6772 1.185, -2.3069 -0.6772 1.1811, -2.3423 -0.5917 1.185, -2.3423 -0.5917 1.1811, -2.3543 -0.5 1.185, -1.0 -1.3976 -0.9252, -1.0251 -1.4078 -0.9205, -1.0255 -1.3976 -0.9218, -1.0485 -1.4078 -0.9108, -1.0492 -1.3976 -0.912, -1.0686 -1.4078 -0.8954, -1.0696 -1.3976 -0.8964, -1.0841 -1.4078 -0.8753, -1.0852 -1.3976 -0.876, -1.0938 -1.4078 -0.8519, -1.0951 -1.3976 -0.8522, -1.0971 -1.4078 -0.8268, -1.0984 -1.3976 -0.8268, -1.0938 -1.4078 -0.8016, -1.0951 -1.3976 -0.8013, -1.0841 -1.4078 -0.7782, -1.0852 -1.3976 -0.7776, -1.0686 -1.4078 -0.7581, -1.0696 -1.3976 -0.7572, -1.0485 -1.4078 -0.7427, -1.0492 -1.3976 -0.7415, -1.0251 -1.4078 -0.733, -1.0255 -1.3976 -0.7317, -1.0 -1.4078 -0.7297, -1.0 -1.3976 -0.7283, -0.9749 -1.4078 -0.733, -0.9745 -1.3976 -0.7317, -0.9515 -1.4078 -0.7427, -0.9508 -1.3976 -0.7415, -0.9314 -1.4078 -0.7581, -0.9304 -1.3976 -0.7572, -0.9159 -1.4078 -0.7782, -0.9148 -1.3976 -0.7776, -0.9062 -1.4078 -0.8016, -0.9049 -1.3976 -0.8013, -0.9029 -1.4078 -0.8268, -0.9016 -1.3976 -0.8268, -0.9062 -1.4078 -0.8519, -0.9049 -1.3976 -0.8522, -0.9159 -1.4078 -0.8753, -0.9148 -1.3976 -0.876, -0.9314 -1.4078 -0.8954, -0.9304 -1.3976 -0.8964, -0.9515 -1.4078 -0.9108, -0.9508 -1.3976 -0.912, -0.9749 -1.4078 -0.9205, -0.9745 -1.3976 -0.9218, -1.0 -1.4078 -0.9239, -1.0241 -1.4173 -0.9167, -1.0466 -1.4173 -0.9074, -1.0659 -1.4173 -0.8926, -1.0807 -1.4173 -0.8733, -1.09 -1.4173 -0.8509, -1.0932 -1.4173 -0.8268, -1.09 -1.4173 -0.8027, -1.0807 -1.4173 -0.7802, -1.0659 -1.4173 -0.7609, -1.0466 -1.4173 -0.7461, -1.0241 -1.4173 -0.7368, -1.0 -1.4173 -0.7336, -0.9759 -1.4173 -0.7368, -0.9534 -1.4173 -0.7461, -0.9341 -1.4173 -0.7609, -0.9193 -1.4173 -0.7802, -0.91 -1.4173 -0.8027, -0.9068 -1.4173 -0.8268, -0.91 -1.4173 -0.8509, -0.9193 -1.4173 -0.8733, -0.9341 -1.4173 -0.8926, -0.9534 -1.4173 -0.9074, -0.9759 -1.4173 -0.9167, -1.0 -1.4173 -0.9199, -1.0225 -1.4255 -0.9107, -1.0434 -1.4255 -0.902, -1.0614 -1.4255 -0.8882, -1.0753 -1.4255 -0.8702, -1.0839 -1.4255 -0.8493, -1.0869 -1.4255 -0.8268, -1.0839 -1.4255 -0.8043, -1.0753 -1.4255 -0.7833, -1.0614 -1.4255 -0.7653, -1.0434 -1.4255 -0.7515, -1.0225 -1.4255 -0.7428, -1.0 -1.4255 -0.7399, -0.9775 -1.4255 -0.7428, -0.9566 -1.4255 -0.7515, -0.9386 -1.4255 -0.7653, -0.9247 -1.4255 -0.7833, -0.9161 -1.4255 -0.8043, -0.9131 -1.4255 -0.8268, -0.9161 -1.4255 -0.8493, -0.9247 -1.4255 -0.8702, -0.9386 -1.4255 -0.8882, -0.9566 -1.4255 -0.902, -0.9775 -1.4255 -0.9107, -1.0 -1.4255 -0.9137, -1.0204 -1.4317 -0.9028, -1.0394 -1.4317 -0.895, -1.0557 -1.4317 -0.8824, -1.0682 -1.4317 -0.8661, -1.0761 -1.4317 -0.8472, -1.0787 -1.4317 -0.8268, -1.0761 -1.4317 -0.8064, -1.0682 -1.4317 -0.7874, -1.0557 -1.4317 -0.7711, -1.0394 -1.4317 -0.7586, -1.0204 -1.4317 -0.7507, -1.0 -1.4317 -0.748, -0.9796 -1.4317 -0.7507, -0.9606 -1.4317 -0.7586, -0.9443 -1.4317 -0.7711, -0.9318 -1.4317 -0.7874, -0.9239 -1.4317 -0.8064, -0.9213 -1.4317 -0.8268, -0.9239 -1.4317 -0.8472, -0.9318 -1.4317 -0.8661, -0.9443 -1.4317 -0.8824, -0.9606 -1.4317 -0.895, -0.9796 -1.4317 -0.9028, -1.0 -1.4317 -0.9055, -1.0179 -1.4357 -0.8937, -1.0346 -1.4357 -0.8867, -1.049 -1.4357 -0.8757, -1.06 -1.4357 -0.8614, -1.0669 -1.4357 -0.8447, -1.0692 -1.4357 -0.8268, -1.0669 -1.4357 -0.8088, -1.06 -1.4357 -0.7921, -1.049 -1.4357 -0.7778, -1.0346 -1.4357 -0.7668, -1.0179 -1.4357 -0.7599, -1.0 -1.4357 -0.7575, -0.9821 -1.4357 -0.7599, -0.9654 -1.4357 -0.7668, -0.951 -1.4357 -0.7778, -0.94 -1.4357 -0.7921, -0.9331 -1.4357 -0.8088, -0.9308 -1.4357 -0.8268, -0.9331 -1.4357 -0.8447, -0.94 -1.4357 -0.8614, -0.951 -1.4357 -0.8757, -0.9654 -1.4357 -0.8867, -0.9821 -1.4357 -0.8937, -1.0 -1.4357 -0.896, -1.0153 -1.437 -0.8838, -1.0295 -1.437 -0.8779, -1.0418 -1.437 -0.8685, -1.0511 -1.437 -0.8563, -1.057 -1.437 -0.8421, -1.0591 -1.437 -0.8268, -1.057 -1.437 -0.8115, -1.0511 -1.437 -0.7972, -1.0418 -1.437 -0.785, -1.0295 -1.437 -0.7756, -1.0153 -1.437 -0.7697, -1.0 -1.437 -0.7677, -0.9847 -1.437 -0.7697, -0.9705 -1.437 -0.7756, -0.9582 -1.437 -0.785, -0.9489 -1.437 -0.7972, -0.943 -1.437 -0.8115, -0.9409 -1.437 -0.8268, -0.943 -1.437 -0.8421, -0.9489 -1.437 -0.8563, -0.9582 -1.437 -0.8685, -0.9705 -1.437 -0.8779, -0.9847 -1.437 -0.8838, -1.0 -1.437 -0.8858, -1.0 -1.437 -0.8268, -1.0 -0.5984 -0.6299, -1.0255 -0.5951 -0.3937, -1.0255 -0.5951 -0.6299, -1.0492 -0.5852 -0.3937, -1.0492 -0.5852 -0.6299, -1.0696 -0.5696 -0.3937, -1.0696 -0.5696 -0.6299, -1.0852 -0.5492 -0.3937, -1.0852 -0.5492 -0.6299, -1.0951 -0.5255 -0.3937, -1.0951 -0.5255 -0.6299, -1.0984 -0.5 -0.3937, -1.0984 -0.5 -0.6299, -1.0951 -0.4745 -0.3937, -1.0951 -0.4745 -0.6299, -1.0852 -0.4508 -0.3937, -1.0852 -0.4508 -0.6299, -1.0696 -0.4304 -0.3937, -1.0696 -0.4304 -0.6299, -1.0492 -0.4148 -0.3937, -1.0492 -0.4148 -0.6299, -1.0255 -0.4049 -0.3937, -1.0255 -0.4049 -0.6299, -1.0 -0.4016 -0.3937, -1.0 -0.4016 -0.6299, -0.9745 -0.4049 -0.3937, -0.9745 -0.4049 -0.6299, -0.9508 -0.4148 -0.3937, -0.9508 -0.4148 -0.6299, -0.9304 -0.4304 -0.3937, -0.9304 -0.4304 -0.6299, -0.9148 -0.4508 -0.3937, -0.9148 -0.4508 -0.6299, -0.9049 -0.4745 -0.3937, -0.9049 -0.4745 -0.6299, -0.9016 -0.5 -0.3937, -0.9016 -0.5 -0.6299, -0.9049 -0.5255 -0.3937, -0.9049 -0.5255 -0.6299, -0.9148 -0.5492 -0.3937, -0.9148 -0.5492 -0.6299, -0.9304 -0.5696 -0.3937, -0.9304 -0.5696 -0.6299, -0.9508 -0.5852 -0.3937, -0.9508 -0.5852 -0.6299, -0.9745 -0.5951 -0.3937, -0.9745 -0.5951 -0.6299, -1.0 -0.5984 -0.3937, -1.0 -0.6009 -0.6518, -0.9745 -0.5976 -0.6526, -0.9508 -0.588 -0.6548, -0.9304 -0.5728 -0.6582, -0.9148 -0.5529 -0.6628, -0.9049 -0.5298 -0.6681, -0.9016 -0.5049 -0.6737, -0.9049 -0.4801 -0.6794, -0.9148 -0.457 -0.6847, -0.9304 -0.4371 -0.6892, -0.9508 -0.4218 -0.6927, -0.9745 -0.4122 -0.6949, -1.0 -0.409 -0.6956, -1.0255 -0.4122 -0.6949, -1.0492 -0.4218 -0.6927, -1.0696 -0.4371 -0.6892, -1.0852 -0.457 -0.6847, -1.0951 -0.4801 -0.6794, -1.0984 -0.5049 -0.6737, -1.0951 -0.5298 -0.6681, -1.0852 -0.5529 -0.6628, -1.0696 -0.5728 -0.6582, -1.0492 -0.588 -0.6548, -1.0255 -0.5976 -0.6526, -1.0 -0.6082 -0.6726, -0.9745 -0.6052 -0.6741, -0.9508 -0.5963 -0.6783, -0.9304 -0.5822 -0.6851, -0.9148 -0.5638 -0.694, -0.9049 -0.5424 -0.7043, -0.9016 -0.5195 -0.7153, -0.9049 -0.4965 -0.7264, -0.9148 -0.4752 -0.7367, -0.9304 -0.4568 -0.7455, -0.9508 -0.4427 -0.7523, -0.9745 -0.4338 -0.7566, -1.0 -0.4308 -0.758, -1.0255 -0.4338 -0.7566, -1.0492 -0.4427 -0.7523, -1.0696 -0.4568 -0.7455, -1.0852 -0.4752 -0.7367, -1.0951 -0.4965 -0.7264, -1.0984 -0.5195 -0.7153, -1.0951 -0.5424 -0.7043, -1.0852 -0.5638 -0.694, -1.0696 -0.5822 -0.6851, -1.0492 -0.5963 -0.6783, -1.0255 -0.6052 -0.6741, -1.0 -0.6199 -0.6913, -0.9745 -0.6173 -0.6934, -0.9508 -0.6096 -0.6995, -0.9304 -0.5974 -0.7093, -0.9148 -0.5814 -0.722, -0.9049 -0.5629 -0.7368, -0.9016 -0.5429 -0.7527, -0.9049 -0.523 -0.7685, -0.9148 -0.5045 -0.7833, -0.9304 -0.4885 -0.796, -0.9508 -0.4763 -0.8058, -0.9745 -0.4686 -0.8119, -1.0 -0.466 -0.814, -1.0255 -0.4686 -0.8119, -1.0492 -0.4763 -0.8058, -1.0696 -0.4885 -0.796, -1.0852 -0.5045 -0.7833, -1.0951 -0.523 -0.7685, -1.0984 -0.5429 -0.7527, -1.0951 -0.5629 -0.7368, -1.0852 -0.5814 -0.722, -1.0696 -0.5974 -0.7093, -1.0492 -0.6096 -0.6995, -1.0255 -0.6173 -0.6934, -1.0 -0.6355 -0.7069, -0.9745 -0.6334 -0.7095, -0.9508 -0.6273 -0.7172, -0.9304 -0.6175 -0.7294, -0.9148 -0.6048 -0.7453, -0.9049 -0.59 -0.7639, -0.9016 -0.5741 -0.7838, -0.9049 -0.5582 -0.8037, -0.9148 -0.5434 -0.8223, -0.9304 -0.5307 -0.8382, -0.9508 -0.521 -0.8505, -0.9745 -0.5148 -0.8582, -1.0 -0.5127 -0.8608, -1.0255 -0.5148 -0.8582, -1.0492 -0.521 -0.8505, -1.0696 -0.5307 -0.8382, -1.0852 -0.5434 -0.8223, -1.0951 -0.5582 -0.8037, -1.0984 -0.5741 -0.7838, -1.0951 -0.59 -0.7639, -1.0852 -0.6048 -0.7453, -1.0696 -0.6175 -0.7294, -1.0492 -0.6273 -0.7172, -1.0255 -0.6334 -0.7095, -1.0 -0.6541 -0.7186, -0.9745 -0.6527 -0.7216, -0.9508 -0.6484 -0.7305, -0.9304 -0.6416 -0.7446, -0.9148 -0.6328 -0.7629, -0.9049 -0.6225 -0.7843, -0.9016 -0.6114 -0.8073, -0.9049 -0.6004 -0.8302, -0.9148 -0.5901 -0.8516, -0.9304 -0.5812 -0.87, -0.9508 -0.5745 -0.8841, -0.9745 -0.5702 -0.8929, -1.0 -0.5687 -0.896, -1.0255 -0.5702 -0.8929, -1.0492 -0.5745 -0.8841, -1.0696 -0.5812 -0.87, -1.0852 -0.5901 -0.8516, -1.0951 -0.6004 -0.8302, -1.0984 -0.6114 -0.8073, -1.0951 -0.6225 -0.7843, -1.0852 -0.6328 -0.7629, -1.0696 -0.6416 -0.7446, -1.0492 -0.6484 -0.7305, -1.0255 -0.6527 -0.7216, -1.0 -0.6749 -0.7259, -0.9745 -0.6742 -0.7291, -0.9508 -0.672 -0.7387, -0.9304 -0.6685 -0.754, -0.9148 -0.664 -0.7739, -0.9049 -0.6587 -0.797, -0.9016 -0.653 -0.8218, -0.9049 -0.6474 -0.8467, -0.9148 -0.6421 -0.8698, -0.9304 -0.6376 -0.8897, -0.9508 -0.6341 -0.9049, -0.9745 -0.6319 -0.9145, -1.0 -0.6311 -0.9178, -1.0255 -0.6319 -0.9145, -1.0492 -0.6341 -0.9049, -1.0696 -0.6376 -0.8897, -1.0852 -0.6421 -0.8698, -1.0951 -0.6474 -0.8467, -1.0984 -0.653 -0.8218, -1.0951 -0.6587 -0.797, -1.0852 -0.664 -0.7739, -1.0696 -0.6685 -0.754, -1.0492 -0.672 -0.7387, -1.0255 -0.6742 -0.7291, -1.0 -0.6969 -0.7283, -0.9745 -0.6969 -0.7317, -0.9508 -0.6969 -0.7415, -0.9304 -0.6969 -0.7572, -0.9148 -0.6969 -0.7776, -0.9049 -0.6969 -0.8013, -0.9016 -0.6969 -0.8268, -0.9049 -0.6969 -0.8522, -0.9148 -0.6969 -0.876, -0.9304 -0.6969 -0.8964, -0.9508 -0.6969 -0.912, -0.9745 -0.6969 -0.9218, -1.0 -0.6969 -0.9252, -1.0255 -0.6969 -0.9218, -1.0492 -0.6969 -0.912, -1.0696 -0.6969 -0.8964, -1.0852 -0.6969 -0.876, -1.0951 -0.6969 -0.8522, -1.0984 -0.6969 -0.8268, -1.0951 -0.6969 -0.8013, -1.0852 -0.6969 -0.7776, -1.0696 -0.6969 -0.7572, -1.0492 -0.6969 -0.7415, -1.0255 -0.6969 -0.7317, -0.6457 -0.5 -0.2756, -0.7718 -0.4389 -0.3937, -0.6577 -0.4083 -0.2756, -0.7954 -0.3819 -0.3937, -0.6931 -0.3228 -0.2756, -0.833 -0.333 -0.3937, -0.7495 -0.2495 -0.2756, -0.8819 -0.2954 -0.3937, -0.8228 -0.1931 -0.2756, -0.9389 -0.2718 -0.3937, -0.9083 -0.1577 -0.2756, -1.0 -0.2638 -0.3937, -1.0 -0.1457 -0.2756, -1.0611 -0.2718 -0.3937, -1.0917 -0.1577 -0.2756, -1.1181 -0.2954 -0.3937, -1.1772 -0.1931 -0.2756, -1.167 -0.333 -0.3937, -1.2505 -0.2495 -0.2756, -1.2046 -0.3819 -0.3937, -1.3069 -0.3228 -0.2756, -1.2282 -0.4389 -0.3937, -1.3423 -0.4083 -0.2756, -1.2362 -0.5 -0.3937, -1.3543 -0.5 -0.2756, -1.2282 -0.5611 -0.3937, -1.3423 -0.5917 -0.2756, -1.2046 -0.6181 -0.3937, -1.3069 -0.6772 -0.2756, -1.167 -0.667 -0.3937, -1.2505 -0.7505 -0.2756, -1.1181 -0.7046 -0.3937, -1.1772 -0.8069 -0.2756, -1.0611 -0.7282 -0.3937, -1.0917 -0.8423 -0.2756, -1.0 -0.7362 -0.3937, -1.0 -0.8543 -0.2756, -0.9389 -0.7282 -0.3937, -0.9083 -0.8423 -0.2756, -0.8819 -0.7046 -0.3937, -0.8228 -0.8069 -0.2756, -0.833 -0.667 -0.3937, -0.7495 -0.7505 -0.2756, -0.7954 -0.6181 -0.3937, -0.6931 -0.6772 -0.2756, -0.7718 -0.5611 -0.3937, -0.6577 -0.5917 -0.2756, -0.7638 -0.5 -0.3937, -0.6457 -0.5 0.0, -0.6577 -0.4083 0.0, -0.6931 -0.3228 0.0, -0.7495 -0.2495 0.0, -0.8228 -0.1931 0.0, -0.9083 -0.1577 0.0, -1.0 -0.1457 0.0, -1.0917 -0.1577 0.0, -1.1772 -0.1931 0.0, -1.2505 -0.2495 0.0, -1.3069 -0.3228 0.0, -1.3423 -0.4083 0.0, -1.3543 -0.5 0.0, -1.3423 -0.5917 0.0, -1.3069 -0.6772 0.0, -1.2505 -0.7505 0.0, -1.1772 -0.8069 0.0, -1.0917 -0.8423 0.0, -1.0 -0.8543 0.0, -0.9083 -0.8423 0.0, -0.8228 -0.8069 0.0, -0.7495 -0.7505 0.0, -0.6931 -0.6772 0.0, -0.6577 -0.5917 0.0, -0.8792 -0.4676 0.3976, -0.6958 -0.4185 1.1063, -0.8917 -0.4375 0.3976, -0.7272 -0.3425 1.1063, -0.9116 -0.4116 0.3976, -0.7773 -0.2773 1.1063, -0.9375 -0.3917 0.3976, -0.8425 -0.2272 1.1063, -0.9676 -0.3792 0.3976, -0.9185 -0.1958 1.1063, -1.0 -0.3749 0.3976, -1.0 -0.185 1.1063, -1.0324 -0.3792 0.3976, -1.0815 -0.1958 1.1063, -1.0625 -0.3917 0.3976, -1.1575 -0.2272 1.1063, -1.0884 -0.4116 0.3976, -1.2227 -0.2773 1.1063, -1.1083 -0.4375 0.3976, -1.2728 -0.3425 1.1063, -1.1208 -0.4676 0.3976, -1.3042 -0.4185 1.1063, -1.1251 -0.5 0.3976, -1.315 -0.5 1.1063, -1.1208 -0.5324 0.3976, -1.3042 -0.5815 1.1063, -1.1083 -0.5625 0.3976, -1.2728 -0.6575 1.1063, -1.0884 -0.5884 0.3976, -1.2227 -0.7227 1.1063, -1.0625 -0.6083 0.3976, -1.1575 -0.7728 1.1063, -1.0324 -0.6208 0.3976, -1.0815 -0.8042 1.1063, -1.0 -0.6251 0.3976, -1.0 -0.815 1.1063, -0.9676 -0.6208 0.3976, -0.9185 -0.8042 1.1063, -0.9375 -0.6083 0.3976, -0.8425 -0.7728 1.1063, -0.9116 -0.5884 0.3976, -0.7773 -0.7227 1.1063, -0.8917 -0.5625 0.3976, -0.7272 -0.6575 1.1063, -0.8792 -0.5324 0.3976, -0.6958 -0.5815 1.1063, -0.8749 -0.5 0.3976, -0.685 -0.5 1.1063, -0.685 -0.5 1.185, -0.6958 -0.4185 1.185, -0.7272 -0.3425 1.185, -0.7773 -0.2773 1.185, -0.8425 -0.2272 1.185, -0.9185 -0.1958 1.185, -1.0 -0.185 1.185, -1.0815 -0.1958 1.185, -1.1575 -0.2272 1.185, -1.2227 -0.2773 1.185, -1.2728 -0.3425 1.185, -1.3042 -0.4185 1.185, -1.315 -0.5 1.185, -1.3042 -0.5815 1.185, -1.2728 -0.6575 1.185, -1.2227 -0.7227 1.185, -1.1575 -0.7728 1.185, -1.0815 -0.8042 1.185, -1.0 -0.815 1.185, -0.9185 -0.8042 1.185, -0.8425 -0.7728 1.185, -0.7773 -0.7227 1.185, -0.7272 -0.6575 1.185, -0.6958 -0.5815 1.185, -1.0 -0.5 0.3976, -1.3543 -0.5 1.1811, -1.3423 -0.4083 1.185, -1.3423 -0.4083 1.1811, -1.3069 -0.3228 1.185, -1.3069 -0.3228 1.1811, -1.2505 -0.2495 1.185, -1.2505 -0.2495 1.1811, -1.1772 -0.1931 1.185, -1.1772 -0.1931 1.1811, -1.0917 -0.1577 1.185, -1.0917 -0.1577 1.1811, -1.0 -0.1457 1.185, -1.0 -0.1457 1.1811, -0.9083 -0.1577 1.185, -0.9083 -0.1577 1.1811, -0.8228 -0.1931 1.185, -0.8228 -0.1931 1.1811, -0.7495 -0.2495 1.185, -0.7495 -0.2495 1.1811, -0.6931 -0.3228 1.185, -0.6931 -0.3228 1.1811, -0.6577 -0.4083 1.185, -0.6577 -0.4083 1.1811, -0.6457 -0.5 1.185, -0.6457 -0.5 1.1811, -0.6577 -0.5917 1.185, -0.6577 -0.5917 1.1811, -0.6931 -0.6772 1.185, -0.6931 -0.6772 1.1811, -0.7495 -0.7505 1.185, -0.7495 -0.7505 1.1811, -0.8228 -0.8069 1.185, -0.8228 -0.8069 1.1811, -0.9083 -0.8423 1.185, -0.9083 -0.8423 1.1811, -1.0 -0.8543 1.185, -1.0 -0.8543 1.1811, -1.0917 -0.8423 1.185, -1.0917 -0.8423 1.1811, -1.1772 -0.8069 1.185, -1.1772 -0.8069 1.1811, -1.2505 -0.7505 1.185, -1.2505 -0.7505 1.1811, -1.3069 -0.6772 1.185, -1.3069 -0.6772 1.1811, -1.3423 -0.5917 1.185, -1.3423 -0.5917 1.1811, -1.3543 -0.5 1.185, 0.0 -1.3976 -0.9252, -0.0251 -1.4078 -0.9205, -0.0255 -1.3976 -0.9218, -0.0485 -1.4078 -0.9108, -0.0492 -1.3976 -0.912, -0.0686 -1.4078 -0.8954, -0.0696 -1.3976 -0.8964, -0.0841 -1.4078 -0.8753, -0.0852 -1.3976 -0.876, -0.0938 -1.4078 -0.8519, -0.0951 -1.3976 -0.8522, -0.0971 -1.4078 -0.8268, -0.0984 -1.3976 -0.8268, -0.0938 -1.4078 -0.8016, -0.0951 -1.3976 -0.8013, -0.0841 -1.4078 -0.7782, -0.0852 -1.3976 -0.7776, -0.0686 -1.4078 -0.7581, -0.0696 -1.3976 -0.7572, -0.0485 -1.4078 -0.7427, -0.0492 -1.3976 -0.7415, -0.0251 -1.4078 -0.733, -0.0255 -1.3976 -0.7317, -0.0 -1.4078 -0.7297, -0.0 -1.3976 -0.7283, 0.0251 -1.4078 -0.733, 0.0255 -1.3976 -0.7317, 0.0485 -1.4078 -0.7427, 0.0492 -1.3976 -0.7415, 0.0686 -1.4078 -0.7581, 0.0696 -1.3976 -0.7572, 0.0841 -1.4078 -0.7782, 0.0852 -1.3976 -0.7776, 0.0938 -1.4078 -0.8016, 0.0951 -1.3976 -0.8013, 0.0971 -1.4078 -0.8268, 0.0984 -1.3976 -0.8268, 0.0938 -1.4078 -0.8519, 0.0951 -1.3976 -0.8522, 0.0841 -1.4078 -0.8753, 0.0852 -1.3976 -0.876, 0.0686 -1.4078 -0.8954, 0.0696 -1.3976 -0.8964, 0.0485 -1.4078 -0.9108, 0.0492 -1.3976 -0.912, 0.0251 -1.4078 -0.9205, 0.0255 -1.3976 -0.9218, 0.0 -1.4078 -0.9239, -0.0241 -1.4173 -0.9167, -0.0466 -1.4173 -0.9074, -0.0659 -1.4173 -0.8926, -0.0807 -1.4173 -0.8733, -0.09 -1.4173 -0.8509, -0.0932 -1.4173 -0.8268, -0.09 -1.4173 -0.8027, -0.0807 -1.4173 -0.7802, -0.0659 -1.4173 -0.7609, -0.0466 -1.4173 -0.7461, -0.0241 -1.4173 -0.7368, -0.0 -1.4173 -0.7336, 0.0241 -1.4173 -0.7368, 0.0466 -1.4173 -0.7461, 0.0659 -1.4173 -0.7609, 0.0807 -1.4173 -0.7802, 0.09 -1.4173 -0.8027, 0.0932 -1.4173 -0.8268, 0.09 -1.4173 -0.8509, 0.0807 -1.4173 -0.8733, 0.0659 -1.4173 -0.8926, 0.0466 -1.4173 -0.9074, 0.0241 -1.4173 -0.9167, 0.0 -1.4173 -0.9199, -0.0225 -1.4255 -0.9107, -0.0434 -1.4255 -0.902, -0.0614 -1.4255 -0.8882, -0.0753 -1.4255 -0.8702, -0.0839 -1.4255 -0.8493, -0.0869 -1.4255 -0.8268, -0.0839 -1.4255 -0.8043, -0.0753 -1.4255 -0.7833, -0.0614 -1.4255 -0.7653, -0.0434 -1.4255 -0.7515, -0.0225 -1.4255 -0.7428, -0.0 -1.4255 -0.7399, 0.0225 -1.4255 -0.7428, 0.0434 -1.4255 -0.7515, 0.0614 -1.4255 -0.7653, 0.0753 -1.4255 -0.7833, 0.0839 -1.4255 -0.8043, 0.0869 -1.4255 -0.8268, 0.0839 -1.4255 -0.8493, 0.0753 -1.4255 -0.8702, 0.0614 -1.4255 -0.8882, 0.0434 -1.4255 -0.902, 0.0225 -1.4255 -0.9107, 0.0 -1.4255 -0.9137, -0.0204 -1.4317 -0.9028, -0.0394 -1.4317 -0.895, -0.0557 -1.4317 -0.8824, -0.0682 -1.4317 -0.8661, -0.0761 -1.4317 -0.8472, -0.0787 -1.4317 -0.8268, -0.0761 -1.4317 -0.8064, -0.0682 -1.4317 -0.7874, -0.0557 -1.4317 -0.7711, -0.0394 -1.4317 -0.7586, -0.0204 -1.4317 -0.7507, -0.0 -1.4317 -0.748, 0.0204 -1.4317 -0.7507, 0.0394 -1.4317 -0.7586, 0.0557 -1.4317 -0.7711, 0.0682 -1.4317 -0.7874, 0.0761 -1.4317 -0.8064, 0.0787 -1.4317 -0.8268, 0.0761 -1.4317 -0.8472, 0.0682 -1.4317 -0.8661, 0.0557 -1.4317 -0.8824, 0.0394 -1.4317 -0.895, 0.0204 -1.4317 -0.9028, 0.0 -1.4317 -0.9055, -0.0179 -1.4357 -0.8937, -0.0346 -1.4357 -0.8867, -0.049 -1.4357 -0.8757, -0.06 -1.4357 -0.8614, -0.0669 -1.4357 -0.8447, -0.0692 -1.4357 -0.8268, -0.0669 -1.4357 -0.8088, -0.06 -1.4357 -0.7921, -0.049 -1.4357 -0.7778, -0.0346 -1.4357 -0.7668, -0.0179 -1.4357 -0.7599, -0.0 -1.4357 -0.7575, 0.0179 -1.4357 -0.7599, 0.0346 -1.4357 -0.7668, 0.049 -1.4357 -0.7778, 0.06 -1.4357 -0.7921, 0.0669 -1.4357 -0.8088, 0.0692 -1.4357 -0.8268, 0.0669 -1.4357 -0.8447, 0.06 -1.4357 -0.8614, 0.049 -1.4357 -0.8757, 0.0346 -1.4357 -0.8867, 0.0179 -1.4357 -0.8937, 0.0 -1.4357 -0.896, -0.0153 -1.437 -0.8838, -0.0295 -1.437 -0.8779, -0.0418 -1.437 -0.8685, -0.0511 -1.437 -0.8563, -0.057 -1.437 -0.8421, -0.0591 -1.437 -0.8268, -0.057 -1.437 -0.8115, -0.0511 -1.437 -0.7972, -0.0418 -1.437 -0.785, -0.0295 -1.437 -0.7756, -0.0153 -1.437 -0.7697, -0.0 -1.437 -0.7677, 0.0153 -1.437 -0.7697, 0.0295 -1.437 -0.7756, 0.0418 -1.437 -0.785, 0.0511 -1.437 -0.7972, 0.057 -1.437 -0.8115, 0.0591 -1.437 -0.8268, 0.057 -1.437 -0.8421, 0.0511 -1.437 -0.8563, 0.0418 -1.437 -0.8685, 0.0295 -1.437 -0.8779, 0.0153 -1.437 -0.8838, 0.0 -1.437 -0.8858, 0.0 -1.437 -0.8268, 0.0 -0.5984 -0.6299, -0.0255 -0.5951 -0.3937, -0.0255 -0.5951 -0.6299, -0.0492 -0.5852 -0.3937, -0.0492 -0.5852 -0.6299, -0.0696 -0.5696 -0.3937, -0.0696 -0.5696 -0.6299, -0.0852 -0.5492 -0.3937, -0.0852 -0.5492 -0.6299, -0.0951 -0.5255 -0.3937, -0.0951 -0.5255 -0.6299, -0.0984 -0.5 -0.3937, -0.0984 -0.5 -0.6299, -0.0951 -0.4745 -0.3937, -0.0951 -0.4745 -0.6299, -0.0852 -0.4508 -0.3937, -0.0852 -0.4508 -0.6299, -0.0696 -0.4304 -0.3937, -0.0696 -0.4304 -0.6299, -0.0492 -0.4148 -0.3937, -0.0492 -0.4148 -0.6299, -0.0255 -0.4049 -0.3937, -0.0255 -0.4049 -0.6299, -0.0 -0.4016 -0.3937, -0.0 -0.4016 -0.6299, 0.0255 -0.4049 -0.3937, 0.0255 -0.4049 -0.6299, 0.0492 -0.4148 -0.3937, 0.0492 -0.4148 -0.6299, 0.0696 -0.4304 -0.3937, 0.0696 -0.4304 -0.6299, 0.0852 -0.4508 -0.3937, 0.0852 -0.4508 -0.6299, 0.0951 -0.4745 -0.3937, 0.0951 -0.4745 -0.6299, 0.0984 -0.5 -0.3937, 0.0984 -0.5 -0.6299, 0.0951 -0.5255 -0.3937, 0.0951 -0.5255 -0.6299, 0.0852 -0.5492 -0.3937, 0.0852 -0.5492 -0.6299, 0.0696 -0.5696 -0.3937, 0.0696 -0.5696 -0.6299, 0.0492 -0.5852 -0.3937, 0.0492 -0.5852 -0.6299, 0.0255 -0.5951 -0.3937, 0.0255 -0.5951 -0.6299, 0.0 -0.5984 -0.3937, -0.0 -0.6009 -0.6518, 0.0255 -0.5976 -0.6526, 0.0492 -0.588 -0.6548, 0.0696 -0.5728 -0.6582, 0.0852 -0.5529 -0.6628, 0.0951 -0.5298 -0.6681, 0.0984 -0.5049 -0.6737, 0.0951 -0.4801 -0.6794, 0.0852 -0.457 -0.6847, 0.0696 -0.4371 -0.6892, 0.0492 -0.4218 -0.6927, 0.0255 -0.4122 -0.6949, -0.0 -0.409 -0.6956, -0.0255 -0.4122 -0.6949, -0.0492 -0.4218 -0.6927, -0.0696 -0.4371 -0.6892, -0.0852 -0.457 -0.6847, -0.0951 -0.4801 -0.6794, -0.0984 -0.5049 -0.6737, -0.0951 -0.5298 -0.6681, -0.0852 -0.5529 -0.6628, -0.0696 -0.5728 -0.6582, -0.0492 -0.588 -0.6548, -0.0255 -0.5976 -0.6526, -0.0 -0.6082 -0.6726, 0.0255 -0.6052 -0.6741, 0.0492 -0.5963 -0.6783, 0.0696 -0.5822 -0.6851, 0.0852 -0.5638 -0.694, 0.0951 -0.5424 -0.7043, 0.0984 -0.5195 -0.7153, 0.0951 -0.4965 -0.7264, 0.0852 -0.4752 -0.7367, 0.0696 -0.4568 -0.7455, 0.0492 -0.4427 -0.7523, 0.0255 -0.4338 -0.7566, -0.0 -0.4308 -0.758, -0.0255 -0.4338 -0.7566, -0.0492 -0.4427 -0.7523, -0.0696 -0.4568 -0.7455, -0.0852 -0.4752 -0.7367, -0.0951 -0.4965 -0.7264, -0.0984 -0.5195 -0.7153, -0.0951 -0.5424 -0.7043, -0.0852 -0.5638 -0.694, -0.0696 -0.5822 -0.6851, -0.0492 -0.5963 -0.6783, -0.0255 -0.6052 -0.6741, -0.0 -0.6199 -0.6913, 0.0255 -0.6173 -0.6934, 0.0492 -0.6096 -0.6995, 0.0696 -0.5974 -0.7093, 0.0852 -0.5814 -0.722, 0.0951 -0.5629 -0.7368, 0.0984 -0.5429 -0.7527, 0.0951 -0.523 -0.7685, 0.0852 -0.5045 -0.7833, 0.0696 -0.4885 -0.796, 0.0492 -0.4763 -0.8058, 0.0255 -0.4686 -0.8119, -0.0 -0.466 -0.814, -0.0255 -0.4686 -0.8119, -0.0492 -0.4763 -0.8058, -0.0696 -0.4885 -0.796, -0.0852 -0.5045 -0.7833, -0.0951 -0.523 -0.7685, -0.0984 -0.5429 -0.7527, -0.0951 -0.5629 -0.7368, -0.0852 -0.5814 -0.722, -0.0696 -0.5974 -0.7093, -0.0492 -0.6096 -0.6995, -0.0255 -0.6173 -0.6934, -0.0 -0.6355 -0.7069, 0.0255 -0.6334 -0.7095, 0.0492 -0.6273 -0.7172, 0.0696 -0.6175 -0.7294, 0.0852 -0.6048 -0.7453, 0.0951 -0.59 -0.7639, 0.0984 -0.5741 -0.7838, 0.0951 -0.5582 -0.8037, 0.0852 -0.5434 -0.8223, 0.0696 -0.5307 -0.8382, 0.0492 -0.521 -0.8505, 0.0255 -0.5148 -0.8582, -0.0 -0.5127 -0.8608, -0.0255 -0.5148 -0.8582, -0.0492 -0.521 -0.8505, -0.0696 -0.5307 -0.8382, -0.0852 -0.5434 -0.8223, -0.0951 -0.5582 -0.8037, -0.0984 -0.5741 -0.7838, -0.0951 -0.59 -0.7639, -0.0852 -0.6048 -0.7453, -0.0696 -0.6175 -0.7294, -0.0492 -0.6273 -0.7172, -0.0255 -0.6334 -0.7095, -0.0 -0.6541 -0.7186, 0.0255 -0.6527 -0.7216, 0.0492 -0.6484 -0.7305, 0.0696 -0.6416 -0.7446, 0.0852 -0.6328 -0.7629, 0.0951 -0.6225 -0.7843, 0.0984 -0.6114 -0.8073, 0.0951 -0.6004 -0.8302, 0.0852 -0.5901 -0.8516, 0.0696 -0.5812 -0.87, 0.0492 -0.5745 -0.8841, 0.0255 -0.5702 -0.8929, -0.0 -0.5687 -0.896, -0.0255 -0.5702 -0.8929, -0.0492 -0.5745 -0.8841, -0.0696 -0.5812 -0.87, -0.0852 -0.5901 -0.8516, -0.0951 -0.6004 -0.8302, -0.0984 -0.6114 -0.8073, -0.0951 -0.6225 -0.7843, -0.0852 -0.6328 -0.7629, -0.0696 -0.6416 -0.7446, -0.0492 -0.6484 -0.7305, -0.0255 -0.6527 -0.7216, -0.0 -0.6749 -0.7259, 0.0255 -0.6742 -0.7291, 0.0492 -0.672 -0.7387, 0.0696 -0.6685 -0.754, 0.0852 -0.664 -0.7739, 0.0951 -0.6587 -0.797, 0.0984 -0.653 -0.8218, 0.0951 -0.6474 -0.8467, 0.0852 -0.6421 -0.8698, 0.0696 -0.6376 -0.8897, 0.0492 -0.6341 -0.9049, 0.0255 -0.6319 -0.9145, -0.0 -0.6311 -0.9178, -0.0255 -0.6319 -0.9145, -0.0492 -0.6341 -0.9049, -0.0696 -0.6376 -0.8897, -0.0852 -0.6421 -0.8698, -0.0951 -0.6474 -0.8467, -0.0984 -0.653 -0.8218, -0.0951 -0.6587 -0.797, -0.0852 -0.664 -0.7739, -0.0696 -0.6685 -0.754, -0.0492 -0.672 -0.7387, -0.0255 -0.6742 -0.7291, -0.0 -0.6969 -0.7283, 0.0255 -0.6969 -0.7317, 0.0492 -0.6969 -0.7415, 0.0696 -0.6969 -0.7572, 0.0852 -0.6969 -0.7776, 0.0951 -0.6969 -0.8013, 0.0984 -0.6969 -0.8268, 0.0951 -0.6969 -0.8522, 0.0852 -0.6969 -0.876, 0.0696 -0.6969 -0.8964, 0.0492 -0.6969 -0.912, 0.0255 -0.6969 -0.9218, -0.0 -0.6969 -0.9252, -0.0255 -0.6969 -0.9218, -0.0492 -0.6969 -0.912, -0.0696 -0.6969 -0.8964, -0.0852 -0.6969 -0.876, -0.0951 -0.6969 -0.8522, -0.0984 -0.6969 -0.8268, -0.0951 -0.6969 -0.8013, -0.0852 -0.6969 -0.7776, -0.0696 -0.6969 -0.7572, -0.0492 -0.6969 -0.7415, -0.0255 -0.6969 -0.7317, 0.3543 -0.5 -0.2756, 0.2282 -0.4389 -0.3937, 0.3423 -0.4083 -0.2756, 0.2046 -0.3819 -0.3937, 0.3069 -0.3228 -0.2756, 0.167 -0.333 -0.3937, 0.2505 -0.2495 -0.2756, 0.1181 -0.2954 -0.3937, 0.1772 -0.1931 -0.2756, 0.0611 -0.2718 -0.3937, 0.0917 -0.1577 -0.2756, 0.0 -0.2638 -0.3937, 0.0 -0.1457 -0.2756, -0.0611 -0.2718 -0.3937, -0.0917 -0.1577 -0.2756, -0.1181 -0.2954 -0.3937, -0.1772 -0.1931 -0.2756, -0.167 -0.333 -0.3937, -0.2505 -0.2495 -0.2756, -0.2046 -0.3819 -0.3937, -0.3069 -0.3228 -0.2756, -0.2282 -0.4389 -0.3937, -0.3423 -0.4083 -0.2756, -0.2362 -0.5 -0.3937, -0.3543 -0.5 -0.2756, -0.2282 -0.5611 -0.3937, -0.3423 -0.5917 -0.2756, -0.2046 -0.6181 -0.3937, -0.3069 -0.6772 -0.2756, -0.167 -0.667 -0.3937, -0.2505 -0.7505 -0.2756, -0.1181 -0.7046 -0.3937, -0.1772 -0.8069 -0.2756, -0.0611 -0.7282 -0.3937, -0.0917 -0.8423 -0.2756, -0.0 -0.7362 -0.3937, -0.0 -0.8543 -0.2756, 0.0611 -0.7282 -0.3937, 0.0917 -0.8423 -0.2756, 0.1181 -0.7046 -0.3937, 0.1772 -0.8069 -0.2756, 0.167 -0.667 -0.3937, 0.2505 -0.7505 -0.2756, 0.2046 -0.6181 -0.3937, 0.3069 -0.6772 -0.2756, 0.2282 -0.5611 -0.3937, 0.3423 -0.5917 -0.2756, 0.2362 -0.5 -0.3937, 0.3543 -0.5 0.0, 0.3423 -0.4083 0.0, 0.3069 -0.3228 0.0, 0.2505 -0.2495 0.0, 0.1772 -0.1931 0.0, 0.0917 -0.1577 0.0, 0.0 -0.1457 0.0, -0.0917 -0.1577 0.0, -0.1772 -0.1931 0.0, -0.2505 -0.2495 0.0, -0.3069 -0.3228 0.0, -0.3423 -0.4083 0.0, -0.3543 -0.5 0.0, -0.3423 -0.5917 0.0, -0.3069 -0.6772 0.0, -0.2505 -0.7505 0.0, -0.1772 -0.8069 0.0, -0.0917 -0.8423 0.0, -0.0 -0.8543 0.0, 0.0917 -0.8423 0.0, 0.1772 -0.8069 0.0, 0.2505 -0.7505 0.0, 0.3069 -0.6772 0.0, 0.3423 -0.5917 0.0, 0.1208 -0.4676 0.3976, 0.3042 -0.4185 1.1063, 0.1083 -0.4375 0.3976, 0.2728 -0.3425 1.1063, 0.0884 -0.4116 0.3976, 0.2227 -0.2773 1.1063, 0.0625 -0.3917 0.3976, 0.1575 -0.2272 1.1063, 0.0324 -0.3792 0.3976, 0.0815 -0.1958 1.1063, 0.0 -0.3749 0.3976, 0.0 -0.185 1.1063, -0.0324 -0.3792 0.3976, -0.0815 -0.1958 1.1063, -0.0625 -0.3917 0.3976, -0.1575 -0.2272 1.1063, -0.0884 -0.4116 0.3976, -0.2227 -0.2773 1.1063, -0.1083 -0.4375 0.3976, -0.2728 -0.3425 1.1063, -0.1208 -0.4676 0.3976, -0.3042 -0.4185 1.1063, -0.1251 -0.5 0.3976, -0.315 -0.5 1.1063, -0.1208 -0.5324 0.3976, -0.3042 -0.5815 1.1063, -0.1083 -0.5625 0.3976, -0.2728 -0.6575 1.1063, -0.0884 -0.5884 0.3976, -0.2227 -0.7227 1.1063, -0.0625 -0.6083 0.3976, -0.1575 -0.7728 1.1063, -0.0324 -0.6208 0.3976, -0.0815 -0.8042 1.1063, -0.0 -0.6251 0.3976, -0.0 -0.815 1.1063, 0.0324 -0.6208 0.3976, 0.0815 -0.8042 1.1063, 0.0625 -0.6083 0.3976, 0.1575 -0.7728 1.1063, 0.0884 -0.5884 0.3976, 0.2227 -0.7227 1.1063, 0.1083 -0.5625 0.3976, 0.2728 -0.6575 1.1063, 0.1208 -0.5324 0.3976, 0.3042 -0.5815 1.1063, 0.1251 -0.5 0.3976, 0.315 -0.5 1.1063, 0.315 -0.5 1.185, 0.3042 -0.4185 1.185, 0.2728 -0.3425 1.185, 0.2227 -0.2773 1.185, 0.1575 -0.2272 1.185, 0.0815 -0.1958 1.185, 0.0 -0.185 1.185, -0.0815 -0.1958 1.185, -0.1575 -0.2272 1.185, -0.2227 -0.2773 1.185, -0.2728 -0.3425 1.185, -0.3042 -0.4185 1.185, -0.315 -0.5 1.185, -0.3042 -0.5815 1.185, -0.2728 -0.6575 1.185, -0.2227 -0.7227 1.185, -0.1575 -0.7728 1.185, -0.0815 -0.8042 1.185, -0.0 -0.815 1.185, 0.0815 -0.8042 1.185, 0.1575 -0.7728 1.185, 0.2227 -0.7227 1.185, 0.2728 -0.6575 1.185, 0.3042 -0.5815 1.185, 0.0 -0.5 0.3976, -0.3543 -0.5 1.1811, -0.3423 -0.4083 1.185, -0.3423 -0.4083 1.1811, -0.3069 -0.3228 1.185, -0.3069 -0.3228 1.1811, -0.2505 -0.2495 1.185, -0.2505 -0.2495 1.1811, -0.1772 -0.1931 1.185, -0.1772 -0.1931 1.1811, -0.0917 -0.1577 1.185, -0.0917 -0.1577 1.1811, -0.0 -0.1457 1.185, -0.0 -0.1457 1.1811, 0.0917 -0.1577 1.185, 0.0917 -0.1577 1.1811, 0.1772 -0.1931 1.185, 0.1772 -0.1931 1.1811, 0.2505 -0.2495 1.185, 0.2505 -0.2495 1.1811, 0.3069 -0.3228 1.185, 0.3069 -0.3228 1.1811, 0.3423 -0.4083 1.185, 0.3423 -0.4083 1.1811, 0.3543 -0.5 1.185, 0.3543 -0.5 1.1811, 0.3423 -0.5917 1.185, 0.3423 -0.5917 1.1811, 0.3069 -0.6772 1.185, 0.3069 -0.6772 1.1811, 0.2505 -0.7505 1.185, 0.2505 -0.7505 1.1811, 0.1772 -0.8069 1.185, 0.1772 -0.8069 1.1811, 0.0917 -0.8423 1.185, 0.0917 -0.8423 1.1811, 0.0 -0.8543 1.185, 0.0 -0.8543 1.1811, -0.0917 -0.8423 1.185, -0.0917 -0.8423 1.1811, -0.1772 -0.8069 1.185, -0.1772 -0.8069 1.1811, -0.2505 -0.7505 1.185, -0.2505 -0.7505 1.1811, -0.3069 -0.6772 1.185, -0.3069 -0.6772 1.1811, -0.3423 -0.5917 1.185, -0.3423 -0.5917 1.1811, -0.3543 -0.5 1.185, -0.3543 -0.5 1.185
            ]
        }
        coordIndex [
            0,1,2,-1,2,1,3,-1,2,3,4,-1,4,3,5,-1,4,5,6,-1,6,5,7,-1,6,7,8,-1,8,7,9,-1,8,9,10,-1,10,9,11,-1,10,11,12,-1,12,11,13,-1,12,13,14,-1,14,13,15,-1,14,15,16,-1,16,15,17,-1,16,17,18,-1,18,17,19,-1,18,19,20,-1,20,19,21,-1,20,21,22,-1,22,21,23,-1,22,23,24,-1,24,23,25,-1,24,25,26,-1,26,25,27,-1,26,27,28,-1,28,27,29,-1,28,29,30,-1,30,29,31,-1,30,31,32,-1,32,31,33,-1,32,33,34,-1,34,33,35,-1,34,35,36,-1,36,35,37,-1,36,37,38,-1,38,37,39,-1,38,39,40,-1,40,39,41,-1,40,41,42,-1,42,41,43,-1,42,43,44,-1,44,43,45,-1,44,45,46,-1,46,45,47,-1,46,47,0,-1,0,47,1,-1,47,48,1,-1,1,48,49,-1,1,49,3,-1,3,49,50,-1,3,50,5,-1,5,50,51,-1,5,51,7,-1,7,51,52,-1,7,52,9,-1,9,52,53,-1,9,53,11,-1,11,53,54,-1,11,54,13,-1,13,54,55,-1,13,55,15,-1,15,55,56,-1,15,56,17,-1,17,56,57,-1,17,57,19,-1,19,57,58,-1,19,58,21,-1,21,58,59,-1,21,59,23,-1,23,59,60,-1,23,60,25,-1,25,60,61,-1,25,61,27,-1,27,61,62,-1,27,62,29,-1,29,62,63,-1,29,63,31,-1,31,63,64,-1,31,64,33,-1,33,64,65,-1,33,65,35,-1,35,65,66,-1,35,66,37,-1,37,66,67,-1,37,67,39,-1,39,67,68,-1,39,68,41,-1,41,68,69,-1,41,69,43,-1,43,69,70,-1,43,70,45,-1,45,70,71,-1,45,71,47,-1,47,71,48,-1,71,72,48,-1,48,72,73,-1,48,73,49,-1,49,73,74,-1,49,74,50,-1,50,74,75,-1,50,75,51,-1,51,75,76,-1,51,76,52,-1,52,76,77,-1,52,77,53,-1,53,77,78,-1,53,78,54,-1,54,78,79,-1,54,79,55,-1,55,79,80,-1,55,80,56,-1,56,80,81,-1,56,81,57,-1,57,81,82,-1,57,82,58,-1,58,82,83,-1,58,83,59,-1,59,83,84,-1,59,84,60,-1,60,84,85,-1,60,85,61,-1,61,85,86,-1,61,86,62,-1,62,86,87,-1,62,87,63,-1,63,87,88,-1,63,88,64,-1,64,88,89,-1,64,89,65,-1,65,89,90,-1,65,90,66,-1,66,90,91,-1,66,91,67,-1,67,91,92,-1,67,92,68,-1,68,92,93,-1,68,93,69,-1,69,93,94,-1,69,94,70,-1,70,94,95,-1,70,95,71,-1,71,95,72,-1,95,96,72,-1,72,96,97,-1,72,97,73,-1,73,97,98,-1,73,98,74,-1,74,98,99,-1,74,99,75,-1,75,99,100,-1,75,100,76,-1,76,100,101,-1,76,101,77,-1,77,101,102,-1,77,102,78,-1,78,102,103,-1,78,103,79,-1,79,103,104,-1,79,104,80,-1,80,104,105,-1,80,105,81,-1,81,105,106,-1,81,106,82,-1,82,106,107,-1,82,107,83,-1,83,107,108,-1,83,108,84,-1,84,108,109,-1,84,109,85,-1,85,109,110,-1,85,110,86,-1,86,110,111,-1,86,111,87,-1,87,111,112,-1,87,112,88,-1,88,112,113,-1,88,113,89,-1,89,113,114,-1,89,114,90,-1,90,114,115,-1,90,115,91,-1,91,115,116,-1,91,116,92,-1,92,116,117,-1,92,117,93,-1,93,117,118,-1,93,118,94,-1,94,118,119,-1,94,119,95,-1,95,119,96,-1,119,120,96,-1,96,120,121,-1,96,121,97,-1,97,121,122,-1,97,122,98,-1,98,122,123,-1,98,123,99,-1,99,123,124,-1,99,124,100,-1,100,124,125,-1,100,125,101,-1,101,125,126,-1,101,126,102,-1,102,126,127,-1,102,127,103,-1,103,127,128,-1,103,128,104,-1,104,128,129,-1,104,129,105,-1,105,129,130,-1,105,130,106,-1,106,130,131,-1,106,131,107,-1,107,131,132,-1,107,132,108,-1,108,132,133,-1,108,133,109,-1,109,133,134,-1,109,134,110,-1,110,134,135,-1,110,135,111,-1,111,135,136,-1,111,136,112,-1,112,136,137,-1,112,137,113,-1,113,137,138,-1,113,138,114,-1,114,138,139,-1,114,139,115,-1,115,139,140,-1,115,140,116,-1,116,140,141,-1,116,141,117,-1,117,141,142,-1,117,142,118,-1,118,142,143,-1,118,143,119,-1,119,143,120,-1,143,144,120,-1,120,144,145,-1,120,145,121,-1,121,145,146,-1,121,146,122,-1,122,146,147,-1,122,147,123,-1,123,147,148,-1,123,148,124,-1,124,148,149,-1,124,149,125,-1,125,149,150,-1,125,150,126,-1,126,150,151,-1,126,151,127,-1,127,151,152,-1,127,152,128,-1,128,152,153,-1,128,153,129,-1,129,153,154,-1,129,154,130,-1,130,154,155,-1,130,155,131,-1,131,155,156,-1,131,156,132,-1,132,156,157,-1,132,157,133,-1,133,157,158,-1,133,158,134,-1,134,158,159,-1,134,159,135,-1,135,159,160,-1,135,160,136,-1,136,160,161,-1,136,161,137,-1,137,161,162,-1,137,162,138,-1,138,162,163,-1,138,163,139,-1,139,163,164,-1,139,164,140,-1,140,164,165,-1,140,165,141,-1,141,165,166,-1,141,166,142,-1,142,166,167,-1,142,167,143,-1,143,167,144,-1,145,144,168,-1,168,144,167,-1,168,167,166,-1,148,147,168,-1,168,147,146,-1,168,146,145,-1,151,150,168,-1,168,150,149,-1,168,149,148,-1,154,153,168,-1,168,153,152,-1,168,152,151,-1,157,156,168,-1,168,156,155,-1,168,155,154,-1,160,159,168,-1,168,159,158,-1,168,158,157,-1,163,162,168,-1,168,162,161,-1,168,161,160,-1,166,165,168,-1,168,165,164,-1,168,164,163,-1,169,170,171,-1,171,170,172,-1,171,172,173,-1,173,172,174,-1,173,174,175,-1,175,174,176,-1,175,176,177,-1,177,176,178,-1,177,178,179,-1,179,178,180,-1,179,180,181,-1,181,180,182,-1,181,182,183,-1,183,182,184,-1,183,184,185,-1,185,184,186,-1,185,186,187,-1,187,186,188,-1,187,188,189,-1,189,188,190,-1,189,190,191,-1,191,190,192,-1,191,192,193,-1,193,192,194,-1,193,194,195,-1,195,194,196,-1,195,196,197,-1,197,196,198,-1,197,198,199,-1,199,198,200,-1,199,200,201,-1,201,200,202,-1,201,202,203,-1,203,202,204,-1,203,204,205,-1,205,204,206,-1,205,206,207,-1,207,206,208,-1,207,208,209,-1,209,208,210,-1,209,210,211,-1,211,210,212,-1,211,212,213,-1,213,212,214,-1,213,214,215,-1,215,214,216,-1,215,216,169,-1,169,216,170,-1,169,217,215,-1,215,217,218,-1,215,218,213,-1,213,218,219,-1,213,219,211,-1,211,219,220,-1,211,220,209,-1,209,220,221,-1,209,221,207,-1,207,221,222,-1,207,222,205,-1,205,222,223,-1,205,223,203,-1,203,223,224,-1,203,224,201,-1,201,224,225,-1,201,225,199,-1,199,225,226,-1,199,226,197,-1,197,226,227,-1,197,227,195,-1,195,227,228,-1,195,228,193,-1,193,228,229,-1,193,229,191,-1,191,229,230,-1,191,230,189,-1,189,230,231,-1,189,231,187,-1,187,231,232,-1,187,232,185,-1,185,232,233,-1,185,233,183,-1,183,233,234,-1,183,234,181,-1,181,234,235,-1,181,235,179,-1,179,235,236,-1,179,236,177,-1,177,236,237,-1,177,237,175,-1,175,237,238,-1,175,238,173,-1,173,238,239,-1,173,239,171,-1,171,239,240,-1,171,240,169,-1,169,240,217,-1,217,241,218,-1,218,241,242,-1,218,242,219,-1,219,242,243,-1,219,243,220,-1,220,243,244,-1,220,244,221,-1,221,244,245,-1,221,245,222,-1,222,245,246,-1,222,246,223,-1,223,246,247,-1,223,247,224,-1,224,247,248,-1,224,248,225,-1,225,248,249,-1,225,249,226,-1,226,249,250,-1,226,250,227,-1,227,250,251,-1,227,251,228,-1,228,251,252,-1,228,252,229,-1,229,252,253,-1,229,253,230,-1,230,253,254,-1,230,254,231,-1,231,254,255,-1,231,255,232,-1,232,255,256,-1,232,256,233,-1,233,256,257,-1,233,257,234,-1,234,257,258,-1,234,258,235,-1,235,258,259,-1,235,259,236,-1,236,259,260,-1,236,260,237,-1,237,260,261,-1,237,261,238,-1,238,261,262,-1,238,262,239,-1,239,262,263,-1,239,263,240,-1,240,263,264,-1,240,264,217,-1,217,264,241,-1,241,265,242,-1,242,265,266,-1,242,266,243,-1,243,266,267,-1,243,267,244,-1,244,267,268,-1,244,268,245,-1,245,268,269,-1,245,269,246,-1,246,269,270,-1,246,270,247,-1,247,270,271,-1,247,271,248,-1,248,271,272,-1,248,272,249,-1,249,272,273,-1,249,273,250,-1,250,273,274,-1,250,274,251,-1,251,274,275,-1,251,275,252,-1,252,275,276,-1,252,276,253,-1,253,276,277,-1,253,277,254,-1,254,277,278,-1,254,278,255,-1,255,278,279,-1,255,279,256,-1,256,279,280,-1,256,280,257,-1,257,280,281,-1,257,281,258,-1,258,281,282,-1,258,282,259,-1,259,282,283,-1,259,283,260,-1,260,283,284,-1,260,284,261,-1,261,284,285,-1,261,285,262,-1,262,285,286,-1,262,286,263,-1,263,286,287,-1,263,287,264,-1,264,287,288,-1,264,288,241,-1,241,288,265,-1,265,289,266,-1,266,289,290,-1,266,290,267,-1,267,290,291,-1,267,291,268,-1,268,291,292,-1,268,292,269,-1,269,292,293,-1,269,293,270,-1,270,293,294,-1,270,294,271,-1,271,294,295,-1,271,295,272,-1,272,295,296,-1,272,296,273,-1,273,296,297,-1,273,297,274,-1,274,297,298,-1,274,298,275,-1,275,298,299,-1,275,299,276,-1,276,299,300,-1,276,300,277,-1,277,300,301,-1,277,301,278,-1,278,301,302,-1,278,302,279,-1,279,302,303,-1,279,303,280,-1,280,303,304,-1,280,304,281,-1,281,304,305,-1,281,305,282,-1,282,305,306,-1,282,306,283,-1,283,306,307,-1,283,307,284,-1,284,307,308,-1,284,308,285,-1,285,308,309,-1,285,309,286,-1,286,309,310,-1,286,310,287,-1,287,310,311,-1,287,311,288,-1,288,311,312,-1,288,312,265,-1,265,312,289,-1,289,313,290,-1,290,313,314,-1,290,314,291,-1,291,314,315,-1,291,315,292,-1,292,315,316,-1,292,316,293,-1,293,316,317,-1,293,317,294,-1,294,317,318,-1,294,318,295,-1,295,318,319,-1,295,319,296,-1,296,319,320,-1,296,320,297,-1,297,320,321,-1,297,321,298,-1,298,321,322,-1,298,322,299,-1,299,322,323,-1,299,323,300,-1,300,323,324,-1,300,324,301,-1,301,324,325,-1,301,325,302,-1,302,325,326,-1,302,326,303,-1,303,326,327,-1,303,327,304,-1,304,327,328,-1,304,328,305,-1,305,328,329,-1,305,329,306,-1,306,329,330,-1,306,330,307,-1,307,330,331,-1,307,331,308,-1,308,331,332,-1,308,332,309,-1,309,332,333,-1,309,333,310,-1,310,333,334,-1,310,334,311,-1,311,334,335,-1,311,335,312,-1,312,335,336,-1,312,336,289,-1,289,336,313,-1,313,337,314,-1,314,337,338,-1,314,338,315,-1,315,338,339,-1,315,339,316,-1,316,339,340,-1,316,340,317,-1,317,340,341,-1,317,341,318,-1,318,341,342,-1,318,342,319,-1,319,342,343,-1,319,343,320,-1,320,343,344,-1,320,344,321,-1,321,344,345,-1,321,345,322,-1,322,345,346,-1,322,346,323,-1,323,346,347,-1,323,347,324,-1,324,347,348,-1,324,348,325,-1,325,348,349,-1,325,349,326,-1,326,349,350,-1,326,350,327,-1,327,350,351,-1,327,351,328,-1,328,351,352,-1,328,352,329,-1,329,352,353,-1,329,353,330,-1,330,353,354,-1,330,354,331,-1,331,354,355,-1,331,355,332,-1,332,355,356,-1,332,356,333,-1,333,356,357,-1,333,357,334,-1,334,357,358,-1,334,358,335,-1,335,358,359,-1,335,359,336,-1,336,359,360,-1,336,360,313,-1,313,360,337,-1,337,361,338,-1,338,361,362,-1,338,362,339,-1,339,362,363,-1,339,363,340,-1,340,363,364,-1,340,364,341,-1,341,364,365,-1,341,365,342,-1,342,365,366,-1,342,366,343,-1,343,366,367,-1,343,367,344,-1,344,367,368,-1,344,368,345,-1,345,368,369,-1,345,369,346,-1,346,369,370,-1,346,370,347,-1,347,370,371,-1,347,371,348,-1,348,371,372,-1,348,372,349,-1,349,372,373,-1,349,373,350,-1,350,373,374,-1,350,374,351,-1,351,374,375,-1,351,375,352,-1,352,375,376,-1,352,376,353,-1,353,376,377,-1,353,377,354,-1,354,377,378,-1,354,378,355,-1,355,378,379,-1,355,379,356,-1,356,379,380,-1,356,380,357,-1,357,380,381,-1,357,381,358,-1,358,381,382,-1,358,382,359,-1,359,382,383,-1,359,383,360,-1,360,383,384,-1,360,384,337,-1,337,384,361,-1,24,384,22,-1,22,384,383,-1,22,383,20,-1,20,383,382,-1,20,382,18,-1,18,382,381,-1,18,381,16,-1,16,381,380,-1,16,380,14,-1,14,380,379,-1,14,379,12,-1,12,379,378,-1,12,378,10,-1,10,378,377,-1,10,377,8,-1,8,377,376,-1,8,376,6,-1,6,376,375,-1,6,375,4,-1,4,375,374,-1,4,374,2,-1,2,374,373,-1,2,373,0,-1,0,373,372,-1,0,372,46,-1,46,372,371,-1,46,371,44,-1,44,371,370,-1,44,370,42,-1,42,370,369,-1,42,369,40,-1,40,369,368,-1,40,368,38,-1,38,368,367,-1,38,367,36,-1,36,367,366,-1,36,366,34,-1,34,366,365,-1,34,365,32,-1,32,365,364,-1,32,364,30,-1,30,364,363,-1,30,363,28,-1,28,363,362,-1,28,362,26,-1,26,362,361,-1,26,361,24,-1,24,361,384,-1,385,386,387,-1,387,386,388,-1,387,388,389,-1,389,388,390,-1,389,390,391,-1,391,390,392,-1,391,392,393,-1,393,392,394,-1,393,394,395,-1,395,394,396,-1,395,396,397,-1,397,396,398,-1,397,398,399,-1,399,398,400,-1,399,400,401,-1,401,400,402,-1,401,402,403,-1,403,402,404,-1,403,404,405,-1,405,404,406,-1,405,406,407,-1,407,406,408,-1,407,408,409,-1,409,408,410,-1,409,410,411,-1,411,410,412,-1,411,412,413,-1,413,412,414,-1,413,414,415,-1,415,414,416,-1,415,416,417,-1,417,416,418,-1,417,418,419,-1,419,418,420,-1,419,420,421,-1,421,420,422,-1,421,422,423,-1,423,422,424,-1,423,424,425,-1,425,424,426,-1,425,426,427,-1,427,426,428,-1,427,428,429,-1,429,428,430,-1,429,430,431,-1,431,430,432,-1,431,432,385,-1,385,432,386,-1,433,387,434,-1,434,387,389,-1,434,389,435,-1,435,389,391,-1,435,391,436,-1,436,391,393,-1,436,393,437,-1,437,393,395,-1,437,395,438,-1,438,395,397,-1,438,397,439,-1,439,397,399,-1,439,399,440,-1,440,399,401,-1,440,401,441,-1,441,401,403,-1,441,403,442,-1,442,403,405,-1,442,405,443,-1,443,405,407,-1,443,407,444,-1,444,407,409,-1,444,409,445,-1,445,409,411,-1,445,411,446,-1,446,411,413,-1,446,413,447,-1,447,413,415,-1,447,415,448,-1,448,415,417,-1,448,417,449,-1,449,417,419,-1,449,419,450,-1,450,419,421,-1,450,421,451,-1,451,421,423,-1,451,423,452,-1,452,423,425,-1,452,425,453,-1,453,425,427,-1,453,427,454,-1,454,427,429,-1,454,429,455,-1,455,429,431,-1,455,431,456,-1,456,431,385,-1,456,385,433,-1,433,385,387,-1,186,402,188,-1,188,402,400,-1,188,400,190,-1,190,400,398,-1,190,398,192,-1,192,398,396,-1,192,396,194,-1,194,396,394,-1,194,394,196,-1,196,394,392,-1,196,392,198,-1,198,392,390,-1,198,390,200,-1,200,390,388,-1,200,388,202,-1,202,388,386,-1,202,386,204,-1,204,386,432,-1,204,432,206,-1,206,432,430,-1,206,430,208,-1,208,430,428,-1,208,428,210,-1,210,428,426,-1,210,426,212,-1,212,426,424,-1,212,424,214,-1,214,424,422,-1,214,422,216,-1,216,422,420,-1,216,420,170,-1,170,420,418,-1,170,418,172,-1,172,418,416,-1,172,416,174,-1,174,416,414,-1,174,414,176,-1,176,414,412,-1,176,412,178,-1,178,412,410,-1,178,410,180,-1,180,410,408,-1,180,408,182,-1,182,408,406,-1,182,406,184,-1,184,406,404,-1,184,404,186,-1,186,404,402,-1,457,458,459,-1,459,458,460,-1,459,460,461,-1,461,460,462,-1,461,462,463,-1,463,462,464,-1,463,464,465,-1,465,464,466,-1,465,466,467,-1,467,466,468,-1,467,468,469,-1,469,468,470,-1,469,470,471,-1,471,470,472,-1,471,472,473,-1,473,472,474,-1,473,474,475,-1,475,474,476,-1,475,476,477,-1,477,476,478,-1,477,478,479,-1,479,478,480,-1,479,480,481,-1,481,480,482,-1,481,482,483,-1,483,482,484,-1,483,484,485,-1,485,484,486,-1,485,486,487,-1,487,486,488,-1,487,488,489,-1,489,488,490,-1,489,490,491,-1,491,490,492,-1,491,492,493,-1,493,492,494,-1,493,494,495,-1,495,494,496,-1,495,496,497,-1,497,496,498,-1,497,498,499,-1,499,498,500,-1,499,500,501,-1,501,500,502,-1,501,502,503,-1,503,502,504,-1,503,504,457,-1,457,504,458,-1,504,505,458,-1,458,505,506,-1,458,506,460,-1,460,506,507,-1,460,507,462,-1,462,507,508,-1,462,508,464,-1,464,508,509,-1,464,509,466,-1,466,509,510,-1,466,510,468,-1,468,510,511,-1,468,511,470,-1,470,511,512,-1,470,512,472,-1,472,512,513,-1,472,513,474,-1,474,513,514,-1,474,514,476,-1,476,514,515,-1,476,515,478,-1,478,515,516,-1,478,516,480,-1,480,516,517,-1,480,517,482,-1,482,517,518,-1,482,518,484,-1,484,518,519,-1,484,519,486,-1,486,519,520,-1,486,520,488,-1,488,520,521,-1,488,521,490,-1,490,521,522,-1,490,522,492,-1,492,522,523,-1,492,523,494,-1,494,523,524,-1,494,524,496,-1,496,524,525,-1,496,525,498,-1,498,525,526,-1,498,526,500,-1,500,526,527,-1,500,527,502,-1,502,527,528,-1,502,528,504,-1,504,528,505,-1,499,501,529,-1,529,501,503,-1,529,503,457,-1,493,495,529,-1,529,495,497,-1,529,497,499,-1,487,489,529,-1,529,489,491,-1,529,491,493,-1,481,483,529,-1,529,483,485,-1,529,485,487,-1,475,477,529,-1,529,477,479,-1,529,479,481,-1,469,471,529,-1,529,471,473,-1,529,473,475,-1,463,465,529,-1,529,465,467,-1,529,467,469,-1,457,459,529,-1,529,459,461,-1,529,461,463,-1,530,531,532,-1,532,531,533,-1,532,533,534,-1,534,533,535,-1,534,535,536,-1,536,535,537,-1,536,537,538,-1,538,537,539,-1,538,539,540,-1,540,539,541,-1,540,541,542,-1,542,541,543,-1,542,543,544,-1,544,543,545,-1,544,545,546,-1,546,545,547,-1,546,547,548,-1,548,547,549,-1,548,549,550,-1,550,549,551,-1,550,551,552,-1,552,551,553,-1,552,553,554,-1,554,553,555,-1,554,555,556,-1,556,555,557,-1,556,557,558,-1,558,557,559,-1,558,559,560,-1,560,559,561,-1,560,561,562,-1,562,561,563,-1,562,563,564,-1,564,563,565,-1,564,565,566,-1,566,565,567,-1,566,567,568,-1,568,567,569,-1,568,569,570,-1,570,569,571,-1,570,571,572,-1,572,571,573,-1,572,573,574,-1,574,573,575,-1,574,575,576,-1,576,575,577,-1,576,577,530,-1,530,577,531,-1,510,543,511,-1,511,543,541,-1,511,541,512,-1,512,541,539,-1,512,539,513,-1,513,539,537,-1,513,537,514,-1,514,537,535,-1,514,535,515,-1,515,535,533,-1,515,533,516,-1,516,533,531,-1,516,531,517,-1,517,531,577,-1,517,577,518,-1,518,577,575,-1,518,575,519,-1,519,575,573,-1,519,573,520,-1,520,573,571,-1,520,571,521,-1,521,571,569,-1,521,569,522,-1,522,569,567,-1,522,567,523,-1,523,567,565,-1,523,565,524,-1,524,565,563,-1,524,563,525,-1,525,563,561,-1,525,561,526,-1,526,561,559,-1,526,559,527,-1,527,559,557,-1,527,557,528,-1,528,557,555,-1,528,555,505,-1,505,555,553,-1,505,553,506,-1,506,553,551,-1,506,551,507,-1,507,551,549,-1,507,549,508,-1,508,549,547,-1,508,547,509,-1,509,547,545,-1,509,545,510,-1,510,545,543,-1,578,579,580,-1,580,579,581,-1,580,581,582,-1,582,581,583,-1,582,583,584,-1,584,583,585,-1,584,585,586,-1,586,585,587,-1,586,587,588,-1,588,587,589,-1,588,589,590,-1,590,589,591,-1,590,591,592,-1,592,591,593,-1,592,593,594,-1,594,593,595,-1,594,595,596,-1,596,595,597,-1,596,597,598,-1,598,597,599,-1,598,599,600,-1,600,599,601,-1,600,601,602,-1,602,601,603,-1,602,603,604,-1,604,603,605,-1,604,605,606,-1,606,605,607,-1,606,607,608,-1,608,607,609,-1,608,609,610,-1,610,609,611,-1,610,611,612,-1,612,611,613,-1,612,613,614,-1,614,613,615,-1,614,615,616,-1,616,615,617,-1,616,617,618,-1,618,617,619,-1,618,619,620,-1,620,619,621,-1,620,621,622,-1,622,621,623,-1,622,623,624,-1,624,623,625,-1,624,625,578,-1,578,625,579,-1,625,626,579,-1,579,626,627,-1,579,627,581,-1,581,627,628,-1,581,628,583,-1,583,628,629,-1,583,629,585,-1,585,629,630,-1,585,630,587,-1,587,630,631,-1,587,631,589,-1,589,631,632,-1,589,632,591,-1,591,632,633,-1,591,633,593,-1,593,633,634,-1,593,634,595,-1,595,634,635,-1,595,635,597,-1,597,635,636,-1,597,636,599,-1,599,636,637,-1,599,637,601,-1,601,637,638,-1,601,638,603,-1,603,638,639,-1,603,639,605,-1,605,639,640,-1,605,640,607,-1,607,640,641,-1,607,641,609,-1,609,641,642,-1,609,642,611,-1,611,642,643,-1,611,643,613,-1,613,643,644,-1,613,644,615,-1,615,644,645,-1,615,645,617,-1,617,645,646,-1,617,646,619,-1,619,646,647,-1,619,647,621,-1,621,647,648,-1,621,648,623,-1,623,648,649,-1,623,649,625,-1,625,649,626,-1,649,650,626,-1,626,650,651,-1,626,651,627,-1,627,651,652,-1,627,652,628,-1,628,652,653,-1,628,653,629,-1,629,653,654,-1,629,654,630,-1,630,654,655,-1,630,655,631,-1,631,655,656,-1,631,656,632,-1,632,656,657,-1,632,657,633,-1,633,657,658,-1,633,658,634,-1,634,658,659,-1,634,659,635,-1,635,659,660,-1,635,660,636,-1,636,660,661,-1,636,661,637,-1,637,661,662,-1,637,662,638,-1,638,662,663,-1,638,663,639,-1,639,663,664,-1,639,664,640,-1,640,664,665,-1,640,665,641,-1,641,665,666,-1,641,666,642,-1,642,666,667,-1,642,667,643,-1,643,667,668,-1,643,668,644,-1,644,668,669,-1,644,669,645,-1,645,669,670,-1,645,670,646,-1,646,670,671,-1,646,671,647,-1,647,671,672,-1,647,672,648,-1,648,672,673,-1,648,673,649,-1,649,673,650,-1,673,674,650,-1,650,674,675,-1,650,675,651,-1,651,675,676,-1,651,676,652,-1,652,676,677,-1,652,677,653,-1,653,677,678,-1,653,678,654,-1,654,678,679,-1,654,679,655,-1,655,679,680,-1,655,680,656,-1,656,680,681,-1,656,681,657,-1,657,681,682,-1,657,682,658,-1,658,682,683,-1,658,683,659,-1,659,683,684,-1,659,684,660,-1,660,684,685,-1,660,685,661,-1,661,685,686,-1,661,686,662,-1,662,686,687,-1,662,687,663,-1,663,687,688,-1,663,688,664,-1,664,688,689,-1,664,689,665,-1,665,689,690,-1,665,690,666,-1,666,690,691,-1,666,691,667,-1,667,691,692,-1,667,692,668,-1,668,692,693,-1,668,693,669,-1,669,693,694,-1,669,694,670,-1,670,694,695,-1,670,695,671,-1,671,695,696,-1,671,696,672,-1,672,696,697,-1,672,697,673,-1,673,697,674,-1,697,698,674,-1,674,698,699,-1,674,699,675,-1,675,699,700,-1,675,700,676,-1,676,700,701,-1,676,701,677,-1,677,701,702,-1,677,702,678,-1,678,702,703,-1,678,703,679,-1,679,703,704,-1,679,704,680,-1,680,704,705,-1,680,705,681,-1,681,705,706,-1,681,706,682,-1,682,706,707,-1,682,707,683,-1,683,707,708,-1,683,708,684,-1,684,708,709,-1,684,709,685,-1,685,709,710,-1,685,710,686,-1,686,710,711,-1,686,711,687,-1,687,711,712,-1,687,712,688,-1,688,712,713,-1,688,713,689,-1,689,713,714,-1,689,714,690,-1,690,714,715,-1,690,715,691,-1,691,715,716,-1,691,716,692,-1,692,716,717,-1,692,717,693,-1,693,717,718,-1,693,718,694,-1,694,718,719,-1,694,719,695,-1,695,719,720,-1,695,720,696,-1,696,720,721,-1,696,721,697,-1,697,721,698,-1,721,722,698,-1,698,722,723,-1,698,723,699,-1,699,723,724,-1,699,724,700,-1,700,724,725,-1,700,725,701,-1,701,725,726,-1,701,726,702,-1,702,726,727,-1,702,727,703,-1,703,727,728,-1,703,728,704,-1,704,728,729,-1,704,729,705,-1,705,729,730,-1,705,730,706,-1,706,730,731,-1,706,731,707,-1,707,731,732,-1,707,732,708,-1,708,732,733,-1,708,733,709,-1,709,733,734,-1,709,734,710,-1,710,734,735,-1,710,735,711,-1,711,735,736,-1,711,736,712,-1,712,736,737,-1,712,737,713,-1,713,737,738,-1,713,738,714,-1,714,738,739,-1,714,739,715,-1,715,739,740,-1,715,740,716,-1,716,740,741,-1,716,741,717,-1,717,741,742,-1,717,742,718,-1,718,742,743,-1,718,743,719,-1,719,743,744,-1,719,744,720,-1,720,744,745,-1,720,745,721,-1,721,745,722,-1,723,722,746,-1,746,722,745,-1,746,745,744,-1,726,725,746,-1,746,725,724,-1,746,724,723,-1,729,728,746,-1,746,728,727,-1,746,727,726,-1,732,731,746,-1,746,731,730,-1,746,730,729,-1,735,734,746,-1,746,734,733,-1,746,733,732,-1,738,737,746,-1,746,737,736,-1,746,736,735,-1,741,740,746,-1,746,740,739,-1,746,739,738,-1,744,743,746,-1,746,743,742,-1,746,742,741,-1,747,748,749,-1,749,748,750,-1,749,750,751,-1,751,750,752,-1,751,752,753,-1,753,752,754,-1,753,754,755,-1,755,754,756,-1,755,756,757,-1,757,756,758,-1,757,758,759,-1,759,758,760,-1,759,760,761,-1,761,760,762,-1,761,762,763,-1,763,762,764,-1,763,764,765,-1,765,764,766,-1,765,766,767,-1,767,766,768,-1,767,768,769,-1,769,768,770,-1,769,770,771,-1,771,770,772,-1,771,772,773,-1,773,772,774,-1,773,774,775,-1,775,774,776,-1,775,776,777,-1,777,776,778,-1,777,778,779,-1,779,778,780,-1,779,780,781,-1,781,780,782,-1,781,782,783,-1,783,782,784,-1,783,784,785,-1,785,784,786,-1,785,786,787,-1,787,786,788,-1,787,788,789,-1,789,788,790,-1,789,790,791,-1,791,790,792,-1,791,792,793,-1,793,792,794,-1,793,794,747,-1,747,794,748,-1,747,795,793,-1,793,795,796,-1,793,796,791,-1,791,796,797,-1,791,797,789,-1,789,797,798,-1,789,798,787,-1,787,798,799,-1,787,799,785,-1,785,799,800,-1,785,800,783,-1,783,800,801,-1,783,801,781,-1,781,801,802,-1,781,802,779,-1,779,802,803,-1,779,803,777,-1,777,803,804,-1,777,804,775,-1,775,804,805,-1,775,805,773,-1,773,805,806,-1,773,806,771,-1,771,806,807,-1,771,807,769,-1,769,807,808,-1,769,808,767,-1,767,808,809,-1,767,809,765,-1,765,809,810,-1,765,810,763,-1,763,810,811,-1,763,811,761,-1,761,811,812,-1,761,812,759,-1,759,812,813,-1,759,813,757,-1,757,813,814,-1,757,814,755,-1,755,814,815,-1,755,815,753,-1,753,815,816,-1,753,816,751,-1,751,816,817,-1,751,817,749,-1,749,817,818,-1,749,818,747,-1,747,818,795,-1,795,819,796,-1,796,819,820,-1,796,820,797,-1,797,820,821,-1,797,821,798,-1,798,821,822,-1,798,822,799,-1,799,822,823,-1,799,823,800,-1,800,823,824,-1,800,824,801,-1,801,824,825,-1,801,825,802,-1,802,825,826,-1,802,826,803,-1,803,826,827,-1,803,827,804,-1,804,827,828,-1,804,828,805,-1,805,828,829,-1,805,829,806,-1,806,829,830,-1,806,830,807,-1,807,830,831,-1,807,831,808,-1,808,831,832,-1,808,832,809,-1,809,832,833,-1,809,833,810,-1,810,833,834,-1,810,834,811,-1,811,834,835,-1,811,835,812,-1,812,835,836,-1,812,836,813,-1,813,836,837,-1,813,837,814,-1,814,837,838,-1,814,838,815,-1,815,838,839,-1,815,839,816,-1,816,839,840,-1,816,840,817,-1,817,840,841,-1,817,841,818,-1,818,841,842,-1,818,842,795,-1,795,842,819,-1,819,843,820,-1,820,843,844,-1,820,844,821,-1,821,844,845,-1,821,845,822,-1,822,845,846,-1,822,846,823,-1,823,846,847,-1,823,847,824,-1,824,847,848,-1,824,848,825,-1,825,848,849,-1,825,849,826,-1,826,849,850,-1,826,850,827,-1,827,850,851,-1,827,851,828,-1,828,851,852,-1,828,852,829,-1,829,852,853,-1,829,853,830,-1,830,853,854,-1,830,854,831,-1,831,854,855,-1,831,855,832,-1,832,855,856,-1,832,856,833,-1,833,856,857,-1,833,857,834,-1,834,857,858,-1,834,858,835,-1,835,858,859,-1,835,859,836,-1,836,859,860,-1,836,860,837,-1,837,860,861,-1,837,861,838,-1,838,861,862,-1,838,862,839,-1,839,862,863,-1,839,863,840,-1,840,863,864,-1,840,864,841,-1,841,864,865,-1,841,865,842,-1,842,865,866,-1,842,866,819,-1,819,866,843,-1,843,867,844,-1,844,867,868,-1,844,868,845,-1,845,868,869,-1,845,869,846,-1,846,869,870,-1,846,870,847,-1,847,870,871,-1,847,871,848,-1,848,871,872,-1,848,872,849,-1,849,872,873,-1,849,873,850,-1,850,873,874,-1,850,874,851,-1,851,874,875,-1,851,875,852,-1,852,875,876,-1,852,876,853,-1,853,876,877,-1,853,877,854,-1,854,877,878,-1,854,878,855,-1,855,878,879,-1,855,879,856,-1,856,879,880,-1,856,880,857,-1,857,880,881,-1,857,881,858,-1,858,881,882,-1,858,882,859,-1,859,882,883,-1,859,883,860,-1,860,883,884,-1,860,884,861,-1,861,884,885,-1,861,885,862,-1,862,885,886,-1,862,886,863,-1,863,886,887,-1,863,887,864,-1,864,887,888,-1,864,888,865,-1,865,888,889,-1,865,889,866,-1,866,889,890,-1,866,890,843,-1,843,890,867,-1,867,891,868,-1,868,891,892,-1,868,892,869,-1,869,892,893,-1,869,893,870,-1,870,893,894,-1,870,894,871,-1,871,894,895,-1,871,895,872,-1,872,895,896,-1,872,896,873,-1,873,896,897,-1,873,897,874,-1,874,897,898,-1,874,898,875,-1,875,898,899,-1,875,899,876,-1,876,899,900,-1,876,900,877,-1,877,900,901,-1,877,901,878,-1,878,901,902,-1,878,902,879,-1,879,902,903,-1,879,903,880,-1,880,903,904,-1,880,904,881,-1,881,904,905,-1,881,905,882,-1,882,905,906,-1,882,906,883,-1,883,906,907,-1,883,907,884,-1,884,907,908,-1,884,908,885,-1,885,908,909,-1,885,909,886,-1,886,909,910,-1,886,910,887,-1,887,910,911,-1,887,911,888,-1,888,911,912,-1,888,912,889,-1,889,912,913,-1,889,913,890,-1,890,913,914,-1,890,914,867,-1,867,914,891,-1,891,915,892,-1,892,915,916,-1,892,916,893,-1,893,916,917,-1,893,917,894,-1,894,917,918,-1,894,918,895,-1,895,918,919,-1,895,919,896,-1,896,919,920,-1,896,920,897,-1,897,920,921,-1,897,921,898,-1,898,921,922,-1,898,922,899,-1,899,922,923,-1,899,923,900,-1,900,923,924,-1,900,924,901,-1,901,924,925,-1,901,925,902,-1,902,925,926,-1,902,926,903,-1,903,926,927,-1,903,927,904,-1,904,927,928,-1,904,928,905,-1,905,928,929,-1,905,929,906,-1,906,929,930,-1,906,930,907,-1,907,930,931,-1,907,931,908,-1,908,931,932,-1,908,932,909,-1,909,932,933,-1,909,933,910,-1,910,933,934,-1,910,934,911,-1,911,934,935,-1,911,935,912,-1,912,935,936,-1,912,936,913,-1,913,936,937,-1,913,937,914,-1,914,937,938,-1,914,938,891,-1,891,938,915,-1,915,939,916,-1,916,939,940,-1,916,940,917,-1,917,940,941,-1,917,941,918,-1,918,941,942,-1,918,942,919,-1,919,942,943,-1,919,943,920,-1,920,943,944,-1,920,944,921,-1,921,944,945,-1,921,945,922,-1,922,945,946,-1,922,946,923,-1,923,946,947,-1,923,947,924,-1,924,947,948,-1,924,948,925,-1,925,948,949,-1,925,949,926,-1,926,949,950,-1,926,950,927,-1,927,950,951,-1,927,951,928,-1,928,951,952,-1,928,952,929,-1,929,952,953,-1,929,953,930,-1,930,953,954,-1,930,954,931,-1,931,954,955,-1,931,955,932,-1,932,955,956,-1,932,956,933,-1,933,956,957,-1,933,957,934,-1,934,957,958,-1,934,958,935,-1,935,958,959,-1,935,959,936,-1,936,959,960,-1,936,960,937,-1,937,960,961,-1,937,961,938,-1,938,961,962,-1,938,962,915,-1,915,962,939,-1,602,962,600,-1,600,962,961,-1,600,961,598,-1,598,961,960,-1,598,960,596,-1,596,960,959,-1,596,959,594,-1,594,959,958,-1,594,958,592,-1,592,958,957,-1,592,957,590,-1,590,957,956,-1,590,956,588,-1,588,956,955,-1,588,955,586,-1,586,955,954,-1,586,954,584,-1,584,954,953,-1,584,953,582,-1,582,953,952,-1,582,952,580,-1,580,952,951,-1,580,951,578,-1,578,951,950,-1,578,950,624,-1,624,950,949,-1,624,949,622,-1,622,949,948,-1,622,948,620,-1,620,948,947,-1,620,947,618,-1,618,947,946,-1,618,946,616,-1,616,946,945,-1,616,945,614,-1,614,945,944,-1,614,944,612,-1,612,944,943,-1,612,943,610,-1,610,943,942,-1,610,942,608,-1,608,942,941,-1,608,941,606,-1,606,941,940,-1,606,940,604,-1,604,940,939,-1,604,939,602,-1,602,939,962,-1,963,964,965,-1,965,964,966,-1,965,966,967,-1,967,966,968,-1,967,968,969,-1,969,968,970,-1,969,970,971,-1,971,970,972,-1,971,972,973,-1,973,972,974,-1,973,974,975,-1,975,974,976,-1,975,976,977,-1,977,976,978,-1,977,978,979,-1,979,978,980,-1,979,980,981,-1,981,980,982,-1,981,982,983,-1,983,982,984,-1,983,984,985,-1,985,984,986,-1,985,986,987,-1,987,986,988,-1,987,988,989,-1,989,988,990,-1,989,990,991,-1,991,990,992,-1,991,992,993,-1,993,992,994,-1,993,994,995,-1,995,994,996,-1,995,996,997,-1,997,996,998,-1,997,998,999,-1,999,998,1000,-1,999,1000,1001,-1,1001,1000,1002,-1,1001,1002,1003,-1,1003,1002,1004,-1,1003,1004,1005,-1,1005,1004,1006,-1,1005,1006,1007,-1,1007,1006,1008,-1,1007,1008,1009,-1,1009,1008,1010,-1,1009,1010,963,-1,963,1010,964,-1,1011,965,1012,-1,1012,965,967,-1,1012,967,1013,-1,1013,967,969,-1,1013,969,1014,-1,1014,969,971,-1,1014,971,1015,-1,1015,971,973,-1,1015,973,1016,-1,1016,973,975,-1,1016,975,1017,-1,1017,975,977,-1,1017,977,1018,-1,1018,977,979,-1,1018,979,1019,-1,1019,979,981,-1,1019,981,1020,-1,1020,981,983,-1,1020,983,1021,-1,1021,983,985,-1,1021,985,1022,-1,1022,985,987,-1,1022,987,1023,-1,1023,987,989,-1,1023,989,1024,-1,1024,989,991,-1,1024,991,1025,-1,1025,991,993,-1,1025,993,1026,-1,1026,993,995,-1,1026,995,1027,-1,1027,995,997,-1,1027,997,1028,-1,1028,997,999,-1,1028,999,1029,-1,1029,999,1001,-1,1029,1001,1030,-1,1030,1001,1003,-1,1030,1003,1031,-1,1031,1003,1005,-1,1031,1005,1032,-1,1032,1005,1007,-1,1032,1007,1033,-1,1033,1007,1009,-1,1033,1009,1034,-1,1034,1009,963,-1,1034,963,1011,-1,1011,963,965,-1,770,974,772,-1,772,974,972,-1,772,972,774,-1,774,972,970,-1,774,970,776,-1,776,970,968,-1,776,968,778,-1,778,968,966,-1,778,966,780,-1,780,966,964,-1,780,964,782,-1,782,964,1010,-1,782,1010,784,-1,784,1010,1008,-1,784,1008,786,-1,786,1008,1006,-1,786,1006,788,-1,788,1006,1004,-1,788,1004,790,-1,790,1004,1002,-1,790,1002,792,-1,792,1002,1000,-1,792,1000,794,-1,794,1000,998,-1,794,998,748,-1,748,998,996,-1,748,996,750,-1,750,996,994,-1,750,994,752,-1,752,994,992,-1,752,992,754,-1,754,992,990,-1,754,990,756,-1,756,990,988,-1,756,988,758,-1,758,988,986,-1,758,986,760,-1,760,986,984,-1,760,984,762,-1,762,984,982,-1,762,982,764,-1,764,982,980,-1,764,980,766,-1,766,980,978,-1,766,978,768,-1,768,978,976,-1,768,976,770,-1,770,976,974,-1,1035,1036,1037,-1,1037,1036,1038,-1,1037,1038,1039,-1,1039,1038,1040,-1,1039,1040,1041,-1,1041,1040,1042,-1,1041,1042,1043,-1,1043,1042,1044,-1,1043,1044,1045,-1,1045,1044,1046,-1,1045,1046,1047,-1,1047,1046,1048,-1,1047,1048,1049,-1,1049,1048,1050,-1,1049,1050,1051,-1,1051,1050,1052,-1,1051,1052,1053,-1,1053,1052,1054,-1,1053,1054,1055,-1,1055,1054,1056,-1,1055,1056,1057,-1,1057,1056,1058,-1,1057,1058,1059,-1,1059,1058,1060,-1,1059,1060,1061,-1,1061,1060,1062,-1,1061,1062,1063,-1,1063,1062,1064,-1,1063,1064,1065,-1,1065,1064,1066,-1,1065,1066,1067,-1,1067,1066,1068,-1,1067,1068,1069,-1,1069,1068,1070,-1,1069,1070,1071,-1,1071,1070,1072,-1,1071,1072,1073,-1,1073,1072,1074,-1,1073,1074,1075,-1,1075,1074,1076,-1,1075,1076,1077,-1,1077,1076,1078,-1,1077,1078,1079,-1,1079,1078,1080,-1,1079,1080,1081,-1,1081,1080,1082,-1,1081,1082,1035,-1,1035,1082,1036,-1,1082,1083,1036,-1,1036,1083,1084,-1,1036,1084,1038,-1,1038,1084,1085,-1,1038,1085,1040,-1,1040,1085,1086,-1,1040,1086,1042,-1,1042,1086,1087,-1,1042,1087,1044,-1,1044,1087,1088,-1,1044,1088,1046,-1,1046,1088,1089,-1,1046,1089,1048,-1,1048,1089,1090,-1,1048,1090,1050,-1,1050,1090,1091,-1,1050,1091,1052,-1,1052,1091,1092,-1,1052,1092,1054,-1,1054,1092,1093,-1,1054,1093,1056,-1,1056,1093,1094,-1,1056,1094,1058,-1,1058,1094,1095,-1,1058,1095,1060,-1,1060,1095,1096,-1,1060,1096,1062,-1,1062,1096,1097,-1,1062,1097,1064,-1,1064,1097,1098,-1,1064,1098,1066,-1,1066,1098,1099,-1,1066,1099,1068,-1,1068,1099,1100,-1,1068,1100,1070,-1,1070,1100,1101,-1,1070,1101,1072,-1,1072,1101,1102,-1,1072,1102,1074,-1,1074,1102,1103,-1,1074,1103,1076,-1,1076,1103,1104,-1,1076,1104,1078,-1,1078,1104,1105,-1,1078,1105,1080,-1,1080,1105,1106,-1,1080,1106,1082,-1,1082,1106,1083,-1,1077,1079,1107,-1,1107,1079,1081,-1,1107,1081,1035,-1,1071,1073,1107,-1,1107,1073,1075,-1,1107,1075,1077,-1,1065,1067,1107,-1,1107,1067,1069,-1,1107,1069,1071,-1,1059,1061,1107,-1,1107,1061,1063,-1,1107,1063,1065,-1,1053,1055,1107,-1,1107,1055,1057,-1,1107,1057,1059,-1,1047,1049,1107,-1,1107,1049,1051,-1,1107,1051,1053,-1,1041,1043,1107,-1,1107,1043,1045,-1,1107,1045,1047,-1,1035,1037,1107,-1,1107,1037,1039,-1,1107,1039,1041,-1,1108,1109,1110,-1,1110,1109,1111,-1,1110,1111,1112,-1,1112,1111,1113,-1,1112,1113,1114,-1,1114,1113,1115,-1,1114,1115,1116,-1,1116,1115,1117,-1,1116,1117,1118,-1,1118,1117,1119,-1,1118,1119,1120,-1,1120,1119,1121,-1,1120,1121,1122,-1,1122,1121,1123,-1,1122,1123,1124,-1,1124,1123,1125,-1,1124,1125,1126,-1,1126,1125,1127,-1,1126,1127,1128,-1,1128,1127,1129,-1,1128,1129,1130,-1,1130,1129,1131,-1,1130,1131,1132,-1,1132,1131,1133,-1,1132,1133,1134,-1,1134,1133,1135,-1,1134,1135,1136,-1,1136,1135,1137,-1,1136,1137,1138,-1,1138,1137,1139,-1,1138,1139,1140,-1,1140,1139,1141,-1,1140,1141,1142,-1,1142,1141,1143,-1,1142,1143,1144,-1,1144,1143,1145,-1,1144,1145,1146,-1,1146,1145,1147,-1,1146,1147,1148,-1,1148,1147,1149,-1,1148,1149,1150,-1,1150,1149,1151,-1,1150,1151,1152,-1,1152,1151,1153,-1,1152,1153,1154,-1,1154,1153,1155,-1,1154,1155,1108,-1,1108,1155,1109,-1,1087,1123,1088,-1,1088,1123,1121,-1,1088,1121,1089,-1,1089,1121,1119,-1,1089,1119,1090,-1,1090,1119,1117,-1,1090,1117,1091,-1,1091,1117,1115,-1,1091,1115,1092,-1,1092,1115,1113,-1,1092,1113,1093,-1,1093,1113,1111,-1,1093,1111,1094,-1,1094,1111,1109,-1,1094,1109,1095,-1,1095,1109,1155,-1,1095,1155,1096,-1,1096,1155,1153,-1,1096,1153,1097,-1,1097,1153,1151,-1,1097,1151,1098,-1,1098,1151,1149,-1,1098,1149,1099,-1,1099,1149,1147,-1,1099,1147,1100,-1,1100,1147,1145,-1,1100,1145,1101,-1,1101,1145,1143,-1,1101,1143,1102,-1,1102,1143,1141,-1,1102,1141,1103,-1,1103,1141,1139,-1,1103,1139,1104,-1,1104,1139,1137,-1,1104,1137,1105,-1,1105,1137,1135,-1,1105,1135,1106,-1,1106,1135,1133,-1,1106,1133,1083,-1,1083,1133,1131,-1,1083,1131,1084,-1,1084,1131,1129,-1,1084,1129,1085,-1,1085,1129,1127,-1,1085,1127,1086,-1,1086,1127,1125,-1,1086,1125,1087,-1,1087,1125,1123,-1,1156,1157,1158,-1,1158,1157,1159,-1,1158,1159,1160,-1,1160,1159,1161,-1,1160,1161,1162,-1,1162,1161,1163,-1,1162,1163,1164,-1,1164,1163,1165,-1,1164,1165,1166,-1,1166,1165,1167,-1,1166,1167,1168,-1,1168,1167,1169,-1,1168,1169,1170,-1,1170,1169,1171,-1,1170,1171,1172,-1,1172,1171,1173,-1,1172,1173,1174,-1,1174,1173,1175,-1,1174,1175,1176,-1,1176,1175,1177,-1,1176,1177,1178,-1,1178,1177,1179,-1,1178,1179,1180,-1,1180,1179,1181,-1,1180,1181,1182,-1,1182,1181,1183,-1,1182,1183,1184,-1,1184,1183,1185,-1,1184,1185,1186,-1,1186,1185,1187,-1,1186,1187,1188,-1,1188,1187,1189,-1,1188,1189,1190,-1,1190,1189,1191,-1,1190,1191,1192,-1,1192,1191,1193,-1,1192,1193,1194,-1,1194,1193,1195,-1,1194,1195,1196,-1,1196,1195,1197,-1,1196,1197,1198,-1,1198,1197,1199,-1,1198,1199,1200,-1,1200,1199,1201,-1,1200,1201,1202,-1,1202,1201,1203,-1,1202,1203,1156,-1,1156,1203,1157,-1,1203,1204,1157,-1,1157,1204,1205,-1,1157,1205,1159,-1,1159,1205,1206,-1,1159,1206,1161,-1,1161,1206,1207,-1,1161,1207,1163,-1,1163,1207,1208,-1,1163,1208,1165,-1,1165,1208,1209,-1,1165,1209,1167,-1,1167,1209,1210,-1,1167,1210,1169,-1,1169,1210,1211,-1,1169,1211,1171,-1,1171,1211,1212,-1,1171,1212,1173,-1,1173,1212,1213,-1,1173,1213,1175,-1,1175,1213,1214,-1,1175,1214,1177,-1,1177,1214,1215,-1,1177,1215,1179,-1,1179,1215,1216,-1,1179,1216,1181,-1,1181,1216,1217,-1,1181,1217,1183,-1,1183,1217,1218,-1,1183,1218,1185,-1,1185,1218,1219,-1,1185,1219,1187,-1,1187,1219,1220,-1,1187,1220,1189,-1,1189,1220,1221,-1,1189,1221,1191,-1,1191,1221,1222,-1,1191,1222,1193,-1,1193,1222,1223,-1,1193,1223,1195,-1,1195,1223,1224,-1,1195,1224,1197,-1,1197,1224,1225,-1,1197,1225,1199,-1,1199,1225,1226,-1,1199,1226,1201,-1,1201,1226,1227,-1,1201,1227,1203,-1,1203,1227,1204,-1,1227,1228,1204,-1,1204,1228,1229,-1,1204,1229,1205,-1,1205,1229,1230,-1,1205,1230,1206,-1,1206,1230,1231,-1,1206,1231,1207,-1,1207,1231,1232,-1,1207,1232,1208,-1,1208,1232,1233,-1,1208,1233,1209,-1,1209,1233,1234,-1,1209,1234,1210,-1,1210,1234,1235,-1,1210,1235,1211,-1,1211,1235,1236,-1,1211,1236,1212,-1,1212,1236,1237,-1,1212,1237,1213,-1,1213,1237,1238,-1,1213,1238,1214,-1,1214,1238,1239,-1,1214,1239,1215,-1,1215,1239,1240,-1,1215,1240,1216,-1,1216,1240,1241,-1,1216,1241,1217,-1,1217,1241,1242,-1,1217,1242,1218,-1,1218,1242,1243,-1,1218,1243,1219,-1,1219,1243,1244,-1,1219,1244,1220,-1,1220,1244,1245,-1,1220,1245,1221,-1,1221,1245,1246,-1,1221,1246,1222,-1,1222,1246,1247,-1,1222,1247,1223,-1,1223,1247,1248,-1,1223,1248,1224,-1,1224,1248,1249,-1,1224,1249,1225,-1,1225,1249,1250,-1,1225,1250,1226,-1,1226,1250,1251,-1,1226,1251,1227,-1,1227,1251,1228,-1,1251,1252,1228,-1,1228,1252,1253,-1,1228,1253,1229,-1,1229,1253,1254,-1,1229,1254,1230,-1,1230,1254,1255,-1,1230,1255,1231,-1,1231,1255,1256,-1,1231,1256,1232,-1,1232,1256,1257,-1,1232,1257,1233,-1,1233,1257,1258,-1,1233,1258,1234,-1,1234,1258,1259,-1,1234,1259,1235,-1,1235,1259,1260,-1,1235,1260,1236,-1,1236,1260,1261,-1,1236,1261,1237,-1,1237,1261,1262,-1,1237,1262,1238,-1,1238,1262,1263,-1,1238,1263,1239,-1,1239,1263,1264,-1,1239,1264,1240,-1,1240,1264,1265,-1,1240,1265,1241,-1,1241,1265,1266,-1,1241,1266,1242,-1,1242,1266,1267,-1,1242,1267,1243,-1,1243,1267,1268,-1,1243,1268,1244,-1,1244,1268,1269,-1,1244,1269,1245,-1,1245,1269,1270,-1,1245,1270,1246,-1,1246,1270,1271,-1,1246,1271,1247,-1,1247,1271,1272,-1,1247,1272,1248,-1,1248,1272,1273,-1,1248,1273,1249,-1,1249,1273,1274,-1,1249,1274,1250,-1,1250,1274,1275,-1,1250,1275,1251,-1,1251,1275,1252,-1,1275,1276,1252,-1,1252,1276,1277,-1,1252,1277,1253,-1,1253,1277,1278,-1,1253,1278,1254,-1,1254,1278,1279,-1,1254,1279,1255,-1,1255,1279,1280,-1,1255,1280,1256,-1,1256,1280,1281,-1,1256,1281,1257,-1,1257,1281,1282,-1,1257,1282,1258,-1,1258,1282,1283,-1,1258,1283,1259,-1,1259,1283,1284,-1,1259,1284,1260,-1,1260,1284,1285,-1,1260,1285,1261,-1,1261,1285,1286,-1,1261,1286,1262,-1,1262,1286,1287,-1,1262,1287,1263,-1,1263,1287,1288,-1,1263,1288,1264,-1,1264,1288,1289,-1,1264,1289,1265,-1,1265,1289,1290,-1,1265,1290,1266,-1,1266,1290,1291,-1,1266,1291,1267,-1,1267,1291,1292,-1,1267,1292,1268,-1,1268,1292,1293,-1,1268,1293,1269,-1,1269,1293,1294,-1,1269,1294,1270,-1,1270,1294,1295,-1,1270,1295,1271,-1,1271,1295,1296,-1,1271,1296,1272,-1,1272,1296,1297,-1,1272,1297,1273,-1,1273,1297,1298,-1,1273,1298,1274,-1,1274,1298,1299,-1,1274,1299,1275,-1,1275,1299,1276,-1,1299,1300,1276,-1,1276,1300,1301,-1,1276,1301,1277,-1,1277,1301,1302,-1,1277,1302,1278,-1,1278,1302,1303,-1,1278,1303,1279,-1,1279,1303,1304,-1,1279,1304,1280,-1,1280,1304,1305,-1,1280,1305,1281,-1,1281,1305,1306,-1,1281,1306,1282,-1,1282,1306,1307,-1,1282,1307,1283,-1,1283,1307,1308,-1,1283,1308,1284,-1,1284,1308,1309,-1,1284,1309,1285,-1,1285,1309,1310,-1,1285,1310,1286,-1,1286,1310,1311,-1,1286,1311,1287,-1,1287,1311,1312,-1,1287,1312,1288,-1,1288,1312,1313,-1,1288,1313,1289,-1,1289,1313,1314,-1,1289,1314,1290,-1,1290,1314,1315,-1,1290,1315,1291,-1,1291,1315,1316,-1,1291,1316,1292,-1,1292,1316,1317,-1,1292,1317,1293,-1,1293,1317,1318,-1,1293,1318,1294,-1,1294,1318,1319,-1,1294,1319,1295,-1,1295,1319,1320,-1,1295,1320,1296,-1,1296,1320,1321,-1,1296,1321,1297,-1,1297,1321,1322,-1,1297,1322,1298,-1,1298,1322,1323,-1,1298,1323,1299,-1,1299,1323,1300,-1,1301,1300,1324,-1,1324,1300,1323,-1,1324,1323,1322,-1,1304,1303,1324,-1,1324,1303,1302,-1,1324,1302,1301,-1,1307,1306,1324,-1,1324,1306,1305,-1,1324,1305,1304,-1,1310,1309,1324,-1,1324,1309,1308,-1,1324,1308,1307,-1,1313,1312,1324,-1,1324,1312,1311,-1,1324,1311,1310,-1,1316,1315,1324,-1,1324,1315,1314,-1,1324,1314,1313,-1,1319,1318,1324,-1,1324,1318,1317,-1,1324,1317,1316,-1,1322,1321,1324,-1,1324,1321,1320,-1,1324,1320,1319,-1,1325,1326,1327,-1,1327,1326,1328,-1,1327,1328,1329,-1,1329,1328,1330,-1,1329,1330,1331,-1,1331,1330,1332,-1,1331,1332,1333,-1,1333,1332,1334,-1,1333,1334,1335,-1,1335,1334,1336,-1,1335,1336,1337,-1,1337,1336,1338,-1,1337,1338,1339,-1,1339,1338,1340,-1,1339,1340,1341,-1,1341,1340,1342,-1,1341,1342,1343,-1,1343,1342,1344,-1,1343,1344,1345,-1,1345,1344,1346,-1,1345,1346,1347,-1,1347,1346,1348,-1,1347,1348,1349,-1,1349,1348,1350,-1,1349,1350,1351,-1,1351,1350,1352,-1,1351,1352,1353,-1,1353,1352,1354,-1,1353,1354,1355,-1,1355,1354,1356,-1,1355,1356,1357,-1,1357,1356,1358,-1,1357,1358,1359,-1,1359,1358,1360,-1,1359,1360,1361,-1,1361,1360,1362,-1,1361,1362,1363,-1,1363,1362,1364,-1,1363,1364,1365,-1,1365,1364,1366,-1,1365,1366,1367,-1,1367,1366,1368,-1,1367,1368,1369,-1,1369,1368,1370,-1,1369,1370,1371,-1,1371,1370,1372,-1,1371,1372,1325,-1,1325,1372,1326,-1,1325,1373,1371,-1,1371,1373,1374,-1,1371,1374,1369,-1,1369,1374,1375,-1,1369,1375,1367,-1,1367,1375,1376,-1,1367,1376,1365,-1,1365,1376,1377,-1,1365,1377,1363,-1,1363,1377,1378,-1,1363,1378,1361,-1,1361,1378,1379,-1,1361,1379,1359,-1,1359,1379,1380,-1,1359,1380,1357,-1,1357,1380,1381,-1,1357,1381,1355,-1,1355,1381,1382,-1,1355,1382,1353,-1,1353,1382,1383,-1,1353,1383,1351,-1,1351,1383,1384,-1,1351,1384,1349,-1,1349,1384,1385,-1,1349,1385,1347,-1,1347,1385,1386,-1,1347,1386,1345,-1,1345,1386,1387,-1,1345,1387,1343,-1,1343,1387,1388,-1,1343,1388,1341,-1,1341,1388,1389,-1,1341,1389,1339,-1,1339,1389,1390,-1,1339,1390,1337,-1,1337,1390,1391,-1,1337,1391,1335,-1,1335,1391,1392,-1,1335,1392,1333,-1,1333,1392,1393,-1,1333,1393,1331,-1,1331,1393,1394,-1,1331,1394,1329,-1,1329,1394,1395,-1,1329,1395,1327,-1,1327,1395,1396,-1,1327,1396,1325,-1,1325,1396,1373,-1,1373,1397,1374,-1,1374,1397,1398,-1,1374,1398,1375,-1,1375,1398,1399,-1,1375,1399,1376,-1,1376,1399,1400,-1,1376,1400,1377,-1,1377,1400,1401,-1,1377,1401,1378,-1,1378,1401,1402,-1,1378,1402,1379,-1,1379,1402,1403,-1,1379,1403,1380,-1,1380,1403,1404,-1,1380,1404,1381,-1,1381,1404,1405,-1,1381,1405,1382,-1,1382,1405,1406,-1,1382,1406,1383,-1,1383,1406,1407,-1,1383,1407,1384,-1,1384,1407,1408,-1,1384,1408,1385,-1,1385,1408,1409,-1,1385,1409,1386,-1,1386,1409,1410,-1,1386,1410,1387,-1,1387,1410,1411,-1,1387,1411,1388,-1,1388,1411,1412,-1,1388,1412,1389,-1,1389,1412,1413,-1,1389,1413,1390,-1,1390,1413,1414,-1,1390,1414,1391,-1,1391,1414,1415,-1,1391,1415,1392,-1,1392,1415,1416,-1,1392,1416,1393,-1,1393,1416,1417,-1,1393,1417,1394,-1,1394,1417,1418,-1,1394,1418,1395,-1,1395,1418,1419,-1,1395,1419,1396,-1,1396,1419,1420,-1,1396,1420,1373,-1,1373,1420,1397,-1,1397,1421,1398,-1,1398,1421,1422,-1,1398,1422,1399,-1,1399,1422,1423,-1,1399,1423,1400,-1,1400,1423,1424,-1,1400,1424,1401,-1,1401,1424,1425,-1,1401,1425,1402,-1,1402,1425,1426,-1,1402,1426,1403,-1,1403,1426,1427,-1,1403,1427,1404,-1,1404,1427,1428,-1,1404,1428,1405,-1,1405,1428,1429,-1,1405,1429,1406,-1,1406,1429,1430,-1,1406,1430,1407,-1,1407,1430,1431,-1,1407,1431,1408,-1,1408,1431,1432,-1,1408,1432,1409,-1,1409,1432,1433,-1,1409,1433,1410,-1,1410,1433,1434,-1,1410,1434,1411,-1,1411,1434,1435,-1,1411,1435,1412,-1,1412,1435,1436,-1,1412,1436,1413,-1,1413,1436,1437,-1,1413,1437,1414,-1,1414,1437,1438,-1,1414,1438,1415,-1,1415,1438,1439,-1,1415,1439,1416,-1,1416,1439,1440,-1,1416,1440,1417,-1,1417,1440,1441,-1,1417,1441,1418,-1,1418,1441,1442,-1,1418,1442,1419,-1,1419,1442,1443,-1,1419,1443,1420,-1,1420,1443,1444,-1,1420,1444,1397,-1,1397,1444,1421,-1,1421,1445,1422,-1,1422,1445,1446,-1,1422,1446,1423,-1,1423,1446,1447,-1,1423,1447,1424,-1,1424,1447,1448,-1,1424,1448,1425,-1,1425,1448,1449,-1,1425,1449,1426,-1,1426,1449,1450,-1,1426,1450,1427,-1,1427,1450,1451,-1,1427,1451,1428,-1,1428,1451,1452,-1,1428,1452,1429,-1,1429,1452,1453,-1,1429,1453,1430,-1,1430,1453,1454,-1,1430,1454,1431,-1,1431,1454,1455,-1,1431,1455,1432,-1,1432,1455,1456,-1,1432,1456,1433,-1,1433,1456,1457,-1,1433,1457,1434,-1,1434,1457,1458,-1,1434,1458,1435,-1,1435,1458,1459,-1,1435,1459,1436,-1,1436,1459,1460,-1,1436,1460,1437,-1,1437,1460,1461,-1,1437,1461,1438,-1,1438,1461,1462,-1,1438,1462,1439,-1,1439,1462,1463,-1,1439,1463,1440,-1,1440,1463,1464,-1,1440,1464,1441,-1,1441,1464,1465,-1,1441,1465,1442,-1,1442,1465,1466,-1,1442,1466,1443,-1,1443,1466,1467,-1,1443,1467,1444,-1,1444,1467,1468,-1,1444,1468,1421,-1,1421,1468,1445,-1,1445,1469,1446,-1,1446,1469,1470,-1,1446,1470,1447,-1,1447,1470,1471,-1,1447,1471,1448,-1,1448,1471,1472,-1,1448,1472,1449,-1,1449,1472,1473,-1,1449,1473,1450,-1,1450,1473,1474,-1,1450,1474,1451,-1,1451,1474,1475,-1,1451,1475,1452,-1,1452,1475,1476,-1,1452,1476,1453,-1,1453,1476,1477,-1,1453,1477,1454,-1,1454,1477,1478,-1,1454,1478,1455,-1,1455,1478,1479,-1,1455,1479,1456,-1,1456,1479,1480,-1,1456,1480,1457,-1,1457,1480,1481,-1,1457,1481,1458,-1,1458,1481,1482,-1,1458,1482,1459,-1,1459,1482,1483,-1,1459,1483,1460,-1,1460,1483,1484,-1,1460,1484,1461,-1,1461,1484,1485,-1,1461,1485,1462,-1,1462,1485,1486,-1,1462,1486,1463,-1,1463,1486,1487,-1,1463,1487,1464,-1,1464,1487,1488,-1,1464,1488,1465,-1,1465,1488,1489,-1,1465,1489,1466,-1,1466,1489,1490,-1,1466,1490,1467,-1,1467,1490,1491,-1,1467,1491,1468,-1,1468,1491,1492,-1,1468,1492,1445,-1,1445,1492,1469,-1,1469,1493,1470,-1,1470,1493,1494,-1,1470,1494,1471,-1,1471,1494,1495,-1,1471,1495,1472,-1,1472,1495,1496,-1,1472,1496,1473,-1,1473,1496,1497,-1,1473,1497,1474,-1,1474,1497,1498,-1,1474,1498,1475,-1,1475,1498,1499,-1,1475,1499,1476,-1,1476,1499,1500,-1,1476,1500,1477,-1,1477,1500,1501,-1,1477,1501,1478,-1,1478,1501,1502,-1,1478,1502,1479,-1,1479,1502,1503,-1,1479,1503,1480,-1,1480,1503,1504,-1,1480,1504,1481,-1,1481,1504,1505,-1,1481,1505,1482,-1,1482,1505,1506,-1,1482,1506,1483,-1,1483,1506,1507,-1,1483,1507,1484,-1,1484,1507,1508,-1,1484,1508,1485,-1,1485,1508,1509,-1,1485,1509,1486,-1,1486,1509,1510,-1,1486,1510,1487,-1,1487,1510,1511,-1,1487,1511,1488,-1,1488,1511,1512,-1,1488,1512,1489,-1,1489,1512,1513,-1,1489,1513,1490,-1,1490,1513,1514,-1,1490,1514,1491,-1,1491,1514,1515,-1,1491,1515,1492,-1,1492,1515,1516,-1,1492,1516,1469,-1,1469,1516,1493,-1,1493,1517,1494,-1,1494,1517,1518,-1,1494,1518,1495,-1,1495,1518,1519,-1,1495,1519,1496,-1,1496,1519,1520,-1,1496,1520,1497,-1,1497,1520,1521,-1,1497,1521,1498,-1,1498,1521,1522,-1,1498,1522,1499,-1,1499,1522,1523,-1,1499,1523,1500,-1,1500,1523,1524,-1,1500,1524,1501,-1,1501,1524,1525,-1,1501,1525,1502,-1,1502,1525,1526,-1,1502,1526,1503,-1,1503,1526,1527,-1,1503,1527,1504,-1,1504,1527,1528,-1,1504,1528,1505,-1,1505,1528,1529,-1,1505,1529,1506,-1,1506,1529,1530,-1,1506,1530,1507,-1,1507,1530,1531,-1,1507,1531,1508,-1,1508,1531,1532,-1,1508,1532,1509,-1,1509,1532,1533,-1,1509,1533,1510,-1,1510,1533,1534,-1,1510,1534,1511,-1,1511,1534,1535,-1,1511,1535,1512,-1,1512,1535,1536,-1,1512,1536,1513,-1,1513,1536,1537,-1,1513,1537,1514,-1,1514,1537,1538,-1,1514,1538,1515,-1,1515,1538,1539,-1,1515,1539,1516,-1,1516,1539,1540,-1,1516,1540,1493,-1,1493,1540,1517,-1,1180,1540,1178,-1,1178,1540,1539,-1,1178,1539,1176,-1,1176,1539,1538,-1,1176,1538,1174,-1,1174,1538,1537,-1,1174,1537,1172,-1,1172,1537,1536,-1,1172,1536,1170,-1,1170,1536,1535,-1,1170,1535,1168,-1,1168,1535,1534,-1,1168,1534,1166,-1,1166,1534,1533,-1,1166,1533,1164,-1,1164,1533,1532,-1,1164,1532,1162,-1,1162,1532,1531,-1,1162,1531,1160,-1,1160,1531,1530,-1,1160,1530,1158,-1,1158,1530,1529,-1,1158,1529,1156,-1,1156,1529,1528,-1,1156,1528,1202,-1,1202,1528,1527,-1,1202,1527,1200,-1,1200,1527,1526,-1,1200,1526,1198,-1,1198,1526,1525,-1,1198,1525,1196,-1,1196,1525,1524,-1,1196,1524,1194,-1,1194,1524,1523,-1,1194,1523,1192,-1,1192,1523,1522,-1,1192,1522,1190,-1,1190,1522,1521,-1,1190,1521,1188,-1,1188,1521,1520,-1,1188,1520,1186,-1,1186,1520,1519,-1,1186,1519,1184,-1,1184,1519,1518,-1,1184,1518,1182,-1,1182,1518,1517,-1,1182,1517,1180,-1,1180,1517,1540,-1,1541,1542,1543,-1,1543,1542,1544,-1,1543,1544,1545,-1,1545,1544,1546,-1,1545,1546,1547,-1,1547,1546,1548,-1,1547,1548,1549,-1,1549,1548,1550,-1,1549,1550,1551,-1,1551,1550,1552,-1,1551,1552,1553,-1,1553,1552,1554,-1,1553,1554,1555,-1,1555,1554,1556,-1,1555,1556,1557,-1,1557,1556,1558,-1,1557,1558,1559,-1,1559,1558,1560,-1,1559,1560,1561,-1,1561,1560,1562,-1,1561,1562,1563,-1,1563,1562,1564,-1,1563,1564,1565,-1,1565,1564,1566,-1,1565,1566,1567,-1,1567,1566,1568,-1,1567,1568,1569,-1,1569,1568,1570,-1,1569,1570,1571,-1,1571,1570,1572,-1,1571,1572,1573,-1,1573,1572,1574,-1,1573,1574,1575,-1,1575,1574,1576,-1,1575,1576,1577,-1,1577,1576,1578,-1,1577,1578,1579,-1,1579,1578,1580,-1,1579,1580,1581,-1,1581,1580,1582,-1,1581,1582,1583,-1,1583,1582,1584,-1,1583,1584,1585,-1,1585,1584,1586,-1,1585,1586,1587,-1,1587,1586,1588,-1,1587,1588,1541,-1,1541,1588,1542,-1,1589,1543,1590,-1,1590,1543,1545,-1,1590,1545,1591,-1,1591,1545,1547,-1,1591,1547,1592,-1,1592,1547,1549,-1,1592,1549,1593,-1,1593,1549,1551,-1,1593,1551,1594,-1,1594,1551,1553,-1,1594,1553,1595,-1,1595,1553,1555,-1,1595,1555,1596,-1,1596,1555,1557,-1,1596,1557,1597,-1,1597,1557,1559,-1,1597,1559,1598,-1,1598,1559,1561,-1,1598,1561,1599,-1,1599,1561,1563,-1,1599,1563,1600,-1,1600,1563,1565,-1,1600,1565,1601,-1,1601,1565,1567,-1,1601,1567,1602,-1,1602,1567,1569,-1,1602,1569,1603,-1,1603,1569,1571,-1,1603,1571,1604,-1,1604,1571,1573,-1,1604,1573,1605,-1,1605,1573,1575,-1,1605,1575,1606,-1,1606,1575,1577,-1,1606,1577,1607,-1,1607,1577,1579,-1,1607,1579,1608,-1,1608,1579,1581,-1,1608,1581,1609,-1,1609,1581,1583,-1,1609,1583,1610,-1,1610,1583,1585,-1,1610,1585,1611,-1,1611,1585,1587,-1,1611,1587,1612,-1,1612,1587,1541,-1,1612,1541,1589,-1,1589,1541,1543,-1,1348,1552,1350,-1,1350,1552,1550,-1,1350,1550,1352,-1,1352,1550,1548,-1,1352,1548,1354,-1,1354,1548,1546,-1,1354,1546,1356,-1,1356,1546,1544,-1,1356,1544,1358,-1,1358,1544,1542,-1,1358,1542,1360,-1,1360,1542,1588,-1,1360,1588,1362,-1,1362,1588,1586,-1,1362,1586,1364,-1,1364,1586,1584,-1,1364,1584,1366,-1,1366,1584,1582,-1,1366,1582,1368,-1,1368,1582,1580,-1,1368,1580,1370,-1,1370,1580,1578,-1,1370,1578,1372,-1,1372,1578,1576,-1,1372,1576,1326,-1,1326,1576,1574,-1,1326,1574,1328,-1,1328,1574,1572,-1,1328,1572,1330,-1,1330,1572,1570,-1,1330,1570,1332,-1,1332,1570,1568,-1,1332,1568,1334,-1,1334,1568,1566,-1,1334,1566,1336,-1,1336,1566,1564,-1,1336,1564,1338,-1,1338,1564,1562,-1,1338,1562,1340,-1,1340,1562,1560,-1,1340,1560,1342,-1,1342,1560,1558,-1,1342,1558,1344,-1,1344,1558,1556,-1,1344,1556,1346,-1,1346,1556,1554,-1,1346,1554,1348,-1,1348,1554,1552,-1,1613,1614,1615,-1,1615,1614,1616,-1,1615,1616,1617,-1,1617,1616,1618,-1,1617,1618,1619,-1,1619,1618,1620,-1,1619,1620,1621,-1,1621,1620,1622,-1,1621,1622,1623,-1,1623,1622,1624,-1,1623,1624,1625,-1,1625,1624,1626,-1,1625,1626,1627,-1,1627,1626,1628,-1,1627,1628,1629,-1,1629,1628,1630,-1,1629,1630,1631,-1,1631,1630,1632,-1,1631,1632,1633,-1,1633,1632,1634,-1,1633,1634,1635,-1,1635,1634,1636,-1,1635,1636,1637,-1,1637,1636,1638,-1,1637,1638,1639,-1,1639,1638,1640,-1,1639,1640,1641,-1,1641,1640,1642,-1,1641,1642,1643,-1,1643,1642,1644,-1,1643,1644,1645,-1,1645,1644,1646,-1,1645,1646,1647,-1,1647,1646,1648,-1,1647,1648,1649,-1,1649,1648,1650,-1,1649,1650,1651,-1,1651,1650,1652,-1,1651,1652,1653,-1,1653,1652,1654,-1,1653,1654,1655,-1,1655,1654,1656,-1,1655,1656,1657,-1,1657,1656,1658,-1,1657,1658,1659,-1,1659,1658,1660,-1,1659,1660,1613,-1,1613,1660,1614,-1,1660,1661,1614,-1,1614,1661,1662,-1,1614,1662,1616,-1,1616,1662,1663,-1,1616,1663,1618,-1,1618,1663,1664,-1,1618,1664,1620,-1,1620,1664,1665,-1,1620,1665,1622,-1,1622,1665,1666,-1,1622,1666,1624,-1,1624,1666,1667,-1,1624,1667,1626,-1,1626,1667,1668,-1,1626,1668,1628,-1,1628,1668,1669,-1,1628,1669,1630,-1,1630,1669,1670,-1,1630,1670,1632,-1,1632,1670,1671,-1,1632,1671,1634,-1,1634,1671,1672,-1,1634,1672,1636,-1,1636,1672,1673,-1,1636,1673,1638,-1,1638,1673,1674,-1,1638,1674,1640,-1,1640,1674,1675,-1,1640,1675,1642,-1,1642,1675,1676,-1,1642,1676,1644,-1,1644,1676,1677,-1,1644,1677,1646,-1,1646,1677,1678,-1,1646,1678,1648,-1,1648,1678,1679,-1,1648,1679,1650,-1,1650,1679,1680,-1,1650,1680,1652,-1,1652,1680,1681,-1,1652,1681,1654,-1,1654,1681,1682,-1,1654,1682,1656,-1,1656,1682,1683,-1,1656,1683,1658,-1,1658,1683,1684,-1,1658,1684,1660,-1,1660,1684,1661,-1,1655,1657,1685,-1,1685,1657,1659,-1,1685,1659,1613,-1,1649,1651,1685,-1,1685,1651,1653,-1,1685,1653,1655,-1,1643,1645,1685,-1,1685,1645,1647,-1,1685,1647,1649,-1,1637,1639,1685,-1,1685,1639,1641,-1,1685,1641,1643,-1,1631,1633,1685,-1,1685,1633,1635,-1,1685,1635,1637,-1,1625,1627,1685,-1,1685,1627,1629,-1,1685,1629,1631,-1,1619,1621,1685,-1,1685,1621,1623,-1,1685,1623,1625,-1,1613,1615,1685,-1,1685,1615,1617,-1,1685,1617,1619,-1,1686,1687,1688,-1,1688,1687,1689,-1,1688,1689,1690,-1,1690,1689,1691,-1,1690,1691,1692,-1,1692,1691,1693,-1,1692,1693,1694,-1,1694,1693,1695,-1,1694,1695,1696,-1,1696,1695,1697,-1,1696,1697,1698,-1,1698,1697,1699,-1,1698,1699,1700,-1,1700,1699,1701,-1,1700,1701,1702,-1,1702,1701,1703,-1,1702,1703,1704,-1,1704,1703,1705,-1,1704,1705,1706,-1,1706,1705,1707,-1,1706,1707,1708,-1,1708,1707,1709,-1,1708,1709,1710,-1,1710,1709,1711,-1,1710,1711,1712,-1,1712,1711,1713,-1,1712,1713,1714,-1,1714,1713,1715,-1,1714,1715,1716,-1,1716,1715,1717,-1,1716,1717,1718,-1,1718,1717,1719,-1,1718,1719,1720,-1,1720,1719,1721,-1,1720,1721,1722,-1,1722,1721,1723,-1,1722,1723,1724,-1,1724,1723,1725,-1,1724,1725,1726,-1,1726,1725,1727,-1,1726,1727,1728,-1,1728,1727,1729,-1,1728,1729,1730,-1,1730,1729,1731,-1,1730,1731,1732,-1,1732,1731,1733,-1,1732,1733,1686,-1,1686,1733,1687,-1,1665,1701,1666,-1,1666,1701,1699,-1,1666,1699,1667,-1,1667,1699,1697,-1,1667,1697,1668,-1,1668,1697,1695,-1,1668,1695,1669,-1,1669,1695,1693,-1,1669,1693,1670,-1,1670,1693,1691,-1,1670,1691,1671,-1,1671,1691,1689,-1,1671,1689,1672,-1,1672,1689,1687,-1,1672,1687,1673,-1,1673,1687,1733,-1,1673,1733,1674,-1,1674,1733,1731,-1,1674,1731,1675,-1,1675,1731,1729,-1,1675,1729,1676,-1,1676,1729,1727,-1,1676,1727,1677,-1,1677,1727,1725,-1,1677,1725,1678,-1,1678,1725,1723,-1,1678,1723,1679,-1,1679,1723,1721,-1,1679,1721,1680,-1,1680,1721,1719,-1,1680,1719,1681,-1,1681,1719,1717,-1,1681,1717,1682,-1,1682,1717,1715,-1,1682,1715,1683,-1,1683,1715,1713,-1,1683,1713,1684,-1,1684,1713,1711,-1,1684,1711,1661,-1,1661,1711,1709,-1,1661,1709,1662,-1,1662,1709,1707,-1,1662,1707,1663,-1,1663,1707,1705,-1,1663,1705,1664,-1,1664,1705,1703,-1,1664,1703,1665,-1,1665,1703,1701,-1,1734,1735,1736,-1,1736,1735,1737,-1,1736,1737,1738,-1,1738,1737,1739,-1,1738,1739,1740,-1,1740,1739,1741,-1,1740,1741,1742,-1,1742,1741,1743,-1,1742,1743,1744,-1,1744,1743,1745,-1,1744,1745,1746,-1,1746,1745,1747,-1,1746,1747,1748,-1,1748,1747,1749,-1,1748,1749,1750,-1,1750,1749,1751,-1,1750,1751,1752,-1,1752,1751,1753,-1,1752,1753,1754,-1,1754,1753,1755,-1,1754,1755,1756,-1,1756,1755,1757,-1,1756,1757,1758,-1,1758,1757,1759,-1,1758,1759,1760,-1,1760,1759,1761,-1,1760,1761,1762,-1,1762,1761,1763,-1,1762,1763,1764,-1,1764,1763,1765,-1,1764,1765,1766,-1,1766,1765,1767,-1,1766,1767,1768,-1,1768,1767,1769,-1,1768,1769,1770,-1,1770,1769,1771,-1,1770,1771,1772,-1,1772,1771,1773,-1,1772,1773,1774,-1,1774,1773,1775,-1,1774,1775,1776,-1,1776,1775,1777,-1,1776,1777,1778,-1,1778,1777,1779,-1,1778,1779,1780,-1,1780,1779,1781,-1,1780,1781,1734,-1,1734,1781,1735,-1,1781,1782,1735,-1,1735,1782,1783,-1,1735,1783,1737,-1,1737,1783,1784,-1,1737,1784,1739,-1,1739,1784,1785,-1,1739,1785,1741,-1,1741,1785,1786,-1,1741,1786,1743,-1,1743,1786,1787,-1,1743,1787,1745,-1,1745,1787,1788,-1,1745,1788,1747,-1,1747,1788,1789,-1,1747,1789,1749,-1,1749,1789,1790,-1,1749,1790,1751,-1,1751,1790,1791,-1,1751,1791,1753,-1,1753,1791,1792,-1,1753,1792,1755,-1,1755,1792,1793,-1,1755,1793,1757,-1,1757,1793,1794,-1,1757,1794,1759,-1,1759,1794,1795,-1,1759,1795,1761,-1,1761,1795,1796,-1,1761,1796,1763,-1,1763,1796,1797,-1,1763,1797,1765,-1,1765,1797,1798,-1,1765,1798,1767,-1,1767,1798,1799,-1,1767,1799,1769,-1,1769,1799,1800,-1,1769,1800,1771,-1,1771,1800,1801,-1,1771,1801,1773,-1,1773,1801,1802,-1,1773,1802,1775,-1,1775,1802,1803,-1,1775,1803,1777,-1,1777,1803,1804,-1,1777,1804,1779,-1,1779,1804,1805,-1,1779,1805,1781,-1,1781,1805,1782,-1,1805,1806,1782,-1,1782,1806,1807,-1,1782,1807,1783,-1,1783,1807,1808,-1,1783,1808,1784,-1,1784,1808,1809,-1,1784,1809,1785,-1,1785,1809,1810,-1,1785,1810,1786,-1,1786,1810,1811,-1,1786,1811,1787,-1,1787,1811,1812,-1,1787,1812,1788,-1,1788,1812,1813,-1,1788,1813,1789,-1,1789,1813,1814,-1,1789,1814,1790,-1,1790,1814,1815,-1,1790,1815,1791,-1,1791,1815,1816,-1,1791,1816,1792,-1,1792,1816,1817,-1,1792,1817,1793,-1,1793,1817,1818,-1,1793,1818,1794,-1,1794,1818,1819,-1,1794,1819,1795,-1,1795,1819,1820,-1,1795,1820,1796,-1,1796,1820,1821,-1,1796,1821,1797,-1,1797,1821,1822,-1,1797,1822,1798,-1,1798,1822,1823,-1,1798,1823,1799,-1,1799,1823,1824,-1,1799,1824,1800,-1,1800,1824,1825,-1,1800,1825,1801,-1,1801,1825,1826,-1,1801,1826,1802,-1,1802,1826,1827,-1,1802,1827,1803,-1,1803,1827,1828,-1,1803,1828,1804,-1,1804,1828,1829,-1,1804,1829,1805,-1,1805,1829,1806,-1,1829,1830,1806,-1,1806,1830,1831,-1,1806,1831,1807,-1,1807,1831,1832,-1,1807,1832,1808,-1,1808,1832,1833,-1,1808,1833,1809,-1,1809,1833,1834,-1,1809,1834,1810,-1,1810,1834,1835,-1,1810,1835,1811,-1,1811,1835,1836,-1,1811,1836,1812,-1,1812,1836,1837,-1,1812,1837,1813,-1,1813,1837,1838,-1,1813,1838,1814,-1,1814,1838,1839,-1,1814,1839,1815,-1,1815,1839,1840,-1,1815,1840,1816,-1,1816,1840,1841,-1,1816,1841,1817,-1,1817,1841,1842,-1,1817,1842,1818,-1,1818,1842,1843,-1,1818,1843,1819,-1,1819,1843,1844,-1,1819,1844,1820,-1,1820,1844,1845,-1,1820,1845,1821,-1,1821,1845,1846,-1,1821,1846,1822,-1,1822,1846,1847,-1,1822,1847,1823,-1,1823,1847,1848,-1,1823,1848,1824,-1,1824,1848,1849,-1,1824,1849,1825,-1,1825,1849,1850,-1,1825,1850,1826,-1,1826,1850,1851,-1,1826,1851,1827,-1,1827,1851,1852,-1,1827,1852,1828,-1,1828,1852,1853,-1,1828,1853,1829,-1,1829,1853,1830,-1,1853,1854,1830,-1,1830,1854,1855,-1,1830,1855,1831,-1,1831,1855,1856,-1,1831,1856,1832,-1,1832,1856,1857,-1,1832,1857,1833,-1,1833,1857,1858,-1,1833,1858,1834,-1,1834,1858,1859,-1,1834,1859,1835,-1,1835,1859,1860,-1,1835,1860,1836,-1,1836,1860,1861,-1,1836,1861,1837,-1,1837,1861,1862,-1,1837,1862,1838,-1,1838,1862,1863,-1,1838,1863,1839,-1,1839,1863,1864,-1,1839,1864,1840,-1,1840,1864,1865,-1,1840,1865,1841,-1,1841,1865,1866,-1,1841,1866,1842,-1,1842,1866,1867,-1,1842,1867,1843,-1,1843,1867,1868,-1,1843,1868,1844,-1,1844,1868,1869,-1,1844,1869,1845,-1,1845,1869,1870,-1,1845,1870,1846,-1,1846,1870,1871,-1,1846,1871,1847,-1,1847,1871,1872,-1,1847,1872,1848,-1,1848,1872,1873,-1,1848,1873,1849,-1,1849,1873,1874,-1,1849,1874,1850,-1,1850,1874,1875,-1,1850,1875,1851,-1,1851,1875,1876,-1,1851,1876,1852,-1,1852,1876,1877,-1,1852,1877,1853,-1,1853,1877,1854,-1,1877,1878,1854,-1,1854,1878,1879,-1,1854,1879,1855,-1,1855,1879,1880,-1,1855,1880,1856,-1,1856,1880,1881,-1,1856,1881,1857,-1,1857,1881,1882,-1,1857,1882,1858,-1,1858,1882,1883,-1,1858,1883,1859,-1,1859,1883,1884,-1,1859,1884,1860,-1,1860,1884,1885,-1,1860,1885,1861,-1,1861,1885,1886,-1,1861,1886,1862,-1,1862,1886,1887,-1,1862,1887,1863,-1,1863,1887,1888,-1,1863,1888,1864,-1,1864,1888,1889,-1,1864,1889,1865,-1,1865,1889,1890,-1,1865,1890,1866,-1,1866,1890,1891,-1,1866,1891,1867,-1,1867,1891,1892,-1,1867,1892,1868,-1,1868,1892,1893,-1,1868,1893,1869,-1,1869,1893,1894,-1,1869,1894,1870,-1,1870,1894,1895,-1,1870,1895,1871,-1,1871,1895,1896,-1,1871,1896,1872,-1,1872,1896,1897,-1,1872,1897,1873,-1,1873,1897,1898,-1,1873,1898,1874,-1,1874,1898,1899,-1,1874,1899,1875,-1,1875,1899,1900,-1,1875,1900,1876,-1,1876,1900,1901,-1,1876,1901,1877,-1,1877,1901,1878,-1,1879,1878,1902,-1,1902,1878,1901,-1,1902,1901,1900,-1,1882,1881,1902,-1,1902,1881,1880,-1,1902,1880,1879,-1,1885,1884,1902,-1,1902,1884,1883,-1,1902,1883,1882,-1,1888,1887,1902,-1,1902,1887,1886,-1,1902,1886,1885,-1,1891,1890,1902,-1,1902,1890,1889,-1,1902,1889,1888,-1,1894,1893,1902,-1,1902,1893,1892,-1,1902,1892,1891,-1,1897,1896,1902,-1,1902,1896,1895,-1,1902,1895,1894,-1,1900,1899,1902,-1,1902,1899,1898,-1,1902,1898,1897,-1,1903,1904,1905,-1,1905,1904,1906,-1,1905,1906,1907,-1,1907,1906,1908,-1,1907,1908,1909,-1,1909,1908,1910,-1,1909,1910,1911,-1,1911,1910,1912,-1,1911,1912,1913,-1,1913,1912,1914,-1,1913,1914,1915,-1,1915,1914,1916,-1,1915,1916,1917,-1,1917,1916,1918,-1,1917,1918,1919,-1,1919,1918,1920,-1,1919,1920,1921,-1,1921,1920,1922,-1,1921,1922,1923,-1,1923,1922,1924,-1,1923,1924,1925,-1,1925,1924,1926,-1,1925,1926,1927,-1,1927,1926,1928,-1,1927,1928,1929,-1,1929,1928,1930,-1,1929,1930,1931,-1,1931,1930,1932,-1,1931,1932,1933,-1,1933,1932,1934,-1,1933,1934,1935,-1,1935,1934,1936,-1,1935,1936,1937,-1,1937,1936,1938,-1,1937,1938,1939,-1,1939,1938,1940,-1,1939,1940,1941,-1,1941,1940,1942,-1,1941,1942,1943,-1,1943,1942,1944,-1,1943,1944,1945,-1,1945,1944,1946,-1,1945,1946,1947,-1,1947,1946,1948,-1,1947,1948,1949,-1,1949,1948,1950,-1,1949,1950,1903,-1,1903,1950,1904,-1,1903,1951,1949,-1,1949,1951,1952,-1,1949,1952,1947,-1,1947,1952,1953,-1,1947,1953,1945,-1,1945,1953,1954,-1,1945,1954,1943,-1,1943,1954,1955,-1,1943,1955,1941,-1,1941,1955,1956,-1,1941,1956,1939,-1,1939,1956,1957,-1,1939,1957,1937,-1,1937,1957,1958,-1,1937,1958,1935,-1,1935,1958,1959,-1,1935,1959,1933,-1,1933,1959,1960,-1,1933,1960,1931,-1,1931,1960,1961,-1,1931,1961,1929,-1,1929,1961,1962,-1,1929,1962,1927,-1,1927,1962,1963,-1,1927,1963,1925,-1,1925,1963,1964,-1,1925,1964,1923,-1,1923,1964,1965,-1,1923,1965,1921,-1,1921,1965,1966,-1,1921,1966,1919,-1,1919,1966,1967,-1,1919,1967,1917,-1,1917,1967,1968,-1,1917,1968,1915,-1,1915,1968,1969,-1,1915,1969,1913,-1,1913,1969,1970,-1,1913,1970,1911,-1,1911,1970,1971,-1,1911,1971,1909,-1,1909,1971,1972,-1,1909,1972,1907,-1,1907,1972,1973,-1,1907,1973,1905,-1,1905,1973,1974,-1,1905,1974,1903,-1,1903,1974,1951,-1,1951,1975,1952,-1,1952,1975,1976,-1,1952,1976,1953,-1,1953,1976,1977,-1,1953,1977,1954,-1,1954,1977,1978,-1,1954,1978,1955,-1,1955,1978,1979,-1,1955,1979,1956,-1,1956,1979,1980,-1,1956,1980,1957,-1,1957,1980,1981,-1,1957,1981,1958,-1,1958,1981,1982,-1,1958,1982,1959,-1,1959,1982,1983,-1,1959,1983,1960,-1,1960,1983,1984,-1,1960,1984,1961,-1,1961,1984,1985,-1,1961,1985,1962,-1,1962,1985,1986,-1,1962,1986,1963,-1,1963,1986,1987,-1,1963,1987,1964,-1,1964,1987,1988,-1,1964,1988,1965,-1,1965,1988,1989,-1,1965,1989,1966,-1,1966,1989,1990,-1,1966,1990,1967,-1,1967,1990,1991,-1,1967,1991,1968,-1,1968,1991,1992,-1,1968,1992,1969,-1,1969,1992,1993,-1,1969,1993,1970,-1,1970,1993,1994,-1,1970,1994,1971,-1,1971,1994,1995,-1,1971,1995,1972,-1,1972,1995,1996,-1,1972,1996,1973,-1,1973,1996,1997,-1,1973,1997,1974,-1,1974,1997,1998,-1,1974,1998,1951,-1,1951,1998,1975,-1,1975,1999,1976,-1,1976,1999,2000,-1,1976,2000,1977,-1,1977,2000,2001,-1,1977,2001,1978,-1,1978,2001,2002,-1,1978,2002,1979,-1,1979,2002,2003,-1,1979,2003,1980,-1,1980,2003,2004,-1,1980,2004,1981,-1,1981,2004,2005,-1,1981,2005,1982,-1,1982,2005,2006,-1,1982,2006,1983,-1,1983,2006,2007,-1,1983,2007,1984,-1,1984,2007,2008,-1,1984,2008,1985,-1,1985,2008,2009,-1,1985,2009,1986,-1,1986,2009,2010,-1,1986,2010,1987,-1,1987,2010,2011,-1,1987,2011,1988,-1,1988,2011,2012,-1,1988,2012,1989,-1,1989,2012,2013,-1,1989,2013,1990,-1,1990,2013,2014,-1,1990,2014,1991,-1,1991,2014,2015,-1,1991,2015,1992,-1,1992,2015,2016,-1,1992,2016,1993,-1,1993,2016,2017,-1,1993,2017,1994,-1,1994,2017,2018,-1,1994,2018,1995,-1,1995,2018,2019,-1,1995,2019,1996,-1,1996,2019,2020,-1,1996,2020,1997,-1,1997,2020,2021,-1,1997,2021,1998,-1,1998,2021,2022,-1,1998,2022,1975,-1,1975,2022,1999,-1,1999,2023,2000,-1,2000,2023,2024,-1,2000,2024,2001,-1,2001,2024,2025,-1,2001,2025,2002,-1,2002,2025,2026,-1,2002,2026,2003,-1,2003,2026,2027,-1,2003,2027,2004,-1,2004,2027,2028,-1,2004,2028,2005,-1,2005,2028,2029,-1,2005,2029,2006,-1,2006,2029,2030,-1,2006,2030,2007,-1,2007,2030,2031,-1,2007,2031,2008,-1,2008,2031,2032,-1,2008,2032,2009,-1,2009,2032,2033,-1,2009,2033,2010,-1,2010,2033,2034,-1,2010,2034,2011,-1,2011,2034,2035,-1,2011,2035,2012,-1,2012,2035,2036,-1,2012,2036,2013,-1,2013,2036,2037,-1,2013,2037,2014,-1,2014,2037,2038,-1,2014,2038,2015,-1,2015,2038,2039,-1,2015,2039,2016,-1,2016,2039,2040,-1,2016,2040,2017,-1,2017,2040,2041,-1,2017,2041,2018,-1,2018,2041,2042,-1,2018,2042,2019,-1,2019,2042,2043,-1,2019,2043,2020,-1,2020,2043,2044,-1,2020,2044,2021,-1,2021,2044,2045,-1,2021,2045,2022,-1,2022,2045,2046,-1,2022,2046,1999,-1,1999,2046,2023,-1,2023,2047,2024,-1,2024,2047,2048,-1,2024,2048,2025,-1,2025,2048,2049,-1,2025,2049,2026,-1,2026,2049,2050,-1,2026,2050,2027,-1,2027,2050,2051,-1,2027,2051,2028,-1,2028,2051,2052,-1,2028,2052,2029,-1,2029,2052,2053,-1,2029,2053,2030,-1,2030,2053,2054,-1,2030,2054,2031,-1,2031,2054,2055,-1,2031,2055,2032,-1,2032,2055,2056,-1,2032,2056,2033,-1,2033,2056,2057,-1,2033,2057,2034,-1,2034,2057,2058,-1,2034,2058,2035,-1,2035,2058,2059,-1,2035,2059,2036,-1,2036,2059,2060,-1,2036,2060,2037,-1,2037,2060,2061,-1,2037,2061,2038,-1,2038,2061,2062,-1,2038,2062,2039,-1,2039,2062,2063,-1,2039,2063,2040,-1,2040,2063,2064,-1,2040,2064,2041,-1,2041,2064,2065,-1,2041,2065,2042,-1,2042,2065,2066,-1,2042,2066,2043,-1,2043,2066,2067,-1,2043,2067,2044,-1,2044,2067,2068,-1,2044,2068,2045,-1,2045,2068,2069,-1,2045,2069,2046,-1,2046,2069,2070,-1,2046,2070,2023,-1,2023,2070,2047,-1,2047,2071,2048,-1,2048,2071,2072,-1,2048,2072,2049,-1,2049,2072,2073,-1,2049,2073,2050,-1,2050,2073,2074,-1,2050,2074,2051,-1,2051,2074,2075,-1,2051,2075,2052,-1,2052,2075,2076,-1,2052,2076,2053,-1,2053,2076,2077,-1,2053,2077,2054,-1,2054,2077,2078,-1,2054,2078,2055,-1,2055,2078,2079,-1,2055,2079,2056,-1,2056,2079,2080,-1,2056,2080,2057,-1,2057,2080,2081,-1,2057,2081,2058,-1,2058,2081,2082,-1,2058,2082,2059,-1,2059,2082,2083,-1,2059,2083,2060,-1,2060,2083,2084,-1,2060,2084,2061,-1,2061,2084,2085,-1,2061,2085,2062,-1,2062,2085,2086,-1,2062,2086,2063,-1,2063,2086,2087,-1,2063,2087,2064,-1,2064,2087,2088,-1,2064,2088,2065,-1,2065,2088,2089,-1,2065,2089,2066,-1,2066,2089,2090,-1,2066,2090,2067,-1,2067,2090,2091,-1,2067,2091,2068,-1,2068,2091,2092,-1,2068,2092,2069,-1,2069,2092,2093,-1,2069,2093,2070,-1,2070,2093,2094,-1,2070,2094,2047,-1,2047,2094,2071,-1,2071,2095,2072,-1,2072,2095,2096,-1,2072,2096,2073,-1,2073,2096,2097,-1,2073,2097,2074,-1,2074,2097,2098,-1,2074,2098,2075,-1,2075,2098,2099,-1,2075,2099,2076,-1,2076,2099,2100,-1,2076,2100,2077,-1,2077,2100,2101,-1,2077,2101,2078,-1,2078,2101,2102,-1,2078,2102,2079,-1,2079,2102,2103,-1,2079,2103,2080,-1,2080,2103,2104,-1,2080,2104,2081,-1,2081,2104,2105,-1,2081,2105,2082,-1,2082,2105,2106,-1,2082,2106,2083,-1,2083,2106,2107,-1,2083,2107,2084,-1,2084,2107,2108,-1,2084,2108,2085,-1,2085,2108,2109,-1,2085,2109,2086,-1,2086,2109,2110,-1,2086,2110,2087,-1,2087,2110,2111,-1,2087,2111,2088,-1,2088,2111,2112,-1,2088,2112,2089,-1,2089,2112,2113,-1,2089,2113,2090,-1,2090,2113,2114,-1,2090,2114,2091,-1,2091,2114,2115,-1,2091,2115,2092,-1,2092,2115,2116,-1,2092,2116,2093,-1,2093,2116,2117,-1,2093,2117,2094,-1,2094,2117,2118,-1,2094,2118,2071,-1,2071,2118,2095,-1,1758,2118,1756,-1,1756,2118,2117,-1,1756,2117,1754,-1,1754,2117,2116,-1,1754,2116,1752,-1,1752,2116,2115,-1,1752,2115,1750,-1,1750,2115,2114,-1,1750,2114,1748,-1,1748,2114,2113,-1,1748,2113,1746,-1,1746,2113,2112,-1,1746,2112,1744,-1,1744,2112,2111,-1,1744,2111,1742,-1,1742,2111,2110,-1,1742,2110,1740,-1,1740,2110,2109,-1,1740,2109,1738,-1,1738,2109,2108,-1,1738,2108,1736,-1,1736,2108,2107,-1,1736,2107,1734,-1,1734,2107,2106,-1,1734,2106,1780,-1,1780,2106,2105,-1,1780,2105,1778,-1,1778,2105,2104,-1,1778,2104,1776,-1,1776,2104,2103,-1,1776,2103,1774,-1,1774,2103,2102,-1,1774,2102,1772,-1,1772,2102,2101,-1,1772,2101,1770,-1,1770,2101,2100,-1,1770,2100,1768,-1,1768,2100,2099,-1,1768,2099,1766,-1,1766,2099,2098,-1,1766,2098,1764,-1,1764,2098,2097,-1,1764,2097,1762,-1,1762,2097,2096,-1,1762,2096,1760,-1,1760,2096,2095,-1,1760,2095,1758,-1,1758,2095,2118,-1,2119,2120,2121,-1,2121,2120,2122,-1,2121,2122,2123,-1,2123,2122,2124,-1,2123,2124,2125,-1,2125,2124,2126,-1,2125,2126,2127,-1,2127,2126,2128,-1,2127,2128,2129,-1,2129,2128,2130,-1,2129,2130,2131,-1,2131,2130,2132,-1,2131,2132,2133,-1,2133,2132,2134,-1,2133,2134,2135,-1,2135,2134,2136,-1,2135,2136,2137,-1,2137,2136,2138,-1,2137,2138,2139,-1,2139,2138,2140,-1,2139,2140,2141,-1,2141,2140,2142,-1,2141,2142,2143,-1,2143,2142,2144,-1,2143,2144,2145,-1,2145,2144,2146,-1,2145,2146,2147,-1,2147,2146,2148,-1,2147,2148,2149,-1,2149,2148,2150,-1,2149,2150,2151,-1,2151,2150,2152,-1,2151,2152,2153,-1,2153,2152,2154,-1,2153,2154,2155,-1,2155,2154,2156,-1,2155,2156,2157,-1,2157,2156,2158,-1,2157,2158,2159,-1,2159,2158,2160,-1,2159,2160,2161,-1,2161,2160,2162,-1,2161,2162,2163,-1,2163,2162,2164,-1,2163,2164,2165,-1,2165,2164,2166,-1,2165,2166,2119,-1,2119,2166,2120,-1,2167,2121,2168,-1,2168,2121,2123,-1,2168,2123,2169,-1,2169,2123,2125,-1,2169,2125,2170,-1,2170,2125,2127,-1,2170,2127,2171,-1,2171,2127,2129,-1,2171,2129,2172,-1,2172,2129,2131,-1,2172,2131,2173,-1,2173,2131,2133,-1,2173,2133,2174,-1,2174,2133,2135,-1,2174,2135,2175,-1,2175,2135,2137,-1,2175,2137,2176,-1,2176,2137,2139,-1,2176,2139,2177,-1,2177,2139,2141,-1,2177,2141,2178,-1,2178,2141,2143,-1,2178,2143,2179,-1,2179,2143,2145,-1,2179,2145,2180,-1,2180,2145,2147,-1,2180,2147,2181,-1,2181,2147,2149,-1,2181,2149,2182,-1,2182,2149,2151,-1,2182,2151,2183,-1,2183,2151,2153,-1,2183,2153,2184,-1,2184,2153,2155,-1,2184,2155,2185,-1,2185,2155,2157,-1,2185,2157,2186,-1,2186,2157,2159,-1,2186,2159,2187,-1,2187,2159,2161,-1,2187,2161,2188,-1,2188,2161,2163,-1,2188,2163,2189,-1,2189,2163,2165,-1,2189,2165,2190,-1,2190,2165,2119,-1,2190,2119,2167,-1,2167,2119,2121,-1,1926,2130,1928,-1,1928,2130,2128,-1,1928,2128,1930,-1,1930,2128,2126,-1,1930,2126,1932,-1,1932,2126,2124,-1,1932,2124,1934,-1,1934,2124,2122,-1,1934,2122,1936,-1,1936,2122,2120,-1,1936,2120,1938,-1,1938,2120,2166,-1,1938,2166,1940,-1,1940,2166,2164,-1,1940,2164,1942,-1,1942,2164,2162,-1,1942,2162,1944,-1,1944,2162,2160,-1,1944,2160,1946,-1,1946,2160,2158,-1,1946,2158,1948,-1,1948,2158,2156,-1,1948,2156,1950,-1,1950,2156,2154,-1,1950,2154,1904,-1,1904,2154,2152,-1,1904,2152,1906,-1,1906,2152,2150,-1,1906,2150,1908,-1,1908,2150,2148,-1,1908,2148,1910,-1,1910,2148,2146,-1,1910,2146,1912,-1,1912,2146,2144,-1,1912,2144,1914,-1,1914,2144,2142,-1,1914,2142,1916,-1,1916,2142,2140,-1,1916,2140,1918,-1,1918,2140,2138,-1,1918,2138,1920,-1,1920,2138,2136,-1,1920,2136,1922,-1,1922,2136,2134,-1,1922,2134,1924,-1,1924,2134,2132,-1,1924,2132,1926,-1,1926,2132,2130,-1,2191,2192,2193,-1,2193,2192,2194,-1,2193,2194,2195,-1,2195,2194,2196,-1,2195,2196,2197,-1,2197,2196,2198,-1,2197,2198,2199,-1,2199,2198,2200,-1,2199,2200,2201,-1,2201,2200,2202,-1,2201,2202,2203,-1,2203,2202,2204,-1,2203,2204,2205,-1,2205,2204,2206,-1,2205,2206,2207,-1,2207,2206,2208,-1,2207,2208,2209,-1,2209,2208,2210,-1,2209,2210,2211,-1,2211,2210,2212,-1,2211,2212,2213,-1,2213,2212,2214,-1,2213,2214,2215,-1,2215,2214,2216,-1,2215,2216,2217,-1,2217,2216,2218,-1,2217,2218,2219,-1,2219,2218,2220,-1,2219,2220,2221,-1,2221,2220,2222,-1,2221,2222,2223,-1,2223,2222,2224,-1,2223,2224,2225,-1,2225,2224,2226,-1,2225,2226,2227,-1,2227,2226,2228,-1,2227,2228,2229,-1,2229,2228,2230,-1,2229,2230,2231,-1,2231,2230,2232,-1,2231,2232,2233,-1,2233,2232,2234,-1,2233,2234,2235,-1,2235,2234,2236,-1,2235,2236,2237,-1,2237,2236,2238,-1,2237,2238,2191,-1,2191,2238,2192,-1,2238,2239,2192,-1,2192,2239,2240,-1,2192,2240,2194,-1,2194,2240,2241,-1,2194,2241,2196,-1,2196,2241,2242,-1,2196,2242,2198,-1,2198,2242,2243,-1,2198,2243,2200,-1,2200,2243,2244,-1,2200,2244,2202,-1,2202,2244,2245,-1,2202,2245,2204,-1,2204,2245,2246,-1,2204,2246,2206,-1,2206,2246,2247,-1,2206,2247,2208,-1,2208,2247,2248,-1,2208,2248,2210,-1,2210,2248,2249,-1,2210,2249,2212,-1,2212,2249,2250,-1,2212,2250,2214,-1,2214,2250,2251,-1,2214,2251,2216,-1,2216,2251,2252,-1,2216,2252,2218,-1,2218,2252,2253,-1,2218,2253,2220,-1,2220,2253,2254,-1,2220,2254,2222,-1,2222,2254,2255,-1,2222,2255,2224,-1,2224,2255,2256,-1,2224,2256,2226,-1,2226,2256,2257,-1,2226,2257,2228,-1,2228,2257,2258,-1,2228,2258,2230,-1,2230,2258,2259,-1,2230,2259,2232,-1,2232,2259,2260,-1,2232,2260,2234,-1,2234,2260,2261,-1,2234,2261,2236,-1,2236,2261,2262,-1,2236,2262,2238,-1,2238,2262,2239,-1,2233,2235,2263,-1,2263,2235,2237,-1,2263,2237,2191,-1,2227,2229,2263,-1,2263,2229,2231,-1,2263,2231,2233,-1,2221,2223,2263,-1,2263,2223,2225,-1,2263,2225,2227,-1,2215,2217,2263,-1,2263,2217,2219,-1,2263,2219,2221,-1,2209,2211,2263,-1,2263,2211,2213,-1,2263,2213,2215,-1,2203,2205,2263,-1,2263,2205,2207,-1,2263,2207,2209,-1,2197,2199,2263,-1,2263,2199,2201,-1,2263,2201,2203,-1,2191,2193,2263,-1,2263,2193,2195,-1,2263,2195,2197,-1,2264,2265,2266,-1,2266,2265,2267,-1,2266,2267,2268,-1,2268,2267,2269,-1,2268,2269,2270,-1,2270,2269,2271,-1,2270,2271,2272,-1,2272,2271,2273,-1,2272,2273,2274,-1,2274,2273,2275,-1,2274,2275,2276,-1,2276,2275,2277,-1,2276,2277,2278,-1,2278,2277,2279,-1,2278,2279,2280,-1,2280,2279,2281,-1,2280,2281,2282,-1,2282,2281,2283,-1,2282,2283,2284,-1,2284,2283,2285,-1,2284,2285,2286,-1,2286,2285,2287,-1,2286,2287,2288,-1,2288,2287,2289,-1,2288,2289,2290,-1,2290,2289,2291,-1,2290,2291,2292,-1,2292,2291,2293,-1,2292,2293,2294,-1,2294,2293,2295,-1,2294,2295,2296,-1,2296,2295,2297,-1,2296,2297,2298,-1,2298,2297,2299,-1,2298,2299,2300,-1,2300,2299,2301,-1,2300,2301,2302,-1,2302,2301,2303,-1,2302,2303,2304,-1,2304,2303,2305,-1,2304,2305,2306,-1,2306,2305,2307,-1,2306,2307,2308,-1,2308,2307,2309,-1,2308,2309,2310,-1,2310,2309,2311,-1,2310,2311,2264,-1,2264,2311,2265,-1,2243,2279,2244,-1,2244,2279,2277,-1,2244,2277,2245,-1,2245,2277,2275,-1,2245,2275,2246,-1,2246,2275,2273,-1,2246,2273,2247,-1,2247,2273,2271,-1,2247,2271,2248,-1,2248,2271,2269,-1,2248,2269,2249,-1,2249,2269,2267,-1,2249,2267,2250,-1,2250,2267,2265,-1,2250,2265,2251,-1,2251,2265,2311,-1,2251,2311,2252,-1,2252,2311,2309,-1,2252,2309,2253,-1,2253,2309,2307,-1,2253,2307,2254,-1,2254,2307,2305,-1,2254,2305,2255,-1,2255,2305,2303,-1,2255,2303,2256,-1,2256,2303,2301,-1,2256,2301,2257,-1,2257,2301,2299,-1,2257,2299,2258,-1,2258,2299,2297,-1,2258,2297,2259,-1,2259,2297,2295,-1,2259,2295,2260,-1,2260,2295,2293,-1,2260,2293,2261,-1,2261,2293,2291,-1,2261,2291,2262,-1,2262,2291,2289,-1,2262,2289,2239,-1,2239,2289,2287,-1,2239,2287,2240,-1,2240,2287,2285,-1,2240,2285,2241,-1,2241,2285,2283,-1,2241,2283,2242,-1,2242,2283,2281,-1,2242,2281,2243,-1,2243,2281,2279,-1,2312,2313,2314,-1,2314,2313,2315,-1,2314,2315,2316,-1,2316,2315,2317,-1,2316,2317,2318,-1,2318,2317,2319,-1,2318,2319,2320,-1,2320,2319,2321,-1,2320,2321,2322,-1,2322,2321,2323,-1,2322,2323,2324,-1,2324,2323,2325,-1,2324,2325,2326,-1,2326,2325,2327,-1,2326,2327,2328,-1,2328,2327,2329,-1,2328,2329,2330,-1,2330,2329,2331,-1,2330,2331,2332,-1,2332,2331,2333,-1,2332,2333,2334,-1,2334,2333,2335,-1,2334,2335,2336,-1,2336,2335,2337,-1,2336,2337,2338,-1,2338,2337,2339,-1,2338,2339,2340,-1,2340,2339,2341,-1,2340,2341,2342,-1,2342,2341,2343,-1,2342,2343,2344,-1,2344,2343,2345,-1,2344,2345,2346,-1,2346,2345,2347,-1,2346,2347,2348,-1,2348,2347,2349,-1,2348,2349,2350,-1,2350,2349,2351,-1,2350,2351,2352,-1,2352,2351,2353,-1,2352,2353,2354,-1,2354,2353,2355,-1,2354,2355,2356,-1,2356,2355,2357,-1,2356,2357,2358,-1,2358,2357,2359,-1,2358,2359,2312,-1,2312,2359,2313,-1,2359,2360,2313,-1,2313,2360,2361,-1,2313,2361,2315,-1,2315,2361,2362,-1,2315,2362,2317,-1,2317,2362,2363,-1,2317,2363,2319,-1,2319,2363,2364,-1,2319,2364,2321,-1,2321,2364,2365,-1,2321,2365,2323,-1,2323,2365,2366,-1,2323,2366,2325,-1,2325,2366,2367,-1,2325,2367,2327,-1,2327,2367,2368,-1,2327,2368,2329,-1,2329,2368,2369,-1,2329,2369,2331,-1,2331,2369,2370,-1,2331,2370,2333,-1,2333,2370,2371,-1,2333,2371,2335,-1,2335,2371,2372,-1,2335,2372,2337,-1,2337,2372,2373,-1,2337,2373,2339,-1,2339,2373,2374,-1,2339,2374,2341,-1,2341,2374,2375,-1,2341,2375,2343,-1,2343,2375,2376,-1,2343,2376,2345,-1,2345,2376,2377,-1,2345,2377,2347,-1,2347,2377,2378,-1,2347,2378,2349,-1,2349,2378,2379,-1,2349,2379,2351,-1,2351,2379,2380,-1,2351,2380,2353,-1,2353,2380,2381,-1,2353,2381,2355,-1,2355,2381,2382,-1,2355,2382,2357,-1,2357,2382,2383,-1,2357,2383,2359,-1,2359,2383,2360,-1,2383,2384,2360,-1,2360,2384,2385,-1,2360,2385,2361,-1,2361,2385,2386,-1,2361,2386,2362,-1,2362,2386,2387,-1,2362,2387,2363,-1,2363,2387,2388,-1,2363,2388,2364,-1,2364,2388,2389,-1,2364,2389,2365,-1,2365,2389,2390,-1,2365,2390,2366,-1,2366,2390,2391,-1,2366,2391,2367,-1,2367,2391,2392,-1,2367,2392,2368,-1,2368,2392,2393,-1,2368,2393,2369,-1,2369,2393,2394,-1,2369,2394,2370,-1,2370,2394,2395,-1,2370,2395,2371,-1,2371,2395,2396,-1,2371,2396,2372,-1,2372,2396,2397,-1,2372,2397,2373,-1,2373,2397,2398,-1,2373,2398,2374,-1,2374,2398,2399,-1,2374,2399,2375,-1,2375,2399,2400,-1,2375,2400,2376,-1,2376,2400,2401,-1,2376,2401,2377,-1,2377,2401,2402,-1,2377,2402,2378,-1,2378,2402,2403,-1,2378,2403,2379,-1,2379,2403,2404,-1,2379,2404,2380,-1,2380,2404,2405,-1,2380,2405,2381,-1,2381,2405,2406,-1,2381,2406,2382,-1,2382,2406,2407,-1,2382,2407,2383,-1,2383,2407,2384,-1,2407,2408,2384,-1,2384,2408,2409,-1,2384,2409,2385,-1,2385,2409,2410,-1,2385,2410,2386,-1,2386,2410,2411,-1,2386,2411,2387,-1,2387,2411,2412,-1,2387,2412,2388,-1,2388,2412,2413,-1,2388,2413,2389,-1,2389,2413,2414,-1,2389,2414,2390,-1,2390,2414,2415,-1,2390,2415,2391,-1,2391,2415,2416,-1,2391,2416,2392,-1,2392,2416,2417,-1,2392,2417,2393,-1,2393,2417,2418,-1,2393,2418,2394,-1,2394,2418,2419,-1,2394,2419,2395,-1,2395,2419,2420,-1,2395,2420,2396,-1,2396,2420,2421,-1,2396,2421,2397,-1,2397,2421,2422,-1,2397,2422,2398,-1,2398,2422,2423,-1,2398,2423,2399,-1,2399,2423,2424,-1,2399,2424,2400,-1,2400,2424,2425,-1,2400,2425,2401,-1,2401,2425,2426,-1,2401,2426,2402,-1,2402,2426,2427,-1,2402,2427,2403,-1,2403,2427,2428,-1,2403,2428,2404,-1,2404,2428,2429,-1,2404,2429,2405,-1,2405,2429,2430,-1,2405,2430,2406,-1,2406,2430,2431,-1,2406,2431,2407,-1,2407,2431,2408,-1,2431,2432,2408,-1,2408,2432,2433,-1,2408,2433,2409,-1,2409,2433,2434,-1,2409,2434,2410,-1,2410,2434,2435,-1,2410,2435,2411,-1,2411,2435,2436,-1,2411,2436,2412,-1,2412,2436,2437,-1,2412,2437,2413,-1,2413,2437,2438,-1,2413,2438,2414,-1,2414,2438,2439,-1,2414,2439,2415,-1,2415,2439,2440,-1,2415,2440,2416,-1,2416,2440,2441,-1,2416,2441,2417,-1,2417,2441,2442,-1,2417,2442,2418,-1,2418,2442,2443,-1,2418,2443,2419,-1,2419,2443,2444,-1,2419,2444,2420,-1,2420,2444,2445,-1,2420,2445,2421,-1,2421,2445,2446,-1,2421,2446,2422,-1,2422,2446,2447,-1,2422,2447,2423,-1,2423,2447,2448,-1,2423,2448,2424,-1,2424,2448,2449,-1,2424,2449,2425,-1,2425,2449,2450,-1,2425,2450,2426,-1,2426,2450,2451,-1,2426,2451,2427,-1,2427,2451,2452,-1,2427,2452,2428,-1,2428,2452,2453,-1,2428,2453,2429,-1,2429,2453,2454,-1,2429,2454,2430,-1,2430,2454,2455,-1,2430,2455,2431,-1,2431,2455,2432,-1,2455,2456,2432,-1,2432,2456,2457,-1,2432,2457,2433,-1,2433,2457,2458,-1,2433,2458,2434,-1,2434,2458,2459,-1,2434,2459,2435,-1,2435,2459,2460,-1,2435,2460,2436,-1,2436,2460,2461,-1,2436,2461,2437,-1,2437,2461,2462,-1,2437,2462,2438,-1,2438,2462,2463,-1,2438,2463,2439,-1,2439,2463,2464,-1,2439,2464,2440,-1,2440,2464,2465,-1,2440,2465,2441,-1,2441,2465,2466,-1,2441,2466,2442,-1,2442,2466,2467,-1,2442,2467,2443,-1,2443,2467,2468,-1,2443,2468,2444,-1,2444,2468,2469,-1,2444,2469,2445,-1,2445,2469,2470,-1,2445,2470,2446,-1,2446,2470,2471,-1,2446,2471,2447,-1,2447,2471,2472,-1,2447,2472,2448,-1,2448,2472,2473,-1,2448,2473,2449,-1,2449,2473,2474,-1,2449,2474,2450,-1,2450,2474,2475,-1,2450,2475,2451,-1,2451,2475,2476,-1,2451,2476,2452,-1,2452,2476,2477,-1,2452,2477,2453,-1,2453,2477,2478,-1,2453,2478,2454,-1,2454,2478,2479,-1,2454,2479,2455,-1,2455,2479,2456,-1,2457,2456,2480,-1,2480,2456,2479,-1,2480,2479,2478,-1,2460,2459,2480,-1,2480,2459,2458,-1,2480,2458,2457,-1,2463,2462,2480,-1,2480,2462,2461,-1,2480,2461,2460,-1,2466,2465,2480,-1,2480,2465,2464,-1,2480,2464,2463,-1,2469,2468,2480,-1,2480,2468,2467,-1,2480,2467,2466,-1,2472,2471,2480,-1,2480,2471,2470,-1,2480,2470,2469,-1,2475,2474,2480,-1,2480,2474,2473,-1,2480,2473,2472,-1,2478,2477,2480,-1,2480,2477,2476,-1,2480,2476,2475,-1,2481,2482,2483,-1,2483,2482,2484,-1,2483,2484,2485,-1,2485,2484,2486,-1,2485,2486,2487,-1,2487,2486,2488,-1,2487,2488,2489,-1,2489,2488,2490,-1,2489,2490,2491,-1,2491,2490,2492,-1,2491,2492,2493,-1,2493,2492,2494,-1,2493,2494,2495,-1,2495,2494,2496,-1,2495,2496,2497,-1,2497,2496,2498,-1,2497,2498,2499,-1,2499,2498,2500,-1,2499,2500,2501,-1,2501,2500,2502,-1,2501,2502,2503,-1,2503,2502,2504,-1,2503,2504,2505,-1,2505,2504,2506,-1,2505,2506,2507,-1,2507,2506,2508,-1,2507,2508,2509,-1,2509,2508,2510,-1,2509,2510,2511,-1,2511,2510,2512,-1,2511,2512,2513,-1,2513,2512,2514,-1,2513,2514,2515,-1,2515,2514,2516,-1,2515,2516,2517,-1,2517,2516,2518,-1,2517,2518,2519,-1,2519,2518,2520,-1,2519,2520,2521,-1,2521,2520,2522,-1,2521,2522,2523,-1,2523,2522,2524,-1,2523,2524,2525,-1,2525,2524,2526,-1,2525,2526,2527,-1,2527,2526,2528,-1,2527,2528,2481,-1,2481,2528,2482,-1,2481,2529,2527,-1,2527,2529,2530,-1,2527,2530,2525,-1,2525,2530,2531,-1,2525,2531,2523,-1,2523,2531,2532,-1,2523,2532,2521,-1,2521,2532,2533,-1,2521,2533,2519,-1,2519,2533,2534,-1,2519,2534,2517,-1,2517,2534,2535,-1,2517,2535,2515,-1,2515,2535,2536,-1,2515,2536,2513,-1,2513,2536,2537,-1,2513,2537,2511,-1,2511,2537,2538,-1,2511,2538,2509,-1,2509,2538,2539,-1,2509,2539,2507,-1,2507,2539,2540,-1,2507,2540,2505,-1,2505,2540,2541,-1,2505,2541,2503,-1,2503,2541,2542,-1,2503,2542,2501,-1,2501,2542,2543,-1,2501,2543,2499,-1,2499,2543,2544,-1,2499,2544,2497,-1,2497,2544,2545,-1,2497,2545,2495,-1,2495,2545,2546,-1,2495,2546,2493,-1,2493,2546,2547,-1,2493,2547,2491,-1,2491,2547,2548,-1,2491,2548,2489,-1,2489,2548,2549,-1,2489,2549,2487,-1,2487,2549,2550,-1,2487,2550,2485,-1,2485,2550,2551,-1,2485,2551,2483,-1,2483,2551,2552,-1,2483,2552,2481,-1,2481,2552,2529,-1,2529,2553,2530,-1,2530,2553,2554,-1,2530,2554,2531,-1,2531,2554,2555,-1,2531,2555,2532,-1,2532,2555,2556,-1,2532,2556,2533,-1,2533,2556,2557,-1,2533,2557,2534,-1,2534,2557,2558,-1,2534,2558,2535,-1,2535,2558,2559,-1,2535,2559,2536,-1,2536,2559,2560,-1,2536,2560,2537,-1,2537,2560,2561,-1,2537,2561,2538,-1,2538,2561,2562,-1,2538,2562,2539,-1,2539,2562,2563,-1,2539,2563,2540,-1,2540,2563,2564,-1,2540,2564,2541,-1,2541,2564,2565,-1,2541,2565,2542,-1,2542,2565,2566,-1,2542,2566,2543,-1,2543,2566,2567,-1,2543,2567,2544,-1,2544,2567,2568,-1,2544,2568,2545,-1,2545,2568,2569,-1,2545,2569,2546,-1,2546,2569,2570,-1,2546,2570,2547,-1,2547,2570,2571,-1,2547,2571,2548,-1,2548,2571,2572,-1,2548,2572,2549,-1,2549,2572,2573,-1,2549,2573,2550,-1,2550,2573,2574,-1,2550,2574,2551,-1,2551,2574,2575,-1,2551,2575,2552,-1,2552,2575,2576,-1,2552,2576,2529,-1,2529,2576,2553,-1,2553,2577,2554,-1,2554,2577,2578,-1,2554,2578,2555,-1,2555,2578,2579,-1,2555,2579,2556,-1,2556,2579,2580,-1,2556,2580,2557,-1,2557,2580,2581,-1,2557,2581,2558,-1,2558,2581,2582,-1,2558,2582,2559,-1,2559,2582,2583,-1,2559,2583,2560,-1,2560,2583,2584,-1,2560,2584,2561,-1,2561,2584,2585,-1,2561,2585,2562,-1,2562,2585,2586,-1,2562,2586,2563,-1,2563,2586,2587,-1,2563,2587,2564,-1,2564,2587,2588,-1,2564,2588,2565,-1,2565,2588,2589,-1,2565,2589,2566,-1,2566,2589,2590,-1,2566,2590,2567,-1,2567,2590,2591,-1,2567,2591,2568,-1,2568,2591,2592,-1,2568,2592,2569,-1,2569,2592,2593,-1,2569,2593,2570,-1,2570,2593,2594,-1,2570,2594,2571,-1,2571,2594,2595,-1,2571,2595,2572,-1,2572,2595,2596,-1,2572,2596,2573,-1,2573,2596,2597,-1,2573,2597,2574,-1,2574,2597,2598,-1,2574,2598,2575,-1,2575,2598,2599,-1,2575,2599,2576,-1,2576,2599,2600,-1,2576,2600,2553,-1,2553,2600,2577,-1,2577,2601,2578,-1,2578,2601,2602,-1,2578,2602,2579,-1,2579,2602,2603,-1,2579,2603,2580,-1,2580,2603,2604,-1,2580,2604,2581,-1,2581,2604,2605,-1,2581,2605,2582,-1,2582,2605,2606,-1,2582,2606,2583,-1,2583,2606,2607,-1,2583,2607,2584,-1,2584,2607,2608,-1,2584,2608,2585,-1,2585,2608,2609,-1,2585,2609,2586,-1,2586,2609,2610,-1,2586,2610,2587,-1,2587,2610,2611,-1,2587,2611,2588,-1,2588,2611,2612,-1,2588,2612,2589,-1,2589,2612,2613,-1,2589,2613,2590,-1,2590,2613,2614,-1,2590,2614,2591,-1,2591,2614,2615,-1,2591,2615,2592,-1,2592,2615,2616,-1,2592,2616,2593,-1,2593,2616,2617,-1,2593,2617,2594,-1,2594,2617,2618,-1,2594,2618,2595,-1,2595,2618,2619,-1,2595,2619,2596,-1,2596,2619,2620,-1,2596,2620,2597,-1,2597,2620,2621,-1,2597,2621,2598,-1,2598,2621,2622,-1,2598,2622,2599,-1,2599,2622,2623,-1,2599,2623,2600,-1,2600,2623,2624,-1,2600,2624,2577,-1,2577,2624,2601,-1,2601,2625,2602,-1,2602,2625,2626,-1,2602,2626,2603,-1,2603,2626,2627,-1,2603,2627,2604,-1,2604,2627,2628,-1,2604,2628,2605,-1,2605,2628,2629,-1,2605,2629,2606,-1,2606,2629,2630,-1,2606,2630,2607,-1,2607,2630,2631,-1,2607,2631,2608,-1,2608,2631,2632,-1,2608,2632,2609,-1,2609,2632,2633,-1,2609,2633,2610,-1,2610,2633,2634,-1,2610,2634,2611,-1,2611,2634,2635,-1,2611,2635,2612,-1,2612,2635,2636,-1,2612,2636,2613,-1,2613,2636,2637,-1,2613,2637,2614,-1,2614,2637,2638,-1,2614,2638,2615,-1,2615,2638,2639,-1,2615,2639,2616,-1,2616,2639,2640,-1,2616,2640,2617,-1,2617,2640,2641,-1,2617,2641,2618,-1,2618,2641,2642,-1,2618,2642,2619,-1,2619,2642,2643,-1,2619,2643,2620,-1,2620,2643,2644,-1,2620,2644,2621,-1,2621,2644,2645,-1,2621,2645,2622,-1,2622,2645,2646,-1,2622,2646,2623,-1,2623,2646,2647,-1,2623,2647,2624,-1,2624,2647,2648,-1,2624,2648,2601,-1,2601,2648,2625,-1,2625,2649,2626,-1,2626,2649,2650,-1,2626,2650,2627,-1,2627,2650,2651,-1,2627,2651,2628,-1,2628,2651,2652,-1,2628,2652,2629,-1,2629,2652,2653,-1,2629,2653,2630,-1,2630,2653,2654,-1,2630,2654,2631,-1,2631,2654,2655,-1,2631,2655,2632,-1,2632,2655,2656,-1,2632,2656,2633,-1,2633,2656,2657,-1,2633,2657,2634,-1,2634,2657,2658,-1,2634,2658,2635,-1,2635,2658,2659,-1,2635,2659,2636,-1,2636,2659,2660,-1,2636,2660,2637,-1,2637,2660,2661,-1,2637,2661,2638,-1,2638,2661,2662,-1,2638,2662,2639,-1,2639,2662,2663,-1,2639,2663,2640,-1,2640,2663,2664,-1,2640,2664,2641,-1,2641,2664,2665,-1,2641,2665,2642,-1,2642,2665,2666,-1,2642,2666,2643,-1,2643,2666,2667,-1,2643,2667,2644,-1,2644,2667,2668,-1,2644,2668,2645,-1,2645,2668,2669,-1,2645,2669,2646,-1,2646,2669,2670,-1,2646,2670,2647,-1,2647,2670,2671,-1,2647,2671,2648,-1,2648,2671,2672,-1,2648,2672,2625,-1,2625,2672,2649,-1,2649,2673,2650,-1,2650,2673,2674,-1,2650,2674,2651,-1,2651,2674,2675,-1,2651,2675,2652,-1,2652,2675,2676,-1,2652,2676,2653,-1,2653,2676,2677,-1,2653,2677,2654,-1,2654,2677,2678,-1,2654,2678,2655,-1,2655,2678,2679,-1,2655,2679,2656,-1,2656,2679,2680,-1,2656,2680,2657,-1,2657,2680,2681,-1,2657,2681,2658,-1,2658,2681,2682,-1,2658,2682,2659,-1,2659,2682,2683,-1,2659,2683,2660,-1,2660,2683,2684,-1,2660,2684,2661,-1,2661,2684,2685,-1,2661,2685,2662,-1,2662,2685,2686,-1,2662,2686,2663,-1,2663,2686,2687,-1,2663,2687,2664,-1,2664,2687,2688,-1,2664,2688,2665,-1,2665,2688,2689,-1,2665,2689,2666,-1,2666,2689,2690,-1,2666,2690,2667,-1,2667,2690,2691,-1,2667,2691,2668,-1,2668,2691,2692,-1,2668,2692,2669,-1,2669,2692,2693,-1,2669,2693,2670,-1,2670,2693,2694,-1,2670,2694,2671,-1,2671,2694,2695,-1,2671,2695,2672,-1,2672,2695,2696,-1,2672,2696,2649,-1,2649,2696,2673,-1,2336,2696,2334,-1,2334,2696,2695,-1,2334,2695,2332,-1,2332,2695,2694,-1,2332,2694,2330,-1,2330,2694,2693,-1,2330,2693,2328,-1,2328,2693,2692,-1,2328,2692,2326,-1,2326,2692,2691,-1,2326,2691,2324,-1,2324,2691,2690,-1,2324,2690,2322,-1,2322,2690,2689,-1,2322,2689,2320,-1,2320,2689,2688,-1,2320,2688,2318,-1,2318,2688,2687,-1,2318,2687,2316,-1,2316,2687,2686,-1,2316,2686,2314,-1,2314,2686,2685,-1,2314,2685,2312,-1,2312,2685,2684,-1,2312,2684,2358,-1,2358,2684,2683,-1,2358,2683,2356,-1,2356,2683,2682,-1,2356,2682,2354,-1,2354,2682,2681,-1,2354,2681,2352,-1,2352,2681,2680,-1,2352,2680,2350,-1,2350,2680,2679,-1,2350,2679,2348,-1,2348,2679,2678,-1,2348,2678,2346,-1,2346,2678,2677,-1,2346,2677,2344,-1,2344,2677,2676,-1,2344,2676,2342,-1,2342,2676,2675,-1,2342,2675,2340,-1,2340,2675,2674,-1,2340,2674,2338,-1,2338,2674,2673,-1,2338,2673,2336,-1,2336,2673,2696,-1,2697,2698,2699,-1,2699,2698,2700,-1,2699,2700,2701,-1,2701,2700,2702,-1,2701,2702,2703,-1,2703,2702,2704,-1,2703,2704,2705,-1,2705,2704,2706,-1,2705,2706,2707,-1,2707,2706,2708,-1,2707,2708,2709,-1,2709,2708,2710,-1,2709,2710,2711,-1,2711,2710,2712,-1,2711,2712,2713,-1,2713,2712,2714,-1,2713,2714,2715,-1,2715,2714,2716,-1,2715,2716,2717,-1,2717,2716,2718,-1,2717,2718,2719,-1,2719,2718,2720,-1,2719,2720,2721,-1,2721,2720,2722,-1,2721,2722,2723,-1,2723,2722,2724,-1,2723,2724,2725,-1,2725,2724,2726,-1,2725,2726,2727,-1,2727,2726,2728,-1,2727,2728,2729,-1,2729,2728,2730,-1,2729,2730,2731,-1,2731,2730,2732,-1,2731,2732,2733,-1,2733,2732,2734,-1,2733,2734,2735,-1,2735,2734,2736,-1,2735,2736,2737,-1,2737,2736,2738,-1,2737,2738,2739,-1,2739,2738,2740,-1,2739,2740,2741,-1,2741,2740,2742,-1,2741,2742,2743,-1,2743,2742,2744,-1,2743,2744,2697,-1,2697,2744,2698,-1,2745,2699,2746,-1,2746,2699,2701,-1,2746,2701,2747,-1,2747,2701,2703,-1,2747,2703,2748,-1,2748,2703,2705,-1,2748,2705,2749,-1,2749,2705,2707,-1,2749,2707,2750,-1,2750,2707,2709,-1,2750,2709,2751,-1,2751,2709,2711,-1,2751,2711,2752,-1,2752,2711,2713,-1,2752,2713,2753,-1,2753,2713,2715,-1,2753,2715,2754,-1,2754,2715,2717,-1,2754,2717,2755,-1,2755,2717,2719,-1,2755,2719,2756,-1,2756,2719,2721,-1,2756,2721,2757,-1,2757,2721,2723,-1,2757,2723,2758,-1,2758,2723,2725,-1,2758,2725,2759,-1,2759,2725,2727,-1,2759,2727,2760,-1,2760,2727,2729,-1,2760,2729,2761,-1,2761,2729,2731,-1,2761,2731,2762,-1,2762,2731,2733,-1,2762,2733,2763,-1,2763,2733,2735,-1,2763,2735,2764,-1,2764,2735,2737,-1,2764,2737,2765,-1,2765,2737,2739,-1,2765,2739,2766,-1,2766,2739,2741,-1,2766,2741,2767,-1,2767,2741,2743,-1,2767,2743,2768,-1,2768,2743,2697,-1,2768,2697,2745,-1,2745,2697,2699,-1,2504,2708,2506,-1,2506,2708,2706,-1,2506,2706,2508,-1,2508,2706,2704,-1,2508,2704,2510,-1,2510,2704,2702,-1,2510,2702,2512,-1,2512,2702,2700,-1,2512,2700,2514,-1,2514,2700,2698,-1,2514,2698,2516,-1,2516,2698,2744,-1,2516,2744,2518,-1,2518,2744,2742,-1,2518,2742,2520,-1,2520,2742,2740,-1,2520,2740,2522,-1,2522,2740,2738,-1,2522,2738,2524,-1,2524,2738,2736,-1,2524,2736,2526,-1,2526,2736,2734,-1,2526,2734,2528,-1,2528,2734,2732,-1,2528,2732,2482,-1,2482,2732,2730,-1,2482,2730,2484,-1,2484,2730,2728,-1,2484,2728,2486,-1,2486,2728,2726,-1,2486,2726,2488,-1,2488,2726,2724,-1,2488,2724,2490,-1,2490,2724,2722,-1,2490,2722,2492,-1,2492,2722,2720,-1,2492,2720,2494,-1,2494,2720,2718,-1,2494,2718,2496,-1,2496,2718,2716,-1,2496,2716,2498,-1,2498,2716,2714,-1,2498,2714,2500,-1,2500,2714,2712,-1,2500,2712,2502,-1,2502,2712,2710,-1,2502,2710,2504,-1,2504,2710,2708,-1,2769,2770,2771,-1,2771,2770,2772,-1,2771,2772,2773,-1,2773,2772,2774,-1,2773,2774,2775,-1,2775,2774,2776,-1,2775,2776,2777,-1,2777,2776,2778,-1,2777,2778,2779,-1,2779,2778,2780,-1,2779,2780,2781,-1,2781,2780,2782,-1,2781,2782,2783,-1,2783,2782,2784,-1,2783,2784,2785,-1,2785,2784,2786,-1,2785,2786,2787,-1,2787,2786,2788,-1,2787,2788,2789,-1,2789,2788,2790,-1,2789,2790,2791,-1,2791,2790,2792,-1,2791,2792,2793,-1,2793,2792,2794,-1,2793,2794,2795,-1,2795,2794,2796,-1,2795,2796,2797,-1,2797,2796,2798,-1,2797,2798,2799,-1,2799,2798,2800,-1,2799,2800,2801,-1,2801,2800,2802,-1,2801,2802,2803,-1,2803,2802,2804,-1,2803,2804,2805,-1,2805,2804,2806,-1,2805,2806,2807,-1,2807,2806,2808,-1,2807,2808,2809,-1,2809,2808,2810,-1,2809,2810,2811,-1,2811,2810,2812,-1,2811,2812,2813,-1,2813,2812,2814,-1,2813,2814,2815,-1,2815,2814,2816,-1,2815,2816,2769,-1,2769,2816,2770,-1,2816,2817,2770,-1,2770,2817,2818,-1,2770,2818,2772,-1,2772,2818,2819,-1,2772,2819,2774,-1,2774,2819,2820,-1,2774,2820,2776,-1,2776,2820,2821,-1,2776,2821,2778,-1,2778,2821,2822,-1,2778,2822,2780,-1,2780,2822,2823,-1,2780,2823,2782,-1,2782,2823,2824,-1,2782,2824,2784,-1,2784,2824,2825,-1,2784,2825,2786,-1,2786,2825,2826,-1,2786,2826,2788,-1,2788,2826,2827,-1,2788,2827,2790,-1,2790,2827,2828,-1,2790,2828,2792,-1,2792,2828,2829,-1,2792,2829,2794,-1,2794,2829,2830,-1,2794,2830,2796,-1,2796,2830,2831,-1,2796,2831,2798,-1,2798,2831,2832,-1,2798,2832,2800,-1,2800,2832,2833,-1,2800,2833,2802,-1,2802,2833,2834,-1,2802,2834,2804,-1,2804,2834,2835,-1,2804,2835,2806,-1,2806,2835,2836,-1,2806,2836,2808,-1,2808,2836,2837,-1,2808,2837,2810,-1,2810,2837,2838,-1,2810,2838,2812,-1,2812,2838,2839,-1,2812,2839,2814,-1,2814,2839,2840,-1,2814,2840,2816,-1,2816,2840,2817,-1,2811,2813,2841,-1,2841,2813,2815,-1,2841,2815,2769,-1,2805,2807,2841,-1,2841,2807,2809,-1,2841,2809,2811,-1,2799,2801,2841,-1,2841,2801,2803,-1,2841,2803,2805,-1,2793,2795,2841,-1,2841,2795,2797,-1,2841,2797,2799,-1,2787,2789,2841,-1,2841,2789,2791,-1,2841,2791,2793,-1,2781,2783,2841,-1,2841,2783,2785,-1,2841,2785,2787,-1,2775,2777,2841,-1,2841,2777,2779,-1,2841,2779,2781,-1,2769,2771,2841,-1,2841,2771,2773,-1,2841,2773,2775,-1,2842,2843,2844,-1,2844,2843,2845,-1,2844,2845,2846,-1,2846,2845,2847,-1,2846,2847,2848,-1,2848,2847,2849,-1,2848,2849,2850,-1,2850,2849,2851,-1,2850,2851,2852,-1,2852,2851,2853,-1,2852,2853,2854,-1,2854,2853,2855,-1,2854,2855,2856,-1,2856,2855,2857,-1,2856,2857,2858,-1,2858,2857,2859,-1,2858,2859,2860,-1,2860,2859,2861,-1,2860,2861,2862,-1,2862,2861,2863,-1,2862,2863,2864,-1,2864,2863,2865,-1,2864,2865,2866,-1,2866,2865,2867,-1,2866,2867,2868,-1,2868,2867,2869,-1,2868,2869,2870,-1,2870,2869,2871,-1,2870,2871,2872,-1,2872,2871,2873,-1,2872,2873,2874,-1,2874,2873,2875,-1,2874,2875,2876,-1,2876,2875,2877,-1,2876,2877,2878,-1,2878,2877,2879,-1,2878,2879,2880,-1,2880,2879,2881,-1,2880,2881,2882,-1,2882,2881,2883,-1,2882,2883,2884,-1,2884,2883,2885,-1,2884,2885,2886,-1,2886,2885,2887,-1,2886,2887,2888,-1,2888,2887,2889,-1,2888,2889,2842,-1,2842,2889,2843,-1,2820,2859,2821,-1,2821,2859,2857,-1,2821,2857,2822,-1,2822,2857,2855,-1,2822,2855,2823,-1,2823,2855,2853,-1,2823,2853,2824,-1,2824,2853,2851,-1,2824,2851,2825,-1,2825,2851,2849,-1,2825,2849,2826,-1,2826,2849,2847,-1,2826,2847,2827,-1,2827,2847,2845,-1,2827,2845,2828,-1,2828,2845,2843,-1,2828,2843,2829,-1,2829,2843,2889,-1,2829,2889,2830,-1,2830,2889,2887,-1,2830,2887,2831,-1,2831,2887,2885,-1,2831,2885,2832,-1,2832,2885,2883,-1,2832,2883,2833,-1,2833,2883,2881,-1,2833,2881,2834,-1,2834,2881,2879,-1,2834,2879,2835,-1,2835,2879,2877,-1,2835,2877,2836,-1,2836,2877,2875,-1,2836,2875,2837,-1,2837,2875,2873,-1,2837,2873,2838,-1,2838,2873,2871,-1,2838,2871,2839,-1,2839,2871,2869,-1,2839,2869,2840,-1,2840,2869,2867,-1,2840,2867,2817,-1,2817,2867,2865,-1,2817,2865,2818,-1,2818,2865,2863,-1,2818,2863,2819,-1,2819,2863,2861,-1,2819,2861,2820,-1,2820,2861,2859,-1,2890,2891,2892,-1,2892,2891,2893,-1,2892,2893,2894,-1,2894,2893,2895,-1,2894,2895,2896,-1,2896,2895,2897,-1,2896,2897,2898,-1,2898,2897,2899,-1,2898,2899,2900,-1,2900,2899,2901,-1,2900,2901,2902,-1,2902,2901,2903,-1,2902,2903,2904,-1,2904,2903,2905,-1,2904,2905,2906,-1,2906,2905,2907,-1,2906,2907,2908,-1,2908,2907,2909,-1,2908,2909,2910,-1,2910,2909,2911,-1,2910,2911,2912,-1,2912,2911,2913,-1,2912,2913,2914,-1,2914,2913,2915,-1,2914,2915,2916,-1,2916,2915,2917,-1,2916,2917,2918,-1,2918,2917,2919,-1,2918,2919,2920,-1,2920,2919,2921,-1,2920,2921,2922,-1,2922,2921,2923,-1,2922,2923,2924,-1,2924,2923,2925,-1,2924,2925,2926,-1,2926,2925,2927,-1,2926,2927,2928,-1,2928,2927,2929,-1,2928,2929,2930,-1,2930,2929,2931,-1,2930,2931,2932,-1,2932,2931,2933,-1,2932,2933,2934,-1,2934,2933,2935,-1,2934,2935,2936,-1,2936,2935,2937,-1,2936,2937,2890,-1,2890,2937,2891,-1,2937,2938,2891,-1,2891,2938,2939,-1,2891,2939,2893,-1,2893,2939,2940,-1,2893,2940,2895,-1,2895,2940,2941,-1,2895,2941,2897,-1,2897,2941,2942,-1,2897,2942,2899,-1,2899,2942,2943,-1,2899,2943,2901,-1,2901,2943,2944,-1,2901,2944,2903,-1,2903,2944,2945,-1,2903,2945,2905,-1,2905,2945,2946,-1,2905,2946,2907,-1,2907,2946,2947,-1,2907,2947,2909,-1,2909,2947,2948,-1,2909,2948,2911,-1,2911,2948,2949,-1,2911,2949,2913,-1,2913,2949,2950,-1,2913,2950,2915,-1,2915,2950,2951,-1,2915,2951,2917,-1,2917,2951,2952,-1,2917,2952,2919,-1,2919,2952,2953,-1,2919,2953,2921,-1,2921,2953,2954,-1,2921,2954,2923,-1,2923,2954,2955,-1,2923,2955,2925,-1,2925,2955,2956,-1,2925,2956,2927,-1,2927,2956,2957,-1,2927,2957,2929,-1,2929,2957,2958,-1,2929,2958,2931,-1,2931,2958,2959,-1,2931,2959,2933,-1,2933,2959,2960,-1,2933,2960,2935,-1,2935,2960,2961,-1,2935,2961,2937,-1,2937,2961,2938,-1,2961,2962,2938,-1,2938,2962,2963,-1,2938,2963,2939,-1,2939,2963,2964,-1,2939,2964,2940,-1,2940,2964,2965,-1,2940,2965,2941,-1,2941,2965,2966,-1,2941,2966,2942,-1,2942,2966,2967,-1,2942,2967,2943,-1,2943,2967,2968,-1,2943,2968,2944,-1,2944,2968,2969,-1,2944,2969,2945,-1,2945,2969,2970,-1,2945,2970,2946,-1,2946,2970,2971,-1,2946,2971,2947,-1,2947,2971,2972,-1,2947,2972,2948,-1,2948,2972,2973,-1,2948,2973,2949,-1,2949,2973,2974,-1,2949,2974,2950,-1,2950,2974,2975,-1,2950,2975,2951,-1,2951,2975,2976,-1,2951,2976,2952,-1,2952,2976,2977,-1,2952,2977,2953,-1,2953,2977,2978,-1,2953,2978,2954,-1,2954,2978,2979,-1,2954,2979,2955,-1,2955,2979,2980,-1,2955,2980,2956,-1,2956,2980,2981,-1,2956,2981,2957,-1,2957,2981,2982,-1,2957,2982,2958,-1,2958,2982,2983,-1,2958,2983,2959,-1,2959,2983,2984,-1,2959,2984,2960,-1,2960,2984,2985,-1,2960,2985,2961,-1,2961,2985,2962,-1,2985,2986,2962,-1,2962,2986,2987,-1,2962,2987,2963,-1,2963,2987,2988,-1,2963,2988,2964,-1,2964,2988,2989,-1,2964,2989,2965,-1,2965,2989,2990,-1,2965,2990,2966,-1,2966,2990,2991,-1,2966,2991,2967,-1,2967,2991,2992,-1,2967,2992,2968,-1,2968,2992,2993,-1,2968,2993,2969,-1,2969,2993,2994,-1,2969,2994,2970,-1,2970,2994,2995,-1,2970,2995,2971,-1,2971,2995,2996,-1,2971,2996,2972,-1,2972,2996,2997,-1,2972,2997,2973,-1,2973,2997,2998,-1,2973,2998,2974,-1,2974,2998,2999,-1,2974,2999,2975,-1,2975,2999,3000,-1,2975,3000,2976,-1,2976,3000,3001,-1,2976,3001,2977,-1,2977,3001,3002,-1,2977,3002,2978,-1,2978,3002,3003,-1,2978,3003,2979,-1,2979,3003,3004,-1,2979,3004,2980,-1,2980,3004,3005,-1,2980,3005,2981,-1,2981,3005,3006,-1,2981,3006,2982,-1,2982,3006,3007,-1,2982,3007,2983,-1,2983,3007,3008,-1,2983,3008,2984,-1,2984,3008,3009,-1,2984,3009,2985,-1,2985,3009,2986,-1,3009,3010,2986,-1,2986,3010,3011,-1,2986,3011,2987,-1,2987,3011,3012,-1,2987,3012,2988,-1,2988,3012,3013,-1,2988,3013,2989,-1,2989,3013,3014,-1,2989,3014,2990,-1,2990,3014,3015,-1,2990,3015,2991,-1,2991,3015,3016,-1,2991,3016,2992,-1,2992,3016,3017,-1,2992,3017,2993,-1,2993,3017,3018,-1,2993,3018,2994,-1,2994,3018,3019,-1,2994,3019,2995,-1,2995,3019,3020,-1,2995,3020,2996,-1,2996,3020,3021,-1,2996,3021,2997,-1,2997,3021,3022,-1,2997,3022,2998,-1,2998,3022,3023,-1,2998,3023,2999,-1,2999,3023,3024,-1,2999,3024,3000,-1,3000,3024,3025,-1,3000,3025,3001,-1,3001,3025,3026,-1,3001,3026,3002,-1,3002,3026,3027,-1,3002,3027,3003,-1,3003,3027,3028,-1,3003,3028,3004,-1,3004,3028,3029,-1,3004,3029,3005,-1,3005,3029,3030,-1,3005,3030,3006,-1,3006,3030,3031,-1,3006,3031,3007,-1,3007,3031,3032,-1,3007,3032,3008,-1,3008,3032,3033,-1,3008,3033,3009,-1,3009,3033,3010,-1,3033,3034,3010,-1,3010,3034,3035,-1,3010,3035,3011,-1,3011,3035,3036,-1,3011,3036,3012,-1,3012,3036,3037,-1,3012,3037,3013,-1,3013,3037,3038,-1,3013,3038,3014,-1,3014,3038,3039,-1,3014,3039,3015,-1,3015,3039,3040,-1,3015,3040,3016,-1,3016,3040,3041,-1,3016,3041,3017,-1,3017,3041,3042,-1,3017,3042,3018,-1,3018,3042,3043,-1,3018,3043,3019,-1,3019,3043,3044,-1,3019,3044,3020,-1,3020,3044,3045,-1,3020,3045,3021,-1,3021,3045,3046,-1,3021,3046,3022,-1,3022,3046,3047,-1,3022,3047,3023,-1,3023,3047,3048,-1,3023,3048,3024,-1,3024,3048,3049,-1,3024,3049,3025,-1,3025,3049,3050,-1,3025,3050,3026,-1,3026,3050,3051,-1,3026,3051,3027,-1,3027,3051,3052,-1,3027,3052,3028,-1,3028,3052,3053,-1,3028,3053,3029,-1,3029,3053,3054,-1,3029,3054,3030,-1,3030,3054,3055,-1,3030,3055,3031,-1,3031,3055,3056,-1,3031,3056,3032,-1,3032,3056,3057,-1,3032,3057,3033,-1,3033,3057,3034,-1,3035,3034,3058,-1,3058,3034,3057,-1,3058,3057,3056,-1,3038,3037,3058,-1,3058,3037,3036,-1,3058,3036,3035,-1,3041,3040,3058,-1,3058,3040,3039,-1,3058,3039,3038,-1,3044,3043,3058,-1,3058,3043,3042,-1,3058,3042,3041,-1,3047,3046,3058,-1,3058,3046,3045,-1,3058,3045,3044,-1,3050,3049,3058,-1,3058,3049,3048,-1,3058,3048,3047,-1,3053,3052,3058,-1,3058,3052,3051,-1,3058,3051,3050,-1,3056,3055,3058,-1,3058,3055,3054,-1,3058,3054,3053,-1,3059,3060,3061,-1,3061,3060,3062,-1,3061,3062,3063,-1,3063,3062,3064,-1,3063,3064,3065,-1,3065,3064,3066,-1,3065,3066,3067,-1,3067,3066,3068,-1,3067,3068,3069,-1,3069,3068,3070,-1,3069,3070,3071,-1,3071,3070,3072,-1,3071,3072,3073,-1,3073,3072,3074,-1,3073,3074,3075,-1,3075,3074,3076,-1,3075,3076,3077,-1,3077,3076,3078,-1,3077,3078,3079,-1,3079,3078,3080,-1,3079,3080,3081,-1,3081,3080,3082,-1,3081,3082,3083,-1,3083,3082,3084,-1,3083,3084,3085,-1,3085,3084,3086,-1,3085,3086,3087,-1,3087,3086,3088,-1,3087,3088,3089,-1,3089,3088,3090,-1,3089,3090,3091,-1,3091,3090,3092,-1,3091,3092,3093,-1,3093,3092,3094,-1,3093,3094,3095,-1,3095,3094,3096,-1,3095,3096,3097,-1,3097,3096,3098,-1,3097,3098,3099,-1,3099,3098,3100,-1,3099,3100,3101,-1,3101,3100,3102,-1,3101,3102,3103,-1,3103,3102,3104,-1,3103,3104,3105,-1,3105,3104,3106,-1,3105,3106,3059,-1,3059,3106,3060,-1,3059,3107,3105,-1,3105,3107,3108,-1,3105,3108,3103,-1,3103,3108,3109,-1,3103,3109,3101,-1,3101,3109,3110,-1,3101,3110,3099,-1,3099,3110,3111,-1,3099,3111,3097,-1,3097,3111,3112,-1,3097,3112,3095,-1,3095,3112,3113,-1,3095,3113,3093,-1,3093,3113,3114,-1,3093,3114,3091,-1,3091,3114,3115,-1,3091,3115,3089,-1,3089,3115,3116,-1,3089,3116,3087,-1,3087,3116,3117,-1,3087,3117,3085,-1,3085,3117,3118,-1,3085,3118,3083,-1,3083,3118,3119,-1,3083,3119,3081,-1,3081,3119,3120,-1,3081,3120,3079,-1,3079,3120,3121,-1,3079,3121,3077,-1,3077,3121,3122,-1,3077,3122,3075,-1,3075,3122,3123,-1,3075,3123,3073,-1,3073,3123,3124,-1,3073,3124,3071,-1,3071,3124,3125,-1,3071,3125,3069,-1,3069,3125,3126,-1,3069,3126,3067,-1,3067,3126,3127,-1,3067,3127,3065,-1,3065,3127,3128,-1,3065,3128,3063,-1,3063,3128,3129,-1,3063,3129,3061,-1,3061,3129,3130,-1,3061,3130,3059,-1,3059,3130,3107,-1,3107,3131,3108,-1,3108,3131,3132,-1,3108,3132,3109,-1,3109,3132,3133,-1,3109,3133,3110,-1,3110,3133,3134,-1,3110,3134,3111,-1,3111,3134,3135,-1,3111,3135,3112,-1,3112,3135,3136,-1,3112,3136,3113,-1,3113,3136,3137,-1,3113,3137,3114,-1,3114,3137,3138,-1,3114,3138,3115,-1,3115,3138,3139,-1,3115,3139,3116,-1,3116,3139,3140,-1,3116,3140,3117,-1,3117,3140,3141,-1,3117,3141,3118,-1,3118,3141,3142,-1,3118,3142,3119,-1,3119,3142,3143,-1,3119,3143,3120,-1,3120,3143,3144,-1,3120,3144,3121,-1,3121,3144,3145,-1,3121,3145,3122,-1,3122,3145,3146,-1,3122,3146,3123,-1,3123,3146,3147,-1,3123,3147,3124,-1,3124,3147,3148,-1,3124,3148,3125,-1,3125,3148,3149,-1,3125,3149,3126,-1,3126,3149,3150,-1,3126,3150,3127,-1,3127,3150,3151,-1,3127,3151,3128,-1,3128,3151,3152,-1,3128,3152,3129,-1,3129,3152,3153,-1,3129,3153,3130,-1,3130,3153,3154,-1,3130,3154,3107,-1,3107,3154,3131,-1,3131,3155,3132,-1,3132,3155,3156,-1,3132,3156,3133,-1,3133,3156,3157,-1,3133,3157,3134,-1,3134,3157,3158,-1,3134,3158,3135,-1,3135,3158,3159,-1,3135,3159,3136,-1,3136,3159,3160,-1,3136,3160,3137,-1,3137,3160,3161,-1,3137,3161,3138,-1,3138,3161,3162,-1,3138,3162,3139,-1,3139,3162,3163,-1,3139,3163,3140,-1,3140,3163,3164,-1,3140,3164,3141,-1,3141,3164,3165,-1,3141,3165,3142,-1,3142,3165,3166,-1,3142,3166,3143,-1,3143,3166,3167,-1,3143,3167,3144,-1,3144,3167,3168,-1,3144,3168,3145,-1,3145,3168,3169,-1,3145,3169,3146,-1,3146,3169,3170,-1,3146,3170,3147,-1,3147,3170,3171,-1,3147,3171,3148,-1,3148,3171,3172,-1,3148,3172,3149,-1,3149,3172,3173,-1,3149,3173,3150,-1,3150,3173,3174,-1,3150,3174,3151,-1,3151,3174,3175,-1,3151,3175,3152,-1,3152,3175,3176,-1,3152,3176,3153,-1,3153,3176,3177,-1,3153,3177,3154,-1,3154,3177,3178,-1,3154,3178,3131,-1,3131,3178,3155,-1,3155,3179,3156,-1,3156,3179,3180,-1,3156,3180,3157,-1,3157,3180,3181,-1,3157,3181,3158,-1,3158,3181,3182,-1,3158,3182,3159,-1,3159,3182,3183,-1,3159,3183,3160,-1,3160,3183,3184,-1,3160,3184,3161,-1,3161,3184,3185,-1,3161,3185,3162,-1,3162,3185,3186,-1,3162,3186,3163,-1,3163,3186,3187,-1,3163,3187,3164,-1,3164,3187,3188,-1,3164,3188,3165,-1,3165,3188,3189,-1,3165,3189,3166,-1,3166,3189,3190,-1,3166,3190,3167,-1,3167,3190,3191,-1,3167,3191,3168,-1,3168,3191,3192,-1,3168,3192,3169,-1,3169,3192,3193,-1,3169,3193,3170,-1,3170,3193,3194,-1,3170,3194,3171,-1,3171,3194,3195,-1,3171,3195,3172,-1,3172,3195,3196,-1,3172,3196,3173,-1,3173,3196,3197,-1,3173,3197,3174,-1,3174,3197,3198,-1,3174,3198,3175,-1,3175,3198,3199,-1,3175,3199,3176,-1,3176,3199,3200,-1,3176,3200,3177,-1,3177,3200,3201,-1,3177,3201,3178,-1,3178,3201,3202,-1,3178,3202,3155,-1,3155,3202,3179,-1,3179,3203,3180,-1,3180,3203,3204,-1,3180,3204,3181,-1,3181,3204,3205,-1,3181,3205,3182,-1,3182,3205,3206,-1,3182,3206,3183,-1,3183,3206,3207,-1,3183,3207,3184,-1,3184,3207,3208,-1,3184,3208,3185,-1,3185,3208,3209,-1,3185,3209,3186,-1,3186,3209,3210,-1,3186,3210,3187,-1,3187,3210,3211,-1,3187,3211,3188,-1,3188,3211,3212,-1,3188,3212,3189,-1,3189,3212,3213,-1,3189,3213,3190,-1,3190,3213,3214,-1,3190,3214,3191,-1,3191,3214,3215,-1,3191,3215,3192,-1,3192,3215,3216,-1,3192,3216,3193,-1,3193,3216,3217,-1,3193,3217,3194,-1,3194,3217,3218,-1,3194,3218,3195,-1,3195,3218,3219,-1,3195,3219,3196,-1,3196,3219,3220,-1,3196,3220,3197,-1,3197,3220,3221,-1,3197,3221,3198,-1,3198,3221,3222,-1,3198,3222,3199,-1,3199,3222,3223,-1,3199,3223,3200,-1,3200,3223,3224,-1,3200,3224,3201,-1,3201,3224,3225,-1,3201,3225,3202,-1,3202,3225,3226,-1,3202,3226,3179,-1,3179,3226,3203,-1,3203,3227,3204,-1,3204,3227,3228,-1,3204,3228,3205,-1,3205,3228,3229,-1,3205,3229,3206,-1,3206,3229,3230,-1,3206,3230,3207,-1,3207,3230,3231,-1,3207,3231,3208,-1,3208,3231,3232,-1,3208,3232,3209,-1,3209,3232,3233,-1,3209,3233,3210,-1,3210,3233,3234,-1,3210,3234,3211,-1,3211,3234,3235,-1,3211,3235,3212,-1,3212,3235,3236,-1,3212,3236,3213,-1,3213,3236,3237,-1,3213,3237,3214,-1,3214,3237,3238,-1,3214,3238,3215,-1,3215,3238,3239,-1,3215,3239,3216,-1,3216,3239,3240,-1,3216,3240,3217,-1,3217,3240,3241,-1,3217,3241,3218,-1,3218,3241,3242,-1,3218,3242,3219,-1,3219,3242,3243,-1,3219,3243,3220,-1,3220,3243,3244,-1,3220,3244,3221,-1,3221,3244,3245,-1,3221,3245,3222,-1,3222,3245,3246,-1,3222,3246,3223,-1,3223,3246,3247,-1,3223,3247,3224,-1,3224,3247,3248,-1,3224,3248,3225,-1,3225,3248,3249,-1,3225,3249,3226,-1,3226,3249,3250,-1,3226,3250,3203,-1,3203,3250,3227,-1,3227,3251,3228,-1,3228,3251,3252,-1,3228,3252,3229,-1,3229,3252,3253,-1,3229,3253,3230,-1,3230,3253,3254,-1,3230,3254,3231,-1,3231,3254,3255,-1,3231,3255,3232,-1,3232,3255,3256,-1,3232,3256,3233,-1,3233,3256,3257,-1,3233,3257,3234,-1,3234,3257,3258,-1,3234,3258,3235,-1,3235,3258,3259,-1,3235,3259,3236,-1,3236,3259,3260,-1,3236,3260,3237,-1,3237,3260,3261,-1,3237,3261,3238,-1,3238,3261,3262,-1,3238,3262,3239,-1,3239,3262,3263,-1,3239,3263,3240,-1,3240,3263,3264,-1,3240,3264,3241,-1,3241,3264,3265,-1,3241,3265,3242,-1,3242,3265,3266,-1,3242,3266,3243,-1,3243,3266,3267,-1,3243,3267,3244,-1,3244,3267,3268,-1,3244,3268,3245,-1,3245,3268,3269,-1,3245,3269,3246,-1,3246,3269,3270,-1,3246,3270,3247,-1,3247,3270,3271,-1,3247,3271,3248,-1,3248,3271,3272,-1,3248,3272,3249,-1,3249,3272,3273,-1,3249,3273,3250,-1,3250,3273,3274,-1,3250,3274,3227,-1,3227,3274,3251,-1,2914,3274,2912,-1,2912,3274,3273,-1,2912,3273,2910,-1,2910,3273,3272,-1,2910,3272,2908,-1,2908,3272,3271,-1,2908,3271,2906,-1,2906,3271,3270,-1,2906,3270,2904,-1,2904,3270,3269,-1,2904,3269,2902,-1,2902,3269,3268,-1,2902,3268,2900,-1,2900,3268,3267,-1,2900,3267,2898,-1,2898,3267,3266,-1,2898,3266,2896,-1,2896,3266,3265,-1,2896,3265,2894,-1,2894,3265,3264,-1,2894,3264,2892,-1,2892,3264,3263,-1,2892,3263,2890,-1,2890,3263,3262,-1,2890,3262,2936,-1,2936,3262,3261,-1,2936,3261,2934,-1,2934,3261,3260,-1,2934,3260,2932,-1,2932,3260,3259,-1,2932,3259,2930,-1,2930,3259,3258,-1,2930,3258,2928,-1,2928,3258,3257,-1,2928,3257,2926,-1,2926,3257,3256,-1,2926,3256,2924,-1,2924,3256,3255,-1,2924,3255,2922,-1,2922,3255,3254,-1,2922,3254,2920,-1,2920,3254,3253,-1,2920,3253,2918,-1,2918,3253,3252,-1,2918,3252,2916,-1,2916,3252,3251,-1,2916,3251,2914,-1,2914,3251,3274,-1,3275,3276,3277,-1,3277,3276,3278,-1,3277,3278,3279,-1,3279,3278,3280,-1,3279,3280,3281,-1,3281,3280,3282,-1,3281,3282,3283,-1,3283,3282,3284,-1,3283,3284,3285,-1,3285,3284,3286,-1,3285,3286,3287,-1,3287,3286,3288,-1,3287,3288,3289,-1,3289,3288,3290,-1,3289,3290,3291,-1,3291,3290,3292,-1,3291,3292,3293,-1,3293,3292,3294,-1,3293,3294,3295,-1,3295,3294,3296,-1,3295,3296,3297,-1,3297,3296,3298,-1,3297,3298,3299,-1,3299,3298,3300,-1,3299,3300,3301,-1,3301,3300,3302,-1,3301,3302,3303,-1,3303,3302,3304,-1,3303,3304,3305,-1,3305,3304,3306,-1,3305,3306,3307,-1,3307,3306,3308,-1,3307,3308,3309,-1,3309,3308,3310,-1,3309,3310,3311,-1,3311,3310,3312,-1,3311,3312,3313,-1,3313,3312,3314,-1,3313,3314,3315,-1,3315,3314,3316,-1,3315,3316,3317,-1,3317,3316,3318,-1,3317,3318,3319,-1,3319,3318,3320,-1,3319,3320,3321,-1,3321,3320,3322,-1,3321,3322,3275,-1,3275,3322,3276,-1,3323,3277,3324,-1,3324,3277,3279,-1,3324,3279,3325,-1,3325,3279,3281,-1,3325,3281,3326,-1,3326,3281,3283,-1,3326,3283,3327,-1,3327,3283,3285,-1,3327,3285,3328,-1,3328,3285,3287,-1,3328,3287,3329,-1,3329,3287,3289,-1,3329,3289,3330,-1,3330,3289,3291,-1,3330,3291,3331,-1,3331,3291,3293,-1,3331,3293,3332,-1,3332,3293,3295,-1,3332,3295,3333,-1,3333,3295,3297,-1,3333,3297,3334,-1,3334,3297,3299,-1,3334,3299,3335,-1,3335,3299,3301,-1,3335,3301,3336,-1,3336,3301,3303,-1,3336,3303,3337,-1,3337,3303,3305,-1,3337,3305,3338,-1,3338,3305,3307,-1,3338,3307,3339,-1,3339,3307,3309,-1,3339,3309,3340,-1,3340,3309,3311,-1,3340,3311,3341,-1,3341,3311,3313,-1,3341,3313,3342,-1,3342,3313,3315,-1,3342,3315,3343,-1,3343,3315,3317,-1,3343,3317,3344,-1,3344,3317,3319,-1,3344,3319,3345,-1,3345,3319,3321,-1,3345,3321,3346,-1,3346,3321,3275,-1,3346,3275,3323,-1,3323,3275,3277,-1,3076,3292,3078,-1,3078,3292,3290,-1,3078,3290,3080,-1,3080,3290,3288,-1,3080,3288,3082,-1,3082,3288,3286,-1,3082,3286,3084,-1,3084,3286,3284,-1,3084,3284,3086,-1,3086,3284,3282,-1,3086,3282,3088,-1,3088,3282,3280,-1,3088,3280,3090,-1,3090,3280,3278,-1,3090,3278,3092,-1,3092,3278,3276,-1,3092,3276,3094,-1,3094,3276,3322,-1,3094,3322,3096,-1,3096,3322,3320,-1,3096,3320,3098,-1,3098,3320,3318,-1,3098,3318,3100,-1,3100,3318,3316,-1,3100,3316,3102,-1,3102,3316,3314,-1,3102,3314,3104,-1,3104,3314,3312,-1,3104,3312,3106,-1,3106,3312,3310,-1,3106,3310,3060,-1,3060,3310,3308,-1,3060,3308,3062,-1,3062,3308,3306,-1,3062,3306,3064,-1,3064,3306,3304,-1,3064,3304,3066,-1,3066,3304,3302,-1,3066,3302,3068,-1,3068,3302,3300,-1,3068,3300,3070,-1,3070,3300,3298,-1,3070,3298,3072,-1,3072,3298,3296,-1,3072,3296,3074,-1,3074,3296,3294,-1,3074,3294,3076,-1,3076,3294,3292,-1,3347,3348,3349,-1,3349,3348,3350,-1,3349,3350,3351,-1,3351,3350,3352,-1,3351,3352,3353,-1,3353,3352,3354,-1,3353,3354,3355,-1,3355,3354,3356,-1,3355,3356,3357,-1,3357,3356,3358,-1,3357,3358,3359,-1,3359,3358,3360,-1,3359,3360,3361,-1,3361,3360,3362,-1,3361,3362,3363,-1,3363,3362,3364,-1,3363,3364,3365,-1,3365,3364,3366,-1,3365,3366,3367,-1,3367,3366,3368,-1,3367,3368,3369,-1,3369,3368,3370,-1,3369,3370,3371,-1,3371,3370,3372,-1,3371,3372,3373,-1,3373,3372,3374,-1,3373,3374,3375,-1,3375,3374,3376,-1,3375,3376,3377,-1,3377,3376,3378,-1,3377,3378,3379,-1,3379,3378,3380,-1,3379,3380,3381,-1,3381,3380,3382,-1,3381,3382,3383,-1,3383,3382,3384,-1,3383,3384,3385,-1,3385,3384,3386,-1,3385,3386,3387,-1,3387,3386,3388,-1,3387,3388,3389,-1,3389,3388,3390,-1,3389,3390,3391,-1,3391,3390,3392,-1,3391,3392,3393,-1,3393,3392,3394,-1,3393,3394,3347,-1,3347,3394,3348,-1,3394,3395,3348,-1,3348,3395,3396,-1,3348,3396,3350,-1,3350,3396,3397,-1,3350,3397,3352,-1,3352,3397,3398,-1,3352,3398,3354,-1,3354,3398,3399,-1,3354,3399,3356,-1,3356,3399,3400,-1,3356,3400,3358,-1,3358,3400,3401,-1,3358,3401,3360,-1,3360,3401,3402,-1,3360,3402,3362,-1,3362,3402,3403,-1,3362,3403,3364,-1,3364,3403,3404,-1,3364,3404,3366,-1,3366,3404,3405,-1,3366,3405,3368,-1,3368,3405,3406,-1,3368,3406,3370,-1,3370,3406,3407,-1,3370,3407,3372,-1,3372,3407,3408,-1,3372,3408,3374,-1,3374,3408,3409,-1,3374,3409,3376,-1,3376,3409,3410,-1,3376,3410,3378,-1,3378,3410,3411,-1,3378,3411,3380,-1,3380,3411,3412,-1,3380,3412,3382,-1,3382,3412,3413,-1,3382,3413,3384,-1,3384,3413,3414,-1,3384,3414,3386,-1,3386,3414,3415,-1,3386,3415,3388,-1,3388,3415,3416,-1,3388,3416,3390,-1,3390,3416,3417,-1,3390,3417,3392,-1,3392,3417,3418,-1,3392,3418,3394,-1,3394,3418,3395,-1,3389,3391,3419,-1,3419,3391,3393,-1,3419,3393,3347,-1,3383,3385,3419,-1,3419,3385,3387,-1,3419,3387,3389,-1,3377,3379,3419,-1,3419,3379,3381,-1,3419,3381,3383,-1,3371,3373,3419,-1,3419,3373,3375,-1,3419,3375,3377,-1,3365,3367,3419,-1,3419,3367,3369,-1,3419,3369,3371,-1,3359,3361,3419,-1,3419,3361,3363,-1,3419,3363,3365,-1,3353,3355,3419,-1,3419,3355,3357,-1,3419,3357,3359,-1,3347,3349,3419,-1,3419,3349,3351,-1,3419,3351,3353,-1,3420,3421,3422,-1,3422,3421,3423,-1,3422,3423,3424,-1,3424,3423,3425,-1,3424,3425,3426,-1,3426,3425,3427,-1,3426,3427,3428,-1,3428,3427,3429,-1,3428,3429,3430,-1,3430,3429,3431,-1,3430,3431,3432,-1,3432,3431,3433,-1,3432,3433,3434,-1,3434,3433,3435,-1,3434,3435,3436,-1,3436,3435,3437,-1,3436,3437,3438,-1,3438,3437,3439,-1,3438,3439,3440,-1,3440,3439,3441,-1,3440,3441,3442,-1,3442,3441,3443,-1,3442,3443,3444,-1,3444,3443,3445,-1,3444,3445,3446,-1,3446,3445,3447,-1,3446,3447,3448,-1,3448,3447,3449,-1,3448,3449,3450,-1,3450,3449,3451,-1,3450,3451,3452,-1,3452,3451,3453,-1,3452,3453,3454,-1,3454,3453,3455,-1,3454,3455,3456,-1,3456,3455,3457,-1,3456,3457,3458,-1,3458,3457,3459,-1,3458,3459,3460,-1,3460,3459,3461,-1,3460,3461,3462,-1,3462,3461,3463,-1,3462,3463,3464,-1,3464,3463,3465,-1,3464,3465,3466,-1,3466,3465,3467,-1,3466,3467,3420,-1,3420,3467,3421,-1,3398,3437,3399,-1,3399,3437,3435,-1,3399,3435,3400,-1,3400,3435,3433,-1,3400,3433,3401,-1,3401,3433,3431,-1,3401,3431,3402,-1,3402,3431,3429,-1,3402,3429,3403,-1,3403,3429,3427,-1,3403,3427,3404,-1,3404,3427,3425,-1,3404,3425,3405,-1,3405,3425,3423,-1,3405,3423,3406,-1,3406,3423,3421,-1,3406,3421,3407,-1,3407,3421,3467,-1,3407,3467,3408,-1,3408,3467,3465,-1,3408,3465,3409,-1,3409,3465,3463,-1,3409,3463,3410,-1,3410,3463,3461,-1,3410,3461,3411,-1,3411,3461,3459,-1,3411,3459,3412,-1,3412,3459,3457,-1,3412,3457,3413,-1,3413,3457,3455,-1,3413,3455,3414,-1,3414,3455,3453,-1,3414,3453,3415,-1,3415,3453,3451,-1,3415,3451,3416,-1,3416,3451,3449,-1,3416,3449,3417,-1,3417,3449,3447,-1,3417,3447,3418,-1,3418,3447,3445,-1,3418,3445,3395,-1,3395,3445,3443,-1,3395,3443,3396,-1,3396,3443,3441,-1,3396,3441,3397,-1,3397,3441,3439,-1,3397,3439,3398,-1,3398,3439,3437,-1,3468,3469,3470,-1,3470,3469,3471,-1,3470,3471,3472,-1,3472,3471,3473,-1,3472,3473,3474,-1,3474,3473,3475,-1,3474,3475,3476,-1,3476,3475,3477,-1,3476,3477,3478,-1,3478,3477,3479,-1,3478,3479,3480,-1,3480,3479,3481,-1,3480,3481,3482,-1,3482,3481,3483,-1,3482,3483,3484,-1,3484,3483,3485,-1,3484,3485,3486,-1,3486,3485,3487,-1,3486,3487,3488,-1,3488,3487,3489,-1,3488,3489,3490,-1,3490,3489,3491,-1,3490,3491,3492,-1,3492,3491,3493,-1,3492,3493,3494,-1,3494,3493,3495,-1,3494,3495,3496,-1,3496,3495,3497,-1,3496,3497,3498,-1,3498,3497,3499,-1,3498,3499,3500,-1,3500,3499,3501,-1,3500,3501,3502,-1,3502,3501,3503,-1,3502,3503,3504,-1,3504,3503,3505,-1,3504,3505,3506,-1,3506,3505,3507,-1,3506,3507,3508,-1,3508,3507,3509,-1,3508,3509,3510,-1,3510,3509,3511,-1,3510,3511,3512,-1,3512,3511,3513,-1,3512,3513,3514,-1,3514,3513,3515,-1,3514,3515,3468,-1,3468,3515,3469,-1,3515,3516,3469,-1,3469,3516,3517,-1,3469,3517,3471,-1,3471,3517,3518,-1,3471,3518,3473,-1,3473,3518,3519,-1,3473,3519,3475,-1,3475,3519,3520,-1,3475,3520,3477,-1,3477,3520,3521,-1,3477,3521,3479,-1,3479,3521,3522,-1,3479,3522,3481,-1,3481,3522,3523,-1,3481,3523,3483,-1,3483,3523,3524,-1,3483,3524,3485,-1,3485,3524,3525,-1,3485,3525,3487,-1,3487,3525,3526,-1,3487,3526,3489,-1,3489,3526,3527,-1,3489,3527,3491,-1,3491,3527,3528,-1,3491,3528,3493,-1,3493,3528,3529,-1,3493,3529,3495,-1,3495,3529,3530,-1,3495,3530,3497,-1,3497,3530,3531,-1,3497,3531,3499,-1,3499,3531,3532,-1,3499,3532,3501,-1,3501,3532,3533,-1,3501,3533,3503,-1,3503,3533,3534,-1,3503,3534,3505,-1,3505,3534,3535,-1,3505,3535,3507,-1,3507,3535,3536,-1,3507,3536,3509,-1,3509,3536,3537,-1,3509,3537,3511,-1,3511,3537,3538,-1,3511,3538,3513,-1,3513,3538,3539,-1,3513,3539,3515,-1,3515,3539,3516,-1,3539,3540,3516,-1,3516,3540,3541,-1,3516,3541,3517,-1,3517,3541,3542,-1,3517,3542,3518,-1,3518,3542,3543,-1,3518,3543,3519,-1,3519,3543,3544,-1,3519,3544,3520,-1,3520,3544,3545,-1,3520,3545,3521,-1,3521,3545,3546,-1,3521,3546,3522,-1,3522,3546,3547,-1,3522,3547,3523,-1,3523,3547,3548,-1,3523,3548,3524,-1,3524,3548,3549,-1,3524,3549,3525,-1,3525,3549,3550,-1,3525,3550,3526,-1,3526,3550,3551,-1,3526,3551,3527,-1,3527,3551,3552,-1,3527,3552,3528,-1,3528,3552,3553,-1,3528,3553,3529,-1,3529,3553,3554,-1,3529,3554,3530,-1,3530,3554,3555,-1,3530,3555,3531,-1,3531,3555,3556,-1,3531,3556,3532,-1,3532,3556,3557,-1,3532,3557,3533,-1,3533,3557,3558,-1,3533,3558,3534,-1,3534,3558,3559,-1,3534,3559,3535,-1,3535,3559,3560,-1,3535,3560,3536,-1,3536,3560,3561,-1,3536,3561,3537,-1,3537,3561,3562,-1,3537,3562,3538,-1,3538,3562,3563,-1,3538,3563,3539,-1,3539,3563,3540,-1,3563,3564,3540,-1,3540,3564,3565,-1,3540,3565,3541,-1,3541,3565,3566,-1,3541,3566,3542,-1,3542,3566,3567,-1,3542,3567,3543,-1,3543,3567,3568,-1,3543,3568,3544,-1,3544,3568,3569,-1,3544,3569,3545,-1,3545,3569,3570,-1,3545,3570,3546,-1,3546,3570,3571,-1,3546,3571,3547,-1,3547,3571,3572,-1,3547,3572,3548,-1,3548,3572,3573,-1,3548,3573,3549,-1,3549,3573,3574,-1,3549,3574,3550,-1,3550,3574,3575,-1,3550,3575,3551,-1,3551,3575,3576,-1,3551,3576,3552,-1,3552,3576,3577,-1,3552,3577,3553,-1,3553,3577,3578,-1,3553,3578,3554,-1,3554,3578,3579,-1,3554,3579,3555,-1,3555,3579,3580,-1,3555,3580,3556,-1,3556,3580,3581,-1,3556,3581,3557,-1,3557,3581,3582,-1,3557,3582,3558,-1,3558,3582,3583,-1,3558,3583,3559,-1,3559,3583,3584,-1,3559,3584,3560,-1,3560,3584,3585,-1,3560,3585,3561,-1,3561,3585,3586,-1,3561,3586,3562,-1,3562,3586,3587,-1,3562,3587,3563,-1,3563,3587,3564,-1,3587,3588,3564,-1,3564,3588,3589,-1,3564,3589,3565,-1,3565,3589,3590,-1,3565,3590,3566,-1,3566,3590,3591,-1,3566,3591,3567,-1,3567,3591,3592,-1,3567,3592,3568,-1,3568,3592,3593,-1,3568,3593,3569,-1,3569,3593,3594,-1,3569,3594,3570,-1,3570,3594,3595,-1,3570,3595,3571,-1,3571,3595,3596,-1,3571,3596,3572,-1,3572,3596,3597,-1,3572,3597,3573,-1,3573,3597,3598,-1,3573,3598,3574,-1,3574,3598,3599,-1,3574,3599,3575,-1,3575,3599,3600,-1,3575,3600,3576,-1,3576,3600,3601,-1,3576,3601,3577,-1,3577,3601,3602,-1,3577,3602,3578,-1,3578,3602,3603,-1,3578,3603,3579,-1,3579,3603,3604,-1,3579,3604,3580,-1,3580,3604,3605,-1,3580,3605,3581,-1,3581,3605,3606,-1,3581,3606,3582,-1,3582,3606,3607,-1,3582,3607,3583,-1,3583,3607,3608,-1,3583,3608,3584,-1,3584,3608,3609,-1,3584,3609,3585,-1,3585,3609,3610,-1,3585,3610,3586,-1,3586,3610,3611,-1,3586,3611,3587,-1,3587,3611,3588,-1,3611,3612,3588,-1,3588,3612,3613,-1,3588,3613,3589,-1,3589,3613,3614,-1,3589,3614,3590,-1,3590,3614,3615,-1,3590,3615,3591,-1,3591,3615,3616,-1,3591,3616,3592,-1,3592,3616,3617,-1,3592,3617,3593,-1,3593,3617,3618,-1,3593,3618,3594,-1,3594,3618,3619,-1,3594,3619,3595,-1,3595,3619,3620,-1,3595,3620,3596,-1,3596,3620,3621,-1,3596,3621,3597,-1,3597,3621,3622,-1,3597,3622,3598,-1,3598,3622,3623,-1,3598,3623,3599,-1,3599,3623,3624,-1,3599,3624,3600,-1,3600,3624,3625,-1,3600,3625,3601,-1,3601,3625,3626,-1,3601,3626,3602,-1,3602,3626,3627,-1,3602,3627,3603,-1,3603,3627,3628,-1,3603,3628,3604,-1,3604,3628,3629,-1,3604,3629,3605,-1,3605,3629,3630,-1,3605,3630,3606,-1,3606,3630,3631,-1,3606,3631,3607,-1,3607,3631,3632,-1,3607,3632,3608,-1,3608,3632,3633,-1,3608,3633,3609,-1,3609,3633,3634,-1,3609,3634,3610,-1,3610,3634,3635,-1,3610,3635,3611,-1,3611,3635,3612,-1,3613,3612,3636,-1,3636,3612,3635,-1,3636,3635,3634,-1,3616,3615,3636,-1,3636,3615,3614,-1,3636,3614,3613,-1,3619,3618,3636,-1,3636,3618,3617,-1,3636,3617,3616,-1,3622,3621,3636,-1,3636,3621,3620,-1,3636,3620,3619,-1,3625,3624,3636,-1,3636,3624,3623,-1,3636,3623,3622,-1,3628,3627,3636,-1,3636,3627,3626,-1,3636,3626,3625,-1,3631,3630,3636,-1,3636,3630,3629,-1,3636,3629,3628,-1,3634,3633,3636,-1,3636,3633,3632,-1,3636,3632,3631,-1,3637,3638,3639,-1,3639,3638,3640,-1,3639,3640,3641,-1,3641,3640,3642,-1,3641,3642,3643,-1,3643,3642,3644,-1,3643,3644,3645,-1,3645,3644,3646,-1,3645,3646,3647,-1,3647,3646,3648,-1,3647,3648,3649,-1,3649,3648,3650,-1,3649,3650,3651,-1,3651,3650,3652,-1,3651,3652,3653,-1,3653,3652,3654,-1,3653,3654,3655,-1,3655,3654,3656,-1,3655,3656,3657,-1,3657,3656,3658,-1,3657,3658,3659,-1,3659,3658,3660,-1,3659,3660,3661,-1,3661,3660,3662,-1,3661,3662,3663,-1,3663,3662,3664,-1,3663,3664,3665,-1,3665,3664,3666,-1,3665,3666,3667,-1,3667,3666,3668,-1,3667,3668,3669,-1,3669,3668,3670,-1,3669,3670,3671,-1,3671,3670,3672,-1,3671,3672,3673,-1,3673,3672,3674,-1,3673,3674,3675,-1,3675,3674,3676,-1,3675,3676,3677,-1,3677,3676,3678,-1,3677,3678,3679,-1,3679,3678,3680,-1,3679,3680,3681,-1,3681,3680,3682,-1,3681,3682,3683,-1,3683,3682,3684,-1,3683,3684,3637,-1,3637,3684,3638,-1,3637,3685,3683,-1,3683,3685,3686,-1,3683,3686,3681,-1,3681,3686,3687,-1,3681,3687,3679,-1,3679,3687,3688,-1,3679,3688,3677,-1,3677,3688,3689,-1,3677,3689,3675,-1,3675,3689,3690,-1,3675,3690,3673,-1,3673,3690,3691,-1,3673,3691,3671,-1,3671,3691,3692,-1,3671,3692,3669,-1,3669,3692,3693,-1,3669,3693,3667,-1,3667,3693,3694,-1,3667,3694,3665,-1,3665,3694,3695,-1,3665,3695,3663,-1,3663,3695,3696,-1,3663,3696,3661,-1,3661,3696,3697,-1,3661,3697,3659,-1,3659,3697,3698,-1,3659,3698,3657,-1,3657,3698,3699,-1,3657,3699,3655,-1,3655,3699,3700,-1,3655,3700,3653,-1,3653,3700,3701,-1,3653,3701,3651,-1,3651,3701,3702,-1,3651,3702,3649,-1,3649,3702,3703,-1,3649,3703,3647,-1,3647,3703,3704,-1,3647,3704,3645,-1,3645,3704,3705,-1,3645,3705,3643,-1,3643,3705,3706,-1,3643,3706,3641,-1,3641,3706,3707,-1,3641,3707,3639,-1,3639,3707,3708,-1,3639,3708,3637,-1,3637,3708,3685,-1,3685,3709,3686,-1,3686,3709,3710,-1,3686,3710,3687,-1,3687,3710,3711,-1,3687,3711,3688,-1,3688,3711,3712,-1,3688,3712,3689,-1,3689,3712,3713,-1,3689,3713,3690,-1,3690,3713,3714,-1,3690,3714,3691,-1,3691,3714,3715,-1,3691,3715,3692,-1,3692,3715,3716,-1,3692,3716,3693,-1,3693,3716,3717,-1,3693,3717,3694,-1,3694,3717,3718,-1,3694,3718,3695,-1,3695,3718,3719,-1,3695,3719,3696,-1,3696,3719,3720,-1,3696,3720,3697,-1,3697,3720,3721,-1,3697,3721,3698,-1,3698,3721,3722,-1,3698,3722,3699,-1,3699,3722,3723,-1,3699,3723,3700,-1,3700,3723,3724,-1,3700,3724,3701,-1,3701,3724,3725,-1,3701,3725,3702,-1,3702,3725,3726,-1,3702,3726,3703,-1,3703,3726,3727,-1,3703,3727,3704,-1,3704,3727,3728,-1,3704,3728,3705,-1,3705,3728,3729,-1,3705,3729,3706,-1,3706,3729,3730,-1,3706,3730,3707,-1,3707,3730,3731,-1,3707,3731,3708,-1,3708,3731,3732,-1,3708,3732,3685,-1,3685,3732,3709,-1,3709,3733,3710,-1,3710,3733,3734,-1,3710,3734,3711,-1,3711,3734,3735,-1,3711,3735,3712,-1,3712,3735,3736,-1,3712,3736,3713,-1,3713,3736,3737,-1,3713,3737,3714,-1,3714,3737,3738,-1,3714,3738,3715,-1,3715,3738,3739,-1,3715,3739,3716,-1,3716,3739,3740,-1,3716,3740,3717,-1,3717,3740,3741,-1,3717,3741,3718,-1,3718,3741,3742,-1,3718,3742,3719,-1,3719,3742,3743,-1,3719,3743,3720,-1,3720,3743,3744,-1,3720,3744,3721,-1,3721,3744,3745,-1,3721,3745,3722,-1,3722,3745,3746,-1,3722,3746,3723,-1,3723,3746,3747,-1,3723,3747,3724,-1,3724,3747,3748,-1,3724,3748,3725,-1,3725,3748,3749,-1,3725,3749,3726,-1,3726,3749,3750,-1,3726,3750,3727,-1,3727,3750,3751,-1,3727,3751,3728,-1,3728,3751,3752,-1,3728,3752,3729,-1,3729,3752,3753,-1,3729,3753,3730,-1,3730,3753,3754,-1,3730,3754,3731,-1,3731,3754,3755,-1,3731,3755,3732,-1,3732,3755,3756,-1,3732,3756,3709,-1,3709,3756,3733,-1,3733,3757,3734,-1,3734,3757,3758,-1,3734,3758,3735,-1,3735,3758,3759,-1,3735,3759,3736,-1,3736,3759,3760,-1,3736,3760,3737,-1,3737,3760,3761,-1,3737,3761,3738,-1,3738,3761,3762,-1,3738,3762,3739,-1,3739,3762,3763,-1,3739,3763,3740,-1,3740,3763,3764,-1,3740,3764,3741,-1,3741,3764,3765,-1,3741,3765,3742,-1,3742,3765,3766,-1,3742,3766,3743,-1,3743,3766,3767,-1,3743,3767,3744,-1,3744,3767,3768,-1,3744,3768,3745,-1,3745,3768,3769,-1,3745,3769,3746,-1,3746,3769,3770,-1,3746,3770,3747,-1,3747,3770,3771,-1,3747,3771,3748,-1,3748,3771,3772,-1,3748,3772,3749,-1,3749,3772,3773,-1,3749,3773,3750,-1,3750,3773,3774,-1,3750,3774,3751,-1,3751,3774,3775,-1,3751,3775,3752,-1,3752,3775,3776,-1,3752,3776,3753,-1,3753,3776,3777,-1,3753,3777,3754,-1,3754,3777,3778,-1,3754,3778,3755,-1,3755,3778,3779,-1,3755,3779,3756,-1,3756,3779,3780,-1,3756,3780,3733,-1,3733,3780,3757,-1,3757,3781,3758,-1,3758,3781,3782,-1,3758,3782,3759,-1,3759,3782,3783,-1,3759,3783,3760,-1,3760,3783,3784,-1,3760,3784,3761,-1,3761,3784,3785,-1,3761,3785,3762,-1,3762,3785,3786,-1,3762,3786,3763,-1,3763,3786,3787,-1,3763,3787,3764,-1,3764,3787,3788,-1,3764,3788,3765,-1,3765,3788,3789,-1,3765,3789,3766,-1,3766,3789,3790,-1,3766,3790,3767,-1,3767,3790,3791,-1,3767,3791,3768,-1,3768,3791,3792,-1,3768,3792,3769,-1,3769,3792,3793,-1,3769,3793,3770,-1,3770,3793,3794,-1,3770,3794,3771,-1,3771,3794,3795,-1,3771,3795,3772,-1,3772,3795,3796,-1,3772,3796,3773,-1,3773,3796,3797,-1,3773,3797,3774,-1,3774,3797,3798,-1,3774,3798,3775,-1,3775,3798,3799,-1,3775,3799,3776,-1,3776,3799,3800,-1,3776,3800,3777,-1,3777,3800,3801,-1,3777,3801,3778,-1,3778,3801,3802,-1,3778,3802,3779,-1,3779,3802,3803,-1,3779,3803,3780,-1,3780,3803,3804,-1,3780,3804,3757,-1,3757,3804,3781,-1,3781,3805,3782,-1,3782,3805,3806,-1,3782,3806,3783,-1,3783,3806,3807,-1,3783,3807,3784,-1,3784,3807,3808,-1,3784,3808,3785,-1,3785,3808,3809,-1,3785,3809,3786,-1,3786,3809,3810,-1,3786,3810,3787,-1,3787,3810,3811,-1,3787,3811,3788,-1,3788,3811,3812,-1,3788,3812,3789,-1,3789,3812,3813,-1,3789,3813,3790,-1,3790,3813,3814,-1,3790,3814,3791,-1,3791,3814,3815,-1,3791,3815,3792,-1,3792,3815,3816,-1,3792,3816,3793,-1,3793,3816,3817,-1,3793,3817,3794,-1,3794,3817,3818,-1,3794,3818,3795,-1,3795,3818,3819,-1,3795,3819,3796,-1,3796,3819,3820,-1,3796,3820,3797,-1,3797,3820,3821,-1,3797,3821,3798,-1,3798,3821,3822,-1,3798,3822,3799,-1,3799,3822,3823,-1,3799,3823,3800,-1,3800,3823,3824,-1,3800,3824,3801,-1,3801,3824,3825,-1,3801,3825,3802,-1,3802,3825,3826,-1,3802,3826,3803,-1,3803,3826,3827,-1,3803,3827,3804,-1,3804,3827,3828,-1,3804,3828,3781,-1,3781,3828,3805,-1,3805,3829,3806,-1,3806,3829,3830,-1,3806,3830,3807,-1,3807,3830,3831,-1,3807,3831,3808,-1,3808,3831,3832,-1,3808,3832,3809,-1,3809,3832,3833,-1,3809,3833,3810,-1,3810,3833,3834,-1,3810,3834,3811,-1,3811,3834,3835,-1,3811,3835,3812,-1,3812,3835,3836,-1,3812,3836,3813,-1,3813,3836,3837,-1,3813,3837,3814,-1,3814,3837,3838,-1,3814,3838,3815,-1,3815,3838,3839,-1,3815,3839,3816,-1,3816,3839,3840,-1,3816,3840,3817,-1,3817,3840,3841,-1,3817,3841,3818,-1,3818,3841,3842,-1,3818,3842,3819,-1,3819,3842,3843,-1,3819,3843,3820,-1,3820,3843,3844,-1,3820,3844,3821,-1,3821,3844,3845,-1,3821,3845,3822,-1,3822,3845,3846,-1,3822,3846,3823,-1,3823,3846,3847,-1,3823,3847,3824,-1,3824,3847,3848,-1,3824,3848,3825,-1,3825,3848,3849,-1,3825,3849,3826,-1,3826,3849,3850,-1,3826,3850,3827,-1,3827,3850,3851,-1,3827,3851,3828,-1,3828,3851,3852,-1,3828,3852,3805,-1,3805,3852,3829,-1,3492,3852,3490,-1,3490,3852,3851,-1,3490,3851,3488,-1,3488,3851,3850,-1,3488,3850,3486,-1,3486,3850,3849,-1,3486,3849,3484,-1,3484,3849,3848,-1,3484,3848,3482,-1,3482,3848,3847,-1,3482,3847,3480,-1,3480,3847,3846,-1,3480,3846,3478,-1,3478,3846,3845,-1,3478,3845,3476,-1,3476,3845,3844,-1,3476,3844,3474,-1,3474,3844,3843,-1,3474,3843,3472,-1,3472,3843,3842,-1,3472,3842,3470,-1,3470,3842,3841,-1,3470,3841,3468,-1,3468,3841,3840,-1,3468,3840,3514,-1,3514,3840,3839,-1,3514,3839,3512,-1,3512,3839,3838,-1,3512,3838,3510,-1,3510,3838,3837,-1,3510,3837,3508,-1,3508,3837,3836,-1,3508,3836,3506,-1,3506,3836,3835,-1,3506,3835,3504,-1,3504,3835,3834,-1,3504,3834,3502,-1,3502,3834,3833,-1,3502,3833,3500,-1,3500,3833,3832,-1,3500,3832,3498,-1,3498,3832,3831,-1,3498,3831,3496,-1,3496,3831,3830,-1,3496,3830,3494,-1,3494,3830,3829,-1,3494,3829,3492,-1,3492,3829,3852,-1,3853,3854,3855,-1,3855,3854,3856,-1,3855,3856,3857,-1,3857,3856,3858,-1,3857,3858,3859,-1,3859,3858,3860,-1,3859,3860,3861,-1,3861,3860,3862,-1,3861,3862,3863,-1,3863,3862,3864,-1,3863,3864,3865,-1,3865,3864,3866,-1,3865,3866,3867,-1,3867,3866,3868,-1,3867,3868,3869,-1,3869,3868,3870,-1,3869,3870,3871,-1,3871,3870,3872,-1,3871,3872,3873,-1,3873,3872,3874,-1,3873,3874,3875,-1,3875,3874,3876,-1,3875,3876,3877,-1,3877,3876,3878,-1,3877,3878,3879,-1,3879,3878,3880,-1,3879,3880,3881,-1,3881,3880,3882,-1,3881,3882,3883,-1,3883,3882,3884,-1,3883,3884,3885,-1,3885,3884,3886,-1,3885,3886,3887,-1,3887,3886,3888,-1,3887,3888,3889,-1,3889,3888,3890,-1,3889,3890,3891,-1,3891,3890,3892,-1,3891,3892,3893,-1,3893,3892,3894,-1,3893,3894,3895,-1,3895,3894,3896,-1,3895,3896,3897,-1,3897,3896,3898,-1,3897,3898,3899,-1,3899,3898,3900,-1,3899,3900,3853,-1,3853,3900,3854,-1,3901,3855,3902,-1,3902,3855,3857,-1,3902,3857,3903,-1,3903,3857,3859,-1,3903,3859,3904,-1,3904,3859,3861,-1,3904,3861,3905,-1,3905,3861,3863,-1,3905,3863,3906,-1,3906,3863,3865,-1,3906,3865,3907,-1,3907,3865,3867,-1,3907,3867,3908,-1,3908,3867,3869,-1,3908,3869,3909,-1,3909,3869,3871,-1,3909,3871,3910,-1,3910,3871,3873,-1,3910,3873,3911,-1,3911,3873,3875,-1,3911,3875,3912,-1,3912,3875,3877,-1,3912,3877,3913,-1,3913,3877,3879,-1,3913,3879,3914,-1,3914,3879,3881,-1,3914,3881,3915,-1,3915,3881,3883,-1,3915,3883,3916,-1,3916,3883,3885,-1,3916,3885,3917,-1,3917,3885,3887,-1,3917,3887,3918,-1,3918,3887,3889,-1,3918,3889,3919,-1,3919,3889,3891,-1,3919,3891,3920,-1,3920,3891,3893,-1,3920,3893,3921,-1,3921,3893,3895,-1,3921,3895,3922,-1,3922,3895,3897,-1,3922,3897,3923,-1,3923,3897,3899,-1,3923,3899,3924,-1,3924,3899,3853,-1,3924,3853,3901,-1,3901,3853,3855,-1,3664,3860,3666,-1,3666,3860,3858,-1,3666,3858,3668,-1,3668,3858,3856,-1,3668,3856,3670,-1,3670,3856,3854,-1,3670,3854,3672,-1,3672,3854,3900,-1,3672,3900,3674,-1,3674,3900,3898,-1,3674,3898,3676,-1,3676,3898,3896,-1,3676,3896,3678,-1,3678,3896,3894,-1,3678,3894,3680,-1,3680,3894,3892,-1,3680,3892,3682,-1,3682,3892,3890,-1,3682,3890,3684,-1,3684,3890,3888,-1,3684,3888,3638,-1,3638,3888,3886,-1,3638,3886,3640,-1,3640,3886,3884,-1,3640,3884,3642,-1,3642,3884,3882,-1,3642,3882,3644,-1,3644,3882,3880,-1,3644,3880,3646,-1,3646,3880,3878,-1,3646,3878,3648,-1,3648,3878,3876,-1,3648,3876,3650,-1,3650,3876,3874,-1,3650,3874,3652,-1,3652,3874,3872,-1,3652,3872,3654,-1,3654,3872,3870,-1,3654,3870,3656,-1,3656,3870,3868,-1,3656,3868,3658,-1,3658,3868,3866,-1,3658,3866,3660,-1,3660,3866,3864,-1,3660,3864,3662,-1,3662,3864,3862,-1,3662,3862,3664,-1,3664,3862,3860,-1,3925,3926,3927,-1,3927,3926,3928,-1,3927,3928,3929,-1,3929,3928,3930,-1,3929,3930,3931,-1,3931,3930,3932,-1,3931,3932,3933,-1,3933,3932,3934,-1,3933,3934,3935,-1,3935,3934,3936,-1,3935,3936,3937,-1,3937,3936,3938,-1,3937,3938,3939,-1,3939,3938,3940,-1,3939,3940,3941,-1,3941,3940,3942,-1,3941,3942,3943,-1,3943,3942,3944,-1,3943,3944,3945,-1,3945,3944,3946,-1,3945,3946,3947,-1,3947,3946,3948,-1,3947,3948,3949,-1,3949,3948,3950,-1,3949,3950,3951,-1,3951,3950,3952,-1,3951,3952,3953,-1,3953,3952,3954,-1,3953,3954,3955,-1,3955,3954,3956,-1,3955,3956,3957,-1,3957,3956,3958,-1,3957,3958,3959,-1,3959,3958,3960,-1,3959,3960,3961,-1,3961,3960,3962,-1,3961,3962,3963,-1,3963,3962,3964,-1,3963,3964,3965,-1,3965,3964,3966,-1,3965,3966,3967,-1,3967,3966,3968,-1,3967,3968,3969,-1,3969,3968,3970,-1,3969,3970,3971,-1,3971,3970,3972,-1,3971,3972,3925,-1,3925,3972,3926,-1,3972,3973,3926,-1,3926,3973,3974,-1,3926,3974,3928,-1,3928,3974,3975,-1,3928,3975,3930,-1,3930,3975,3976,-1,3930,3976,3932,-1,3932,3976,3977,-1,3932,3977,3934,-1,3934,3977,3978,-1,3934,3978,3936,-1,3936,3978,3979,-1,3936,3979,3938,-1,3938,3979,3980,-1,3938,3980,3940,-1,3940,3980,3981,-1,3940,3981,3942,-1,3942,3981,3982,-1,3942,3982,3944,-1,3944,3982,3983,-1,3944,3983,3946,-1,3946,3983,3984,-1,3946,3984,3948,-1,3948,3984,3985,-1,3948,3985,3950,-1,3950,3985,3986,-1,3950,3986,3952,-1,3952,3986,3987,-1,3952,3987,3954,-1,3954,3987,3988,-1,3954,3988,3956,-1,3956,3988,3989,-1,3956,3989,3958,-1,3958,3989,3990,-1,3958,3990,3960,-1,3960,3990,3991,-1,3960,3991,3962,-1,3962,3991,3992,-1,3962,3992,3964,-1,3964,3992,3993,-1,3964,3993,3966,-1,3966,3993,3994,-1,3966,3994,3968,-1,3968,3994,3995,-1,3968,3995,3970,-1,3970,3995,3996,-1,3970,3996,3972,-1,3972,3996,3973,-1,3967,3969,3997,-1,3997,3969,3971,-1,3997,3971,3925,-1,3961,3963,3997,-1,3997,3963,3965,-1,3997,3965,3967,-1,3955,3957,3997,-1,3997,3957,3959,-1,3997,3959,3961,-1,3949,3951,3997,-1,3997,3951,3953,-1,3997,3953,3955,-1,3943,3945,3997,-1,3997,3945,3947,-1,3997,3947,3949,-1,3937,3939,3997,-1,3997,3939,3941,-1,3997,3941,3943,-1,3931,3933,3997,-1,3997,3933,3935,-1,3997,3935,3937,-1,3925,3927,3997,-1,3997,3927,3929,-1,3997,3929,3931,-1,3998,3999,4000,-1,4000,3999,4001,-1,4000,4001,4002,-1,4002,4001,4003,-1,4002,4003,4004,-1,4004,4003,4005,-1,4004,4005,4006,-1,4006,4005,4007,-1,4006,4007,4008,-1,4008,4007,4009,-1,4008,4009,4010,-1,4010,4009,4011,-1,4010,4011,4012,-1,4012,4011,4013,-1,4012,4013,4014,-1,4014,4013,4015,-1,4014,4015,4016,-1,4016,4015,4017,-1,4016,4017,4018,-1,4018,4017,4019,-1,4018,4019,4020,-1,4020,4019,4021,-1,4020,4021,4022,-1,4022,4021,4023,-1,4022,4023,4024,-1,4024,4023,4025,-1,4024,4025,4026,-1,4026,4025,4027,-1,4026,4027,4028,-1,4028,4027,4029,-1,4028,4029,4030,-1,4030,4029,4031,-1,4030,4031,4032,-1,4032,4031,4033,-1,4032,4033,4034,-1,4034,4033,4035,-1,4034,4035,4036,-1,4036,4035,4037,-1,4036,4037,4038,-1,4038,4037,4039,-1,4038,4039,4040,-1,4040,4039,4041,-1,4040,4041,4042,-1,4042,4041,4043,-1,4042,4043,4044,-1,4044,4043,4045,-1,4044,4045,3998,-1,3998,4045,3999,-1,3980,4007,3981,-1,3981,4007,4005,-1,3981,4005,3982,-1,3982,4005,4003,-1,3982,4003,3983,-1,3983,4003,4001,-1,3983,4001,3984,-1,3984,4001,3999,-1,3984,3999,3985,-1,3985,3999,4045,-1,3985,4045,3986,-1,3986,4045,4043,-1,3986,4043,3987,-1,3987,4043,4041,-1,3987,4041,3988,-1,3988,4041,4039,-1,3988,4039,3989,-1,3989,4039,4037,-1,3989,4037,3990,-1,3990,4037,4035,-1,3990,4035,3991,-1,3991,4035,4033,-1,3991,4033,3992,-1,3992,4033,4031,-1,3992,4031,3993,-1,3993,4031,4029,-1,3993,4029,3994,-1,3994,4029,4027,-1,3994,4027,3995,-1,3995,4027,4025,-1,3995,4025,3996,-1,3996,4025,4023,-1,3996,4023,3973,-1,3973,4023,4021,-1,3973,4021,3974,-1,3974,4021,4019,-1,3974,4019,3975,-1,3975,4019,4017,-1,3975,4017,3976,-1,3976,4017,4015,-1,3976,4015,3977,-1,3977,4015,4013,-1,3977,4013,3978,-1,3978,4013,4011,-1,3978,4011,3979,-1,3979,4011,4009,-1,3979,4009,3980,-1,3980,4009,4007,-1,4046,4047,4048,-1,4048,4047,4049,-1,4048,4049,4050,-1,4050,4049,4051,-1,4050,4051,4052,-1,4052,4051,4053,-1,4052,4053,4054,-1,4054,4053,4055,-1,4054,4055,4056,-1,4056,4055,4057,-1,4056,4057,4058,-1,4058,4057,4059,-1,4058,4059,4060,-1,4060,4059,4061,-1,4060,4061,4062,-1,4062,4061,4063,-1,4062,4063,4064,-1,4064,4063,4065,-1,4064,4065,4066,-1,4066,4065,4067,-1,4066,4067,4068,-1,4068,4067,4069,-1,4068,4069,4070,-1,4070,4069,4071,-1,4070,4071,4072,-1,4072,4071,4073,-1,4072,4073,4074,-1,4074,4073,4075,-1,4074,4075,4076,-1,4076,4075,4077,-1,4076,4077,4078,-1,4078,4077,4079,-1,4078,4079,4080,-1,4080,4079,4081,-1,4080,4081,4082,-1,4082,4081,4083,-1,4082,4083,4084,-1,4084,4083,4085,-1,4084,4085,4086,-1,4086,4085,4087,-1,4086,4087,4088,-1,4088,4087,4089,-1,4088,4089,4090,-1,4090,4089,4091,-1,4090,4091,4092,-1,4092,4091,4093,-1,4092,4093,4046,-1,4046,4093,4047,-1,4093,4094,4047,-1,4047,4094,4095,-1,4047,4095,4049,-1,4049,4095,4096,-1,4049,4096,4051,-1,4051,4096,4097,-1,4051,4097,4053,-1,4053,4097,4098,-1,4053,4098,4055,-1,4055,4098,4099,-1,4055,4099,4057,-1,4057,4099,4100,-1,4057,4100,4059,-1,4059,4100,4101,-1,4059,4101,4061,-1,4061,4101,4102,-1,4061,4102,4063,-1,4063,4102,4103,-1,4063,4103,4065,-1,4065,4103,4104,-1,4065,4104,4067,-1,4067,4104,4105,-1,4067,4105,4069,-1,4069,4105,4106,-1,4069,4106,4071,-1,4071,4106,4107,-1,4071,4107,4073,-1,4073,4107,4108,-1,4073,4108,4075,-1,4075,4108,4109,-1,4075,4109,4077,-1,4077,4109,4110,-1,4077,4110,4079,-1,4079,4110,4111,-1,4079,4111,4081,-1,4081,4111,4112,-1,4081,4112,4083,-1,4083,4112,4113,-1,4083,4113,4085,-1,4085,4113,4114,-1,4085,4114,4087,-1,4087,4114,4115,-1,4087,4115,4089,-1,4089,4115,4116,-1,4089,4116,4091,-1,4091,4116,4117,-1,4091,4117,4093,-1,4093,4117,4094,-1,4117,4118,4094,-1,4094,4118,4119,-1,4094,4119,4095,-1,4095,4119,4120,-1,4095,4120,4096,-1,4096,4120,4121,-1,4096,4121,4097,-1,4097,4121,4122,-1,4097,4122,4098,-1,4098,4122,4123,-1,4098,4123,4099,-1,4099,4123,4124,-1,4099,4124,4100,-1,4100,4124,4125,-1,4100,4125,4101,-1,4101,4125,4126,-1,4101,4126,4102,-1,4102,4126,4127,-1,4102,4127,4103,-1,4103,4127,4128,-1,4103,4128,4104,-1,4104,4128,4129,-1,4104,4129,4105,-1,4105,4129,4130,-1,4105,4130,4106,-1,4106,4130,4131,-1,4106,4131,4107,-1,4107,4131,4132,-1,4107,4132,4108,-1,4108,4132,4133,-1,4108,4133,4109,-1,4109,4133,4134,-1,4109,4134,4110,-1,4110,4134,4135,-1,4110,4135,4111,-1,4111,4135,4136,-1,4111,4136,4112,-1,4112,4136,4137,-1,4112,4137,4113,-1,4113,4137,4138,-1,4113,4138,4114,-1,4114,4138,4139,-1,4114,4139,4115,-1,4115,4139,4140,-1,4115,4140,4116,-1,4116,4140,4141,-1,4116,4141,4117,-1,4117,4141,4118,-1,4141,4142,4118,-1,4118,4142,4143,-1,4118,4143,4119,-1,4119,4143,4144,-1,4119,4144,4120,-1,4120,4144,4145,-1,4120,4145,4121,-1,4121,4145,4146,-1,4121,4146,4122,-1,4122,4146,4147,-1,4122,4147,4123,-1,4123,4147,4148,-1,4123,4148,4124,-1,4124,4148,4149,-1,4124,4149,4125,-1,4125,4149,4150,-1,4125,4150,4126,-1,4126,4150,4151,-1,4126,4151,4127,-1,4127,4151,4152,-1,4127,4152,4128,-1,4128,4152,4153,-1,4128,4153,4129,-1,4129,4153,4154,-1,4129,4154,4130,-1,4130,4154,4155,-1,4130,4155,4131,-1,4131,4155,4156,-1,4131,4156,4132,-1,4132,4156,4157,-1,4132,4157,4133,-1,4133,4157,4158,-1,4133,4158,4134,-1,4134,4158,4159,-1,4134,4159,4135,-1,4135,4159,4160,-1,4135,4160,4136,-1,4136,4160,4161,-1,4136,4161,4137,-1,4137,4161,4162,-1,4137,4162,4138,-1,4138,4162,4163,-1,4138,4163,4139,-1,4139,4163,4164,-1,4139,4164,4140,-1,4140,4164,4165,-1,4140,4165,4141,-1,4141,4165,4142,-1,4165,4166,4142,-1,4142,4166,4167,-1,4142,4167,4143,-1,4143,4167,4168,-1,4143,4168,4144,-1,4144,4168,4169,-1,4144,4169,4145,-1,4145,4169,4170,-1,4145,4170,4146,-1,4146,4170,4171,-1,4146,4171,4147,-1,4147,4171,4172,-1,4147,4172,4148,-1,4148,4172,4173,-1,4148,4173,4149,-1,4149,4173,4174,-1,4149,4174,4150,-1,4150,4174,4175,-1,4150,4175,4151,-1,4151,4175,4176,-1,4151,4176,4152,-1,4152,4176,4177,-1,4152,4177,4153,-1,4153,4177,4178,-1,4153,4178,4154,-1,4154,4178,4179,-1,4154,4179,4155,-1,4155,4179,4180,-1,4155,4180,4156,-1,4156,4180,4181,-1,4156,4181,4157,-1,4157,4181,4182,-1,4157,4182,4158,-1,4158,4182,4183,-1,4158,4183,4159,-1,4159,4183,4184,-1,4159,4184,4160,-1,4160,4184,4185,-1,4160,4185,4161,-1,4161,4185,4186,-1,4161,4186,4162,-1,4162,4186,4187,-1,4162,4187,4163,-1,4163,4187,4188,-1,4163,4188,4164,-1,4164,4188,4189,-1,4164,4189,4165,-1,4165,4189,4166,-1,4189,4190,4166,-1,4166,4190,4191,-1,4166,4191,4167,-1,4167,4191,4192,-1,4167,4192,4168,-1,4168,4192,4193,-1,4168,4193,4169,-1,4169,4193,4194,-1,4169,4194,4170,-1,4170,4194,4195,-1,4170,4195,4171,-1,4171,4195,4196,-1,4171,4196,4172,-1,4172,4196,4197,-1,4172,4197,4173,-1,4173,4197,4198,-1,4173,4198,4174,-1,4174,4198,4199,-1,4174,4199,4175,-1,4175,4199,4200,-1,4175,4200,4176,-1,4176,4200,4201,-1,4176,4201,4177,-1,4177,4201,4202,-1,4177,4202,4178,-1,4178,4202,4203,-1,4178,4203,4179,-1,4179,4203,4204,-1,4179,4204,4180,-1,4180,4204,4205,-1,4180,4205,4181,-1,4181,4205,4206,-1,4181,4206,4182,-1,4182,4206,4207,-1,4182,4207,4183,-1,4183,4207,4208,-1,4183,4208,4184,-1,4184,4208,4209,-1,4184,4209,4185,-1,4185,4209,4210,-1,4185,4210,4186,-1,4186,4210,4211,-1,4186,4211,4187,-1,4187,4211,4212,-1,4187,4212,4188,-1,4188,4212,4213,-1,4188,4213,4189,-1,4189,4213,4190,-1,4191,4190,4214,-1,4214,4190,4213,-1,4214,4213,4212,-1,4194,4193,4214,-1,4214,4193,4192,-1,4214,4192,4191,-1,4197,4196,4214,-1,4214,4196,4195,-1,4214,4195,4194,-1,4200,4199,4214,-1,4214,4199,4198,-1,4214,4198,4197,-1,4203,4202,4214,-1,4214,4202,4201,-1,4214,4201,4200,-1,4206,4205,4214,-1,4214,4205,4204,-1,4214,4204,4203,-1,4209,4208,4214,-1,4214,4208,4207,-1,4214,4207,4206,-1,4212,4211,4214,-1,4214,4211,4210,-1,4214,4210,4209,-1,4215,4216,4217,-1,4217,4216,4218,-1,4217,4218,4219,-1,4219,4218,4220,-1,4219,4220,4221,-1,4221,4220,4222,-1,4221,4222,4223,-1,4223,4222,4224,-1,4223,4224,4225,-1,4225,4224,4226,-1,4225,4226,4227,-1,4227,4226,4228,-1,4227,4228,4229,-1,4229,4228,4230,-1,4229,4230,4231,-1,4231,4230,4232,-1,4231,4232,4233,-1,4233,4232,4234,-1,4233,4234,4235,-1,4235,4234,4236,-1,4235,4236,4237,-1,4237,4236,4238,-1,4237,4238,4239,-1,4239,4238,4240,-1,4239,4240,4241,-1,4241,4240,4242,-1,4241,4242,4243,-1,4243,4242,4244,-1,4243,4244,4245,-1,4245,4244,4246,-1,4245,4246,4247,-1,4247,4246,4248,-1,4247,4248,4249,-1,4249,4248,4250,-1,4249,4250,4251,-1,4251,4250,4252,-1,4251,4252,4253,-1,4253,4252,4254,-1,4253,4254,4255,-1,4255,4254,4256,-1,4255,4256,4257,-1,4257,4256,4258,-1,4257,4258,4259,-1,4259,4258,4260,-1,4259,4260,4261,-1,4261,4260,4262,-1,4261,4262,4215,-1,4215,4262,4216,-1,4215,4263,4261,-1,4261,4263,4264,-1,4261,4264,4259,-1,4259,4264,4265,-1,4259,4265,4257,-1,4257,4265,4266,-1,4257,4266,4255,-1,4255,4266,4267,-1,4255,4267,4253,-1,4253,4267,4268,-1,4253,4268,4251,-1,4251,4268,4269,-1,4251,4269,4249,-1,4249,4269,4270,-1,4249,4270,4247,-1,4247,4270,4271,-1,4247,4271,4245,-1,4245,4271,4272,-1,4245,4272,4243,-1,4243,4272,4273,-1,4243,4273,4241,-1,4241,4273,4274,-1,4241,4274,4239,-1,4239,4274,4275,-1,4239,4275,4237,-1,4237,4275,4276,-1,4237,4276,4235,-1,4235,4276,4277,-1,4235,4277,4233,-1,4233,4277,4278,-1,4233,4278,4231,-1,4231,4278,4279,-1,4231,4279,4229,-1,4229,4279,4280,-1,4229,4280,4227,-1,4227,4280,4281,-1,4227,4281,4225,-1,4225,4281,4282,-1,4225,4282,4223,-1,4223,4282,4283,-1,4223,4283,4221,-1,4221,4283,4284,-1,4221,4284,4219,-1,4219,4284,4285,-1,4219,4285,4217,-1,4217,4285,4286,-1,4217,4286,4215,-1,4215,4286,4263,-1,4263,4287,4264,-1,4264,4287,4288,-1,4264,4288,4265,-1,4265,4288,4289,-1,4265,4289,4266,-1,4266,4289,4290,-1,4266,4290,4267,-1,4267,4290,4291,-1,4267,4291,4268,-1,4268,4291,4292,-1,4268,4292,4269,-1,4269,4292,4293,-1,4269,4293,4270,-1,4270,4293,4294,-1,4270,4294,4271,-1,4271,4294,4295,-1,4271,4295,4272,-1,4272,4295,4296,-1,4272,4296,4273,-1,4273,4296,4297,-1,4273,4297,4274,-1,4274,4297,4298,-1,4274,4298,4275,-1,4275,4298,4299,-1,4275,4299,4276,-1,4276,4299,4300,-1,4276,4300,4277,-1,4277,4300,4301,-1,4277,4301,4278,-1,4278,4301,4302,-1,4278,4302,4279,-1,4279,4302,4303,-1,4279,4303,4280,-1,4280,4303,4304,-1,4280,4304,4281,-1,4281,4304,4305,-1,4281,4305,4282,-1,4282,4305,4306,-1,4282,4306,4283,-1,4283,4306,4307,-1,4283,4307,4284,-1,4284,4307,4308,-1,4284,4308,4285,-1,4285,4308,4309,-1,4285,4309,4286,-1,4286,4309,4310,-1,4286,4310,4263,-1,4263,4310,4287,-1,4287,4311,4288,-1,4288,4311,4312,-1,4288,4312,4289,-1,4289,4312,4313,-1,4289,4313,4290,-1,4290,4313,4314,-1,4290,4314,4291,-1,4291,4314,4315,-1,4291,4315,4292,-1,4292,4315,4316,-1,4292,4316,4293,-1,4293,4316,4317,-1,4293,4317,4294,-1,4294,4317,4318,-1,4294,4318,4295,-1,4295,4318,4319,-1,4295,4319,4296,-1,4296,4319,4320,-1,4296,4320,4297,-1,4297,4320,4321,-1,4297,4321,4298,-1,4298,4321,4322,-1,4298,4322,4299,-1,4299,4322,4323,-1,4299,4323,4300,-1,4300,4323,4324,-1,4300,4324,4301,-1,4301,4324,4325,-1,4301,4325,4302,-1,4302,4325,4326,-1,4302,4326,4303,-1,4303,4326,4327,-1,4303,4327,4304,-1,4304,4327,4328,-1,4304,4328,4305,-1,4305,4328,4329,-1,4305,4329,4306,-1,4306,4329,4330,-1,4306,4330,4307,-1,4307,4330,4331,-1,4307,4331,4308,-1,4308,4331,4332,-1,4308,4332,4309,-1,4309,4332,4333,-1,4309,4333,4310,-1,4310,4333,4334,-1,4310,4334,4287,-1,4287,4334,4311,-1,4311,4335,4312,-1,4312,4335,4336,-1,4312,4336,4313,-1,4313,4336,4337,-1,4313,4337,4314,-1,4314,4337,4338,-1,4314,4338,4315,-1,4315,4338,4339,-1,4315,4339,4316,-1,4316,4339,4340,-1,4316,4340,4317,-1,4317,4340,4341,-1,4317,4341,4318,-1,4318,4341,4342,-1,4318,4342,4319,-1,4319,4342,4343,-1,4319,4343,4320,-1,4320,4343,4344,-1,4320,4344,4321,-1,4321,4344,4345,-1,4321,4345,4322,-1,4322,4345,4346,-1,4322,4346,4323,-1,4323,4346,4347,-1,4323,4347,4324,-1,4324,4347,4348,-1,4324,4348,4325,-1,4325,4348,4349,-1,4325,4349,4326,-1,4326,4349,4350,-1,4326,4350,4327,-1,4327,4350,4351,-1,4327,4351,4328,-1,4328,4351,4352,-1,4328,4352,4329,-1,4329,4352,4353,-1,4329,4353,4330,-1,4330,4353,4354,-1,4330,4354,4331,-1,4331,4354,4355,-1,4331,4355,4332,-1,4332,4355,4356,-1,4332,4356,4333,-1,4333,4356,4357,-1,4333,4357,4334,-1,4334,4357,4358,-1,4334,4358,4311,-1,4311,4358,4335,-1,4335,4359,4336,-1,4336,4359,4360,-1,4336,4360,4337,-1,4337,4360,4361,-1,4337,4361,4338,-1,4338,4361,4362,-1,4338,4362,4339,-1,4339,4362,4363,-1,4339,4363,4340,-1,4340,4363,4364,-1,4340,4364,4341,-1,4341,4364,4365,-1,4341,4365,4342,-1,4342,4365,4366,-1,4342,4366,4343,-1,4343,4366,4367,-1,4343,4367,4344,-1,4344,4367,4368,-1,4344,4368,4345,-1,4345,4368,4369,-1,4345,4369,4346,-1,4346,4369,4370,-1,4346,4370,4347,-1,4347,4370,4371,-1,4347,4371,4348,-1,4348,4371,4372,-1,4348,4372,4349,-1,4349,4372,4373,-1,4349,4373,4350,-1,4350,4373,4374,-1,4350,4374,4351,-1,4351,4374,4375,-1,4351,4375,4352,-1,4352,4375,4376,-1,4352,4376,4353,-1,4353,4376,4377,-1,4353,4377,4354,-1,4354,4377,4378,-1,4354,4378,4355,-1,4355,4378,4379,-1,4355,4379,4356,-1,4356,4379,4380,-1,4356,4380,4357,-1,4357,4380,4381,-1,4357,4381,4358,-1,4358,4381,4382,-1,4358,4382,4335,-1,4335,4382,4359,-1,4359,4383,4360,-1,4360,4383,4384,-1,4360,4384,4361,-1,4361,4384,4385,-1,4361,4385,4362,-1,4362,4385,4386,-1,4362,4386,4363,-1,4363,4386,4387,-1,4363,4387,4364,-1,4364,4387,4388,-1,4364,4388,4365,-1,4365,4388,4389,-1,4365,4389,4366,-1,4366,4389,4390,-1,4366,4390,4367,-1,4367,4390,4391,-1,4367,4391,4368,-1,4368,4391,4392,-1,4368,4392,4369,-1,4369,4392,4393,-1,4369,4393,4370,-1,4370,4393,4394,-1,4370,4394,4371,-1,4371,4394,4395,-1,4371,4395,4372,-1,4372,4395,4396,-1,4372,4396,4373,-1,4373,4396,4397,-1,4373,4397,4374,-1,4374,4397,4398,-1,4374,4398,4375,-1,4375,4398,4399,-1,4375,4399,4376,-1,4376,4399,4400,-1,4376,4400,4377,-1,4377,4400,4401,-1,4377,4401,4378,-1,4378,4401,4402,-1,4378,4402,4379,-1,4379,4402,4403,-1,4379,4403,4380,-1,4380,4403,4404,-1,4380,4404,4381,-1,4381,4404,4405,-1,4381,4405,4382,-1,4382,4405,4406,-1,4382,4406,4359,-1,4359,4406,4383,-1,4383,4407,4384,-1,4384,4407,4408,-1,4384,4408,4385,-1,4385,4408,4409,-1,4385,4409,4386,-1,4386,4409,4410,-1,4386,4410,4387,-1,4387,4410,4411,-1,4387,4411,4388,-1,4388,4411,4412,-1,4388,4412,4389,-1,4389,4412,4413,-1,4389,4413,4390,-1,4390,4413,4414,-1,4390,4414,4391,-1,4391,4414,4415,-1,4391,4415,4392,-1,4392,4415,4416,-1,4392,4416,4393,-1,4393,4416,4417,-1,4393,4417,4394,-1,4394,4417,4418,-1,4394,4418,4395,-1,4395,4418,4419,-1,4395,4419,4396,-1,4396,4419,4420,-1,4396,4420,4397,-1,4397,4420,4421,-1,4397,4421,4398,-1,4398,4421,4422,-1,4398,4422,4399,-1,4399,4422,4423,-1,4399,4423,4400,-1,4400,4423,4424,-1,4400,4424,4401,-1,4401,4424,4425,-1,4401,4425,4402,-1,4402,4425,4426,-1,4402,4426,4403,-1,4403,4426,4427,-1,4403,4427,4404,-1,4404,4427,4428,-1,4404,4428,4405,-1,4405,4428,4429,-1,4405,4429,4406,-1,4406,4429,4430,-1,4406,4430,4383,-1,4383,4430,4407,-1,4070,4430,4068,-1,4068,4430,4429,-1,4068,4429,4066,-1,4066,4429,4428,-1,4066,4428,4064,-1,4064,4428,4427,-1,4064,4427,4062,-1,4062,4427,4426,-1,4062,4426,4060,-1,4060,4426,4425,-1,4060,4425,4058,-1,4058,4425,4424,-1,4058,4424,4056,-1,4056,4424,4423,-1,4056,4423,4054,-1,4054,4423,4422,-1,4054,4422,4052,-1,4052,4422,4421,-1,4052,4421,4050,-1,4050,4421,4420,-1,4050,4420,4048,-1,4048,4420,4419,-1,4048,4419,4046,-1,4046,4419,4418,-1,4046,4418,4092,-1,4092,4418,4417,-1,4092,4417,4090,-1,4090,4417,4416,-1,4090,4416,4088,-1,4088,4416,4415,-1,4088,4415,4086,-1,4086,4415,4414,-1,4086,4414,4084,-1,4084,4414,4413,-1,4084,4413,4082,-1,4082,4413,4412,-1,4082,4412,4080,-1,4080,4412,4411,-1,4080,4411,4078,-1,4078,4411,4410,-1,4078,4410,4076,-1,4076,4410,4409,-1,4076,4409,4074,-1,4074,4409,4408,-1,4074,4408,4072,-1,4072,4408,4407,-1,4072,4407,4070,-1,4070,4407,4430,-1,4431,4432,4433,-1,4433,4432,4434,-1,4433,4434,4435,-1,4435,4434,4436,-1,4435,4436,4437,-1,4437,4436,4438,-1,4437,4438,4439,-1,4439,4438,4440,-1,4439,4440,4441,-1,4441,4440,4442,-1,4441,4442,4443,-1,4443,4442,4444,-1,4443,4444,4445,-1,4445,4444,4446,-1,4445,4446,4447,-1,4447,4446,4448,-1,4447,4448,4449,-1,4449,4448,4450,-1,4449,4450,4451,-1,4451,4450,4452,-1,4451,4452,4453,-1,4453,4452,4454,-1,4453,4454,4455,-1,4455,4454,4456,-1,4455,4456,4457,-1,4457,4456,4458,-1,4457,4458,4459,-1,4459,4458,4460,-1,4459,4460,4461,-1,4461,4460,4462,-1,4461,4462,4463,-1,4463,4462,4464,-1,4463,4464,4465,-1,4465,4464,4466,-1,4465,4466,4467,-1,4467,4466,4468,-1,4467,4468,4469,-1,4469,4468,4470,-1,4469,4470,4471,-1,4471,4470,4472,-1,4471,4472,4473,-1,4473,4472,4474,-1,4473,4474,4475,-1,4475,4474,4476,-1,4475,4476,4477,-1,4477,4476,4478,-1,4477,4478,4431,-1,4431,4478,4432,-1,4479,4433,4480,-1,4480,4433,4435,-1,4480,4435,4481,-1,4481,4435,4437,-1,4481,4437,4482,-1,4482,4437,4439,-1,4482,4439,4483,-1,4483,4439,4441,-1,4483,4441,4484,-1,4484,4441,4443,-1,4484,4443,4485,-1,4485,4443,4445,-1,4485,4445,4486,-1,4486,4445,4447,-1,4486,4447,4487,-1,4487,4447,4449,-1,4487,4449,4488,-1,4488,4449,4451,-1,4488,4451,4489,-1,4489,4451,4453,-1,4489,4453,4490,-1,4490,4453,4455,-1,4490,4455,4491,-1,4491,4455,4457,-1,4491,4457,4492,-1,4492,4457,4459,-1,4492,4459,4493,-1,4493,4459,4461,-1,4493,4461,4494,-1,4494,4461,4463,-1,4494,4463,4495,-1,4495,4463,4465,-1,4495,4465,4496,-1,4496,4465,4467,-1,4496,4467,4497,-1,4497,4467,4469,-1,4497,4469,4498,-1,4498,4469,4471,-1,4498,4471,4499,-1,4499,4471,4473,-1,4499,4473,4500,-1,4500,4473,4475,-1,4500,4475,4501,-1,4501,4475,4477,-1,4501,4477,4502,-1,4502,4477,4431,-1,4502,4431,4479,-1,4479,4431,4433,-1,4236,4444,4238,-1,4238,4444,4442,-1,4238,4442,4240,-1,4240,4442,4440,-1,4240,4440,4242,-1,4242,4440,4438,-1,4242,4438,4244,-1,4244,4438,4436,-1,4244,4436,4246,-1,4246,4436,4434,-1,4246,4434,4248,-1,4248,4434,4432,-1,4248,4432,4250,-1,4250,4432,4478,-1,4250,4478,4252,-1,4252,4478,4476,-1,4252,4476,4254,-1,4254,4476,4474,-1,4254,4474,4256,-1,4256,4474,4472,-1,4256,4472,4258,-1,4258,4472,4470,-1,4258,4470,4260,-1,4260,4470,4468,-1,4260,4468,4262,-1,4262,4468,4466,-1,4262,4466,4216,-1,4216,4466,4464,-1,4216,4464,4218,-1,4218,4464,4462,-1,4218,4462,4220,-1,4220,4462,4460,-1,4220,4460,4222,-1,4222,4460,4458,-1,4222,4458,4224,-1,4224,4458,4456,-1,4224,4456,4226,-1,4226,4456,4454,-1,4226,4454,4228,-1,4228,4454,4452,-1,4228,4452,4230,-1,4230,4452,4450,-1,4230,4450,4232,-1,4232,4450,4448,-1,4232,4448,4234,-1,4234,4448,4446,-1,4234,4446,4236,-1,4236,4446,4444,-1,4503,4504,4505,-1,4505,4504,4506,-1,4505,4506,4507,-1,4507,4506,4508,-1,4507,4508,4509,-1,4509,4508,4510,-1,4509,4510,4511,-1,4511,4510,4512,-1,4511,4512,4513,-1,4513,4512,4514,-1,4513,4514,4515,-1,4515,4514,4516,-1,4515,4516,4517,-1,4517,4516,4518,-1,4517,4518,4519,-1,4519,4518,4520,-1,4519,4520,4521,-1,4521,4520,4522,-1,4521,4522,4523,-1,4523,4522,4524,-1,4523,4524,4525,-1,4525,4524,4526,-1,4525,4526,4527,-1,4527,4526,4528,-1,4527,4528,4529,-1,4529,4528,4530,-1,4529,4530,4531,-1,4531,4530,4532,-1,4531,4532,4533,-1,4533,4532,4534,-1,4533,4534,4535,-1,4535,4534,4536,-1,4535,4536,4537,-1,4537,4536,4538,-1,4537,4538,4539,-1,4539,4538,4540,-1,4539,4540,4541,-1,4541,4540,4542,-1,4541,4542,4543,-1,4543,4542,4544,-1,4543,4544,4545,-1,4545,4544,4546,-1,4545,4546,4547,-1,4547,4546,4548,-1,4547,4548,4549,-1,4549,4548,4550,-1,4549,4550,4503,-1,4503,4550,4504,-1,4550,4551,4504,-1,4504,4551,4552,-1,4504,4552,4506,-1,4506,4552,4553,-1,4506,4553,4508,-1,4508,4553,4554,-1,4508,4554,4510,-1,4510,4554,4555,-1,4510,4555,4512,-1,4512,4555,4556,-1,4512,4556,4514,-1,4514,4556,4557,-1,4514,4557,4516,-1,4516,4557,4558,-1,4516,4558,4518,-1,4518,4558,4559,-1,4518,4559,4520,-1,4520,4559,4560,-1,4520,4560,4522,-1,4522,4560,4561,-1,4522,4561,4524,-1,4524,4561,4562,-1,4524,4562,4526,-1,4526,4562,4563,-1,4526,4563,4528,-1,4528,4563,4564,-1,4528,4564,4530,-1,4530,4564,4565,-1,4530,4565,4532,-1,4532,4565,4566,-1,4532,4566,4534,-1,4534,4566,4567,-1,4534,4567,4536,-1,4536,4567,4568,-1,4536,4568,4538,-1,4538,4568,4569,-1,4538,4569,4540,-1,4540,4569,4570,-1,4540,4570,4542,-1,4542,4570,4571,-1,4542,4571,4544,-1,4544,4571,4572,-1,4544,4572,4546,-1,4546,4572,4573,-1,4546,4573,4548,-1,4548,4573,4574,-1,4548,4574,4550,-1,4550,4574,4551,-1,4545,4547,4575,-1,4575,4547,4549,-1,4575,4549,4503,-1,4539,4541,4575,-1,4575,4541,4543,-1,4575,4543,4545,-1,4533,4535,4575,-1,4575,4535,4537,-1,4575,4537,4539,-1,4527,4529,4575,-1,4575,4529,4531,-1,4575,4531,4533,-1,4521,4523,4575,-1,4575,4523,4525,-1,4575,4525,4527,-1,4515,4517,4575,-1,4575,4517,4519,-1,4575,4519,4521,-1,4509,4511,4575,-1,4575,4511,4513,-1,4575,4513,4515,-1,4503,4505,4575,-1,4575,4505,4507,-1,4575,4507,4509,-1,4576,4577,4578,-1,4578,4577,4579,-1,4578,4579,4580,-1,4580,4579,4581,-1,4580,4581,4582,-1,4582,4581,4583,-1,4582,4583,4584,-1,4584,4583,4585,-1,4584,4585,4586,-1,4586,4585,4587,-1,4586,4587,4588,-1,4588,4587,4589,-1,4588,4589,4590,-1,4590,4589,4591,-1,4590,4591,4592,-1,4592,4591,4593,-1,4592,4593,4594,-1,4594,4593,4595,-1,4594,4595,4596,-1,4596,4595,4597,-1,4596,4597,4598,-1,4598,4597,4599,-1,4598,4599,4600,-1,4600,4599,4601,-1,4600,4601,4602,-1,4602,4601,4603,-1,4602,4603,4604,-1,4604,4603,4605,-1,4604,4605,4606,-1,4606,4605,4607,-1,4606,4607,4608,-1,4608,4607,4609,-1,4608,4609,4610,-1,4610,4609,4611,-1,4610,4611,4612,-1,4612,4611,4613,-1,4612,4613,4614,-1,4614,4613,4615,-1,4614,4615,4616,-1,4616,4615,4617,-1,4616,4617,4618,-1,4618,4617,4619,-1,4618,4619,4620,-1,4620,4619,4621,-1,4620,4621,4622,-1,4622,4621,4623,-1,4622,4623,4576,-1,4576,4623,4577,-1,4556,4589,4557,-1,4557,4589,4587,-1,4557,4587,4558,-1,4558,4587,4585,-1,4558,4585,4559,-1,4559,4585,4583,-1,4559,4583,4560,-1,4560,4583,4581,-1,4560,4581,4561,-1,4561,4581,4579,-1,4561,4579,4562,-1,4562,4579,4577,-1,4562,4577,4563,-1,4563,4577,4623,-1,4563,4623,4564,-1,4564,4623,4621,-1,4564,4621,4565,-1,4565,4621,4619,-1,4565,4619,4566,-1,4566,4619,4617,-1,4566,4617,4567,-1,4567,4617,4615,-1,4567,4615,4568,-1,4568,4615,4613,-1,4568,4613,4569,-1,4569,4613,4611,-1,4569,4611,4570,-1,4570,4611,4609,-1,4570,4609,4571,-1,4571,4609,4607,-1,4571,4607,4572,-1,4572,4607,4605,-1,4572,4605,4573,-1,4573,4605,4603,-1,4573,4603,4574,-1,4574,4603,4601,-1,4574,4601,4551,-1,4551,4601,4599,-1,4551,4599,4552,-1,4552,4599,4597,-1,4552,4597,4553,-1,4553,4597,4595,-1,4553,4595,4554,-1,4554,4595,4593,-1,4554,4593,4555,-1,4555,4593,4591,-1,4555,4591,4556,-1,4556,4591,4589,-1,
        ]
    }
}
Shape{
    appearance Appearance {
        material  Material 	{
            diffuseColor 0.25098039215686274 0.25098039215686274 0.25098039215686274
            specularColor 0.12549019607843137 0.12549019607843137 0.12549019607843137
            ambientIntensity 0.2
            transparency 0
            shininess 0.5
        }
    }
    geometry IndexedFaceSet {
        ccw TRUE
        solid FALSE
        coord DEF co Coordinate {
            point [
                -0.3819 1.0 1.1811, 0.3819 1.0 1.1811, -0.3819 1.0 0.0, 0.3819 1.0 0.0, -0.3819 -1.0 0.0, 0.3819 -1.0 0.0, -0.3819 -1.0 1.1811, 0.3819 -1.0 1.1811, -0.6577 0.5917 1.1811, -0.6457 0.5 1.1811, -0.5 0.8819 1.1811, -5.6457 -0.5 1.1811, -5.5 -0.8819 1.1811, -5.5 0.0 1.1811, -4.6457 -0.5 1.1811, -4.5 -0.8819 1.1811, -4.5 0.0 1.1811, -3.6457 -0.5 1.1811, -3.5 -0.8819 1.1811, -3.5 0.0 1.1811, -2.6457 -0.5 1.1811, -2.5 -0.8819 1.1811, -2.5 0.0 1.1811, -1.6457 -0.5 1.1811, -1.5 -0.8819 1.1811, -1.5 0.0 1.1811, 0.3423 0.4083 1.1811, 0.5 0.3169 1.1811, 0.5 0.4419 1.1811, 0.1772 0.8069 1.1811, 0.2505 0.7505 1.1811, 0.2505 0.2495 1.1811, 0.1772 0.1931 1.1811, 0.5 0.0 1.1811, 0.3543 0.5 1.1811, 0.5 0.4841 1.1811, 0.3423 0.5917 1.1811, 0.5 0.609 1.1811, 0.3069 0.6772 1.1811, 0.5 0.8073 1.1811, 0.5 0.8819 1.1811, 0.5 0.2858 1.1811, 0.3069 0.3228 1.1811, 0.5 0.2248 1.1811, 0.0917 0.1577 1.1811, -0.0 0.1457 1.1811, -0.5 0.0 1.1811, -0.0917 0.1577 1.1811, -0.1772 0.1931 1.1811, -0.2505 0.2495 1.1811, 0.5 0.1039 1.1811, 0.5 0.1119 1.1811, 0.5 0.2001 1.1811, -0.3543 0.5 1.1811, -0.3423 0.5917 1.1811, -0.3069 0.6772 1.1811, -0.2505 0.7505 1.1811, -0.1772 0.8069 1.1811, -0.3069 0.3228 1.1811, -0.3423 0.4083 1.1811, -0.0917 0.8423 1.1811, 0.0 0.8543 1.1811, 0.0917 0.8423 1.1811, 0.3069 -0.3228 1.1811, 0.3423 -0.4083 1.1811, 0.5 -0.0245 1.1811, 0.3543 -0.5 1.1811, 0.5 -0.8819 1.1811, 0.3423 -0.5917 1.1811, 0.3069 -0.6772 1.1811, 0.4547 -0.9272 1.1811, 0.2505 -0.7505 1.1811, 0.0 -0.8543 1.1811, -0.0917 -0.8423 1.1811, -0.4547 -0.9272 1.1811, 0.1772 -0.8069 1.1811, 0.0917 -0.8423 1.1811, -0.3423 -0.4083 1.1811, -0.3543 -0.5 1.1811, -0.5 -0.8819 1.1811, -0.3423 -0.5917 1.1811, -0.1772 -0.8069 1.1811, -0.2505 -0.7505 1.1811, -0.3069 -0.6772 1.1811, -0.3069 -0.3228 1.1811, -0.2505 -0.2495 1.1811, -0.1772 -0.1931 1.1811, 0.2505 -0.2495 1.1811, 0.1772 -0.1931 1.1811, -0.0917 -0.1577 1.1811, -0.0 -0.1457 1.1811, 0.0917 -0.1577 1.1811, -1.0 -0.8543 1.1811, -0.5453 -0.9272 1.1811, -0.9083 -0.8423 1.1811, -0.8228 -0.8069 1.1811, -1.0917 -0.8423 1.1811, -1.4547 -0.9272 1.1811, -0.6931 -0.6772 1.1811, -0.7495 -0.7505 1.1811, -1.1772 -0.8069 1.1811, -1.2505 -0.7505 1.1811, -1.3069 -0.6772 1.1811, -1.3423 -0.4083 1.1811, -1.3543 -0.5 1.1811, -1.3423 -0.5917 1.1811, -1.3069 -0.3228 1.1811, -1.2505 -0.2495 1.1811, -1.1772 -0.1931 1.1811, -0.9083 -0.1577 1.1811, -1.0 -0.1457 1.1811, -1.0917 -0.1577 1.1811, -0.8228 -0.1931 1.1811, -0.7495 -0.2495 1.1811, -0.6931 -0.3228 1.1811, -0.6577 -0.4083 1.1811, -0.6457 -0.5 1.1811, -0.6577 -0.5917 1.1811, -1.3819 -1.0 1.1811, -0.6181 -1.0 1.1811, -1.9083 -0.8423 1.1811, -2.0 -0.8543 1.1811, -1.5453 -0.9272 1.1811, -1.8228 -0.8069 1.1811, -1.6577 -0.5917 1.1811, -1.6931 -0.6772 1.1811, -1.7495 -0.7505 1.1811, -2.0917 -0.8423 1.1811, -2.4547 -0.9272 1.1811, -2.3423 -0.4083 1.1811, -2.3543 -0.5 1.1811, -2.3423 -0.5917 1.1811, -1.8228 -0.1931 1.1811, -1.7495 -0.2495 1.1811, -2.1772 -0.8069 1.1811, -2.2505 -0.7505 1.1811, -2.3069 -0.6772 1.1811, -2.3069 -0.3228 1.1811, -2.2505 -0.2495 1.1811, -2.1772 -0.1931 1.1811, -1.6931 -0.3228 1.1811, -1.6577 -0.4083 1.1811, -2.0917 -0.1577 1.1811, -2.0 -0.1457 1.1811, -1.9083 -0.1577 1.1811, -2.3819 -1.0 1.1811, -1.6181 -1.0 1.1811, -2.9083 -0.8423 1.1811, -3.0 -0.8543 1.1811, -2.5453 -0.9272 1.1811, -3.3069 -0.3228 1.1811, -3.2505 -0.2495 1.1811, -3.1772 -0.1931 1.1811, -2.8228 -0.1931 1.1811, -2.7495 -0.2495 1.1811, -2.8228 -0.8069 1.1811, -2.6931 -0.3228 1.1811, -2.6577 -0.4083 1.1811, -2.6577 -0.5917 1.1811, -2.6931 -0.6772 1.1811, -2.7495 -0.7505 1.1811, -3.0917 -0.8423 1.1811, -3.4547 -0.9272 1.1811, -3.0917 -0.1577 1.1811, -3.0 -0.1457 1.1811, -2.9083 -0.1577 1.1811, -3.3069 -0.6772 1.1811, -3.2505 -0.7505 1.1811, -3.1772 -0.8069 1.1811, -3.3423 -0.5917 1.1811, -3.3543 -0.5 1.1811, -3.3423 -0.4083 1.1811, -3.3819 -1.0 1.1811, -2.6181 -1.0 1.1811, -4.3069 -0.3228 1.1811, -4.2505 -0.2495 1.1811, -4.1772 -0.1931 1.1811, -3.6577 -0.5917 1.1811, -3.6931 -0.6772 1.1811, -3.5453 -0.9272 1.1811, -3.7495 -0.7505 1.1811, -4.0 -0.8543 1.1811, -4.0917 -0.8423 1.1811, -4.4547 -0.9272 1.1811, -3.8228 -0.1931 1.1811, -3.7495 -0.2495 1.1811, -3.8228 -0.8069 1.1811, -3.9083 -0.8423 1.1811, -3.6931 -0.3228 1.1811, -3.6577 -0.4083 1.1811, -4.3069 -0.6772 1.1811, -4.2505 -0.7505 1.1811, -4.1772 -0.8069 1.1811, -4.0917 -0.1577 1.1811, -4.0 -0.1457 1.1811, -3.9083 -0.1577 1.1811, -4.3423 -0.5917 1.1811, -4.3543 -0.5 1.1811, -4.3423 -0.4083 1.1811, -4.3819 -1.0 1.1811, -3.6181 -1.0 1.1811, -5.3069 -0.3228 1.1811, -5.2505 -0.2495 1.1811, -5.1772 -0.1931 1.1811, -4.6577 -0.5917 1.1811, -4.6931 -0.6772 1.1811, -4.5453 -0.9272 1.1811, -4.7495 -0.7505 1.1811, -5.0 -0.8543 1.1811, -5.0917 -0.8423 1.1811, -5.4547 -0.9272 1.1811, -4.8228 -0.1931 1.1811, -4.7495 -0.2495 1.1811, -4.8228 -0.8069 1.1811, -4.9083 -0.8423 1.1811, -4.6931 -0.3228 1.1811, -4.6577 -0.4083 1.1811, -5.3069 -0.6772 1.1811, -5.2505 -0.7505 1.1811, -5.1772 -0.8069 1.1811, -5.0917 -0.1577 1.1811, -5.0 -0.1457 1.1811, -4.9083 -0.1577 1.1811, -5.3423 -0.5917 1.1811, -5.3543 -0.5 1.1811, -5.3423 -0.4083 1.1811, -5.3819 -1.0 1.1811, -4.6181 -1.0 1.1811, -5.7494 -0.7505 1.1811, -5.5453 -0.9272 1.1811, -5.6931 -0.6772 1.1811, -5.6577 -0.5917 1.1811, -5.8228 -0.8069 1.1811, -5.9083 -0.8423 1.1811, -6.0 -0.8543 1.1811, -6.0917 -0.8423 1.1811, -6.4547 -0.9272 1.1811, -5.8228 -0.1931 1.1811, -5.7494 -0.2495 1.1811, -6.3423 -0.4083 1.1811, -6.5 0.0 1.1811, -6.3543 -0.5 1.1811, -6.5 -0.8819 1.1811, -6.3423 -0.5917 1.1811, -6.3069 -0.3228 1.1811, -6.2505 -0.2495 1.1811, -6.1772 -0.1931 1.1811, -5.6931 -0.3228 1.1811, -5.6577 -0.4083 1.1811, -6.1772 -0.8069 1.1811, -6.2505 -0.7505 1.1811, -6.3069 -0.6772 1.1811, -6.0917 -0.1577 1.1811, -6.0 -0.1457 1.1811, -5.9083 -0.1577 1.1811, -6.3819 -1.0 1.1811, -5.6181 -1.0 1.1811, -6.5453 -0.9272 1.1811, -6.6931 -0.6772 1.1811, -6.7495 -0.7505 1.1811, -6.8228 -0.8069 1.1811, -6.9083 -0.8423 1.1811, -7.4272 -0.9272 1.1811, -7.0 -0.8543 1.1811, -7.0917 -0.8423 1.1811, -7.1772 -0.8069 1.1811, -7.2505 -0.7505 1.1811, -7.3069 -0.6772 1.1811, -7.3423 -0.4083 1.1811, -7.4272 0.0 1.1811, -7.3543 -0.5 1.1811, -7.3423 -0.5917 1.1811, -7.3069 -0.3228 1.1811, -7.2505 -0.2495 1.1811, -7.1772 -0.1931 1.1811, -6.9083 -0.1577 1.1811, -7.0 -0.1457 1.1811, -7.0917 -0.1577 1.1811, -6.8228 -0.1931 1.1811, -6.7495 -0.2495 1.1811, -6.6931 -0.3228 1.1811, -6.6577 -0.4083 1.1811, -6.6457 -0.5 1.1811, -6.6577 -0.5917 1.1811, -7.4272 -0.9547 1.1811, -7.3819 -1.0 1.1811, -6.6181 -1.0 1.1811, -7.4547 -0.9272 1.1811, -7.5 -0.8819 1.1811, -7.4272 0.9547 1.1811, -7.5 0.8819 1.1811, -7.5 0.0 1.1811, -6.6457 0.5 1.1811, -6.6577 0.4083 1.1811, -7.3069 0.3228 1.1811, -7.2505 0.2495 1.1811, -7.1772 0.1931 1.1811, -6.9083 0.8423 1.1811, -6.6181 1.0 1.1811, -7.0 0.8543 1.1811, -7.3819 1.0 1.1811, -7.0917 0.8423 1.1811, -6.8228 0.8069 1.1811, -6.7495 0.7505 1.1811, -6.5 0.8819 1.1811, -6.6931 0.6772 1.1811, -6.6577 0.5917 1.1811, -6.6931 0.3228 1.1811, -6.7495 0.2495 1.1811, -6.8228 0.1931 1.1811, -6.9083 0.1577 1.1811, -7.0 0.1457 1.1811, -7.0917 0.1577 1.1811, -7.3423 0.4083 1.1811, -7.3543 0.5 1.1811, -7.3423 0.5917 1.1811, -7.3069 0.6772 1.1811, -7.2505 0.7505 1.1811, -7.1772 0.8069 1.1811, -5.6457 0.5 1.1811, -5.6577 0.4083 1.1811, -5.6931 0.3228 1.1811, -5.7494 0.2495 1.1811, -5.8228 0.1931 1.1811, -6.1772 0.1931 1.1811, -6.2505 0.2495 1.1811, -6.3069 0.3228 1.1811, -6.3423 0.4083 1.1811, -5.9083 0.1577 1.1811, -6.0 0.1457 1.1811, -6.0917 0.1577 1.1811, -6.3543 0.5 1.1811, -6.3423 0.5917 1.1811, -6.3069 0.6772 1.1811, -6.3819 1.0 1.1811, -6.2505 0.7505 1.1811, -6.1772 0.8069 1.1811, -5.9083 0.8423 1.1811, -5.6181 1.0 1.1811, -6.0 0.8543 1.1811, -6.0917 0.8423 1.1811, -5.8228 0.8069 1.1811, -5.7494 0.7505 1.1811, -5.5 0.8819 1.1811, -5.6931 0.6772 1.1811, -5.6577 0.5917 1.1811, -4.6457 0.5 1.1811, -4.6577 0.4083 1.1811, -5.3543 0.5 1.1811, -5.3423 0.5917 1.1811, -5.1772 0.1931 1.1811, -5.2505 0.2495 1.1811, -5.3069 0.3228 1.1811, -5.3423 0.4083 1.1811, -4.6931 0.3228 1.1811, -4.7495 0.2495 1.1811, -4.8228 0.1931 1.1811, -4.9083 0.1577 1.1811, -5.0 0.1457 1.1811, -5.0917 0.1577 1.1811, -5.3069 0.6772 1.1811, -5.2505 0.7505 1.1811, -5.3819 1.0 1.1811, -5.1772 0.8069 1.1811, -4.9083 0.8423 1.1811, -4.6181 1.0 1.1811, -5.0 0.8543 1.1811, -5.0917 0.8423 1.1811, -4.8228 0.8069 1.1811, -4.7495 0.7505 1.1811, -4.5 0.8819 1.1811, -4.6931 0.6772 1.1811, -4.6577 0.5917 1.1811, -3.6457 0.5 1.1811, -3.6577 0.4083 1.1811, -4.3543 0.5 1.1811, -4.3423 0.5917 1.1811, -4.1772 0.1931 1.1811, -4.2505 0.2495 1.1811, -4.3069 0.3228 1.1811, -4.3423 0.4083 1.1811, -3.6931 0.3228 1.1811, -3.7495 0.2495 1.1811, -3.8228 0.1931 1.1811, -3.9083 0.1577 1.1811, -4.0 0.1457 1.1811, -4.0917 0.1577 1.1811, -4.3069 0.6772 1.1811, -4.2505 0.7505 1.1811, -4.3819 1.0 1.1811, -4.1772 0.8069 1.1811, -3.9083 0.8423 1.1811, -3.6181 1.0 1.1811, -4.0 0.8543 1.1811, -4.0917 0.8423 1.1811, -3.8228 0.8069 1.1811, -3.7495 0.7505 1.1811, -3.5 0.8819 1.1811, -3.6931 0.6772 1.1811, -3.6577 0.5917 1.1811, -3.3543 0.5 1.1811, -3.3423 0.5917 1.1811, -2.6457 0.5 1.1811, -2.6577 0.4083 1.1811, -3.3423 0.4083 1.1811, -3.3069 0.6772 1.1811, -3.2505 0.7505 1.1811, -3.3819 1.0 1.1811, -3.1772 0.8069 1.1811, -2.9083 0.8423 1.1811, -2.6181 1.0 1.1811, -3.0 0.8543 1.1811, -3.0917 0.8423 1.1811, -2.6931 0.3228 1.1811, -2.7495 0.2495 1.1811, -2.8228 0.1931 1.1811, -2.8228 0.8069 1.1811, -2.7495 0.7505 1.1811, -2.5 0.8819 1.1811, -2.6931 0.6772 1.1811, -2.6577 0.5917 1.1811, -3.1772 0.1931 1.1811, -3.2505 0.2495 1.1811, -3.3069 0.3228 1.1811, -2.9083 0.1577 1.1811, -3.0 0.1457 1.1811, -3.0917 0.1577 1.1811, -1.6577 0.4083 1.1811, -1.6457 0.5 1.1811, -1.5 0.8819 1.1811, -1.6577 0.5917 1.1811, -2.3543 0.5 1.1811, -1.6931 0.3228 1.1811, -1.7495 0.2495 1.1811, -1.8228 0.1931 1.1811, -2.1772 0.1931 1.1811, -2.2505 0.2495 1.1811, -2.3423 0.5917 1.1811, -2.3069 0.6772 1.1811, -2.3819 1.0 1.1811, -2.2505 0.7505 1.1811, -2.1772 0.8069 1.1811, -1.9083 0.1577 1.1811, -2.0 0.1457 1.1811, -2.0917 0.1577 1.1811, -2.3069 0.3228 1.1811, -2.3423 0.4083 1.1811, -1.9083 0.8423 1.1811, -1.6181 1.0 1.1811, -2.0 0.8543 1.1811, -2.0917 0.8423 1.1811, -1.8228 0.8069 1.1811, -1.7495 0.7505 1.1811, -1.6931 0.6772 1.1811, -0.6577 0.4083 1.1811, -0.6931 0.3228 1.1811, -0.7495 0.2495 1.1811, -0.8228 0.1931 1.1811, -1.1772 0.1931 1.1811, -1.2505 0.2495 1.1811, -1.3069 0.3228 1.1811, -0.9083 0.1577 1.1811, -1.0 0.1457 1.1811, -1.0917 0.1577 1.1811, -0.9083 0.8423 1.1811, -0.6181 1.0 1.1811, -1.0 0.8543 1.1811, -1.3819 1.0 1.1811, -1.0917 0.8423 1.1811, -0.8228 0.8069 1.1811, -0.7495 0.7505 1.1811, -0.6931 0.6772 1.1811, -1.3423 0.4083 1.1811, -1.3543 0.5 1.1811, -1.3423 0.5917 1.1811, -1.3069 0.6772 1.1811, -1.2505 0.7505 1.1811, -1.1772 0.8069 1.1811, -2.3543 -0.5 0.0, -2.5 -0.8819 0.0, -2.5 0.0 0.0, -3.3543 -0.5 0.0, -3.5 -0.8819 0.0, -3.5 0.0 0.0, -4.3543 -0.5 0.0, -4.5 -0.8819 0.0, -4.5 0.0 0.0, -5.3543 -0.5 0.0, -5.5 -0.8819 0.0, -5.5 0.0 0.0, -7.4547 -0.9272 0.0, -7.5 -0.8819 0.0, -7.5 0.0 0.0, -0.4547 -0.9272 0.0, 0.4547 -0.9272 0.0, 0.5 -0.8819 0.0, 0.3423 -0.5917 0.0, 0.3543 -0.5 0.0, 0.5 -0.0245 0.0, 0.3423 -0.4083 0.0, 0.3069 -0.3228 0.0, 0.5 0.0 0.0, 0.2505 -0.2495 0.0, 0.1772 -0.1931 0.0, -0.5 -0.8819 0.0, -0.3069 -0.6772 0.0, -0.2505 -0.7505 0.0, -0.1772 -0.8069 0.0, -0.3069 -0.3228 0.0, -0.5 0.0 0.0, -0.2505 -0.2495 0.0, -0.1772 -0.1931 0.0, 0.0917 -0.8423 0.0, -0.0 -0.8543 0.0, -0.0917 -0.8423 0.0, -0.3423 -0.4083 0.0, -0.3543 -0.5 0.0, -0.3423 -0.5917 0.0, 0.0917 -0.1577 0.0, 0.0 -0.1457 0.0, -0.0917 -0.1577 0.0, 0.1772 -0.8069 0.0, 0.2505 -0.7505 0.0, 0.3069 -0.6772 0.0, -0.3543 0.5 0.0, -0.3423 0.4083 0.0, -0.3069 0.3228 0.0, -0.2505 0.2495 0.0, -0.1772 0.1931 0.0, 0.1772 0.8069 0.0, 0.0917 0.8423 0.0, -0.0 0.8543 0.0, 0.5 0.1039 0.0, 0.2505 0.2495 0.0, 0.1772 0.1931 0.0, -0.0917 0.1577 0.0, 0.0 0.1457 0.0, 0.0917 0.1577 0.0, 0.5 0.2858 0.0, 0.3069 0.3228 0.0, 0.5 0.3169 0.0, 0.3423 0.4083 0.0, 0.5 0.4419 0.0, 0.3543 0.5 0.0, 0.2505 0.7505 0.0, 0.5 0.8819 0.0, 0.3069 0.6772 0.0, 0.5 0.8073 0.0, 0.3423 0.5917 0.0, 0.5 0.609 0.0, 0.5 0.4841 0.0, -0.0917 0.8423 0.0, -0.1772 0.8069 0.0, -0.5 0.8819 0.0, -0.2505 0.7505 0.0, -0.3069 0.6772 0.0, -0.3423 0.5917 0.0, 0.5 0.2248 0.0, 0.5 0.2001 0.0, 0.5 0.1119 0.0, -1.5 0.8819 0.0, -1.3069 0.6772 0.0, -1.3423 0.5917 0.0, -1.3543 0.5 0.0, -1.3423 0.4083 0.0, -1.5 0.0 0.0, -1.2505 0.7505 0.0, -1.3819 1.0 0.0, -1.1772 0.8069 0.0, -0.8228 0.1931 0.0, -0.7495 0.2495 0.0, -0.6931 0.3228 0.0, -0.6577 0.4083 0.0, -0.8228 0.8069 0.0, -0.9083 0.8423 0.0, -0.6181 1.0 0.0, -1.0 0.8543 0.0, -1.0917 0.8423 0.0, -1.3069 0.3228 0.0, -1.2505 0.2495 0.0, -1.1772 0.1931 0.0, -0.6457 0.5 0.0, -1.0917 0.1577 0.0, -1.0 0.1457 0.0, -0.9083 0.1577 0.0, -0.6577 0.5917 0.0, -0.6931 0.6772 0.0, -0.7495 0.7505 0.0, -1.6457 0.5 0.0, -1.6577 0.5917 0.0, -1.6931 0.6772 0.0, -1.6181 1.0 0.0, -1.7495 0.7505 0.0, -1.8228 0.8069 0.0, -2.3543 0.5 0.0, -2.3423 0.4083 0.0, -2.3069 0.3228 0.0, -2.2505 0.2495 0.0, -2.1772 0.1931 0.0, -1.6577 0.4083 0.0, -1.9083 0.8423 0.0, -2.0 0.8543 0.0, -2.3819 1.0 0.0, -2.0917 0.8423 0.0, -1.8228 0.1931 0.0, -1.7495 0.2495 0.0, -1.6931 0.3228 0.0, -2.1772 0.8069 0.0, -2.2505 0.7505 0.0, -2.5 0.8819 0.0, -2.3069 0.6772 0.0, -2.3423 0.5917 0.0, -2.0917 0.1577 0.0, -2.0 0.1457 0.0, -1.9083 0.1577 0.0, -2.6931 0.3228 0.0, -2.6577 0.4083 0.0, -3.3543 0.5 0.0, -3.3423 0.4083 0.0, -3.3069 0.3228 0.0, -3.2505 0.2495 0.0, -2.9083 0.1577 0.0, -3.0 0.1457 0.0, -2.6457 0.5 0.0, -2.8228 0.1931 0.0, -2.7495 0.2495 0.0, -3.1772 0.1931 0.0, -3.0917 0.1577 0.0, -2.6577 0.5917 0.0, -2.6931 0.6772 0.0, -2.6181 1.0 0.0, -2.7495 0.7505 0.0, -2.8228 0.8069 0.0, -2.9083 0.8423 0.0, -3.0 0.8543 0.0, -3.3819 1.0 0.0, -3.0917 0.8423 0.0, -3.1772 0.8069 0.0, -3.2505 0.7505 0.0, -3.5 0.8819 0.0, -3.3069 0.6772 0.0, -3.3423 0.5917 0.0, -4.3543 0.5 0.0, -4.3423 0.4083 0.0, -3.6457 0.5 0.0, -3.6577 0.5917 0.0, -3.8228 0.1931 0.0, -3.7495 0.2495 0.0, -3.6931 0.3228 0.0, -3.6577 0.4083 0.0, -3.8228 0.8069 0.0, -3.6181 1.0 0.0, -3.7495 0.7505 0.0, -3.6931 0.6772 0.0, -4.3069 0.3228 0.0, -4.2505 0.2495 0.0, -4.1772 0.1931 0.0, -4.0917 0.1577 0.0, -4.0 0.1457 0.0, -3.9083 0.1577 0.0, -4.0917 0.8423 0.0, -4.3819 1.0 0.0, -4.0 0.8543 0.0, -3.9083 0.8423 0.0, -4.1772 0.8069 0.0, -4.2505 0.7505 0.0, -4.5 0.8819 0.0, -4.3069 0.6772 0.0, -4.3423 0.5917 0.0, -5.3543 0.5 0.0, -5.3423 0.4083 0.0, -4.6457 0.5 0.0, -4.6577 0.5917 0.0, -4.8228 0.1931 0.0, -4.7495 0.2495 0.0, -4.6931 0.3228 0.0, -4.6577 0.4083 0.0, -4.8228 0.8069 0.0, -4.6181 1.0 0.0, -4.7495 0.7505 0.0, -4.6931 0.6772 0.0, -5.3069 0.3228 0.0, -5.2505 0.2495 0.0, -5.1772 0.1931 0.0, -5.0917 0.1577 0.0, -5.0 0.1457 0.0, -4.9083 0.1577 0.0, -5.0917 0.8423 0.0, -5.3819 1.0 0.0, -5.0 0.8543 0.0, -4.9083 0.8423 0.0, -5.1772 0.8069 0.0, -5.2505 0.7505 0.0, -5.5 0.8819 0.0, -5.3069 0.6772 0.0, -5.3423 0.5917 0.0, -5.8228 0.1931 0.0, -5.7494 0.2495 0.0, -5.6931 0.3228 0.0, -5.6577 0.4083 0.0, -5.6457 0.5 0.0, -6.0917 0.8423 0.0, -6.3819 1.0 0.0, -6.0 0.8543 0.0, -5.6181 1.0 0.0, -5.9083 0.8423 0.0, -5.8228 0.8069 0.0, -6.1772 0.8069 0.0, -6.2505 0.7505 0.0, -6.5 0.8819 0.0, -6.3069 0.6772 0.0, -6.3423 0.5917 0.0, -5.6577 0.5917 0.0, -5.6931 0.6772 0.0, -5.7494 0.7505 0.0, -6.3543 0.5 0.0, -6.3423 0.4083 0.0, -6.5 0.0 0.0, -6.3069 0.3228 0.0, -6.2505 0.2495 0.0, -6.1772 0.1931 0.0, -6.0917 0.1577 0.0, -6.0 0.1457 0.0, -5.9083 0.1577 0.0, -7.3069 0.3228 0.0, -7.2505 0.2495 0.0, -7.4272 0.0 0.0, -7.1772 0.1931 0.0, -7.0917 0.1577 0.0, -7.0 0.1457 0.0, -6.9083 0.1577 0.0, -6.8228 0.1931 0.0, -6.7495 0.2495 0.0, -6.6931 0.3228 0.0, -6.6577 0.4083 0.0, -6.8228 0.8069 0.0, -6.9083 0.8423 0.0, -6.6181 1.0 0.0, -7.0 0.8543 0.0, -7.3819 1.0 0.0, -7.0917 0.8423 0.0, -7.1772 0.8069 0.0, -7.4272 0.9547 0.0, -7.2505 0.7505 0.0, -7.3069 0.6772 0.0, -6.6457 0.5 0.0, -6.6577 0.5917 0.0, -6.6931 0.6772 0.0, -6.7495 0.7505 0.0, -7.3423 0.5917 0.0, -7.3543 0.5 0.0, -7.3423 0.4083 0.0, -7.4272 -0.9272 0.0, -6.5453 -0.9272 0.0, -6.6181 -1.0 0.0, -7.5 0.8819 0.0, -7.4272 -0.9547 0.0, -7.3819 -1.0 0.0, -6.6931 -0.3228 0.0, -6.7495 -0.2495 0.0, -6.8228 -0.1931 0.0, -6.9083 -0.1577 0.0, -7.0 -0.1457 0.0, -7.0917 -0.1577 0.0, -7.3069 -0.6772 0.0, -7.2505 -0.7505 0.0, -7.1772 -0.8069 0.0, -6.6931 -0.6772 0.0, -6.5 -0.8819 0.0, -6.7495 -0.7505 0.0, -6.8228 -0.8069 0.0, -7.0917 -0.8423 0.0, -7.0 -0.8543 0.0, -6.9083 -0.8423 0.0, -6.6577 -0.5917 0.0, -6.6457 -0.5 0.0, -6.6577 -0.4083 0.0, -7.1772 -0.1931 0.0, -7.2505 -0.2495 0.0, -7.3069 -0.3228 0.0, -7.3423 -0.4083 0.0, -7.3543 -0.5 0.0, -7.3423 -0.5917 0.0, -5.5453 -0.9272 0.0, -5.7494 -0.7505 0.0, -5.6931 -0.6772 0.0, -5.6577 -0.4083 0.0, -5.6457 -0.5 0.0, -5.6577 -0.5917 0.0, -6.2505 -0.7505 0.0, -6.4547 -0.9272 0.0, -6.3069 -0.6772 0.0, -6.1772 -0.8069 0.0, -6.0917 -0.8423 0.0, -6.0 -0.8543 0.0, -5.6931 -0.3228 0.0, -5.7494 -0.2495 0.0, -5.8228 -0.1931 0.0, -6.1772 -0.1931 0.0, -6.2505 -0.2495 0.0, -6.3069 -0.3228 0.0, -5.9083 -0.8423 0.0, -5.8228 -0.8069 0.0, -5.9083 -0.1577 0.0, -6.0 -0.1457 0.0, -6.0917 -0.1577 0.0, -6.3423 -0.4083 0.0, -6.3543 -0.5 0.0, -6.3423 -0.5917 0.0, -5.6181 -1.0 0.0, -6.3819 -1.0 0.0, -5.3423 -0.5917 0.0, -5.3069 -0.6772 0.0, -5.4547 -0.9272 0.0, -5.2505 -0.7505 0.0, -5.1772 -0.8069 0.0, -5.0917 -0.8423 0.0, -5.0 -0.8543 0.0, -4.5453 -0.9272 0.0, -4.7495 -0.7505 0.0, -4.6931 -0.6772 0.0, -4.6577 -0.4083 0.0, -4.6457 -0.5 0.0, -4.6577 -0.5917 0.0, -4.6931 -0.3228 0.0, -4.7495 -0.2495 0.0, -4.8228 -0.1931 0.0, -4.9083 -0.8423 0.0, -4.8228 -0.8069 0.0, -5.1772 -0.1931 0.0, -5.2505 -0.2495 0.0, -5.3069 -0.3228 0.0, -5.3423 -0.4083 0.0, -4.9083 -0.1577 0.0, -5.0 -0.1457 0.0, -5.0917 -0.1577 0.0, -4.6181 -1.0 0.0, -5.3819 -1.0 0.0, -4.3423 -0.5917 0.0, -4.3069 -0.6772 0.0, -4.4547 -0.9272 0.0, -4.2505 -0.7505 0.0, -4.1772 -0.8069 0.0, -4.0917 -0.8423 0.0, -4.0 -0.8543 0.0, -3.5453 -0.9272 0.0, -3.7495 -0.7505 0.0, -3.6931 -0.6772 0.0, -3.6577 -0.4083 0.0, -3.6457 -0.5 0.0, -3.6577 -0.5917 0.0, -3.6931 -0.3228 0.0, -3.7495 -0.2495 0.0, -3.8228 -0.1931 0.0, -3.9083 -0.8423 0.0, -3.8228 -0.8069 0.0, -4.1772 -0.1931 0.0, -4.2505 -0.2495 0.0, -4.3069 -0.3228 0.0, -4.3423 -0.4083 0.0, -3.9083 -0.1577 0.0, -4.0 -0.1457 0.0, -4.0917 -0.1577 0.0, -3.6181 -1.0 0.0, -4.3819 -1.0 0.0, -3.0 -0.8543 0.0, -2.9083 -0.8423 0.0, -2.5453 -0.9272 0.0, -2.6577 -0.4083 0.0, -2.6457 -0.5 0.0, -2.6577 -0.5917 0.0, -3.1772 -0.8069 0.0, -3.0917 -0.8423 0.0, -3.4547 -0.9272 0.0, -2.8228 -0.8069 0.0, -2.7495 -0.7505 0.0, -2.6931 -0.6772 0.0, -3.3423 -0.5917 0.0, -3.3069 -0.6772 0.0, -3.2505 -0.7505 0.0, -2.6931 -0.3228 0.0, -2.7495 -0.2495 0.0, -2.8228 -0.1931 0.0, -3.1772 -0.1931 0.0, -3.2505 -0.2495 0.0, -3.3069 -0.3228 0.0, -3.3423 -0.4083 0.0, -2.9083 -0.1577 0.0, -3.0 -0.1457 0.0, -3.0917 -0.1577 0.0, -2.6181 -1.0 0.0, -3.3819 -1.0 0.0, -1.6457 -0.5 0.0, -1.6577 -0.4083 0.0, -2.2505 -0.7505 0.0, -2.4547 -0.9272 0.0, -2.3069 -0.6772 0.0, -2.3423 -0.5917 0.0, -2.0 -0.8543 0.0, -1.9083 -0.8423 0.0, -1.5453 -0.9272 0.0, -2.1772 -0.1931 0.0, -2.2505 -0.2495 0.0, -2.3069 -0.3228 0.0, -2.3423 -0.4083 0.0, -2.1772 -0.8069 0.0, -2.0917 -0.8423 0.0, -1.8228 -0.8069 0.0, -1.7495 -0.7505 0.0, -1.5 -0.8819 0.0, -1.6931 -0.6772 0.0, -1.6577 -0.5917 0.0, -1.6931 -0.3228 0.0, -1.7495 -0.2495 0.0, -1.8228 -0.1931 0.0, -1.9083 -0.1577 0.0, -2.0 -0.1457 0.0, -2.0917 -0.1577 0.0, -1.6181 -1.0 0.0, -2.3819 -1.0 0.0, -1.3543 -0.5 0.0, -1.3423 -0.4083 0.0, -0.6577 -0.5917 0.0, -0.6457 -0.5 0.0, -0.6931 -0.3228 0.0, -0.7495 -0.2495 0.0, -0.8228 -0.1931 0.0, -1.3423 -0.5917 0.0, -1.3069 -0.6772 0.0, -1.4547 -0.9272 0.0, -1.2505 -0.7505 0.0, -1.1772 -0.8069 0.0, -1.0917 -0.8423 0.0, -1.0 -0.8543 0.0, -0.6577 -0.4083 0.0, -0.9083 -0.8423 0.0, -0.5453 -0.9272 0.0, -0.9083 -0.1577 0.0, -1.0 -0.1457 0.0, -1.0917 -0.1577 0.0, -1.1772 -0.1931 0.0, -1.2505 -0.2495 0.0, -1.3069 -0.3228 0.0, -0.8228 -0.8069 0.0, -0.7495 -0.7505 0.0, -0.6931 -0.6772 0.0, -0.6181 -1.0 0.0, -1.3819 -1.0 0.0, -1.3819 -1.0 0.0
            ]
        }
        coordIndex [
            0,1,2,-1,2,1,3,-1,4,5,6,-1,6,5,7,-1,8,9,10,-1,11,12,13,-1,14,15,16,-1,17,18,19,-1,20,21,22,-1,23,24,25,-1,26,27,28,-1,29,30,1,-1,31,32,33,-1,26,28,34,-1,34,28,35,-1,34,35,36,-1,36,35,37,-1,36,37,38,-1,38,37,39,-1,38,39,30,-1,30,39,40,-1,30,40,1,-1,27,26,41,-1,41,26,42,-1,41,42,43,-1,32,44,33,-1,33,44,45,-1,33,45,46,-1,45,47,46,-1,46,47,48,-1,46,48,49,-1,33,50,31,-1,31,50,51,-1,31,51,42,-1,42,51,52,-1,42,52,43,-1,53,54,10,-1,10,54,55,-1,10,55,0,-1,0,55,56,-1,0,56,57,-1,49,58,46,-1,46,58,59,-1,46,59,53,-1,57,60,0,-1,0,60,61,-1,0,61,1,-1,1,61,62,-1,1,62,29,-1,63,64,65,-1,65,64,66,-1,65,66,67,-1,66,68,67,-1,67,68,69,-1,67,69,70,-1,70,69,71,-1,72,73,74,-1,71,75,70,-1,70,75,76,-1,70,76,72,-1,77,46,78,-1,78,46,79,-1,78,79,80,-1,73,81,74,-1,74,81,82,-1,74,82,79,-1,79,82,83,-1,79,83,80,-1,77,84,46,-1,46,84,85,-1,46,85,86,-1,63,65,87,-1,87,65,33,-1,87,33,88,-1,86,89,46,-1,46,89,90,-1,46,90,33,-1,33,90,91,-1,33,91,88,-1,72,74,70,-1,70,74,6,-1,70,6,7,-1,92,93,94,-1,94,93,95,-1,92,96,97,-1,79,98,93,-1,93,98,99,-1,93,99,95,-1,96,100,97,-1,97,100,101,-1,97,101,24,-1,24,101,102,-1,103,25,104,-1,104,25,24,-1,104,24,105,-1,105,24,102,-1,103,106,25,-1,25,106,107,-1,25,107,108,-1,109,46,110,-1,110,46,25,-1,110,25,111,-1,111,25,108,-1,109,112,46,-1,46,112,113,-1,46,113,114,-1,114,115,46,-1,46,115,116,-1,46,116,79,-1,79,116,117,-1,79,117,98,-1,92,97,93,-1,93,97,118,-1,93,118,119,-1,120,121,122,-1,120,122,123,-1,23,124,24,-1,24,124,125,-1,24,125,122,-1,122,125,126,-1,122,126,123,-1,121,127,128,-1,129,22,130,-1,130,22,21,-1,130,21,131,-1,132,133,25,-1,127,134,128,-1,128,134,135,-1,128,135,21,-1,21,135,136,-1,21,136,131,-1,129,137,22,-1,22,137,138,-1,22,138,139,-1,133,140,25,-1,25,140,141,-1,25,141,23,-1,139,142,22,-1,22,142,143,-1,22,143,25,-1,25,143,144,-1,25,144,132,-1,121,128,122,-1,122,128,145,-1,122,145,146,-1,147,148,149,-1,150,151,19,-1,19,151,152,-1,153,154,22,-1,147,149,155,-1,154,156,22,-1,22,156,157,-1,22,157,20,-1,20,158,21,-1,21,158,159,-1,21,159,149,-1,149,159,160,-1,149,160,155,-1,148,161,162,-1,152,163,19,-1,19,163,164,-1,19,164,22,-1,22,164,165,-1,22,165,153,-1,166,18,167,-1,167,18,162,-1,167,162,168,-1,168,162,161,-1,166,169,18,-1,18,169,170,-1,18,170,19,-1,19,170,171,-1,19,171,150,-1,148,162,149,-1,149,162,172,-1,149,172,173,-1,174,175,16,-1,16,175,176,-1,17,177,18,-1,18,177,178,-1,18,178,179,-1,179,178,180,-1,181,182,183,-1,19,184,185,-1,180,186,179,-1,179,186,187,-1,179,187,181,-1,185,188,19,-1,19,188,189,-1,19,189,17,-1,190,15,191,-1,191,15,183,-1,191,183,192,-1,192,183,182,-1,176,193,16,-1,16,193,194,-1,16,194,19,-1,19,194,195,-1,19,195,184,-1,190,196,15,-1,15,196,197,-1,15,197,16,-1,16,197,198,-1,16,198,174,-1,181,183,179,-1,179,183,199,-1,179,199,200,-1,201,202,13,-1,13,202,203,-1,14,204,15,-1,15,204,205,-1,15,205,206,-1,206,205,207,-1,208,209,210,-1,16,211,212,-1,207,213,206,-1,206,213,214,-1,206,214,208,-1,212,215,16,-1,16,215,216,-1,16,216,14,-1,217,12,218,-1,218,12,210,-1,218,210,219,-1,219,210,209,-1,203,220,13,-1,13,220,221,-1,13,221,16,-1,16,221,222,-1,16,222,211,-1,217,223,12,-1,12,223,224,-1,12,224,13,-1,13,224,225,-1,13,225,201,-1,208,210,206,-1,206,210,226,-1,206,226,227,-1,228,229,230,-1,230,229,12,-1,230,12,231,-1,231,12,11,-1,228,232,229,-1,229,232,233,-1,229,233,234,-1,234,235,236,-1,13,237,238,-1,239,240,241,-1,241,240,242,-1,241,242,243,-1,239,244,240,-1,240,244,245,-1,240,245,246,-1,238,247,13,-1,13,247,248,-1,13,248,11,-1,235,249,236,-1,236,249,250,-1,236,250,242,-1,242,250,251,-1,242,251,243,-1,246,252,240,-1,240,252,253,-1,240,253,13,-1,13,253,254,-1,13,254,237,-1,234,236,229,-1,229,236,255,-1,229,255,256,-1,257,242,258,-1,258,259,257,-1,257,259,260,-1,257,260,261,-1,262,263,264,-1,264,265,262,-1,262,265,266,-1,262,266,267,-1,268,269,270,-1,270,269,262,-1,270,262,271,-1,271,262,267,-1,268,272,269,-1,269,272,273,-1,269,273,274,-1,275,240,276,-1,276,240,269,-1,276,269,277,-1,277,269,274,-1,275,278,240,-1,240,278,279,-1,240,279,280,-1,280,281,240,-1,240,281,282,-1,240,282,242,-1,242,282,283,-1,242,283,258,-1,262,284,285,-1,261,263,257,-1,257,263,262,-1,257,262,286,-1,286,262,285,-1,284,262,287,-1,287,262,269,-1,287,269,288,-1,289,290,269,-1,269,290,291,-1,269,291,288,-1,292,293,240,-1,294,269,295,-1,295,269,296,-1,297,298,299,-1,299,298,300,-1,299,300,301,-1,297,302,298,-1,298,302,303,-1,298,303,304,-1,304,303,305,-1,304,305,306,-1,293,307,240,-1,240,307,308,-1,240,308,309,-1,309,310,240,-1,240,310,311,-1,240,311,269,-1,269,311,312,-1,269,312,296,-1,294,313,269,-1,269,313,314,-1,269,314,289,-1,289,314,315,-1,315,316,289,-1,289,316,317,-1,289,317,300,-1,300,317,318,-1,300,318,301,-1,319,320,13,-1,320,321,13,-1,13,321,322,-1,13,322,323,-1,324,325,240,-1,240,325,326,-1,240,326,327,-1,323,328,13,-1,13,328,329,-1,13,329,240,-1,240,329,330,-1,240,330,324,-1,306,292,304,-1,304,292,240,-1,304,240,331,-1,331,240,327,-1,331,332,304,-1,304,332,333,-1,304,333,334,-1,334,333,335,-1,334,335,336,-1,337,338,339,-1,339,338,334,-1,339,334,340,-1,340,334,336,-1,337,341,338,-1,338,341,342,-1,338,342,343,-1,343,342,344,-1,343,344,345,-1,346,347,16,-1,348,349,343,-1,350,351,13,-1,13,351,352,-1,13,352,353,-1,345,319,343,-1,343,319,13,-1,343,13,348,-1,348,13,353,-1,347,354,16,-1,16,354,355,-1,16,355,356,-1,356,357,16,-1,16,357,358,-1,16,358,13,-1,13,358,359,-1,13,359,350,-1,349,360,343,-1,343,360,361,-1,343,361,362,-1,362,361,363,-1,364,365,366,-1,366,365,362,-1,366,362,367,-1,367,362,363,-1,364,368,365,-1,365,368,369,-1,365,369,370,-1,370,369,371,-1,370,371,372,-1,373,374,19,-1,375,376,370,-1,377,378,16,-1,16,378,379,-1,16,379,380,-1,372,346,370,-1,370,346,16,-1,370,16,375,-1,375,16,380,-1,374,381,19,-1,19,381,382,-1,19,382,383,-1,383,384,19,-1,19,384,385,-1,19,385,16,-1,16,385,386,-1,16,386,377,-1,376,387,370,-1,370,387,388,-1,370,388,389,-1,389,388,390,-1,391,392,393,-1,393,392,389,-1,393,389,394,-1,394,389,390,-1,391,395,392,-1,392,395,396,-1,392,396,397,-1,397,396,398,-1,397,398,399,-1,400,401,397,-1,402,403,22,-1,399,373,397,-1,397,373,19,-1,397,19,400,-1,400,19,404,-1,401,405,397,-1,397,405,406,-1,397,406,407,-1,407,406,408,-1,409,410,411,-1,411,410,407,-1,411,407,412,-1,412,407,408,-1,403,413,22,-1,22,413,414,-1,22,414,415,-1,409,416,410,-1,410,416,417,-1,410,417,418,-1,418,417,419,-1,418,419,420,-1,421,422,19,-1,19,422,423,-1,19,423,404,-1,415,424,22,-1,22,424,425,-1,22,425,19,-1,19,425,426,-1,19,426,421,-1,427,25,428,-1,428,25,429,-1,428,429,430,-1,420,402,418,-1,418,402,22,-1,418,22,431,-1,427,432,25,-1,25,432,433,-1,25,433,434,-1,435,436,22,-1,431,437,418,-1,418,437,438,-1,418,438,439,-1,439,438,440,-1,439,440,441,-1,434,442,25,-1,25,442,443,-1,25,443,22,-1,22,443,444,-1,22,444,435,-1,436,445,22,-1,22,445,446,-1,22,446,431,-1,447,448,449,-1,449,448,439,-1,449,439,450,-1,450,439,441,-1,447,451,448,-1,448,451,452,-1,448,452,429,-1,429,452,453,-1,429,453,430,-1,53,10,46,-1,46,10,9,-1,46,9,454,-1,454,455,46,-1,46,455,456,-1,46,456,457,-1,458,459,25,-1,25,459,460,-1,457,461,46,-1,46,461,462,-1,46,462,25,-1,25,462,463,-1,25,463,458,-1,464,465,466,-1,466,465,467,-1,466,467,468,-1,464,469,465,-1,465,469,470,-1,465,470,10,-1,10,470,471,-1,10,471,8,-1,460,472,25,-1,25,472,473,-1,25,473,429,-1,429,473,474,-1,474,475,429,-1,429,475,476,-1,429,476,467,-1,467,476,477,-1,467,477,468,-1,478,479,480,-1,481,482,483,-1,484,485,486,-1,487,488,489,-1,490,491,492,-1,4,493,5,-1,5,493,494,-1,495,496,497,-1,495,497,498,-1,497,499,498,-1,498,499,500,-1,498,500,501,-1,501,500,502,-1,501,502,503,-1,504,505,493,-1,493,505,506,-1,493,506,507,-1,508,509,510,-1,510,509,511,-1,512,494,513,-1,513,494,493,-1,513,493,514,-1,514,493,507,-1,508,515,509,-1,509,515,516,-1,509,516,504,-1,504,516,517,-1,504,517,505,-1,503,518,501,-1,501,518,519,-1,501,519,509,-1,509,519,520,-1,509,520,511,-1,512,521,494,-1,494,521,522,-1,494,522,495,-1,495,522,523,-1,495,523,496,-1,524,525,509,-1,525,526,509,-1,509,526,527,-1,509,527,528,-1,529,530,3,-1,3,530,531,-1,3,531,2,-1,532,501,533,-1,533,501,534,-1,528,535,509,-1,509,535,536,-1,509,536,501,-1,501,536,537,-1,501,537,534,-1,538,539,540,-1,540,539,541,-1,540,541,542,-1,542,541,543,-1,529,3,544,-1,544,3,545,-1,544,545,546,-1,546,545,547,-1,546,547,548,-1,548,547,549,-1,548,549,543,-1,543,549,550,-1,543,550,542,-1,531,551,2,-1,2,551,552,-1,2,552,553,-1,552,554,553,-1,553,554,555,-1,553,555,556,-1,538,557,539,-1,539,557,558,-1,539,558,533,-1,533,558,559,-1,533,559,532,-1,560,561,562,-1,563,564,565,-1,561,560,566,-1,566,560,567,-1,566,567,568,-1,569,570,509,-1,509,570,571,-1,509,571,572,-1,573,574,575,-1,575,574,576,-1,575,576,567,-1,567,576,577,-1,567,577,568,-1,564,578,565,-1,565,578,579,-1,565,579,580,-1,556,524,553,-1,553,524,509,-1,553,509,581,-1,581,509,572,-1,580,582,565,-1,565,582,583,-1,565,583,509,-1,509,583,584,-1,509,584,569,-1,581,585,553,-1,553,585,586,-1,553,586,575,-1,575,586,587,-1,575,587,573,-1,588,589,560,-1,560,589,590,-1,560,590,591,-1,591,590,592,-1,591,592,593,-1,594,595,480,-1,595,596,480,-1,480,596,597,-1,480,597,598,-1,562,563,560,-1,560,563,565,-1,560,565,588,-1,588,565,599,-1,593,600,591,-1,591,600,601,-1,591,601,602,-1,602,601,603,-1,604,605,565,-1,565,605,606,-1,565,606,599,-1,603,607,602,-1,602,607,608,-1,602,608,609,-1,609,608,610,-1,609,610,611,-1,598,612,480,-1,480,612,613,-1,480,613,565,-1,565,613,614,-1,565,614,604,-1,615,616,480,-1,617,618,483,-1,483,618,619,-1,483,619,620,-1,621,480,622,-1,622,480,483,-1,611,594,609,-1,609,594,480,-1,609,480,623,-1,623,480,616,-1,621,624,480,-1,480,624,625,-1,480,625,615,-1,620,626,483,-1,483,626,627,-1,483,627,622,-1,623,628,609,-1,609,628,629,-1,609,629,630,-1,630,629,631,-1,630,631,632,-1,632,633,630,-1,630,633,634,-1,630,634,635,-1,635,634,636,-1,636,637,635,-1,635,637,638,-1,635,638,639,-1,639,638,640,-1,639,640,641,-1,642,643,486,-1,644,645,639,-1,646,647,483,-1,483,647,648,-1,483,648,649,-1,641,617,639,-1,639,617,483,-1,639,483,644,-1,644,483,649,-1,650,651,652,-1,652,651,639,-1,652,639,653,-1,653,639,645,-1,643,654,486,-1,486,654,655,-1,486,655,656,-1,656,657,486,-1,486,657,658,-1,486,658,483,-1,483,658,659,-1,483,659,646,-1,660,661,662,-1,662,661,651,-1,662,651,663,-1,663,651,650,-1,660,664,661,-1,661,664,665,-1,661,665,666,-1,666,665,667,-1,666,667,668,-1,669,670,489,-1,671,672,666,-1,673,674,486,-1,486,674,675,-1,486,675,676,-1,668,642,666,-1,666,642,486,-1,666,486,671,-1,671,486,676,-1,677,678,679,-1,679,678,666,-1,679,666,680,-1,680,666,672,-1,670,681,489,-1,489,681,682,-1,489,682,683,-1,683,684,489,-1,489,684,685,-1,489,685,486,-1,486,685,686,-1,486,686,673,-1,687,688,689,-1,689,688,678,-1,689,678,690,-1,690,678,677,-1,687,691,688,-1,688,691,692,-1,688,692,693,-1,693,692,694,-1,693,694,695,-1,696,697,489,-1,489,697,698,-1,489,698,699,-1,695,669,693,-1,693,669,489,-1,693,489,700,-1,700,489,699,-1,701,702,703,-1,703,702,704,-1,703,704,705,-1,705,704,706,-1,701,707,702,-1,702,707,708,-1,702,708,709,-1,709,708,710,-1,709,710,711,-1,700,712,693,-1,693,712,713,-1,693,713,704,-1,704,713,714,-1,704,714,706,-1,715,716,717,-1,716,718,717,-1,717,718,719,-1,717,719,720,-1,720,721,717,-1,717,721,722,-1,717,722,489,-1,489,722,723,-1,489,723,696,-1,724,725,726,-1,726,725,727,-1,727,728,726,-1,726,728,729,-1,726,729,717,-1,717,729,730,-1,717,730,731,-1,731,732,717,-1,717,732,733,-1,717,733,734,-1,735,736,737,-1,737,736,738,-1,737,738,739,-1,738,740,739,-1,739,740,741,-1,739,741,742,-1,742,741,743,-1,742,743,744,-1,711,715,709,-1,709,715,717,-1,709,717,745,-1,745,717,734,-1,745,746,709,-1,709,746,747,-1,709,747,737,-1,737,747,748,-1,737,748,735,-1,744,749,742,-1,742,749,750,-1,742,750,726,-1,726,750,751,-1,726,751,724,-1,752,753,754,-1,755,742,492,-1,492,742,726,-1,492,726,490,-1,490,726,752,-1,490,752,756,-1,756,752,754,-1,756,754,757,-1,758,759,717,-1,717,759,760,-1,760,761,717,-1,717,761,762,-1,717,762,726,-1,726,762,763,-1,764,765,752,-1,752,765,766,-1,767,768,769,-1,769,768,753,-1,769,753,770,-1,766,771,752,-1,752,771,772,-1,752,772,753,-1,753,772,773,-1,753,773,770,-1,767,774,768,-1,768,774,775,-1,768,775,717,-1,717,775,776,-1,717,776,758,-1,763,777,726,-1,726,777,778,-1,726,778,779,-1,779,780,726,-1,726,780,781,-1,726,781,752,-1,752,781,782,-1,752,782,764,-1,783,784,488,-1,488,784,785,-1,786,489,787,-1,787,489,488,-1,787,488,788,-1,788,488,785,-1,789,790,791,-1,791,790,768,-1,789,792,790,-1,790,792,793,-1,790,793,794,-1,786,795,489,-1,489,795,796,-1,489,796,797,-1,798,799,717,-1,717,799,800,-1,794,801,783,-1,783,801,802,-1,783,802,784,-1,797,803,489,-1,489,803,804,-1,489,804,717,-1,717,804,805,-1,717,805,798,-1,800,806,717,-1,717,806,807,-1,717,807,768,-1,768,807,808,-1,768,808,791,-1,794,783,790,-1,790,783,809,-1,790,809,810,-1,487,811,488,-1,488,811,812,-1,488,812,813,-1,813,812,814,-1,814,815,813,-1,813,815,816,-1,813,816,817,-1,818,819,485,-1,485,819,820,-1,821,486,822,-1,822,486,485,-1,822,485,823,-1,823,485,820,-1,821,824,486,-1,486,824,825,-1,486,825,826,-1,817,827,818,-1,818,827,828,-1,818,828,819,-1,489,829,830,-1,830,831,489,-1,489,831,832,-1,489,832,487,-1,826,833,486,-1,486,833,834,-1,486,834,489,-1,489,834,835,-1,489,835,829,-1,817,818,813,-1,813,818,836,-1,813,836,837,-1,484,838,485,-1,485,838,839,-1,485,839,840,-1,840,839,841,-1,841,842,840,-1,840,842,843,-1,840,843,844,-1,845,846,482,-1,482,846,847,-1,848,483,849,-1,849,483,482,-1,849,482,850,-1,850,482,847,-1,848,851,483,-1,483,851,852,-1,483,852,853,-1,844,854,845,-1,845,854,855,-1,845,855,846,-1,486,856,857,-1,857,858,486,-1,486,858,859,-1,486,859,484,-1,853,860,483,-1,483,860,861,-1,483,861,486,-1,486,861,862,-1,486,862,856,-1,844,845,840,-1,840,845,863,-1,840,863,864,-1,865,866,867,-1,868,480,869,-1,869,480,479,-1,869,479,870,-1,871,872,873,-1,873,872,865,-1,866,874,867,-1,867,874,875,-1,867,875,479,-1,479,875,876,-1,479,876,870,-1,481,877,482,-1,482,877,878,-1,482,878,873,-1,873,878,879,-1,873,879,871,-1,868,880,480,-1,480,880,881,-1,480,881,882,-1,483,883,884,-1,884,885,483,-1,483,885,886,-1,483,886,481,-1,882,887,480,-1,480,887,888,-1,480,888,483,-1,483,888,889,-1,483,889,883,-1,865,867,873,-1,873,867,890,-1,873,890,891,-1,892,893,565,-1,894,895,896,-1,896,895,479,-1,896,479,897,-1,897,479,478,-1,898,899,900,-1,901,902,480,-1,902,903,480,-1,480,903,904,-1,480,904,478,-1,894,905,895,-1,895,905,906,-1,895,906,898,-1,899,907,900,-1,900,907,908,-1,900,908,909,-1,909,908,910,-1,909,910,911,-1,893,912,565,-1,565,912,913,-1,565,913,914,-1,914,915,565,-1,565,915,916,-1,565,916,480,-1,480,916,917,-1,480,917,901,-1,898,900,895,-1,895,900,918,-1,895,918,919,-1,911,892,909,-1,909,892,565,-1,909,565,920,-1,920,565,921,-1,504,922,923,-1,924,925,509,-1,509,925,926,-1,920,927,909,-1,909,927,928,-1,909,928,929,-1,929,928,930,-1,930,931,929,-1,929,931,932,-1,929,932,933,-1,504,923,509,-1,509,923,934,-1,509,934,924,-1,933,935,936,-1,926,937,509,-1,509,937,938,-1,509,938,565,-1,565,938,939,-1,565,939,940,-1,940,941,565,-1,565,941,942,-1,565,942,921,-1,935,943,936,-1,936,943,944,-1,936,944,504,-1,504,944,945,-1,504,945,922,-1,933,936,929,-1,929,936,946,-1,929,946,947,-1,2,553,0,-1,0,553,10,-1,504,4,79,-1,79,4,6,-1,5,495,7,-1,7,495,67,-1,545,3,40,-1,40,3,1,-1,
        ]
    }
}
Shape{
    appearance Appearance {
        material  Material 	{
            diffuseColor 1.0 1.0 0.5019607843137255
            specularColor 0.5019607843137255 0.5019607843137255 0.25098039215686274
            ambientIntensity 0.2
            transparency 0
            shininess 0.5
        }
    }
    geometry IndexedFaceSet {
        ccw TRUE
        solid FALSE
        coord DEF co Coordinate {
            point [
                -0.3543 0.5 1.1811, -0.3423 0.5917 1.185, -0.3423 0.5917 1.1811, -0.3069 0.6772 1.185, -0.3069 0.6772 1.1811, -0.2505 0.7505 1.185, -0.2505 0.7505 1.1811, -0.1772 0.8069 1.185, -0.1772 0.8069 1.1811, -0.0917 0.8423 1.185, -0.0917 0.8423 1.1811, -0.0 0.8543 1.185, 0.0 0.8543 1.1811, 0.0917 0.8423 1.185, 0.0917 0.8423 1.1811, 0.1772 0.8069 1.185, 0.1772 0.8069 1.1811, 0.2505 0.7505 1.185, 0.2505 0.7505 1.1811, 0.3069 0.6772 1.185, 0.3069 0.6772 1.1811, 0.3423 0.5917 1.185, 0.3423 0.5917 1.1811, 0.3543 0.5 1.185, 0.3543 0.5 1.1811, 0.3423 0.4083 1.185, 0.3423 0.4083 1.1811, 0.3069 0.3228 1.185, 0.3069 0.3228 1.1811, 0.2505 0.2495 1.185, 0.2505 0.2495 1.1811, 0.1772 0.1931 1.185, 0.1772 0.1931 1.1811, 0.0917 0.1577 1.185, 0.0917 0.1577 1.1811, 0.0 0.1457 1.185, -0.0 0.1457 1.1811, -0.0917 0.1577 1.185, -0.0917 0.1577 1.1811, -0.1772 0.1931 1.185, -0.1772 0.1931 1.1811, -0.2505 0.2495 1.185, -0.2505 0.2495 1.1811, -0.3069 0.3228 1.185, -0.3069 0.3228 1.1811, -0.3423 0.4083 1.185, -0.3423 0.4083 1.1811, -0.3543 0.5 1.185, 0.3042 0.5815 1.185, 0.2728 0.6575 1.185, 0.2227 0.7227 1.185, 0.1575 0.7728 1.185, 0.0815 0.8042 1.185, 0.0 0.815 1.185, -0.0815 0.8042 1.185, -0.1575 0.7728 1.185, -0.2227 0.7227 1.185, -0.2728 0.6575 1.185, -0.3042 0.5815 1.185, -0.315 0.5 1.185, -0.3042 0.4185 1.185, -0.2728 0.3425 1.185, -0.2227 0.2773 1.185, -0.1575 0.2272 1.185, -0.0815 0.1958 1.185, -0.0 0.185 1.185, 0.0815 0.1958 1.185, 0.1575 0.2272 1.185, 0.2227 0.2773 1.185, 0.2728 0.3425 1.185, 0.3042 0.4185 1.185, 0.315 0.5 1.185, 0.315 0.5 1.1063, 0.3042 0.5815 1.1063, 0.2728 0.6575 1.1063, 0.2227 0.7227 1.1063, 0.1575 0.7728 1.1063, 0.0815 0.8042 1.1063, 0.0 0.815 1.1063, -0.0815 0.8042 1.1063, -0.1575 0.7728 1.1063, -0.2227 0.7227 1.1063, -0.2728 0.6575 1.1063, -0.3042 0.5815 1.1063, -0.315 0.5 1.1063, -0.3042 0.4185 1.1063, -0.2728 0.3425 1.1063, -0.2227 0.2773 1.1063, -0.1575 0.2272 1.1063, -0.0815 0.1958 1.1063, -0.0 0.185 1.1063, 0.0815 0.1958 1.1063, 0.1575 0.2272 1.1063, 0.2227 0.2773 1.1063, 0.2728 0.3425 1.1063, 0.3042 0.4185 1.1063, 0.1083 0.4375 0.3976, 0.1208 0.4676 0.3976, 0.0 0.5 0.3976, 0.1251 0.5 0.3976, 0.1208 0.5324 0.3976, 0.0324 0.3792 0.3976, 0.0625 0.3917 0.3976, 0.0884 0.4116 0.3976, -0.0625 0.3917 0.3976, -0.0324 0.3792 0.3976, -0.0 0.3749 0.3976, -0.1208 0.4676 0.3976, -0.1083 0.4375 0.3976, -0.0884 0.4116 0.3976, -0.1083 0.5625 0.3976, -0.1208 0.5324 0.3976, -0.1251 0.5 0.3976, -0.0324 0.6208 0.3976, -0.0625 0.6083 0.3976, -0.0884 0.5884 0.3976, 0.0625 0.6083 0.3976, 0.0324 0.6208 0.3976, 0.0 0.6251 0.3976, 0.1083 0.5625 0.3976, 0.0884 0.5884 0.3976, 0.3543 0.5 0.0, 0.3423 0.5917 -0.2756, 0.3423 0.5917 0.0, 0.3069 0.6772 -0.2756, 0.3069 0.6772 0.0, 0.2505 0.7505 -0.2756, 0.2505 0.7505 0.0, 0.1772 0.8069 -0.2756, 0.1772 0.8069 0.0, 0.0917 0.8423 -0.2756, 0.0917 0.8423 0.0, 0.0 0.8543 -0.2756, -0.0 0.8543 0.0, -0.0917 0.8423 -0.2756, -0.0917 0.8423 0.0, -0.1772 0.8069 -0.2756, -0.1772 0.8069 0.0, -0.2505 0.7505 -0.2756, -0.2505 0.7505 0.0, -0.3069 0.6772 -0.2756, -0.3069 0.6772 0.0, -0.3423 0.5917 -0.2756, -0.3423 0.5917 0.0, -0.3543 0.5 -0.2756, -0.3543 0.5 0.0, -0.3423 0.4083 -0.2756, -0.3423 0.4083 0.0, -0.3069 0.3228 -0.2756, -0.3069 0.3228 0.0, -0.2505 0.2495 -0.2756, -0.2505 0.2495 0.0, -0.1772 0.1931 -0.2756, -0.1772 0.1931 0.0, -0.0917 0.1577 -0.2756, -0.0917 0.1577 0.0, -0.0 0.1457 -0.2756, 0.0 0.1457 0.0, 0.0917 0.1577 -0.2756, 0.0917 0.1577 0.0, 0.1772 0.1931 -0.2756, 0.1772 0.1931 0.0, 0.2505 0.2495 -0.2756, 0.2505 0.2495 0.0, 0.3069 0.3228 -0.2756, 0.3069 0.3228 0.0, 0.3423 0.4083 -0.2756, 0.3423 0.4083 0.0, 0.3543 0.5 -0.2756, 0.0984 0.5 -0.3937, 0.2362 0.5 -0.3937, 0.0951 0.4745 -0.3937, 0.2282 0.4389 -0.3937, 0.0852 0.4508 -0.3937, 0.2046 0.3819 -0.3937, 0.0696 0.4304 -0.3937, 0.167 0.333 -0.3937, 0.0492 0.4148 -0.3937, 0.1181 0.2954 -0.3937, 0.0255 0.4049 -0.3937, 0.0611 0.2718 -0.3937, 0.0 0.4016 -0.3937, -0.0 0.2638 -0.3937, -0.0255 0.4049 -0.3937, -0.0611 0.2718 -0.3937, -0.0492 0.4148 -0.3937, -0.1181 0.2954 -0.3937, -0.0696 0.4304 -0.3937, -0.167 0.333 -0.3937, -0.0852 0.4508 -0.3937, -0.2046 0.3819 -0.3937, -0.0951 0.4745 -0.3937, -0.2282 0.4389 -0.3937, -0.0984 0.5 -0.3937, -0.2362 0.5 -0.3937, -0.0951 0.5255 -0.3937, -0.2282 0.5611 -0.3937, -0.0852 0.5492 -0.3937, -0.2046 0.6181 -0.3937, -0.0696 0.5696 -0.3937, -0.167 0.667 -0.3937, -0.0492 0.5852 -0.3937, -0.1181 0.7046 -0.3937, -0.0255 0.5951 -0.3937, -0.0611 0.7282 -0.3937, 0.0 0.5984 -0.3937, 0.0 0.7362 -0.3937, 0.0255 0.5951 -0.3937, 0.0611 0.7282 -0.3937, 0.0492 0.5852 -0.3937, 0.1181 0.7046 -0.3937, 0.0696 0.5696 -0.3937, 0.167 0.667 -0.3937, 0.0852 0.5492 -0.3937, 0.2046 0.6181 -0.3937, 0.0951 0.5255 -0.3937, 0.2282 0.5611 -0.3937, 0.0295 1.437 -0.8779, 0.0153 1.437 -0.8838, 0.0 1.437 -0.8268, 0.0 1.437 -0.8858, -0.0153 1.437 -0.8838, 0.057 1.437 -0.8421, 0.0511 1.437 -0.8563, 0.0418 1.437 -0.8685, 0.0511 1.437 -0.7972, 0.057 1.437 -0.8115, 0.0591 1.437 -0.8268, 0.0153 1.437 -0.7697, 0.0295 1.437 -0.7756, 0.0418 1.437 -0.785, -0.0295 1.437 -0.7756, -0.0153 1.437 -0.7697, -0.0 1.437 -0.7677, -0.057 1.437 -0.8115, -0.0511 1.437 -0.7972, -0.0418 1.437 -0.785, -0.0511 1.437 -0.8563, -0.057 1.437 -0.8421, -0.0591 1.437 -0.8268, -0.0295 1.437 -0.8779, -0.0418 1.437 -0.8685, 0.0 0.5984 -0.6299, 0.0255 0.5951 -0.6299, 0.0492 0.5852 -0.6299, 0.0696 0.5696 -0.6299, 0.0852 0.5492 -0.6299, 0.0951 0.5255 -0.6299, 0.0984 0.5 -0.6299, 0.0951 0.4745 -0.6299, 0.0852 0.4508 -0.6299, 0.0696 0.4304 -0.6299, 0.0492 0.4148 -0.6299, 0.0255 0.4049 -0.6299, 0.0 0.4016 -0.6299, -0.0255 0.4049 -0.6299, -0.0492 0.4148 -0.6299, -0.0696 0.4304 -0.6299, -0.0852 0.4508 -0.6299, -0.0951 0.4745 -0.6299, -0.0984 0.5 -0.6299, -0.0951 0.5255 -0.6299, -0.0852 0.5492 -0.6299, -0.0696 0.5696 -0.6299, -0.0492 0.5852 -0.6299, -0.0255 0.5951 -0.6299, -0.0 0.6969 -0.7283, -0.0 0.6749 -0.7259, 0.0255 0.6969 -0.7317, 0.0255 0.6742 -0.7291, 0.0492 0.6969 -0.7415, 0.0492 0.672 -0.7387, 0.0696 0.6969 -0.7572, 0.0696 0.6685 -0.754, 0.0852 0.6969 -0.7776, 0.0852 0.664 -0.7739, 0.0951 0.6969 -0.8013, 0.0951 0.6587 -0.797, 0.0984 0.6969 -0.8268, 0.0984 0.653 -0.8218, 0.0951 0.6969 -0.8522, 0.0951 0.6474 -0.8467, 0.0852 0.6969 -0.876, 0.0852 0.6421 -0.8698, 0.0696 0.6969 -0.8964, 0.0696 0.6376 -0.8897, 0.0492 0.6969 -0.912, 0.0492 0.6341 -0.9049, 0.0255 0.6969 -0.9218, 0.0255 0.6319 -0.9145, -0.0 0.6969 -0.9252, -0.0 0.6311 -0.9178, -0.0255 0.6969 -0.9218, -0.0255 0.6319 -0.9145, -0.0492 0.6969 -0.912, -0.0492 0.6341 -0.9049, -0.0696 0.6969 -0.8964, -0.0696 0.6376 -0.8897, -0.0852 0.6969 -0.876, -0.0852 0.6421 -0.8698, -0.0951 0.6969 -0.8522, -0.0951 0.6474 -0.8467, -0.0984 0.6969 -0.8268, -0.0984 0.653 -0.8218, -0.0951 0.6969 -0.8013, -0.0951 0.6587 -0.797, -0.0852 0.6969 -0.7776, -0.0852 0.664 -0.7739, -0.0696 0.6969 -0.7572, -0.0696 0.6685 -0.754, -0.0492 0.6969 -0.7415, -0.0492 0.672 -0.7387, -0.0255 0.6969 -0.7317, -0.0255 0.6742 -0.7291, -0.0 0.6541 -0.7186, 0.0255 0.6527 -0.7216, 0.0492 0.6484 -0.7305, 0.0696 0.6416 -0.7446, 0.0852 0.6328 -0.7629, 0.0951 0.6225 -0.7843, 0.0984 0.6114 -0.8073, 0.0951 0.6004 -0.8302, 0.0852 0.5901 -0.8516, 0.0696 0.5812 -0.87, 0.0492 0.5745 -0.8841, 0.0255 0.5702 -0.8929, -0.0 0.5687 -0.896, -0.0255 0.5702 -0.8929, -0.0492 0.5745 -0.8841, -0.0696 0.5812 -0.87, -0.0852 0.5901 -0.8516, -0.0951 0.6004 -0.8302, -0.0984 0.6114 -0.8073, -0.0951 0.6225 -0.7843, -0.0852 0.6328 -0.7629, -0.0696 0.6416 -0.7446, -0.0492 0.6484 -0.7305, -0.0255 0.6527 -0.7216, -0.0 0.6355 -0.7069, 0.0255 0.6334 -0.7095, 0.0492 0.6273 -0.7172, 0.0696 0.6175 -0.7294, 0.0852 0.6048 -0.7453, 0.0951 0.59 -0.7639, 0.0984 0.5741 -0.7838, 0.0951 0.5582 -0.8037, 0.0852 0.5434 -0.8223, 0.0696 0.5307 -0.8382, 0.0492 0.521 -0.8505, 0.0255 0.5148 -0.8582, -0.0 0.5127 -0.8608, -0.0255 0.5148 -0.8582, -0.0492 0.521 -0.8505, -0.0696 0.5307 -0.8382, -0.0852 0.5434 -0.8223, -0.0951 0.5582 -0.8037, -0.0984 0.5741 -0.7838, -0.0951 0.59 -0.7639, -0.0852 0.6048 -0.7453, -0.0696 0.6175 -0.7294, -0.0492 0.6273 -0.7172, -0.0255 0.6334 -0.7095, -0.0 0.6199 -0.6913, 0.0255 0.6173 -0.6934, 0.0492 0.6096 -0.6995, 0.0696 0.5974 -0.7093, 0.0852 0.5814 -0.722, 0.0951 0.5629 -0.7368, 0.0984 0.5429 -0.7527, 0.0951 0.523 -0.7685, 0.0852 0.5045 -0.7833, 0.0696 0.4885 -0.796, 0.0492 0.4763 -0.8058, 0.0255 0.4686 -0.8119, -0.0 0.466 -0.814, -0.0255 0.4686 -0.8119, -0.0492 0.4763 -0.8058, -0.0696 0.4885 -0.796, -0.0852 0.5045 -0.7833, -0.0951 0.523 -0.7685, -0.0984 0.5429 -0.7527, -0.0951 0.5629 -0.7368, -0.0852 0.5814 -0.722, -0.0696 0.5974 -0.7093, -0.0492 0.6096 -0.6995, -0.0255 0.6173 -0.6934, -0.0 0.6082 -0.6726, 0.0255 0.6052 -0.6741, 0.0492 0.5963 -0.6783, 0.0696 0.5822 -0.6851, 0.0852 0.5638 -0.694, 0.0951 0.5424 -0.7043, 0.0984 0.5195 -0.7153, 0.0951 0.4965 -0.7264, 0.0852 0.4752 -0.7367, 0.0696 0.4568 -0.7455, 0.0492 0.4427 -0.7523, 0.0255 0.4338 -0.7566, -0.0 0.4308 -0.758, -0.0255 0.4338 -0.7566, -0.0492 0.4427 -0.7523, -0.0696 0.4568 -0.7455, -0.0852 0.4752 -0.7367, -0.0951 0.4965 -0.7264, -0.0984 0.5195 -0.7153, -0.0951 0.5424 -0.7043, -0.0852 0.5638 -0.694, -0.0696 0.5822 -0.6851, -0.0492 0.5963 -0.6783, -0.0255 0.6052 -0.6741, -0.0 0.6009 -0.6518, 0.0255 0.5976 -0.6526, 0.0492 0.588 -0.6548, 0.0696 0.5728 -0.6582, 0.0852 0.5529 -0.6628, 0.0951 0.5298 -0.6681, 0.0984 0.5049 -0.6737, 0.0951 0.4801 -0.6794, 0.0852 0.457 -0.6847, 0.0696 0.4371 -0.6892, 0.0492 0.4218 -0.6927, 0.0255 0.4122 -0.6949, -0.0 0.409 -0.6956, -0.0255 0.4122 -0.6949, -0.0492 0.4218 -0.6927, -0.0696 0.4371 -0.6892, -0.0852 0.457 -0.6847, -0.0951 0.4801 -0.6794, -0.0984 0.5049 -0.6737, -0.0951 0.5298 -0.6681, -0.0852 0.5529 -0.6628, -0.0696 0.5728 -0.6582, -0.0492 0.588 -0.6548, -0.0255 0.5976 -0.6526, 0.0 1.3976 -0.7283, 0.0255 1.3976 -0.7317, 0.0492 1.3976 -0.7415, 0.0696 1.3976 -0.7572, 0.0852 1.3976 -0.7776, 0.0951 1.3976 -0.8013, 0.0984 1.3976 -0.8268, 0.0951 1.3976 -0.8522, 0.0852 1.3976 -0.876, 0.0696 1.3976 -0.8964, 0.0492 1.3976 -0.912, 0.0255 1.3976 -0.9218, 0.0 1.3976 -0.9252, -0.0255 1.3976 -0.9218, -0.0492 1.3976 -0.912, -0.0696 1.3976 -0.8964, -0.0852 1.3976 -0.876, -0.0951 1.3976 -0.8522, -0.0984 1.3976 -0.8268, -0.0951 1.3976 -0.8013, -0.0852 1.3976 -0.7776, -0.0696 1.3976 -0.7572, -0.0492 1.3976 -0.7415, -0.0255 1.3976 -0.7317, 0.0251 1.4078 -0.9205, 0.0485 1.4078 -0.9108, 0.0686 1.4078 -0.8954, 0.0841 1.4078 -0.8753, 0.0938 1.4078 -0.8519, 0.0971 1.4078 -0.8268, 0.0938 1.4078 -0.8016, 0.0841 1.4078 -0.7782, 0.0686 1.4078 -0.7581, 0.0485 1.4078 -0.7427, 0.0251 1.4078 -0.733, 0.0 1.4078 -0.7297, -0.0251 1.4078 -0.733, -0.0485 1.4078 -0.7427, -0.0686 1.4078 -0.7581, -0.0841 1.4078 -0.7782, -0.0938 1.4078 -0.8016, -0.0971 1.4078 -0.8268, -0.0938 1.4078 -0.8519, -0.0841 1.4078 -0.8753, -0.0686 1.4078 -0.8954, -0.0485 1.4078 -0.9108, -0.0251 1.4078 -0.9205, 0.0 1.4078 -0.9239, 0.0241 1.4173 -0.9167, 0.0466 1.4173 -0.9074, 0.0659 1.4173 -0.8926, 0.0807 1.4173 -0.8733, 0.09 1.4173 -0.8509, 0.0932 1.4173 -0.8268, 0.09 1.4173 -0.8027, 0.0807 1.4173 -0.7802, 0.0659 1.4173 -0.7609, 0.0466 1.4173 -0.7461, 0.0241 1.4173 -0.7368, 0.0 1.4173 -0.7336, -0.0241 1.4173 -0.7368, -0.0466 1.4173 -0.7461, -0.0659 1.4173 -0.7609, -0.0807 1.4173 -0.7802, -0.09 1.4173 -0.8027, -0.0932 1.4173 -0.8268, -0.09 1.4173 -0.8509, -0.0807 1.4173 -0.8733, -0.0659 1.4173 -0.8926, -0.0466 1.4173 -0.9074, -0.0241 1.4173 -0.9167, 0.0 1.4173 -0.9199, 0.0225 1.4255 -0.9107, 0.0434 1.4255 -0.902, 0.0614 1.4255 -0.8882, 0.0753 1.4255 -0.8702, 0.0839 1.4255 -0.8493, 0.0869 1.4255 -0.8268, 0.0839 1.4255 -0.8043, 0.0753 1.4255 -0.7833, 0.0614 1.4255 -0.7653, 0.0434 1.4255 -0.7515, 0.0225 1.4255 -0.7428, 0.0 1.4255 -0.7399, -0.0225 1.4255 -0.7428, -0.0434 1.4255 -0.7515, -0.0614 1.4255 -0.7653, -0.0753 1.4255 -0.7833, -0.0839 1.4255 -0.8043, -0.0869 1.4255 -0.8268, -0.0839 1.4255 -0.8493, -0.0753 1.4255 -0.8702, -0.0614 1.4255 -0.8882, -0.0434 1.4255 -0.902, -0.0225 1.4255 -0.9107, 0.0 1.4255 -0.9137, 0.0204 1.4317 -0.9028, 0.0394 1.4317 -0.895, 0.0557 1.4317 -0.8824, 0.0682 1.4317 -0.8661, 0.0761 1.4317 -0.8472, 0.0787 1.4317 -0.8268, 0.0761 1.4317 -0.8064, 0.0682 1.4317 -0.7874, 0.0557 1.4317 -0.7711, 0.0394 1.4317 -0.7586, 0.0204 1.4317 -0.7507, 0.0 1.4317 -0.748, -0.0204 1.4317 -0.7507, -0.0394 1.4317 -0.7586, -0.0557 1.4317 -0.7711, -0.0682 1.4317 -0.7874, -0.0761 1.4317 -0.8064, -0.0787 1.4317 -0.8268, -0.0761 1.4317 -0.8472, -0.0682 1.4317 -0.8661, -0.0557 1.4317 -0.8824, -0.0394 1.4317 -0.895, -0.0204 1.4317 -0.9028, 0.0 1.4317 -0.9055, 0.0179 1.4357 -0.8937, 0.0346 1.4357 -0.8867, 0.049 1.4357 -0.8757, 0.06 1.4357 -0.8614, 0.0669 1.4357 -0.8447, 0.0692 1.4357 -0.8268, 0.0669 1.4357 -0.8088, 0.06 1.4357 -0.7921, 0.049 1.4357 -0.7778, 0.0346 1.4357 -0.7668, 0.0179 1.4357 -0.7599, 0.0 1.4357 -0.7575, -0.0179 1.4357 -0.7599, -0.0346 1.4357 -0.7668, -0.049 1.4357 -0.7778, -0.06 1.4357 -0.7921, -0.0669 1.4357 -0.8088, -0.0692 1.4357 -0.8268, -0.0669 1.4357 -0.8447, -0.06 1.4357 -0.8614, -0.049 1.4357 -0.8757, -0.0346 1.4357 -0.8867, -0.0179 1.4357 -0.8937, 0.0 1.4357 -0.896, 0.0 1.4357 -0.896
            ]
        }
        coordIndex [
            0,1,2,-1,2,1,3,-1,2,3,4,-1,4,3,5,-1,4,5,6,-1,6,5,7,-1,6,7,8,-1,8,7,9,-1,8,9,10,-1,10,9,11,-1,10,11,12,-1,12,11,13,-1,12,13,14,-1,14,13,15,-1,14,15,16,-1,16,15,17,-1,16,17,18,-1,18,17,19,-1,18,19,20,-1,20,19,21,-1,20,21,22,-1,22,21,23,-1,22,23,24,-1,24,23,25,-1,24,25,26,-1,26,25,27,-1,26,27,28,-1,28,27,29,-1,28,29,30,-1,30,29,31,-1,30,31,32,-1,32,31,33,-1,32,33,34,-1,34,33,35,-1,34,35,36,-1,36,35,37,-1,36,37,38,-1,38,37,39,-1,38,39,40,-1,40,39,41,-1,40,41,42,-1,42,41,43,-1,42,43,44,-1,44,43,45,-1,44,45,46,-1,46,45,47,-1,46,47,0,-1,0,47,1,-1,48,21,49,-1,49,21,19,-1,49,19,50,-1,50,19,17,-1,50,17,51,-1,51,17,15,-1,51,15,52,-1,52,15,13,-1,52,13,53,-1,53,13,11,-1,53,11,54,-1,54,11,9,-1,54,9,55,-1,55,9,7,-1,55,7,56,-1,56,7,5,-1,56,5,57,-1,57,5,3,-1,57,3,58,-1,58,3,1,-1,58,1,59,-1,59,1,47,-1,59,47,60,-1,60,47,45,-1,60,45,61,-1,61,45,43,-1,61,43,62,-1,62,43,41,-1,62,41,63,-1,63,41,39,-1,63,39,64,-1,64,39,37,-1,64,37,65,-1,65,37,35,-1,65,35,66,-1,66,35,33,-1,66,33,67,-1,67,33,31,-1,67,31,68,-1,68,31,29,-1,68,29,69,-1,69,29,27,-1,69,27,70,-1,70,27,25,-1,70,25,71,-1,71,25,23,-1,71,23,48,-1,48,23,21,-1,72,71,73,-1,73,71,48,-1,73,48,74,-1,74,48,49,-1,74,49,75,-1,75,49,50,-1,75,50,76,-1,76,50,51,-1,76,51,77,-1,77,51,52,-1,77,52,78,-1,78,52,53,-1,78,53,79,-1,79,53,54,-1,79,54,80,-1,80,54,55,-1,80,55,81,-1,81,55,56,-1,81,56,82,-1,82,56,57,-1,82,57,83,-1,83,57,58,-1,83,58,84,-1,84,58,59,-1,84,59,85,-1,85,59,60,-1,85,60,86,-1,86,60,61,-1,86,61,87,-1,87,61,62,-1,87,62,88,-1,88,62,63,-1,88,63,89,-1,89,63,64,-1,89,64,90,-1,90,64,65,-1,90,65,91,-1,91,65,66,-1,91,66,92,-1,92,66,67,-1,92,67,93,-1,93,67,68,-1,93,68,94,-1,94,68,69,-1,94,69,95,-1,95,69,70,-1,95,70,72,-1,72,70,71,-1,96,97,98,-1,98,97,99,-1,98,99,100,-1,101,102,98,-1,98,102,103,-1,98,103,96,-1,104,105,98,-1,98,105,106,-1,98,106,101,-1,107,108,98,-1,98,108,109,-1,98,109,104,-1,110,111,98,-1,98,111,112,-1,98,112,107,-1,113,114,98,-1,98,114,115,-1,98,115,110,-1,116,117,98,-1,98,117,118,-1,98,118,113,-1,100,119,98,-1,98,119,120,-1,98,120,116,-1,100,73,119,-1,119,73,74,-1,119,74,120,-1,120,74,75,-1,120,75,116,-1,116,75,76,-1,116,76,117,-1,117,76,77,-1,117,77,118,-1,118,77,78,-1,118,78,113,-1,113,78,79,-1,113,79,114,-1,114,79,80,-1,114,80,115,-1,115,80,81,-1,115,81,110,-1,110,81,82,-1,110,82,111,-1,111,82,83,-1,111,83,112,-1,112,83,84,-1,112,84,107,-1,107,84,85,-1,107,85,108,-1,108,85,86,-1,108,86,109,-1,109,86,87,-1,109,87,104,-1,104,87,88,-1,104,88,105,-1,105,88,89,-1,105,89,106,-1,106,89,90,-1,106,90,101,-1,101,90,91,-1,101,91,102,-1,102,91,92,-1,102,92,103,-1,103,92,93,-1,103,93,96,-1,96,93,94,-1,96,94,97,-1,97,94,95,-1,97,95,99,-1,99,95,72,-1,99,72,100,-1,100,72,73,-1,121,122,123,-1,123,122,124,-1,123,124,125,-1,125,124,126,-1,125,126,127,-1,127,126,128,-1,127,128,129,-1,129,128,130,-1,129,130,131,-1,131,130,132,-1,131,132,133,-1,133,132,134,-1,133,134,135,-1,135,134,136,-1,135,136,137,-1,137,136,138,-1,137,138,139,-1,139,138,140,-1,139,140,141,-1,141,140,142,-1,141,142,143,-1,143,142,144,-1,143,144,145,-1,145,144,146,-1,145,146,147,-1,147,146,148,-1,147,148,149,-1,149,148,150,-1,149,150,151,-1,151,150,152,-1,151,152,153,-1,153,152,154,-1,153,154,155,-1,155,154,156,-1,155,156,157,-1,157,156,158,-1,157,158,159,-1,159,158,160,-1,159,160,161,-1,161,160,162,-1,161,162,163,-1,163,162,164,-1,163,164,165,-1,165,164,166,-1,165,166,167,-1,167,166,168,-1,167,168,121,-1,121,168,122,-1,169,170,171,-1,171,170,172,-1,171,172,173,-1,173,172,174,-1,173,174,175,-1,175,174,176,-1,175,176,177,-1,177,176,178,-1,177,178,179,-1,179,178,180,-1,179,180,181,-1,181,180,182,-1,181,182,183,-1,183,182,184,-1,183,184,185,-1,185,184,186,-1,185,186,187,-1,187,186,188,-1,187,188,189,-1,189,188,190,-1,189,190,191,-1,191,190,192,-1,191,192,193,-1,193,192,194,-1,193,194,195,-1,195,194,196,-1,195,196,197,-1,197,196,198,-1,197,198,199,-1,199,198,200,-1,199,200,201,-1,201,200,202,-1,201,202,203,-1,203,202,204,-1,203,204,205,-1,205,204,206,-1,205,206,207,-1,207,206,208,-1,207,208,209,-1,209,208,210,-1,209,210,211,-1,211,210,212,-1,211,212,213,-1,213,212,214,-1,213,214,215,-1,215,214,216,-1,215,216,169,-1,169,216,170,-1,168,216,122,-1,122,216,214,-1,122,214,124,-1,124,214,212,-1,124,212,126,-1,126,212,210,-1,126,210,128,-1,128,210,208,-1,128,208,130,-1,130,208,206,-1,130,206,132,-1,132,206,204,-1,132,204,134,-1,134,204,202,-1,134,202,136,-1,136,202,200,-1,136,200,138,-1,138,200,198,-1,138,198,140,-1,140,198,196,-1,140,196,142,-1,142,196,194,-1,142,194,144,-1,144,194,192,-1,144,192,146,-1,146,192,190,-1,146,190,148,-1,148,190,188,-1,148,188,150,-1,150,188,186,-1,150,186,152,-1,152,186,184,-1,152,184,154,-1,154,184,182,-1,154,182,156,-1,156,182,180,-1,156,180,158,-1,158,180,178,-1,158,178,160,-1,160,178,176,-1,160,176,162,-1,162,176,174,-1,162,174,164,-1,164,174,172,-1,164,172,166,-1,166,172,170,-1,166,170,168,-1,168,170,216,-1,217,218,219,-1,219,218,220,-1,219,220,221,-1,222,223,219,-1,219,223,224,-1,219,224,217,-1,225,226,219,-1,219,226,227,-1,219,227,222,-1,228,229,219,-1,219,229,230,-1,219,230,225,-1,231,232,219,-1,219,232,233,-1,219,233,228,-1,234,235,219,-1,219,235,236,-1,219,236,231,-1,237,238,219,-1,219,238,239,-1,219,239,234,-1,221,240,219,-1,219,240,241,-1,219,241,237,-1,242,207,243,-1,243,207,209,-1,243,209,244,-1,244,209,211,-1,244,211,245,-1,245,211,213,-1,245,213,246,-1,246,213,215,-1,246,215,247,-1,247,215,169,-1,247,169,248,-1,248,169,171,-1,248,171,249,-1,249,171,173,-1,249,173,250,-1,250,173,175,-1,250,175,251,-1,251,175,177,-1,251,177,252,-1,252,177,179,-1,252,179,253,-1,253,179,181,-1,253,181,254,-1,254,181,183,-1,254,183,255,-1,255,183,185,-1,255,185,256,-1,256,185,187,-1,256,187,257,-1,257,187,189,-1,257,189,258,-1,258,189,191,-1,258,191,259,-1,259,191,193,-1,259,193,260,-1,260,193,195,-1,260,195,261,-1,261,195,197,-1,261,197,262,-1,262,197,199,-1,262,199,263,-1,263,199,201,-1,263,201,264,-1,264,201,203,-1,264,203,265,-1,265,203,205,-1,265,205,242,-1,242,205,207,-1,266,267,268,-1,268,267,269,-1,268,269,270,-1,270,269,271,-1,270,271,272,-1,272,271,273,-1,272,273,274,-1,274,273,275,-1,274,275,276,-1,276,275,277,-1,276,277,278,-1,278,277,279,-1,278,279,280,-1,280,279,281,-1,280,281,282,-1,282,281,283,-1,282,283,284,-1,284,283,285,-1,284,285,286,-1,286,285,287,-1,286,287,288,-1,288,287,289,-1,288,289,290,-1,290,289,291,-1,290,291,292,-1,292,291,293,-1,292,293,294,-1,294,293,295,-1,294,295,296,-1,296,295,297,-1,296,297,298,-1,298,297,299,-1,298,299,300,-1,300,299,301,-1,300,301,302,-1,302,301,303,-1,302,303,304,-1,304,303,305,-1,304,305,306,-1,306,305,307,-1,306,307,308,-1,308,307,309,-1,308,309,310,-1,310,309,311,-1,310,311,312,-1,312,311,313,-1,312,313,266,-1,266,313,267,-1,267,314,269,-1,269,314,315,-1,269,315,271,-1,271,315,316,-1,271,316,273,-1,273,316,317,-1,273,317,275,-1,275,317,318,-1,275,318,277,-1,277,318,319,-1,277,319,279,-1,279,319,320,-1,279,320,281,-1,281,320,321,-1,281,321,283,-1,283,321,322,-1,283,322,285,-1,285,322,323,-1,285,323,287,-1,287,323,324,-1,287,324,289,-1,289,324,325,-1,289,325,291,-1,291,325,326,-1,291,326,293,-1,293,326,327,-1,293,327,295,-1,295,327,328,-1,295,328,297,-1,297,328,329,-1,297,329,299,-1,299,329,330,-1,299,330,301,-1,301,330,331,-1,301,331,303,-1,303,331,332,-1,303,332,305,-1,305,332,333,-1,305,333,307,-1,307,333,334,-1,307,334,309,-1,309,334,335,-1,309,335,311,-1,311,335,336,-1,311,336,313,-1,313,336,337,-1,313,337,267,-1,267,337,314,-1,314,338,315,-1,315,338,339,-1,315,339,316,-1,316,339,340,-1,316,340,317,-1,317,340,341,-1,317,341,318,-1,318,341,342,-1,318,342,319,-1,319,342,343,-1,319,343,320,-1,320,343,344,-1,320,344,321,-1,321,344,345,-1,321,345,322,-1,322,345,346,-1,322,346,323,-1,323,346,347,-1,323,347,324,-1,324,347,348,-1,324,348,325,-1,325,348,349,-1,325,349,326,-1,326,349,350,-1,326,350,327,-1,327,350,351,-1,327,351,328,-1,328,351,352,-1,328,352,329,-1,329,352,353,-1,329,353,330,-1,330,353,354,-1,330,354,331,-1,331,354,355,-1,331,355,332,-1,332,355,356,-1,332,356,333,-1,333,356,357,-1,333,357,334,-1,334,357,358,-1,334,358,335,-1,335,358,359,-1,335,359,336,-1,336,359,360,-1,336,360,337,-1,337,360,361,-1,337,361,314,-1,314,361,338,-1,338,362,339,-1,339,362,363,-1,339,363,340,-1,340,363,364,-1,340,364,341,-1,341,364,365,-1,341,365,342,-1,342,365,366,-1,342,366,343,-1,343,366,367,-1,343,367,344,-1,344,367,368,-1,344,368,345,-1,345,368,369,-1,345,369,346,-1,346,369,370,-1,346,370,347,-1,347,370,371,-1,347,371,348,-1,348,371,372,-1,348,372,349,-1,349,372,373,-1,349,373,350,-1,350,373,374,-1,350,374,351,-1,351,374,375,-1,351,375,352,-1,352,375,376,-1,352,376,353,-1,353,376,377,-1,353,377,354,-1,354,377,378,-1,354,378,355,-1,355,378,379,-1,355,379,356,-1,356,379,380,-1,356,380,357,-1,357,380,381,-1,357,381,358,-1,358,381,382,-1,358,382,359,-1,359,382,383,-1,359,383,360,-1,360,383,384,-1,360,384,361,-1,361,384,385,-1,361,385,338,-1,338,385,362,-1,362,386,363,-1,363,386,387,-1,363,387,364,-1,364,387,388,-1,364,388,365,-1,365,388,389,-1,365,389,366,-1,366,389,390,-1,366,390,367,-1,367,390,391,-1,367,391,368,-1,368,391,392,-1,368,392,369,-1,369,392,393,-1,369,393,370,-1,370,393,394,-1,370,394,371,-1,371,394,395,-1,371,395,372,-1,372,395,396,-1,372,396,373,-1,373,396,397,-1,373,397,374,-1,374,397,398,-1,374,398,375,-1,375,398,399,-1,375,399,376,-1,376,399,400,-1,376,400,377,-1,377,400,401,-1,377,401,378,-1,378,401,402,-1,378,402,379,-1,379,402,403,-1,379,403,380,-1,380,403,404,-1,380,404,381,-1,381,404,405,-1,381,405,382,-1,382,405,406,-1,382,406,383,-1,383,406,407,-1,383,407,384,-1,384,407,408,-1,384,408,385,-1,385,408,409,-1,385,409,362,-1,362,409,386,-1,386,410,387,-1,387,410,411,-1,387,411,388,-1,388,411,412,-1,388,412,389,-1,389,412,413,-1,389,413,390,-1,390,413,414,-1,390,414,391,-1,391,414,415,-1,391,415,392,-1,392,415,416,-1,392,416,393,-1,393,416,417,-1,393,417,394,-1,394,417,418,-1,394,418,395,-1,395,418,419,-1,395,419,396,-1,396,419,420,-1,396,420,397,-1,397,420,421,-1,397,421,398,-1,398,421,422,-1,398,422,399,-1,399,422,423,-1,399,423,400,-1,400,423,424,-1,400,424,401,-1,401,424,425,-1,401,425,402,-1,402,425,426,-1,402,426,403,-1,403,426,427,-1,403,427,404,-1,404,427,428,-1,404,428,405,-1,405,428,429,-1,405,429,406,-1,406,429,430,-1,406,430,407,-1,407,430,431,-1,407,431,408,-1,408,431,432,-1,408,432,409,-1,409,432,433,-1,409,433,386,-1,386,433,410,-1,410,242,411,-1,411,242,243,-1,411,243,412,-1,412,243,244,-1,412,244,413,-1,413,244,245,-1,413,245,414,-1,414,245,246,-1,414,246,415,-1,415,246,247,-1,415,247,416,-1,416,247,248,-1,416,248,417,-1,417,248,249,-1,417,249,418,-1,418,249,250,-1,418,250,419,-1,419,250,251,-1,419,251,420,-1,420,251,252,-1,420,252,421,-1,421,252,253,-1,421,253,422,-1,422,253,254,-1,422,254,423,-1,423,254,255,-1,423,255,424,-1,424,255,256,-1,424,256,425,-1,425,256,257,-1,425,257,426,-1,426,257,258,-1,426,258,427,-1,427,258,259,-1,427,259,428,-1,428,259,260,-1,428,260,429,-1,429,260,261,-1,429,261,430,-1,430,261,262,-1,430,262,431,-1,431,262,263,-1,431,263,432,-1,432,263,264,-1,432,264,433,-1,433,264,265,-1,433,265,410,-1,410,265,242,-1,434,268,435,-1,435,268,270,-1,435,270,436,-1,436,270,272,-1,436,272,437,-1,437,272,274,-1,437,274,438,-1,438,274,276,-1,438,276,439,-1,439,276,278,-1,439,278,440,-1,440,278,280,-1,440,280,441,-1,441,280,282,-1,441,282,442,-1,442,282,284,-1,442,284,443,-1,443,284,286,-1,443,286,444,-1,444,286,288,-1,444,288,445,-1,445,288,290,-1,445,290,446,-1,446,290,292,-1,446,292,447,-1,447,292,294,-1,447,294,448,-1,448,294,296,-1,448,296,449,-1,449,296,298,-1,449,298,450,-1,450,298,300,-1,450,300,451,-1,451,300,302,-1,451,302,452,-1,452,302,304,-1,452,304,453,-1,453,304,306,-1,453,306,454,-1,454,306,308,-1,454,308,455,-1,455,308,310,-1,455,310,456,-1,456,310,312,-1,456,312,457,-1,457,312,266,-1,457,266,434,-1,434,266,268,-1,446,458,445,-1,445,458,459,-1,445,459,444,-1,444,459,460,-1,444,460,443,-1,443,460,461,-1,443,461,442,-1,442,461,462,-1,442,462,441,-1,441,462,463,-1,441,463,440,-1,440,463,464,-1,440,464,439,-1,439,464,465,-1,439,465,438,-1,438,465,466,-1,438,466,437,-1,437,466,467,-1,437,467,436,-1,436,467,468,-1,436,468,435,-1,435,468,469,-1,435,469,434,-1,434,469,470,-1,434,470,457,-1,457,470,471,-1,457,471,456,-1,456,471,472,-1,456,472,455,-1,455,472,473,-1,455,473,454,-1,454,473,474,-1,454,474,453,-1,453,474,475,-1,453,475,452,-1,452,475,476,-1,452,476,451,-1,451,476,477,-1,451,477,450,-1,450,477,478,-1,450,478,449,-1,449,478,479,-1,449,479,448,-1,448,479,480,-1,448,480,447,-1,447,480,481,-1,447,481,446,-1,446,481,458,-1,481,482,458,-1,458,482,483,-1,458,483,459,-1,459,483,484,-1,459,484,460,-1,460,484,485,-1,460,485,461,-1,461,485,486,-1,461,486,462,-1,462,486,487,-1,462,487,463,-1,463,487,488,-1,463,488,464,-1,464,488,489,-1,464,489,465,-1,465,489,490,-1,465,490,466,-1,466,490,491,-1,466,491,467,-1,467,491,492,-1,467,492,468,-1,468,492,493,-1,468,493,469,-1,469,493,494,-1,469,494,470,-1,470,494,495,-1,470,495,471,-1,471,495,496,-1,471,496,472,-1,472,496,497,-1,472,497,473,-1,473,497,498,-1,473,498,474,-1,474,498,499,-1,474,499,475,-1,475,499,500,-1,475,500,476,-1,476,500,501,-1,476,501,477,-1,477,501,502,-1,477,502,478,-1,478,502,503,-1,478,503,479,-1,479,503,504,-1,479,504,480,-1,480,504,505,-1,480,505,481,-1,481,505,482,-1,505,506,482,-1,482,506,507,-1,482,507,483,-1,483,507,508,-1,483,508,484,-1,484,508,509,-1,484,509,485,-1,485,509,510,-1,485,510,486,-1,486,510,511,-1,486,511,487,-1,487,511,512,-1,487,512,488,-1,488,512,513,-1,488,513,489,-1,489,513,514,-1,489,514,490,-1,490,514,515,-1,490,515,491,-1,491,515,516,-1,491,516,492,-1,492,516,517,-1,492,517,493,-1,493,517,518,-1,493,518,494,-1,494,518,519,-1,494,519,495,-1,495,519,520,-1,495,520,496,-1,496,520,521,-1,496,521,497,-1,497,521,522,-1,497,522,498,-1,498,522,523,-1,498,523,499,-1,499,523,524,-1,499,524,500,-1,500,524,525,-1,500,525,501,-1,501,525,526,-1,501,526,502,-1,502,526,527,-1,502,527,503,-1,503,527,528,-1,503,528,504,-1,504,528,529,-1,504,529,505,-1,505,529,506,-1,529,530,506,-1,506,530,531,-1,506,531,507,-1,507,531,532,-1,507,532,508,-1,508,532,533,-1,508,533,509,-1,509,533,534,-1,509,534,510,-1,510,534,535,-1,510,535,511,-1,511,535,536,-1,511,536,512,-1,512,536,537,-1,512,537,513,-1,513,537,538,-1,513,538,514,-1,514,538,539,-1,514,539,515,-1,515,539,540,-1,515,540,516,-1,516,540,541,-1,516,541,517,-1,517,541,542,-1,517,542,518,-1,518,542,543,-1,518,543,519,-1,519,543,544,-1,519,544,520,-1,520,544,545,-1,520,545,521,-1,521,545,546,-1,521,546,522,-1,522,546,547,-1,522,547,523,-1,523,547,548,-1,523,548,524,-1,524,548,549,-1,524,549,525,-1,525,549,550,-1,525,550,526,-1,526,550,551,-1,526,551,527,-1,527,551,552,-1,527,552,528,-1,528,552,553,-1,528,553,529,-1,529,553,530,-1,553,554,530,-1,530,554,555,-1,530,555,531,-1,531,555,556,-1,531,556,532,-1,532,556,557,-1,532,557,533,-1,533,557,558,-1,533,558,534,-1,534,558,559,-1,534,559,535,-1,535,559,560,-1,535,560,536,-1,536,560,561,-1,536,561,537,-1,537,561,562,-1,537,562,538,-1,538,562,563,-1,538,563,539,-1,539,563,564,-1,539,564,540,-1,540,564,565,-1,540,565,541,-1,541,565,566,-1,541,566,542,-1,542,566,567,-1,542,567,543,-1,543,567,568,-1,543,568,544,-1,544,568,569,-1,544,569,545,-1,545,569,570,-1,545,570,546,-1,546,570,571,-1,546,571,547,-1,547,571,572,-1,547,572,548,-1,548,572,573,-1,548,573,549,-1,549,573,574,-1,549,574,550,-1,550,574,575,-1,550,575,551,-1,551,575,576,-1,551,576,552,-1,552,576,577,-1,552,577,553,-1,553,577,554,-1,577,218,554,-1,554,218,217,-1,554,217,555,-1,555,217,224,-1,555,224,556,-1,556,224,223,-1,556,223,557,-1,557,223,222,-1,557,222,558,-1,558,222,227,-1,558,227,559,-1,559,227,226,-1,559,226,560,-1,560,226,225,-1,560,225,561,-1,561,225,230,-1,561,230,562,-1,562,230,229,-1,562,229,563,-1,563,229,228,-1,563,228,564,-1,564,228,233,-1,564,233,565,-1,565,233,232,-1,565,232,566,-1,566,232,231,-1,566,231,567,-1,567,231,236,-1,567,236,568,-1,568,236,235,-1,568,235,569,-1,569,235,234,-1,569,234,570,-1,570,234,239,-1,570,239,571,-1,571,239,238,-1,571,238,572,-1,572,238,237,-1,572,237,573,-1,573,237,241,-1,573,241,574,-1,574,241,240,-1,574,240,575,-1,575,240,221,-1,575,221,576,-1,576,221,220,-1,576,220,577,-1,577,220,218,-1,
        ]
    }
}
Shape{
    appearance Appearance {
        material  Material 	{
            diffuseColor 0.25098039215686274 0.25098039215686274 0.25098039215686274
            specularColor 0.12549019607843137 0.12549019607843137 0.12549019607843137
            ambientIntensity 0.2
            transparency 0
            shininess 0.5
        }
    }
    geometry IndexedFaceSet {
        ccw TRUE
        solid FALSE
        coord DEF co Coordinate {
            point [
                -1.3819 1.0 1.1811, -0.6181 1.0 1.1811, -1.3819 1.0 0.0, -0.6181 1.0 0.0, -1.5 0.8819 0.0, -1.5 0.8819 1.1811, -1.3819 -1.0 0.0, -0.6181 -1.0 0.0, -1.3819 -1.0 1.1811, -0.6181 -1.0 1.1811, -1.5 -0.8819 0.0, -1.5 -0.8819 1.1811, -0.5 -0.8819 0.0, -0.5 -0.8819 1.1811, -0.5 0.8819 0.0, -0.5 0.8819 1.1811, -2.3819 1.0 1.1811, -1.6181 1.0 1.1811, -2.3819 1.0 0.0, -1.6181 1.0 0.0, -2.5 0.8819 0.0, -2.5 0.8819 1.1811, -2.3819 -1.0 0.0, -1.6181 -1.0 0.0, -2.3819 -1.0 1.1811, -1.6181 -1.0 1.1811, -2.5 -0.8819 0.0, -2.5 -0.8819 1.1811, -3.3819 1.0 1.1811, -2.6181 1.0 1.1811, -3.3819 1.0 0.0, -2.6181 1.0 0.0, -3.5 0.8819 0.0, -3.5 0.8819 1.1811, -3.3819 -1.0 0.0, -2.6181 -1.0 0.0, -3.3819 -1.0 1.1811, -2.6181 -1.0 1.1811, -3.5 -0.8819 0.0, -3.5 -0.8819 1.1811, -4.3819 1.0 1.1811, -3.6181 1.0 1.1811, -4.3819 1.0 0.0, -3.6181 1.0 0.0, -4.5 0.8819 0.0, -4.5 0.8819 1.1811, -4.3819 -1.0 0.0, -3.6181 -1.0 0.0, -4.3819 -1.0 1.1811, -3.6181 -1.0 1.1811, -4.5 -0.8819 0.0, -4.5 -0.8819 1.1811, -5.3819 1.0 1.1811, -4.6181 1.0 1.1811, -5.3819 1.0 0.0, -4.6181 1.0 0.0, -5.5 0.8819 0.0, -5.5 0.8819 1.1811, -5.3819 -1.0 0.0, -4.6181 -1.0 0.0, -5.3819 -1.0 1.1811, -4.6181 -1.0 1.1811, -5.5 -0.8819 0.0, -5.5 -0.8819 1.1811, -6.3819 1.0 1.1811, -5.6181 1.0 1.1811, -6.3819 1.0 0.0, -5.6181 1.0 0.0, -6.5 0.8819 0.0, -6.5 0.8819 1.1811, -6.3819 -1.0 0.0, -5.6181 -1.0 0.0, -6.3819 -1.0 1.1811, -5.6181 -1.0 1.1811, -6.5 -0.8819 0.0, -6.5 -0.8819 1.1811, -7.3819 1.0 1.1811, -6.6181 1.0 1.1811, -7.3819 1.0 0.0, -6.6181 1.0 0.0, -7.5 0.8819 0.0, -7.5 0.8819 1.1811, -7.5 -0.8819 0.0, -7.5 -0.8819 1.1811, -7.3819 -1.0 0.0, -6.6181 -1.0 0.0, -7.3819 -1.0 1.1811, -6.6181 -1.0 1.1811, -6.6181 -1.0 1.1811
            ]
        }
        coordIndex [
            0,1,2,-1,2,1,3,-1,2,4,0,-1,0,4,5,-1,6,7,8,-1,8,7,9,-1,10,6,11,-1,11,6,8,-1,7,12,9,-1,9,12,13,-1,14,3,15,-1,15,3,1,-1,16,17,18,-1,18,17,19,-1,18,20,16,-1,16,20,21,-1,22,23,24,-1,24,23,25,-1,26,22,27,-1,27,22,24,-1,23,10,25,-1,25,10,11,-1,4,19,5,-1,5,19,17,-1,28,29,30,-1,30,29,31,-1,30,32,28,-1,28,32,33,-1,34,35,36,-1,36,35,37,-1,38,34,39,-1,39,34,36,-1,35,26,37,-1,37,26,27,-1,20,31,21,-1,21,31,29,-1,40,41,42,-1,42,41,43,-1,42,44,40,-1,40,44,45,-1,46,47,48,-1,48,47,49,-1,50,46,51,-1,51,46,48,-1,47,38,49,-1,49,38,39,-1,32,43,33,-1,33,43,41,-1,52,53,54,-1,54,53,55,-1,54,56,52,-1,52,56,57,-1,58,59,60,-1,60,59,61,-1,62,58,63,-1,63,58,60,-1,59,50,61,-1,61,50,51,-1,44,55,45,-1,45,55,53,-1,64,65,66,-1,66,65,67,-1,66,68,64,-1,64,68,69,-1,70,71,72,-1,72,71,73,-1,74,70,75,-1,75,70,72,-1,71,62,73,-1,73,62,63,-1,56,67,57,-1,57,67,65,-1,76,77,78,-1,78,77,79,-1,78,80,76,-1,76,80,81,-1,80,82,81,-1,81,82,83,-1,84,85,86,-1,86,85,87,-1,82,84,83,-1,83,84,86,-1,85,74,87,-1,87,74,75,-1,68,79,69,-1,69,79,77,-1,
        ]
    }
}
Shape{
    appearance Appearance {
        material  Material 	{
            diffuseColor 1.0 1.0 0.5019607843137255
            specularColor 0.5019607843137255 0.5019607843137255 0.25098039215686274
            ambientIntensity 0.2
            transparency 0
            shininess 0.5
        }
    }
    geometry IndexedFaceSet {
        ccw TRUE
        solid FALSE
        coord DEF co Coordinate {
            point [
                -1.3543 0.5 1.1811, -1.3423 0.5917 1.185, -1.3423 0.5917 1.1811, -1.3069 0.6772 1.185, -1.3069 0.6772 1.1811, -1.2505 0.7505 1.185, -1.2505 0.7505 1.1811, -1.1772 0.8069 1.185, -1.1772 0.8069 1.1811, -1.0917 0.8423 1.185, -1.0917 0.8423 1.1811, -1.0 0.8543 1.185, -1.0 0.8543 1.1811, -0.9083 0.8423 1.185, -0.9083 0.8423 1.1811, -0.8228 0.8069 1.185, -0.8228 0.8069 1.1811, -0.7495 0.7505 1.185, -0.7495 0.7505 1.1811, -0.6931 0.6772 1.185, -0.6931 0.6772 1.1811, -0.6577 0.5917 1.185, -0.6577 0.5917 1.1811, -0.6457 0.5 1.185, -0.6457 0.5 1.1811, -0.6577 0.4083 1.185, -0.6577 0.4083 1.1811, -0.6931 0.3228 1.185, -0.6931 0.3228 1.1811, -0.7495 0.2495 1.185, -0.7495 0.2495 1.1811, -0.8228 0.1931 1.185, -0.8228 0.1931 1.1811, -0.9083 0.1577 1.185, -0.9083 0.1577 1.1811, -1.0 0.1457 1.185, -1.0 0.1457 1.1811, -1.0917 0.1577 1.185, -1.0917 0.1577 1.1811, -1.1772 0.1931 1.185, -1.1772 0.1931 1.1811, -1.2505 0.2495 1.185, -1.2505 0.2495 1.1811, -1.3069 0.3228 1.185, -1.3069 0.3228 1.1811, -1.3423 0.4083 1.185, -1.3423 0.4083 1.1811, -1.3543 0.5 1.185, -1.3042 0.4185 1.185, -1.2728 0.3425 1.185, -1.2227 0.2773 1.185, -1.1575 0.2272 1.185, -1.0815 0.1958 1.185, -1.0 0.185 1.185, -0.9185 0.1958 1.185, -0.8425 0.2272 1.185, -0.7773 0.2773 1.185, -0.7272 0.3425 1.185, -0.6958 0.4185 1.185, -0.685 0.5 1.185, -0.6958 0.5815 1.185, -0.7272 0.6575 1.185, -0.7773 0.7227 1.185, -0.8425 0.7728 1.185, -0.9185 0.8042 1.185, -1.0 0.815 1.185, -1.0815 0.8042 1.185, -1.1575 0.7728 1.185, -1.2227 0.7227 1.185, -1.2728 0.6575 1.185, -1.3042 0.5815 1.185, -1.315 0.5 1.185, -2.3543 0.5 1.1811, -2.3423 0.5917 1.185, -2.3423 0.5917 1.1811, -2.3069 0.6772 1.185, -2.3069 0.6772 1.1811, -2.2505 0.7505 1.185, -2.2505 0.7505 1.1811, -2.1772 0.8069 1.185, -2.1772 0.8069 1.1811, -2.0917 0.8423 1.185, -2.0917 0.8423 1.1811, -2.0 0.8543 1.185, -2.0 0.8543 1.1811, -1.9083 0.8423 1.185, -1.9083 0.8423 1.1811, -1.8228 0.8069 1.185, -1.8228 0.8069 1.1811, -1.7495 0.7505 1.185, -1.7495 0.7505 1.1811, -1.6931 0.6772 1.185, -1.6931 0.6772 1.1811, -1.6577 0.5917 1.185, -1.6577 0.5917 1.1811, -1.6457 0.5 1.185, -1.6457 0.5 1.1811, -1.6577 0.4083 1.185, -1.6577 0.4083 1.1811, -1.6931 0.3228 1.185, -1.6931 0.3228 1.1811, -1.7495 0.2495 1.185, -1.7495 0.2495 1.1811, -1.8228 0.1931 1.185, -1.8228 0.1931 1.1811, -1.9083 0.1577 1.185, -1.9083 0.1577 1.1811, -2.0 0.1457 1.185, -2.0 0.1457 1.1811, -2.0917 0.1577 1.185, -2.0917 0.1577 1.1811, -2.1772 0.1931 1.185, -2.1772 0.1931 1.1811, -2.2505 0.2495 1.185, -2.2505 0.2495 1.1811, -2.3069 0.3228 1.185, -2.3069 0.3228 1.1811, -2.3423 0.4083 1.185, -2.3423 0.4083 1.1811, -2.3543 0.5 1.185, -1.7773 0.7227 1.185, -1.8425 0.7728 1.185, -1.9185 0.8042 1.185, -2.0 0.815 1.185, -2.0815 0.8042 1.185, -2.1575 0.7728 1.185, -2.2227 0.7227 1.185, -2.2728 0.6575 1.185, -2.3042 0.5815 1.185, -2.315 0.5 1.185, -2.3042 0.4185 1.185, -2.2728 0.3425 1.185, -2.2227 0.2773 1.185, -2.1575 0.2272 1.185, -2.0815 0.1958 1.185, -2.0 0.185 1.185, -1.9185 0.1958 1.185, -1.8425 0.2272 1.185, -1.7773 0.2773 1.185, -1.7272 0.3425 1.185, -1.6958 0.4185 1.185, -1.685 0.5 1.185, -1.6958 0.5815 1.185, -1.7272 0.6575 1.185, -3.3543 0.5 1.1811, -3.3423 0.5917 1.185, -3.3423 0.5917 1.1811, -3.3069 0.6772 1.185, -3.3069 0.6772 1.1811, -3.2505 0.7505 1.185, -3.2505 0.7505 1.1811, -3.1772 0.8069 1.185, -3.1772 0.8069 1.1811, -3.0917 0.8423 1.185, -3.0917 0.8423 1.1811, -3.0 0.8543 1.185, -3.0 0.8543 1.1811, -2.9083 0.8423 1.185, -2.9083 0.8423 1.1811, -2.8228 0.8069 1.185, -2.8228 0.8069 1.1811, -2.7495 0.7505 1.185, -2.7495 0.7505 1.1811, -2.6931 0.6772 1.185, -2.6931 0.6772 1.1811, -2.6577 0.5917 1.185, -2.6577 0.5917 1.1811, -2.6457 0.5 1.185, -2.6457 0.5 1.1811, -2.6577 0.4083 1.185, -2.6577 0.4083 1.1811, -2.6931 0.3228 1.185, -2.6931 0.3228 1.1811, -2.7495 0.2495 1.185, -2.7495 0.2495 1.1811, -2.8228 0.1931 1.185, -2.8228 0.1931 1.1811, -2.9083 0.1577 1.185, -2.9083 0.1577 1.1811, -3.0 0.1457 1.185, -3.0 0.1457 1.1811, -3.0917 0.1577 1.185, -3.0917 0.1577 1.1811, -3.1772 0.1931 1.185, -3.1772 0.1931 1.1811, -3.2505 0.2495 1.185, -3.2505 0.2495 1.1811, -3.3069 0.3228 1.185, -3.3069 0.3228 1.1811, -3.3423 0.4083 1.185, -3.3423 0.4083 1.1811, -3.3543 0.5 1.185, -2.7773 0.7227 1.185, -2.8425 0.7728 1.185, -2.9185 0.8042 1.185, -3.0 0.815 1.185, -3.0815 0.8042 1.185, -3.1575 0.7728 1.185, -3.2227 0.7227 1.185, -3.2728 0.6575 1.185, -3.3042 0.5815 1.185, -3.315 0.5 1.185, -3.3042 0.4185 1.185, -3.2728 0.3425 1.185, -3.2227 0.2773 1.185, -3.1575 0.2272 1.185, -3.0815 0.1958 1.185, -3.0 0.185 1.185, -2.9185 0.1958 1.185, -2.8425 0.2272 1.185, -2.7773 0.2773 1.185, -2.7272 0.3425 1.185, -2.6958 0.4185 1.185, -2.685 0.5 1.185, -2.6958 0.5815 1.185, -2.7272 0.6575 1.185, -4.3543 0.5 1.1811, -4.3423 0.5917 1.185, -4.3423 0.5917 1.1811, -4.3069 0.6772 1.185, -4.3069 0.6772 1.1811, -4.2505 0.7505 1.185, -4.2505 0.7505 1.1811, -4.1772 0.8069 1.185, -4.1772 0.8069 1.1811, -4.0917 0.8423 1.185, -4.0917 0.8423 1.1811, -4.0 0.8543 1.185, -4.0 0.8543 1.1811, -3.9083 0.8423 1.185, -3.9083 0.8423 1.1811, -3.8228 0.8069 1.185, -3.8228 0.8069 1.1811, -3.7495 0.7505 1.185, -3.7495 0.7505 1.1811, -3.6931 0.6772 1.185, -3.6931 0.6772 1.1811, -3.6577 0.5917 1.185, -3.6577 0.5917 1.1811, -3.6457 0.5 1.185, -3.6457 0.5 1.1811, -3.6577 0.4083 1.185, -3.6577 0.4083 1.1811, -3.6931 0.3228 1.185, -3.6931 0.3228 1.1811, -3.7495 0.2495 1.185, -3.7495 0.2495 1.1811, -3.8228 0.1931 1.185, -3.8228 0.1931 1.1811, -3.9083 0.1577 1.185, -3.9083 0.1577 1.1811, -4.0 0.1457 1.185, -4.0 0.1457 1.1811, -4.0917 0.1577 1.185, -4.0917 0.1577 1.1811, -4.1772 0.1931 1.185, -4.1772 0.1931 1.1811, -4.2505 0.2495 1.185, -4.2505 0.2495 1.1811, -4.3069 0.3228 1.185, -4.3069 0.3228 1.1811, -4.3423 0.4083 1.185, -4.3423 0.4083 1.1811, -4.3543 0.5 1.185, -3.9185 0.8042 1.185, -4.0 0.815 1.185, -4.0815 0.8042 1.185, -4.1575 0.7728 1.185, -4.2227 0.7227 1.185, -4.2728 0.6575 1.185, -4.3042 0.5815 1.185, -4.315 0.5 1.185, -4.3042 0.4185 1.185, -4.2728 0.3425 1.185, -4.2227 0.2773 1.185, -4.1575 0.2272 1.185, -4.0815 0.1958 1.185, -4.0 0.185 1.185, -3.9185 0.1958 1.185, -3.8425 0.2272 1.185, -3.7773 0.2773 1.185, -3.7272 0.3425 1.185, -3.6958 0.4185 1.185, -3.685 0.5 1.185, -3.6958 0.5815 1.185, -3.7272 0.6575 1.185, -3.7773 0.7227 1.185, -3.8425 0.7728 1.185, -5.3543 0.5 1.1811, -5.3423 0.5917 1.185, -5.3423 0.5917 1.1811, -5.3069 0.6772 1.185, -5.3069 0.6772 1.1811, -5.2505 0.7505 1.185, -5.2505 0.7505 1.1811, -5.1772 0.8069 1.185, -5.1772 0.8069 1.1811, -5.0917 0.8423 1.185, -5.0917 0.8423 1.1811, -5.0 0.8543 1.185, -5.0 0.8543 1.1811, -4.9083 0.8423 1.185, -4.9083 0.8423 1.1811, -4.8228 0.8069 1.185, -4.8228 0.8069 1.1811, -4.7495 0.7505 1.185, -4.7495 0.7505 1.1811, -4.6931 0.6772 1.185, -4.6931 0.6772 1.1811, -4.6577 0.5917 1.185, -4.6577 0.5917 1.1811, -4.6457 0.5 1.185, -4.6457 0.5 1.1811, -4.6577 0.4083 1.185, -4.6577 0.4083 1.1811, -4.6931 0.3228 1.185, -4.6931 0.3228 1.1811, -4.7495 0.2495 1.185, -4.7495 0.2495 1.1811, -4.8228 0.1931 1.185, -4.8228 0.1931 1.1811, -4.9083 0.1577 1.185, -4.9083 0.1577 1.1811, -5.0 0.1457 1.185, -5.0 0.1457 1.1811, -5.0917 0.1577 1.185, -5.0917 0.1577 1.1811, -5.1772 0.1931 1.185, -5.1772 0.1931 1.1811, -5.2505 0.2495 1.185, -5.2505 0.2495 1.1811, -5.3069 0.3228 1.185, -5.3069 0.3228 1.1811, -5.3423 0.4083 1.185, -5.3423 0.4083 1.1811, -5.3543 0.5 1.185, -4.9185 0.8042 1.185, -5.0 0.815 1.185, -5.0815 0.8042 1.185, -5.1575 0.7728 1.185, -5.2227 0.7227 1.185, -5.2728 0.6575 1.185, -5.3042 0.5815 1.185, -5.315 0.5 1.185, -5.3042 0.4185 1.185, -5.2728 0.3425 1.185, -5.2227 0.2773 1.185, -5.1575 0.2272 1.185, -5.0815 0.1958 1.185, -5.0 0.185 1.185, -4.9185 0.1958 1.185, -4.8425 0.2272 1.185, -4.7773 0.2773 1.185, -4.7272 0.3425 1.185, -4.6958 0.4185 1.185, -4.685 0.5 1.185, -4.6958 0.5815 1.185, -4.7272 0.6575 1.185, -4.7773 0.7227 1.185, -4.8425 0.7728 1.185, -6.3543 0.5 1.1811, -6.3423 0.5917 1.185, -6.3423 0.5917 1.1811, -6.3069 0.6772 1.185, -6.3069 0.6772 1.1811, -6.2505 0.7505 1.185, -6.2505 0.7505 1.1811, -6.1772 0.8069 1.185, -6.1772 0.8069 1.1811, -6.0917 0.8423 1.185, -6.0917 0.8423 1.1811, -6.0 0.8543 1.185, -6.0 0.8543 1.1811, -5.9083 0.8423 1.185, -5.9083 0.8423 1.1811, -5.8228 0.8069 1.185, -5.8228 0.8069 1.1811, -5.7494 0.7505 1.185, -5.7494 0.7505 1.1811, -5.6931 0.6772 1.185, -5.6931 0.6772 1.1811, -5.6577 0.5917 1.185, -5.6577 0.5917 1.1811, -5.6457 0.5 1.185, -5.6457 0.5 1.1811, -5.6577 0.4083 1.185, -5.6577 0.4083 1.1811, -5.6931 0.3228 1.185, -5.6931 0.3228 1.1811, -5.7494 0.2495 1.185, -5.7494 0.2495 1.1811, -5.8228 0.1931 1.185, -5.8228 0.1931 1.1811, -5.9083 0.1577 1.185, -5.9083 0.1577 1.1811, -6.0 0.1457 1.185, -6.0 0.1457 1.1811, -6.0917 0.1577 1.185, -6.0917 0.1577 1.1811, -6.1772 0.1931 1.185, -6.1772 0.1931 1.1811, -6.2505 0.2495 1.185, -6.2505 0.2495 1.1811, -6.3069 0.3228 1.185, -6.3069 0.3228 1.1811, -6.3423 0.4083 1.185, -6.3423 0.4083 1.1811, -6.3543 0.5 1.185, -6.2227 0.2773 1.185, -6.1575 0.2272 1.185, -6.0815 0.1958 1.185, -6.0 0.185 1.185, -5.9185 0.1958 1.185, -5.8425 0.2272 1.185, -5.7773 0.2773 1.185, -5.7272 0.3425 1.185, -5.6958 0.4185 1.185, -5.685 0.5 1.185, -5.6958 0.5815 1.185, -5.7272 0.6575 1.185, -5.7773 0.7227 1.185, -5.8425 0.7728 1.185, -5.9185 0.8042 1.185, -6.0 0.815 1.185, -6.0815 0.8042 1.185, -6.1575 0.7728 1.185, -6.2227 0.7227 1.185, -6.2728 0.6575 1.185, -6.3042 0.5815 1.185, -6.315 0.5 1.185, -6.3042 0.4185 1.185, -6.2728 0.3425 1.185, -7.3543 0.5 1.1811, -7.3423 0.5917 1.185, -7.3423 0.5917 1.1811, -7.3069 0.6772 1.185, -7.3069 0.6772 1.1811, -7.2505 0.7505 1.185, -7.2505 0.7505 1.1811, -7.1772 0.8069 1.185, -7.1772 0.8069 1.1811, -7.0917 0.8423 1.185, -7.0917 0.8423 1.1811, -7.0 0.8543 1.185, -7.0 0.8543 1.1811, -6.9083 0.8423 1.185, -6.9083 0.8423 1.1811, -6.8228 0.8069 1.185, -6.8228 0.8069 1.1811, -6.7495 0.7505 1.185, -6.7495 0.7505 1.1811, -6.6931 0.6772 1.185, -6.6931 0.6772 1.1811, -6.6577 0.5917 1.185, -6.6577 0.5917 1.1811, -6.6457 0.5 1.185, -6.6457 0.5 1.1811, -6.6577 0.4083 1.185, -6.6577 0.4083 1.1811, -6.6931 0.3228 1.185, -6.6931 0.3228 1.1811, -6.7495 0.2495 1.185, -6.7495 0.2495 1.1811, -6.8228 0.1931 1.185, -6.8228 0.1931 1.1811, -6.9083 0.1577 1.185, -6.9083 0.1577 1.1811, -7.0 0.1457 1.185, -7.0 0.1457 1.1811, -7.0917 0.1577 1.185, -7.0917 0.1577 1.1811, -7.1772 0.1931 1.185, -7.1772 0.1931 1.1811, -7.2505 0.2495 1.185, -7.2505 0.2495 1.1811, -7.3069 0.3228 1.185, -7.3069 0.3228 1.1811, -7.3423 0.4083 1.185, -7.3423 0.4083 1.1811, -7.3543 0.5 1.185, -6.9185 0.8042 1.185, -7.0 0.815 1.185, -7.0815 0.8042 1.185, -7.1575 0.7728 1.185, -7.2227 0.7227 1.185, -7.2728 0.6575 1.185, -7.3042 0.5815 1.185, -7.315 0.5 1.185, -7.3042 0.4185 1.185, -7.2728 0.3425 1.185, -7.2227 0.2773 1.185, -7.1575 0.2272 1.185, -7.0815 0.1958 1.185, -7.0 0.185 1.185, -6.9185 0.1958 1.185, -6.8425 0.2272 1.185, -6.7773 0.2773 1.185, -6.7272 0.3425 1.185, -6.6958 0.4185 1.185, -6.685 0.5 1.185, -6.6958 0.5815 1.185, -6.7272 0.6575 1.185, -6.7773 0.7227 1.185, -6.8425 0.7728 1.185, -6.685 0.5 1.1063, -6.6958 0.5815 1.1063, -6.7272 0.6575 1.1063, -6.7773 0.7227 1.1063, -6.8425 0.7728 1.1063, -6.9185 0.8042 1.1063, -7.0 0.815 1.1063, -7.0815 0.8042 1.1063, -7.1575 0.7728 1.1063, -7.2227 0.7227 1.1063, -7.2728 0.6575 1.1063, -7.3042 0.5815 1.1063, -7.315 0.5 1.1063, -7.3042 0.4185 1.1063, -7.2728 0.3425 1.1063, -7.2227 0.2773 1.1063, -7.1575 0.2272 1.1063, -7.0815 0.1958 1.1063, -7.0 0.185 1.1063, -6.9185 0.1958 1.1063, -6.8425 0.2272 1.1063, -6.7773 0.2773 1.1063, -6.7272 0.3425 1.1063, -6.6958 0.4185 1.1063, -6.8917 0.4375 0.3976, -6.8792 0.4676 0.3976, -7.0 0.5 0.3976, -6.8749 0.5 0.3976, -6.8792 0.5324 0.3976, -6.9676 0.3792 0.3976, -6.9375 0.3917 0.3976, -6.9116 0.4116 0.3976, -7.0625 0.3917 0.3976, -7.0324 0.3792 0.3976, -7.0 0.3749 0.3976, -7.1208 0.4676 0.3976, -7.1083 0.4375 0.3976, -7.0884 0.4116 0.3976, -7.1083 0.5625 0.3976, -7.1208 0.5324 0.3976, -7.1251 0.5 0.3976, -7.0324 0.6208 0.3976, -7.0625 0.6083 0.3976, -7.0884 0.5884 0.3976, -6.9375 0.6083 0.3976, -6.9676 0.6208 0.3976, -7.0 0.6251 0.3976, -6.8917 0.5625 0.3976, -6.9116 0.5884 0.3976, -5.685 0.5 1.1063, -5.6958 0.5815 1.1063, -5.7272 0.6575 1.1063, -5.7773 0.7227 1.1063, -5.8425 0.7728 1.1063, -5.9185 0.8042 1.1063, -6.0 0.815 1.1063, -6.0815 0.8042 1.1063, -6.1575 0.7728 1.1063, -6.2227 0.7227 1.1063, -6.2728 0.6575 1.1063, -6.3042 0.5815 1.1063, -6.315 0.5 1.1063, -6.3042 0.4185 1.1063, -6.2728 0.3425 1.1063, -6.2227 0.2773 1.1063, -6.1575 0.2272 1.1063, -6.0815 0.1958 1.1063, -6.0 0.185 1.1063, -5.9185 0.1958 1.1063, -5.8425 0.2272 1.1063, -5.7773 0.2773 1.1063, -5.7272 0.3425 1.1063, -5.6958 0.4185 1.1063, -5.8917 0.4375 0.3976, -5.8792 0.4676 0.3976, -6.0 0.5 0.3976, -5.8749 0.5 0.3976, -5.8792 0.5324 0.3976, -5.9676 0.3792 0.3976, -5.9375 0.3917 0.3976, -5.9116 0.4116 0.3976, -6.0625 0.3917 0.3976, -6.0324 0.3792 0.3976, -6.0 0.3749 0.3976, -6.1208 0.4676 0.3976, -6.1083 0.4375 0.3976, -6.0884 0.4116 0.3976, -6.1083 0.5625 0.3976, -6.1208 0.5324 0.3976, -6.1251 0.5 0.3976, -6.0324 0.6208 0.3976, -6.0625 0.6083 0.3976, -6.0884 0.5884 0.3976, -5.9375 0.6083 0.3976, -5.9676 0.6208 0.3976, -6.0 0.6251 0.3976, -5.8917 0.5625 0.3976, -5.9116 0.5884 0.3976, -4.685 0.5 1.1063, -4.6958 0.5815 1.1063, -4.7272 0.6575 1.1063, -4.7773 0.7227 1.1063, -4.8425 0.7728 1.1063, -4.9185 0.8042 1.1063, -5.0 0.815 1.1063, -5.0815 0.8042 1.1063, -5.1575 0.7728 1.1063, -5.2227 0.7227 1.1063, -5.2728 0.6575 1.1063, -5.3042 0.5815 1.1063, -5.315 0.5 1.1063, -5.3042 0.4185 1.1063, -5.2728 0.3425 1.1063, -5.2227 0.2773 1.1063, -5.1575 0.2272 1.1063, -5.0815 0.1958 1.1063, -5.0 0.185 1.1063, -4.9185 0.1958 1.1063, -4.8425 0.2272 1.1063, -4.7773 0.2773 1.1063, -4.7272 0.3425 1.1063, -4.6958 0.4185 1.1063, -4.8917 0.4375 0.3976, -4.8792 0.4676 0.3976, -5.0 0.5 0.3976, -4.8749 0.5 0.3976, -4.8792 0.5324 0.3976, -4.9676 0.3792 0.3976, -4.9375 0.3917 0.3976, -4.9116 0.4116 0.3976, -5.0625 0.3917 0.3976, -5.0324 0.3792 0.3976, -5.0 0.3749 0.3976, -5.1208 0.4676 0.3976, -5.1083 0.4375 0.3976, -5.0884 0.4116 0.3976, -5.1083 0.5625 0.3976, -5.1208 0.5324 0.3976, -5.1251 0.5 0.3976, -5.0324 0.6208 0.3976, -5.0625 0.6083 0.3976, -5.0884 0.5884 0.3976, -4.9375 0.6083 0.3976, -4.9676 0.6208 0.3976, -5.0 0.6251 0.3976, -4.8917 0.5625 0.3976, -4.9116 0.5884 0.3976, -3.685 0.5 1.1063, -3.6958 0.5815 1.1063, -3.7272 0.6575 1.1063, -3.7773 0.7227 1.1063, -3.8425 0.7728 1.1063, -3.9185 0.8042 1.1063, -4.0 0.815 1.1063, -4.0815 0.8042 1.1063, -4.1575 0.7728 1.1063, -4.2227 0.7227 1.1063, -4.2728 0.6575 1.1063, -4.3042 0.5815 1.1063, -4.315 0.5 1.1063, -4.3042 0.4185 1.1063, -4.2728 0.3425 1.1063, -4.2227 0.2773 1.1063, -4.1575 0.2272 1.1063, -4.0815 0.1958 1.1063, -4.0 0.185 1.1063, -3.9185 0.1958 1.1063, -3.8425 0.2272 1.1063, -3.7773 0.2773 1.1063, -3.7272 0.3425 1.1063, -3.6958 0.4185 1.1063, -3.8917 0.4375 0.3976, -3.8792 0.4676 0.3976, -4.0 0.5 0.3976, -3.8749 0.5 0.3976, -3.8792 0.5324 0.3976, -3.9676 0.3792 0.3976, -3.9375 0.3917 0.3976, -3.9116 0.4116 0.3976, -4.0625 0.3917 0.3976, -4.0324 0.3792 0.3976, -4.0 0.3749 0.3976, -4.1208 0.4676 0.3976, -4.1083 0.4375 0.3976, -4.0884 0.4116 0.3976, -4.1083 0.5625 0.3976, -4.1208 0.5324 0.3976, -4.1251 0.5 0.3976, -4.0324 0.6208 0.3976, -4.0625 0.6083 0.3976, -4.0884 0.5884 0.3976, -3.9375 0.6083 0.3976, -3.9676 0.6208 0.3976, -4.0 0.6251 0.3976, -3.8917 0.5625 0.3976, -3.9116 0.5884 0.3976, -2.685 0.5 1.1063, -2.6958 0.5815 1.1063, -2.7272 0.6575 1.1063, -2.7773 0.7227 1.1063, -2.8425 0.7728 1.1063, -2.9185 0.8042 1.1063, -3.0 0.815 1.1063, -3.0815 0.8042 1.1063, -3.1575 0.7728 1.1063, -3.2227 0.7227 1.1063, -3.2728 0.6575 1.1063, -3.3042 0.5815 1.1063, -3.315 0.5 1.1063, -3.3042 0.4185 1.1063, -3.2728 0.3425 1.1063, -3.2227 0.2773 1.1063, -3.1575 0.2272 1.1063, -3.0815 0.1958 1.1063, -3.0 0.185 1.1063, -2.9185 0.1958 1.1063, -2.8425 0.2272 1.1063, -2.7773 0.2773 1.1063, -2.7272 0.3425 1.1063, -2.6958 0.4185 1.1063, -2.8917 0.4375 0.3976, -2.8792 0.4676 0.3976, -3.0 0.5 0.3976, -2.8749 0.5 0.3976, -2.8792 0.5324 0.3976, -2.9676 0.3792 0.3976, -2.9375 0.3917 0.3976, -2.9116 0.4116 0.3976, -3.0625 0.3917 0.3976, -3.0324 0.3792 0.3976, -3.0 0.3749 0.3976, -3.1208 0.4676 0.3976, -3.1083 0.4375 0.3976, -3.0884 0.4116 0.3976, -3.1083 0.5625 0.3976, -3.1208 0.5324 0.3976, -3.1251 0.5 0.3976, -3.0324 0.6208 0.3976, -3.0625 0.6083 0.3976, -3.0884 0.5884 0.3976, -2.9375 0.6083 0.3976, -2.9676 0.6208 0.3976, -3.0 0.6251 0.3976, -2.8917 0.5625 0.3976, -2.9116 0.5884 0.3976, -1.685 0.5 1.1063, -1.6958 0.5815 1.1063, -1.7272 0.6575 1.1063, -1.7773 0.7227 1.1063, -1.8425 0.7728 1.1063, -1.9185 0.8042 1.1063, -2.0 0.815 1.1063, -2.0815 0.8042 1.1063, -2.1575 0.7728 1.1063, -2.2227 0.7227 1.1063, -2.2728 0.6575 1.1063, -2.3042 0.5815 1.1063, -2.315 0.5 1.1063, -2.3042 0.4185 1.1063, -2.2728 0.3425 1.1063, -2.2227 0.2773 1.1063, -2.1575 0.2272 1.1063, -2.0815 0.1958 1.1063, -2.0 0.185 1.1063, -1.9185 0.1958 1.1063, -1.8425 0.2272 1.1063, -1.7773 0.2773 1.1063, -1.7272 0.3425 1.1063, -1.6958 0.4185 1.1063, -1.8917 0.4375 0.3976, -1.8792 0.4676 0.3976, -2.0 0.5 0.3976, -1.8749 0.5 0.3976, -1.8792 0.5324 0.3976, -1.9676 0.3792 0.3976, -1.9375 0.3917 0.3976, -1.9116 0.4116 0.3976, -2.0625 0.3917 0.3976, -2.0324 0.3792 0.3976, -2.0 0.3749 0.3976, -2.1208 0.4676 0.3976, -2.1083 0.4375 0.3976, -2.0884 0.4116 0.3976, -2.1083 0.5625 0.3976, -2.1208 0.5324 0.3976, -2.1251 0.5 0.3976, -2.0324 0.6208 0.3976, -2.0625 0.6083 0.3976, -2.0884 0.5884 0.3976, -1.9375 0.6083 0.3976, -1.9676 0.6208 0.3976, -2.0 0.6251 0.3976, -1.8917 0.5625 0.3976, -1.9116 0.5884 0.3976, -0.685 0.5 1.1063, -0.6958 0.5815 1.1063, -0.7272 0.6575 1.1063, -0.7773 0.7227 1.1063, -0.8425 0.7728 1.1063, -0.9185 0.8042 1.1063, -1.0 0.815 1.1063, -1.0815 0.8042 1.1063, -1.1575 0.7728 1.1063, -1.2227 0.7227 1.1063, -1.2728 0.6575 1.1063, -1.3042 0.5815 1.1063, -1.315 0.5 1.1063, -1.3042 0.4185 1.1063, -1.2728 0.3425 1.1063, -1.2227 0.2773 1.1063, -1.1575 0.2272 1.1063, -1.0815 0.1958 1.1063, -1.0 0.185 1.1063, -0.9185 0.1958 1.1063, -0.8425 0.2272 1.1063, -0.7773 0.2773 1.1063, -0.7272 0.3425 1.1063, -0.6958 0.4185 1.1063, -0.8917 0.4375 0.3976, -0.8792 0.4676 0.3976, -1.0 0.5 0.3976, -0.8749 0.5 0.3976, -0.8792 0.5324 0.3976, -0.9676 0.3792 0.3976, -0.9375 0.3917 0.3976, -0.9116 0.4116 0.3976, -1.0625 0.3917 0.3976, -1.0324 0.3792 0.3976, -1.0 0.3749 0.3976, -1.1208 0.4676 0.3976, -1.1083 0.4375 0.3976, -1.0884 0.4116 0.3976, -1.1083 0.5625 0.3976, -1.1208 0.5324 0.3976, -1.1251 0.5 0.3976, -1.0324 0.6208 0.3976, -1.0625 0.6083 0.3976, -1.0884 0.5884 0.3976, -0.9375 0.6083 0.3976, -0.9676 0.6208 0.3976, -1.0 0.6251 0.3976, -0.8917 0.5625 0.3976, -0.9116 0.5884 0.3976, -0.6457 0.5 0.0, -0.6577 0.5917 -0.2756, -0.6577 0.5917 0.0, -0.6931 0.6772 -0.2756, -0.6931 0.6772 0.0, -0.7495 0.7505 -0.2756, -0.7495 0.7505 0.0, -0.8228 0.8069 -0.2756, -0.8228 0.8069 0.0, -0.9083 0.8423 -0.2756, -0.9083 0.8423 0.0, -1.0 0.8543 -0.2756, -1.0 0.8543 0.0, -1.0917 0.8423 -0.2756, -1.0917 0.8423 0.0, -1.1772 0.8069 -0.2756, -1.1772 0.8069 0.0, -1.2505 0.7505 -0.2756, -1.2505 0.7505 0.0, -1.3069 0.6772 -0.2756, -1.3069 0.6772 0.0, -1.3423 0.5917 -0.2756, -1.3423 0.5917 0.0, -1.3543 0.5 -0.2756, -1.3543 0.5 0.0, -1.3423 0.4083 -0.2756, -1.3423 0.4083 0.0, -1.3069 0.3228 -0.2756, -1.3069 0.3228 0.0, -1.2505 0.2495 -0.2756, -1.2505 0.2495 0.0, -1.1772 0.1931 -0.2756, -1.1772 0.1931 0.0, -1.0917 0.1577 -0.2756, -1.0917 0.1577 0.0, -1.0 0.1457 -0.2756, -1.0 0.1457 0.0, -0.9083 0.1577 -0.2756, -0.9083 0.1577 0.0, -0.8228 0.1931 -0.2756, -0.8228 0.1931 0.0, -0.7495 0.2495 -0.2756, -0.7495 0.2495 0.0, -0.6931 0.3228 -0.2756, -0.6931 0.3228 0.0, -0.6577 0.4083 -0.2756, -0.6577 0.4083 0.0, -0.6457 0.5 -0.2756, -1.0852 0.5492 -0.3937, -1.2046 0.6181 -0.3937, -1.0696 0.5696 -0.3937, -1.167 0.667 -0.3937, -1.0492 0.5852 -0.3937, -1.1181 0.7046 -0.3937, -1.0255 0.5951 -0.3937, -1.0611 0.7282 -0.3937, -1.0 0.5984 -0.3937, -1.0 0.7362 -0.3937, -0.9745 0.5951 -0.3937, -0.9389 0.7282 -0.3937, -0.9508 0.5852 -0.3937, -0.8819 0.7046 -0.3937, -0.9304 0.5696 -0.3937, -0.833 0.667 -0.3937, -0.9148 0.5492 -0.3937, -0.7954 0.6181 -0.3937, -0.9049 0.5255 -0.3937, -0.7718 0.5611 -0.3937, -0.9016 0.5 -0.3937, -0.7638 0.5 -0.3937, -0.9049 0.4745 -0.3937, -0.7718 0.4389 -0.3937, -0.9148 0.4508 -0.3937, -0.7954 0.3819 -0.3937, -0.9304 0.4304 -0.3937, -0.833 0.333 -0.3937, -0.9508 0.4148 -0.3937, -0.8819 0.2954 -0.3937, -0.9745 0.4049 -0.3937, -0.9389 0.2718 -0.3937, -1.0 0.4016 -0.3937, -1.0 0.2638 -0.3937, -1.0255 0.4049 -0.3937, -1.0611 0.2718 -0.3937, -1.0492 0.4148 -0.3937, -1.1181 0.2954 -0.3937, -1.0696 0.4304 -0.3937, -1.167 0.333 -0.3937, -1.0852 0.4508 -0.3937, -1.2046 0.3819 -0.3937, -1.0951 0.4745 -0.3937, -1.2282 0.4389 -0.3937, -1.0984 0.5 -0.3937, -1.2362 0.5 -0.3937, -1.0951 0.5255 -0.3937, -1.2282 0.5611 -0.3937, -1.6457 0.5 0.0, -1.6577 0.5917 -0.2756, -1.6577 0.5917 0.0, -1.6931 0.6772 -0.2756, -1.6931 0.6772 0.0, -1.7495 0.7505 -0.2756, -1.7495 0.7505 0.0, -1.8228 0.8069 -0.2756, -1.8228 0.8069 0.0, -1.9083 0.8423 -0.2756, -1.9083 0.8423 0.0, -2.0 0.8543 -0.2756, -2.0 0.8543 0.0, -2.0917 0.8423 -0.2756, -2.0917 0.8423 0.0, -2.1772 0.8069 -0.2756, -2.1772 0.8069 0.0, -2.2505 0.7505 -0.2756, -2.2505 0.7505 0.0, -2.3069 0.6772 -0.2756, -2.3069 0.6772 0.0, -2.3423 0.5917 -0.2756, -2.3423 0.5917 0.0, -2.3543 0.5 -0.2756, -2.3543 0.5 0.0, -2.3423 0.4083 -0.2756, -2.3423 0.4083 0.0, -2.3069 0.3228 -0.2756, -2.3069 0.3228 0.0, -2.2505 0.2495 -0.2756, -2.2505 0.2495 0.0, -2.1772 0.1931 -0.2756, -2.1772 0.1931 0.0, -2.0917 0.1577 -0.2756, -2.0917 0.1577 0.0, -2.0 0.1457 -0.2756, -2.0 0.1457 0.0, -1.9083 0.1577 -0.2756, -1.9083 0.1577 0.0, -1.8228 0.1931 -0.2756, -1.8228 0.1931 0.0, -1.7495 0.2495 -0.2756, -1.7495 0.2495 0.0, -1.6931 0.3228 -0.2756, -1.6931 0.3228 0.0, -1.6577 0.4083 -0.2756, -1.6577 0.4083 0.0, -1.6457 0.5 -0.2756, -2.0696 0.5696 -0.3937, -2.167 0.667 -0.3937, -2.0492 0.5852 -0.3937, -2.1181 0.7046 -0.3937, -2.0255 0.5951 -0.3937, -2.0611 0.7282 -0.3937, -2.0 0.5984 -0.3937, -2.0 0.7362 -0.3937, -1.9745 0.5951 -0.3937, -1.9389 0.7282 -0.3937, -1.9508 0.5852 -0.3937, -1.8819 0.7046 -0.3937, -1.9304 0.5696 -0.3937, -1.833 0.667 -0.3937, -1.9148 0.5492 -0.3937, -1.7954 0.6181 -0.3937, -1.9049 0.5255 -0.3937, -1.7718 0.5611 -0.3937, -1.9016 0.5 -0.3937, -1.7638 0.5 -0.3937, -1.9049 0.4745 -0.3937, -1.7718 0.4389 -0.3937, -1.9148 0.4508 -0.3937, -1.7954 0.3819 -0.3937, -1.9304 0.4304 -0.3937, -1.833 0.333 -0.3937, -1.9508 0.4148 -0.3937, -1.8819 0.2954 -0.3937, -1.9745 0.4049 -0.3937, -1.9389 0.2718 -0.3937, -2.0 0.4016 -0.3937, -2.0 0.2638 -0.3937, -2.0255 0.4049 -0.3937, -2.0611 0.2718 -0.3937, -2.0492 0.4148 -0.3937, -2.1181 0.2954 -0.3937, -2.0696 0.4304 -0.3937, -2.167 0.333 -0.3937, -2.0852 0.4508 -0.3937, -2.2046 0.3819 -0.3937, -2.0951 0.4745 -0.3937, -2.2282 0.4389 -0.3937, -2.0984 0.5 -0.3937, -2.2362 0.5 -0.3937, -2.0951 0.5255 -0.3937, -2.2282 0.5611 -0.3937, -2.0852 0.5492 -0.3937, -2.2046 0.6181 -0.3937, -2.6457 0.5 0.0, -2.6577 0.5917 -0.2756, -2.6577 0.5917 0.0, -2.6931 0.6772 -0.2756, -2.6931 0.6772 0.0, -2.7495 0.7505 -0.2756, -2.7495 0.7505 0.0, -2.8228 0.8069 -0.2756, -2.8228 0.8069 0.0, -2.9083 0.8423 -0.2756, -2.9083 0.8423 0.0, -3.0 0.8543 -0.2756, -3.0 0.8543 0.0, -3.0917 0.8423 -0.2756, -3.0917 0.8423 0.0, -3.1772 0.8069 -0.2756, -3.1772 0.8069 0.0, -3.2505 0.7505 -0.2756, -3.2505 0.7505 0.0, -3.3069 0.6772 -0.2756, -3.3069 0.6772 0.0, -3.3423 0.5917 -0.2756, -3.3423 0.5917 0.0, -3.3543 0.5 -0.2756, -3.3543 0.5 0.0, -3.3423 0.4083 -0.2756, -3.3423 0.4083 0.0, -3.3069 0.3228 -0.2756, -3.3069 0.3228 0.0, -3.2505 0.2495 -0.2756, -3.2505 0.2495 0.0, -3.1772 0.1931 -0.2756, -3.1772 0.1931 0.0, -3.0917 0.1577 -0.2756, -3.0917 0.1577 0.0, -3.0 0.1457 -0.2756, -3.0 0.1457 0.0, -2.9083 0.1577 -0.2756, -2.9083 0.1577 0.0, -2.8228 0.1931 -0.2756, -2.8228 0.1931 0.0, -2.7495 0.2495 -0.2756, -2.7495 0.2495 0.0, -2.6931 0.3228 -0.2756, -2.6931 0.3228 0.0, -2.6577 0.4083 -0.2756, -2.6577 0.4083 0.0, -2.6457 0.5 -0.2756, -3.0696 0.5696 -0.3937, -3.167 0.667 -0.3937, -3.0492 0.5852 -0.3937, -3.1181 0.7046 -0.3937, -3.0255 0.5951 -0.3937, -3.0611 0.7282 -0.3937, -3.0 0.5984 -0.3937, -3.0 0.7362 -0.3937, -2.9745 0.5951 -0.3937, -2.9389 0.7282 -0.3937, -2.9508 0.5852 -0.3937, -2.8819 0.7046 -0.3937, -2.9304 0.5696 -0.3937, -2.833 0.667 -0.3937, -2.9148 0.5492 -0.3937, -2.7954 0.6181 -0.3937, -2.9049 0.5255 -0.3937, -2.7718 0.5611 -0.3937, -2.9016 0.5 -0.3937, -2.7638 0.5 -0.3937, -2.9049 0.4745 -0.3937, -2.7718 0.4389 -0.3937, -2.9148 0.4508 -0.3937, -2.7954 0.3819 -0.3937, -2.9304 0.4304 -0.3937, -2.833 0.333 -0.3937, -2.9508 0.4148 -0.3937, -2.8819 0.2954 -0.3937, -2.9745 0.4049 -0.3937, -2.9389 0.2718 -0.3937, -3.0 0.4016 -0.3937, -3.0 0.2638 -0.3937, -3.0255 0.4049 -0.3937, -3.0611 0.2718 -0.3937, -3.0492 0.4148 -0.3937, -3.1181 0.2954 -0.3937, -3.0696 0.4304 -0.3937, -3.167 0.333 -0.3937, -3.0852 0.4508 -0.3937, -3.2046 0.3819 -0.3937, -3.0951 0.4745 -0.3937, -3.2282 0.4389 -0.3937, -3.0984 0.5 -0.3937, -3.2362 0.5 -0.3937, -3.0951 0.5255 -0.3937, -3.2282 0.5611 -0.3937, -3.0852 0.5492 -0.3937, -3.2046 0.6181 -0.3937, -3.6457 0.5 0.0, -3.6577 0.5917 -0.2756, -3.6577 0.5917 0.0, -3.6931 0.6772 -0.2756, -3.6931 0.6772 0.0, -3.7495 0.7505 -0.2756, -3.7495 0.7505 0.0, -3.8228 0.8069 -0.2756, -3.8228 0.8069 0.0, -3.9083 0.8423 -0.2756, -3.9083 0.8423 0.0, -4.0 0.8543 -0.2756, -4.0 0.8543 0.0, -4.0917 0.8423 -0.2756, -4.0917 0.8423 0.0, -4.1772 0.8069 -0.2756, -4.1772 0.8069 0.0, -4.2505 0.7505 -0.2756, -4.2505 0.7505 0.0, -4.3069 0.6772 -0.2756, -4.3069 0.6772 0.0, -4.3423 0.5917 -0.2756, -4.3423 0.5917 0.0, -4.3543 0.5 -0.2756, -4.3543 0.5 0.0, -4.3423 0.4083 -0.2756, -4.3423 0.4083 0.0, -4.3069 0.3228 -0.2756, -4.3069 0.3228 0.0, -4.2505 0.2495 -0.2756, -4.2505 0.2495 0.0, -4.1772 0.1931 -0.2756, -4.1772 0.1931 0.0, -4.0917 0.1577 -0.2756, -4.0917 0.1577 0.0, -4.0 0.1457 -0.2756, -4.0 0.1457 0.0, -3.9083 0.1577 -0.2756, -3.9083 0.1577 0.0, -3.8228 0.1931 -0.2756, -3.8228 0.1931 0.0, -3.7495 0.2495 -0.2756, -3.7495 0.2495 0.0, -3.6931 0.3228 -0.2756, -3.6931 0.3228 0.0, -3.6577 0.4083 -0.2756, -3.6577 0.4083 0.0, -3.6457 0.5 -0.2756, -4.0492 0.5852 -0.3937, -4.1181 0.7046 -0.3937, -4.0255 0.5951 -0.3937, -4.0611 0.7282 -0.3937, -4.0 0.5984 -0.3937, -4.0 0.7362 -0.3937, -3.9745 0.5951 -0.3937, -3.9389 0.7282 -0.3937, -3.9508 0.5852 -0.3937, -3.8819 0.7046 -0.3937, -3.9304 0.5696 -0.3937, -3.833 0.667 -0.3937, -3.9148 0.5492 -0.3937, -3.7954 0.6181 -0.3937, -3.9049 0.5255 -0.3937, -3.7718 0.5611 -0.3937, -3.9016 0.5 -0.3937, -3.7638 0.5 -0.3937, -3.9049 0.4745 -0.3937, -3.7718 0.4389 -0.3937, -3.9148 0.4508 -0.3937, -3.7954 0.3819 -0.3937, -3.9304 0.4304 -0.3937, -3.833 0.333 -0.3937, -3.9508 0.4148 -0.3937, -3.8819 0.2954 -0.3937, -3.9745 0.4049 -0.3937, -3.9389 0.2718 -0.3937, -4.0 0.4016 -0.3937, -4.0 0.2638 -0.3937, -4.0255 0.4049 -0.3937, -4.0611 0.2718 -0.3937, -4.0492 0.4148 -0.3937, -4.1181 0.2954 -0.3937, -4.0696 0.4304 -0.3937, -4.167 0.333 -0.3937, -4.0852 0.4508 -0.3937, -4.2046 0.3819 -0.3937, -4.0951 0.4745 -0.3937, -4.2282 0.4389 -0.3937, -4.0984 0.5 -0.3937, -4.2362 0.5 -0.3937, -4.0951 0.5255 -0.3937, -4.2282 0.5611 -0.3937, -4.0852 0.5492 -0.3937, -4.2046 0.6181 -0.3937, -4.0696 0.5696 -0.3937, -4.167 0.667 -0.3937, -4.6457 0.5 0.0, -4.6577 0.5917 -0.2756, -4.6577 0.5917 0.0, -4.6931 0.6772 -0.2756, -4.6931 0.6772 0.0, -4.7495 0.7505 -0.2756, -4.7495 0.7505 0.0, -4.8228 0.8069 -0.2756, -4.8228 0.8069 0.0, -4.9083 0.8423 -0.2756, -4.9083 0.8423 0.0, -5.0 0.8543 -0.2756, -5.0 0.8543 0.0, -5.0917 0.8423 -0.2756, -5.0917 0.8423 0.0, -5.1772 0.8069 -0.2756, -5.1772 0.8069 0.0, -5.2505 0.7505 -0.2756, -5.2505 0.7505 0.0, -5.3069 0.6772 -0.2756, -5.3069 0.6772 0.0, -5.3423 0.5917 -0.2756, -5.3423 0.5917 0.0, -5.3543 0.5 -0.2756, -5.3543 0.5 0.0, -5.3423 0.4083 -0.2756, -5.3423 0.4083 0.0, -5.3069 0.3228 -0.2756, -5.3069 0.3228 0.0, -5.2505 0.2495 -0.2756, -5.2505 0.2495 0.0, -5.1772 0.1931 -0.2756, -5.1772 0.1931 0.0, -5.0917 0.1577 -0.2756, -5.0917 0.1577 0.0, -5.0 0.1457 -0.2756, -5.0 0.1457 0.0, -4.9083 0.1577 -0.2756, -4.9083 0.1577 0.0, -4.8228 0.1931 -0.2756, -4.8228 0.1931 0.0, -4.7495 0.2495 -0.2756, -4.7495 0.2495 0.0, -4.6931 0.3228 -0.2756, -4.6931 0.3228 0.0, -4.6577 0.4083 -0.2756, -4.6577 0.4083 0.0, -4.6457 0.5 -0.2756, -5.0492 0.5852 -0.3937, -5.1181 0.7046 -0.3937, -5.0255 0.5951 -0.3937, -5.0611 0.7282 -0.3937, -5.0 0.5984 -0.3937, -5.0 0.7362 -0.3937, -4.9745 0.5951 -0.3937, -4.9389 0.7282 -0.3937, -4.9508 0.5852 -0.3937, -4.8819 0.7046 -0.3937, -4.9304 0.5696 -0.3937, -4.833 0.667 -0.3937, -4.9148 0.5492 -0.3937, -4.7954 0.6181 -0.3937, -4.9049 0.5255 -0.3937, -4.7718 0.5611 -0.3937, -4.9016 0.5 -0.3937, -4.7638 0.5 -0.3937, -4.9049 0.4745 -0.3937, -4.7718 0.4389 -0.3937, -4.9148 0.4508 -0.3937, -4.7954 0.3819 -0.3937, -4.9304 0.4304 -0.3937, -4.833 0.333 -0.3937, -4.9508 0.4148 -0.3937, -4.8819 0.2954 -0.3937, -4.9745 0.4049 -0.3937, -4.9389 0.2718 -0.3937, -5.0 0.4016 -0.3937, -5.0 0.2638 -0.3937, -5.0255 0.4049 -0.3937, -5.0611 0.2718 -0.3937, -5.0492 0.4148 -0.3937, -5.1181 0.2954 -0.3937, -5.0696 0.4304 -0.3937, -5.167 0.333 -0.3937, -5.0852 0.4508 -0.3937, -5.2046 0.3819 -0.3937, -5.0951 0.4745 -0.3937, -5.2282 0.4389 -0.3937, -5.0984 0.5 -0.3937, -5.2362 0.5 -0.3937, -5.0951 0.5255 -0.3937, -5.2282 0.5611 -0.3937, -5.0852 0.5492 -0.3937, -5.2046 0.6181 -0.3937, -5.0696 0.5696 -0.3937, -5.167 0.667 -0.3937, -5.6457 0.5 0.0, -5.6577 0.5917 -0.2756, -5.6577 0.5917 0.0, -5.6931 0.6772 -0.2756, -5.6931 0.6772 0.0, -5.7494 0.7505 -0.2756, -5.7494 0.7505 0.0, -5.8228 0.8069 -0.2756, -5.8228 0.8069 0.0, -5.9083 0.8423 -0.2756, -5.9083 0.8423 0.0, -6.0 0.8543 -0.2756, -6.0 0.8543 0.0, -6.0917 0.8423 -0.2756, -6.0917 0.8423 0.0, -6.1772 0.8069 -0.2756, -6.1772 0.8069 0.0, -6.2505 0.7505 -0.2756, -6.2505 0.7505 0.0, -6.3069 0.6772 -0.2756, -6.3069 0.6772 0.0, -6.3423 0.5917 -0.2756, -6.3423 0.5917 0.0, -6.3543 0.5 -0.2756, -6.3543 0.5 0.0, -6.3423 0.4083 -0.2756, -6.3423 0.4083 0.0, -6.3069 0.3228 -0.2756, -6.3069 0.3228 0.0, -6.2505 0.2495 -0.2756, -6.2505 0.2495 0.0, -6.1772 0.1931 -0.2756, -6.1772 0.1931 0.0, -6.0917 0.1577 -0.2756, -6.0917 0.1577 0.0, -6.0 0.1457 -0.2756, -6.0 0.1457 0.0, -5.9083 0.1577 -0.2756, -5.9083 0.1577 0.0, -5.8228 0.1931 -0.2756, -5.8228 0.1931 0.0, -5.7494 0.2495 -0.2756, -5.7494 0.2495 0.0, -5.6931 0.3228 -0.2756, -5.6931 0.3228 0.0, -5.6577 0.4083 -0.2756, -5.6577 0.4083 0.0, -5.6457 0.5 -0.2756, -6.0 0.4016 -0.3937, -6.0 0.2638 -0.3937, -6.0255 0.4049 -0.3937, -6.0611 0.2718 -0.3937, -6.0492 0.4148 -0.3937, -6.1181 0.2954 -0.3937, -6.0696 0.4304 -0.3937, -6.167 0.333 -0.3937, -6.0852 0.4508 -0.3937, -6.2046 0.3819 -0.3937, -6.0951 0.4745 -0.3937, -6.2282 0.4389 -0.3937, -6.0984 0.5 -0.3937, -6.2362 0.5 -0.3937, -6.0951 0.5255 -0.3937, -6.2282 0.5611 -0.3937, -6.0852 0.5492 -0.3937, -6.2046 0.6181 -0.3937, -6.0696 0.5696 -0.3937, -6.167 0.667 -0.3937, -6.0492 0.5852 -0.3937, -6.1181 0.7046 -0.3937, -6.0255 0.5951 -0.3937, -6.0611 0.7282 -0.3937, -6.0 0.5984 -0.3937, -6.0 0.7362 -0.3937, -5.9745 0.5951 -0.3937, -5.9389 0.7282 -0.3937, -5.9508 0.5852 -0.3937, -5.8819 0.7046 -0.3937, -5.9304 0.5696 -0.3937, -5.833 0.667 -0.3937, -5.9148 0.5492 -0.3937, -5.7954 0.6181 -0.3937, -5.9049 0.5255 -0.3937, -5.7718 0.5611 -0.3937, -5.9016 0.5 -0.3937, -5.7638 0.5 -0.3937, -5.9049 0.4745 -0.3937, -5.7718 0.4389 -0.3937, -5.9148 0.4508 -0.3937, -5.7954 0.3819 -0.3937, -5.9304 0.4304 -0.3937, -5.833 0.333 -0.3937, -5.9508 0.4148 -0.3937, -5.8819 0.2954 -0.3937, -5.9745 0.4049 -0.3937, -5.9389 0.2718 -0.3937, -6.6457 0.5 0.0, -6.6577 0.5917 -0.2756, -6.6577 0.5917 0.0, -6.6931 0.6772 -0.2756, -6.6931 0.6772 0.0, -6.7495 0.7505 -0.2756, -6.7495 0.7505 0.0, -6.8228 0.8069 -0.2756, -6.8228 0.8069 0.0, -6.9083 0.8423 -0.2756, -6.9083 0.8423 0.0, -7.0 0.8543 -0.2756, -7.0 0.8543 0.0, -7.0917 0.8423 -0.2756, -7.0917 0.8423 0.0, -7.1772 0.8069 -0.2756, -7.1772 0.8069 0.0, -7.2505 0.7505 -0.2756, -7.2505 0.7505 0.0, -7.3069 0.6772 -0.2756, -7.3069 0.6772 0.0, -7.3423 0.5917 -0.2756, -7.3423 0.5917 0.0, -7.3543 0.5 -0.2756, -7.3543 0.5 0.0, -7.3423 0.4083 -0.2756, -7.3423 0.4083 0.0, -7.3069 0.3228 -0.2756, -7.3069 0.3228 0.0, -7.2505 0.2495 -0.2756, -7.2505 0.2495 0.0, -7.1772 0.1931 -0.2756, -7.1772 0.1931 0.0, -7.0917 0.1577 -0.2756, -7.0917 0.1577 0.0, -7.0 0.1457 -0.2756, -7.0 0.1457 0.0, -6.9083 0.1577 -0.2756, -6.9083 0.1577 0.0, -6.8228 0.1931 -0.2756, -6.8228 0.1931 0.0, -6.7495 0.2495 -0.2756, -6.7495 0.2495 0.0, -6.6931 0.3228 -0.2756, -6.6931 0.3228 0.0, -6.6577 0.4083 -0.2756, -6.6577 0.4083 0.0, -6.6457 0.5 -0.2756, -6.9304 0.4304 -0.3937, -6.833 0.333 -0.3937, -6.9508 0.4148 -0.3937, -6.8819 0.2954 -0.3937, -6.9745 0.4049 -0.3937, -6.9389 0.2718 -0.3937, -7.0 0.4016 -0.3937, -7.0 0.2638 -0.3937, -7.0255 0.4049 -0.3937, -7.0611 0.2718 -0.3937, -7.0492 0.4148 -0.3937, -7.1181 0.2954 -0.3937, -7.0696 0.4304 -0.3937, -7.167 0.333 -0.3937, -7.0852 0.4508 -0.3937, -7.2046 0.3819 -0.3937, -7.0951 0.4745 -0.3937, -7.2282 0.4389 -0.3937, -7.0984 0.5 -0.3937, -7.2362 0.5 -0.3937, -7.0951 0.5255 -0.3937, -7.2282 0.5611 -0.3937, -7.0852 0.5492 -0.3937, -7.2046 0.6181 -0.3937, -7.0696 0.5696 -0.3937, -7.167 0.667 -0.3937, -7.0492 0.5852 -0.3937, -7.1181 0.7046 -0.3937, -7.0255 0.5951 -0.3937, -7.0611 0.7282 -0.3937, -7.0 0.5984 -0.3937, -7.0 0.7362 -0.3937, -6.9745 0.5951 -0.3937, -6.9389 0.7282 -0.3937, -6.9508 0.5852 -0.3937, -6.8819 0.7046 -0.3937, -6.9304 0.5696 -0.3937, -6.833 0.667 -0.3937, -6.9148 0.5492 -0.3937, -6.7954 0.6181 -0.3937, -6.9049 0.5255 -0.3937, -6.7718 0.5611 -0.3937, -6.9016 0.5 -0.3937, -6.7638 0.5 -0.3937, -6.9049 0.4745 -0.3937, -6.7718 0.4389 -0.3937, -6.9148 0.4508 -0.3937, -6.7954 0.3819 -0.3937, -0.9705 1.437 -0.8779, -0.9847 1.437 -0.8838, -1.0 1.437 -0.8268, -1.0 1.437 -0.8858, -1.0153 1.437 -0.8838, -0.943 1.437 -0.8421, -0.9489 1.437 -0.8563, -0.9582 1.437 -0.8685, -0.9489 1.437 -0.7972, -0.943 1.437 -0.8115, -0.9409 1.437 -0.8268, -0.9847 1.437 -0.7697, -0.9705 1.437 -0.7756, -0.9582 1.437 -0.785, -1.0295 1.437 -0.7756, -1.0153 1.437 -0.7697, -1.0 1.437 -0.7677, -1.057 1.437 -0.8115, -1.0511 1.437 -0.7972, -1.0418 1.437 -0.785, -1.0511 1.437 -0.8563, -1.057 1.437 -0.8421, -1.0591 1.437 -0.8268, -1.0295 1.437 -0.8779, -1.0418 1.437 -0.8685, -1.0 0.5984 -0.6299, -0.9745 0.5951 -0.6299, -0.9508 0.5852 -0.6299, -0.9304 0.5696 -0.6299, -0.9148 0.5492 -0.6299, -0.9049 0.5255 -0.6299, -0.9016 0.5 -0.6299, -0.9049 0.4745 -0.6299, -0.9148 0.4508 -0.6299, -0.9304 0.4304 -0.6299, -0.9508 0.4148 -0.6299, -0.9745 0.4049 -0.6299, -1.0 0.4016 -0.6299, -1.0255 0.4049 -0.6299, -1.0492 0.4148 -0.6299, -1.0696 0.4304 -0.6299, -1.0852 0.4508 -0.6299, -1.0951 0.4745 -0.6299, -1.0984 0.5 -0.6299, -1.0951 0.5255 -0.6299, -1.0852 0.5492 -0.6299, -1.0696 0.5696 -0.6299, -1.0492 0.5852 -0.6299, -1.0255 0.5951 -0.6299, -1.0 0.6969 -0.7283, -1.0 0.6749 -0.7259, -0.9745 0.6969 -0.7317, -0.9745 0.6742 -0.7291, -0.9508 0.6969 -0.7415, -0.9508 0.672 -0.7387, -0.9304 0.6969 -0.7572, -0.9304 0.6685 -0.754, -0.9148 0.6969 -0.7776, -0.9148 0.664 -0.7739, -0.9049 0.6969 -0.8013, -0.9049 0.6587 -0.797, -0.9016 0.6969 -0.8268, -0.9016 0.653 -0.8218, -0.9049 0.6969 -0.8522, -0.9049 0.6474 -0.8467, -0.9148 0.6969 -0.876, -0.9148 0.6421 -0.8698, -0.9304 0.6969 -0.8964, -0.9304 0.6376 -0.8897, -0.9508 0.6969 -0.912, -0.9508 0.6341 -0.9049, -0.9745 0.6969 -0.9218, -0.9745 0.6319 -0.9145, -1.0 0.6969 -0.9252, -1.0 0.6311 -0.9178, -1.0255 0.6969 -0.9218, -1.0255 0.6319 -0.9145, -1.0492 0.6969 -0.912, -1.0492 0.6341 -0.9049, -1.0696 0.6969 -0.8964, -1.0696 0.6376 -0.8897, -1.0852 0.6969 -0.876, -1.0852 0.6421 -0.8698, -1.0951 0.6969 -0.8522, -1.0951 0.6474 -0.8467, -1.0984 0.6969 -0.8268, -1.0984 0.653 -0.8218, -1.0951 0.6969 -0.8013, -1.0951 0.6587 -0.797, -1.0852 0.6969 -0.7776, -1.0852 0.664 -0.7739, -1.0696 0.6969 -0.7572, -1.0696 0.6685 -0.754, -1.0492 0.6969 -0.7415, -1.0492 0.672 -0.7387, -1.0255 0.6969 -0.7317, -1.0255 0.6742 -0.7291, -1.0 0.6541 -0.7186, -0.9745 0.6527 -0.7216, -0.9508 0.6484 -0.7305, -0.9304 0.6416 -0.7446, -0.9148 0.6328 -0.7629, -0.9049 0.6225 -0.7843, -0.9016 0.6114 -0.8073, -0.9049 0.6004 -0.8302, -0.9148 0.5901 -0.8516, -0.9304 0.5812 -0.87, -0.9508 0.5745 -0.8841, -0.9745 0.5702 -0.8929, -1.0 0.5687 -0.896, -1.0255 0.5702 -0.8929, -1.0492 0.5745 -0.8841, -1.0696 0.5812 -0.87, -1.0852 0.5901 -0.8516, -1.0951 0.6004 -0.8302, -1.0984 0.6114 -0.8073, -1.0951 0.6225 -0.7843, -1.0852 0.6328 -0.7629, -1.0696 0.6416 -0.7446, -1.0492 0.6484 -0.7305, -1.0255 0.6527 -0.7216, -1.0 0.6355 -0.7069, -0.9745 0.6334 -0.7095, -0.9508 0.6273 -0.7172, -0.9304 0.6175 -0.7294, -0.9148 0.6048 -0.7453, -0.9049 0.59 -0.7639, -0.9016 0.5741 -0.7838, -0.9049 0.5582 -0.8037, -0.9148 0.5434 -0.8223, -0.9304 0.5307 -0.8382, -0.9508 0.521 -0.8505, -0.9745 0.5148 -0.8582, -1.0 0.5127 -0.8608, -1.0255 0.5148 -0.8582, -1.0492 0.521 -0.8505, -1.0696 0.5307 -0.8382, -1.0852 0.5434 -0.8223, -1.0951 0.5582 -0.8037, -1.0984 0.5741 -0.7838, -1.0951 0.59 -0.7639, -1.0852 0.6048 -0.7453, -1.0696 0.6175 -0.7294, -1.0492 0.6273 -0.7172, -1.0255 0.6334 -0.7095, -1.0 0.6199 -0.6913, -0.9745 0.6173 -0.6934, -0.9508 0.6096 -0.6995, -0.9304 0.5974 -0.7093, -0.9148 0.5814 -0.722, -0.9049 0.5629 -0.7368, -0.9016 0.5429 -0.7527, -0.9049 0.523 -0.7685, -0.9148 0.5045 -0.7833, -0.9304 0.4885 -0.796, -0.9508 0.4763 -0.8058, -0.9745 0.4686 -0.8119, -1.0 0.466 -0.814, -1.0255 0.4686 -0.8119, -1.0492 0.4763 -0.8058, -1.0696 0.4885 -0.796, -1.0852 0.5045 -0.7833, -1.0951 0.523 -0.7685, -1.0984 0.5429 -0.7527, -1.0951 0.5629 -0.7368, -1.0852 0.5814 -0.722, -1.0696 0.5974 -0.7093, -1.0492 0.6096 -0.6995, -1.0255 0.6173 -0.6934, -1.0 0.6082 -0.6726, -0.9745 0.6052 -0.6741, -0.9508 0.5963 -0.6783, -0.9304 0.5822 -0.6851, -0.9148 0.5638 -0.694, -0.9049 0.5424 -0.7043, -0.9016 0.5195 -0.7153, -0.9049 0.4965 -0.7264, -0.9148 0.4752 -0.7367, -0.9304 0.4568 -0.7455, -0.9508 0.4427 -0.7523, -0.9745 0.4338 -0.7566, -1.0 0.4308 -0.758, -1.0255 0.4338 -0.7566, -1.0492 0.4427 -0.7523, -1.0696 0.4568 -0.7455, -1.0852 0.4752 -0.7367, -1.0951 0.4965 -0.7264, -1.0984 0.5195 -0.7153, -1.0951 0.5424 -0.7043, -1.0852 0.5638 -0.694, -1.0696 0.5822 -0.6851, -1.0492 0.5963 -0.6783, -1.0255 0.6052 -0.6741, -1.0 0.6009 -0.6518, -0.9745 0.5976 -0.6526, -0.9508 0.588 -0.6548, -0.9304 0.5728 -0.6582, -0.9148 0.5529 -0.6628, -0.9049 0.5298 -0.6681, -0.9016 0.5049 -0.6737, -0.9049 0.4801 -0.6794, -0.9148 0.457 -0.6847, -0.9304 0.4371 -0.6892, -0.9508 0.4218 -0.6927, -0.9745 0.4122 -0.6949, -1.0 0.409 -0.6956, -1.0255 0.4122 -0.6949, -1.0492 0.4218 -0.6927, -1.0696 0.4371 -0.6892, -1.0852 0.457 -0.6847, -1.0951 0.4801 -0.6794, -1.0984 0.5049 -0.6737, -1.0951 0.5298 -0.6681, -1.0852 0.5529 -0.6628, -1.0696 0.5728 -0.6582, -1.0492 0.588 -0.6548, -1.0255 0.5976 -0.6526, -1.0 1.3976 -0.7283, -0.9745 1.3976 -0.7317, -0.9508 1.3976 -0.7415, -0.9304 1.3976 -0.7572, -0.9148 1.3976 -0.7776, -0.9049 1.3976 -0.8013, -0.9016 1.3976 -0.8268, -0.9049 1.3976 -0.8522, -0.9148 1.3976 -0.876, -0.9304 1.3976 -0.8964, -0.9508 1.3976 -0.912, -0.9745 1.3976 -0.9218, -1.0 1.3976 -0.9252, -1.0255 1.3976 -0.9218, -1.0492 1.3976 -0.912, -1.0696 1.3976 -0.8964, -1.0852 1.3976 -0.876, -1.0951 1.3976 -0.8522, -1.0984 1.3976 -0.8268, -1.0951 1.3976 -0.8013, -1.0852 1.3976 -0.7776, -1.0696 1.3976 -0.7572, -1.0492 1.3976 -0.7415, -1.0255 1.3976 -0.7317, -1.9705 1.437 -0.8779, -1.9847 1.437 -0.8838, -2.0 1.437 -0.8268, -2.0 1.437 -0.8858, -2.0153 1.437 -0.8838, -1.943 1.437 -0.8421, -1.9489 1.437 -0.8563, -1.9582 1.437 -0.8685, -1.9489 1.437 -0.7972, -1.943 1.437 -0.8115, -1.9409 1.437 -0.8268, -1.9847 1.437 -0.7697, -1.9705 1.437 -0.7756, -1.9582 1.437 -0.785, -2.0295 1.437 -0.7756, -2.0153 1.437 -0.7697, -2.0 1.437 -0.7677, -2.057 1.437 -0.8115, -2.0511 1.437 -0.7972, -2.0418 1.437 -0.785, -2.0511 1.437 -0.8563, -2.057 1.437 -0.8421, -2.0591 1.437 -0.8268, -2.0295 1.437 -0.8779, -2.0418 1.437 -0.8685, -2.0 0.5984 -0.6299, -1.9745 0.5951 -0.6299, -1.9508 0.5852 -0.6299, -1.9304 0.5696 -0.6299, -1.9148 0.5492 -0.6299, -1.9049 0.5255 -0.6299, -1.9016 0.5 -0.6299, -1.9049 0.4745 -0.6299, -1.9148 0.4508 -0.6299, -1.9304 0.4304 -0.6299, -1.9508 0.4148 -0.6299, -1.9745 0.4049 -0.6299, -2.0 0.4016 -0.6299, -2.0255 0.4049 -0.6299, -2.0492 0.4148 -0.6299, -2.0696 0.4304 -0.6299, -2.0852 0.4508 -0.6299, -2.0951 0.4745 -0.6299, -2.0984 0.5 -0.6299, -2.0951 0.5255 -0.6299, -2.0852 0.5492 -0.6299, -2.0696 0.5696 -0.6299, -2.0492 0.5852 -0.6299, -2.0255 0.5951 -0.6299, -2.0 0.6969 -0.7283, -2.0 0.6749 -0.7259, -1.9745 0.6969 -0.7317, -1.9745 0.6742 -0.7291, -1.9508 0.6969 -0.7415, -1.9508 0.672 -0.7387, -1.9304 0.6969 -0.7572, -1.9304 0.6685 -0.754, -1.9148 0.6969 -0.7776, -1.9148 0.664 -0.7739, -1.9049 0.6969 -0.8013, -1.9049 0.6587 -0.797, -1.9016 0.6969 -0.8268, -1.9016 0.653 -0.8218, -1.9049 0.6969 -0.8522, -1.9049 0.6474 -0.8467, -1.9148 0.6969 -0.876, -1.9148 0.6421 -0.8698, -1.9304 0.6969 -0.8964, -1.9304 0.6376 -0.8897, -1.9508 0.6969 -0.912, -1.9508 0.6341 -0.9049, -1.9745 0.6969 -0.9218, -1.9745 0.6319 -0.9145, -2.0 0.6969 -0.9252, -2.0 0.6311 -0.9178, -2.0255 0.6969 -0.9218, -2.0255 0.6319 -0.9145, -2.0492 0.6969 -0.912, -2.0492 0.6341 -0.9049, -2.0696 0.6969 -0.8964, -2.0696 0.6376 -0.8897, -2.0852 0.6969 -0.876, -2.0852 0.6421 -0.8698, -2.0951 0.6969 -0.8522, -2.0951 0.6474 -0.8467, -2.0984 0.6969 -0.8268, -2.0984 0.653 -0.8218, -2.0951 0.6969 -0.8013, -2.0951 0.6587 -0.797, -2.0852 0.6969 -0.7776, -2.0852 0.664 -0.7739, -2.0696 0.6969 -0.7572, -2.0696 0.6685 -0.754, -2.0492 0.6969 -0.7415, -2.0492 0.672 -0.7387, -2.0255 0.6969 -0.7317, -2.0255 0.6742 -0.7291, -2.0 0.6541 -0.7186, -1.9745 0.6527 -0.7216, -1.9508 0.6484 -0.7305, -1.9304 0.6416 -0.7446, -1.9148 0.6328 -0.7629, -1.9049 0.6225 -0.7843, -1.9016 0.6114 -0.8073, -1.9049 0.6004 -0.8302, -1.9148 0.5901 -0.8516, -1.9304 0.5812 -0.87, -1.9508 0.5745 -0.8841, -1.9745 0.5702 -0.8929, -2.0 0.5687 -0.896, -2.0255 0.5702 -0.8929, -2.0492 0.5745 -0.8841, -2.0696 0.5812 -0.87, -2.0852 0.5901 -0.8516, -2.0951 0.6004 -0.8302, -2.0984 0.6114 -0.8073, -2.0951 0.6225 -0.7843, -2.0852 0.6328 -0.7629, -2.0696 0.6416 -0.7446, -2.0492 0.6484 -0.7305, -2.0255 0.6527 -0.7216, -2.0 0.6355 -0.7069, -1.9745 0.6334 -0.7095, -1.9508 0.6273 -0.7172, -1.9304 0.6175 -0.7294, -1.9148 0.6048 -0.7453, -1.9049 0.59 -0.7639, -1.9016 0.5741 -0.7838, -1.9049 0.5582 -0.8037, -1.9148 0.5434 -0.8223, -1.9304 0.5307 -0.8382, -1.9508 0.521 -0.8505, -1.9745 0.5148 -0.8582, -2.0 0.5127 -0.8608, -2.0255 0.5148 -0.8582, -2.0492 0.521 -0.8505, -2.0696 0.5307 -0.8382, -2.0852 0.5434 -0.8223, -2.0951 0.5582 -0.8037, -2.0984 0.5741 -0.7838, -2.0951 0.59 -0.7639, -2.0852 0.6048 -0.7453, -2.0696 0.6175 -0.7294, -2.0492 0.6273 -0.7172, -2.0255 0.6334 -0.7095, -2.0 0.6199 -0.6913, -1.9745 0.6173 -0.6934, -1.9508 0.6096 -0.6995, -1.9304 0.5974 -0.7093, -1.9148 0.5814 -0.722, -1.9049 0.5629 -0.7368, -1.9016 0.5429 -0.7527, -1.9049 0.523 -0.7685, -1.9148 0.5045 -0.7833, -1.9304 0.4885 -0.796, -1.9508 0.4763 -0.8058, -1.9745 0.4686 -0.8119, -2.0 0.466 -0.814, -2.0255 0.4686 -0.8119, -2.0492 0.4763 -0.8058, -2.0696 0.4885 -0.796, -2.0852 0.5045 -0.7833, -2.0951 0.523 -0.7685, -2.0984 0.5429 -0.7527, -2.0951 0.5629 -0.7368, -2.0852 0.5814 -0.722, -2.0696 0.5974 -0.7093, -2.0492 0.6096 -0.6995, -2.0255 0.6173 -0.6934, -2.0 0.6082 -0.6726, -1.9745 0.6052 -0.6741, -1.9508 0.5963 -0.6783, -1.9304 0.5822 -0.6851, -1.9148 0.5638 -0.694, -1.9049 0.5424 -0.7043, -1.9016 0.5195 -0.7153, -1.9049 0.4965 -0.7264, -1.9148 0.4752 -0.7367, -1.9304 0.4568 -0.7455, -1.9508 0.4427 -0.7523, -1.9745 0.4338 -0.7566, -2.0 0.4308 -0.758, -2.0255 0.4338 -0.7566, -2.0492 0.4427 -0.7523, -2.0696 0.4568 -0.7455, -2.0852 0.4752 -0.7367, -2.0951 0.4965 -0.7264, -2.0984 0.5195 -0.7153, -2.0951 0.5424 -0.7043, -2.0852 0.5638 -0.694, -2.0696 0.5822 -0.6851, -2.0492 0.5963 -0.6783, -2.0255 0.6052 -0.6741, -2.0 0.6009 -0.6518, -1.9745 0.5976 -0.6526, -1.9508 0.588 -0.6548, -1.9304 0.5728 -0.6582, -1.9148 0.5529 -0.6628, -1.9049 0.5298 -0.6681, -1.9016 0.5049 -0.6737, -1.9049 0.4801 -0.6794, -1.9148 0.457 -0.6847, -1.9304 0.4371 -0.6892, -1.9508 0.4218 -0.6927, -1.9745 0.4122 -0.6949, -2.0 0.409 -0.6956, -2.0255 0.4122 -0.6949, -2.0492 0.4218 -0.6927, -2.0696 0.4371 -0.6892, -2.0852 0.457 -0.6847, -2.0951 0.4801 -0.6794, -2.0984 0.5049 -0.6737, -2.0951 0.5298 -0.6681, -2.0852 0.5529 -0.6628, -2.0696 0.5728 -0.6582, -2.0492 0.588 -0.6548, -2.0255 0.5976 -0.6526, -2.0 1.3976 -0.7283, -1.9745 1.3976 -0.7317, -1.9508 1.3976 -0.7415, -1.9304 1.3976 -0.7572, -1.9148 1.3976 -0.7776, -1.9049 1.3976 -0.8013, -1.9016 1.3976 -0.8268, -1.9049 1.3976 -0.8522, -1.9148 1.3976 -0.876, -1.9304 1.3976 -0.8964, -1.9508 1.3976 -0.912, -1.9745 1.3976 -0.9218, -2.0 1.3976 -0.9252, -2.0255 1.3976 -0.9218, -2.0492 1.3976 -0.912, -2.0696 1.3976 -0.8964, -2.0852 1.3976 -0.876, -2.0951 1.3976 -0.8522, -2.0984 1.3976 -0.8268, -2.0951 1.3976 -0.8013, -2.0852 1.3976 -0.7776, -2.0696 1.3976 -0.7572, -2.0492 1.3976 -0.7415, -2.0255 1.3976 -0.7317, -2.9705 1.437 -0.8779, -2.9847 1.437 -0.8838, -3.0 1.437 -0.8268, -3.0 1.437 -0.8858, -3.0153 1.437 -0.8838, -2.943 1.437 -0.8421, -2.9489 1.437 -0.8563, -2.9582 1.437 -0.8685, -2.9489 1.437 -0.7972, -2.943 1.437 -0.8115, -2.9409 1.437 -0.8268, -2.9847 1.437 -0.7697, -2.9705 1.437 -0.7756, -2.9582 1.437 -0.785, -3.0295 1.437 -0.7756, -3.0153 1.437 -0.7697, -3.0 1.437 -0.7677, -3.057 1.437 -0.8115, -3.0511 1.437 -0.7972, -3.0418 1.437 -0.785, -3.0511 1.437 -0.8563, -3.057 1.437 -0.8421, -3.0591 1.437 -0.8268, -3.0295 1.437 -0.8779, -3.0418 1.437 -0.8685, -3.0 0.5984 -0.6299, -2.9745 0.5951 -0.6299, -2.9508 0.5852 -0.6299, -2.9304 0.5696 -0.6299, -2.9148 0.5492 -0.6299, -2.9049 0.5255 -0.6299, -2.9016 0.5 -0.6299, -2.9049 0.4745 -0.6299, -2.9148 0.4508 -0.6299, -2.9304 0.4304 -0.6299, -2.9508 0.4148 -0.6299, -2.9745 0.4049 -0.6299, -3.0 0.4016 -0.6299, -3.0255 0.4049 -0.6299, -3.0492 0.4148 -0.6299, -3.0696 0.4304 -0.6299, -3.0852 0.4508 -0.6299, -3.0951 0.4745 -0.6299, -3.0984 0.5 -0.6299, -3.0951 0.5255 -0.6299, -3.0852 0.5492 -0.6299, -3.0696 0.5696 -0.6299, -3.0492 0.5852 -0.6299, -3.0255 0.5951 -0.6299, -3.0 0.6969 -0.7283, -3.0 0.6749 -0.7259, -2.9745 0.6969 -0.7317, -2.9745 0.6742 -0.7291, -2.9508 0.6969 -0.7415, -2.9508 0.672 -0.7387, -2.9304 0.6969 -0.7572, -2.9304 0.6685 -0.754, -2.9148 0.6969 -0.7776, -2.9148 0.664 -0.7739, -2.9049 0.6969 -0.8013, -2.9049 0.6587 -0.797, -2.9016 0.6969 -0.8268, -2.9016 0.653 -0.8218, -2.9049 0.6969 -0.8522, -2.9049 0.6474 -0.8467, -2.9148 0.6969 -0.876, -2.9148 0.6421 -0.8698, -2.9304 0.6969 -0.8964, -2.9304 0.6376 -0.8897, -2.9508 0.6969 -0.912, -2.9508 0.6341 -0.9049, -2.9745 0.6969 -0.9218, -2.9745 0.6319 -0.9145, -3.0 0.6969 -0.9252, -3.0 0.6311 -0.9178, -3.0255 0.6969 -0.9218, -3.0255 0.6319 -0.9145, -3.0492 0.6969 -0.912, -3.0492 0.6341 -0.9049, -3.0696 0.6969 -0.8964, -3.0696 0.6376 -0.8897, -3.0852 0.6969 -0.876, -3.0852 0.6421 -0.8698, -3.0951 0.6969 -0.8522, -3.0951 0.6474 -0.8467, -3.0984 0.6969 -0.8268, -3.0984 0.653 -0.8218, -3.0951 0.6969 -0.8013, -3.0951 0.6587 -0.797, -3.0852 0.6969 -0.7776, -3.0852 0.664 -0.7739, -3.0696 0.6969 -0.7572, -3.0696 0.6685 -0.754, -3.0492 0.6969 -0.7415, -3.0492 0.672 -0.7387, -3.0255 0.6969 -0.7317, -3.0255 0.6742 -0.7291, -3.0 0.6541 -0.7186, -2.9745 0.6527 -0.7216, -2.9508 0.6484 -0.7305, -2.9304 0.6416 -0.7446, -2.9148 0.6328 -0.7629, -2.9049 0.6225 -0.7843, -2.9016 0.6114 -0.8073, -2.9049 0.6004 -0.8302, -2.9148 0.5901 -0.8516, -2.9304 0.5812 -0.87, -2.9508 0.5745 -0.8841, -2.9745 0.5702 -0.8929, -3.0 0.5687 -0.896, -3.0255 0.5702 -0.8929, -3.0492 0.5745 -0.8841, -3.0696 0.5812 -0.87, -3.0852 0.5901 -0.8516, -3.0951 0.6004 -0.8302, -3.0984 0.6114 -0.8073, -3.0951 0.6225 -0.7843, -3.0852 0.6328 -0.7629, -3.0696 0.6416 -0.7446, -3.0492 0.6484 -0.7305, -3.0255 0.6527 -0.7216, -3.0 0.6355 -0.7069, -2.9745 0.6334 -0.7095, -2.9508 0.6273 -0.7172, -2.9304 0.6175 -0.7294, -2.9148 0.6048 -0.7453, -2.9049 0.59 -0.7639, -2.9016 0.5741 -0.7838, -2.9049 0.5582 -0.8037, -2.9148 0.5434 -0.8223, -2.9304 0.5307 -0.8382, -2.9508 0.521 -0.8505, -2.9745 0.5148 -0.8582, -3.0 0.5127 -0.8608, -3.0255 0.5148 -0.8582, -3.0492 0.521 -0.8505, -3.0696 0.5307 -0.8382, -3.0852 0.5434 -0.8223, -3.0951 0.5582 -0.8037, -3.0984 0.5741 -0.7838, -3.0951 0.59 -0.7639, -3.0852 0.6048 -0.7453, -3.0696 0.6175 -0.7294, -3.0492 0.6273 -0.7172, -3.0255 0.6334 -0.7095, -3.0 0.6199 -0.6913, -2.9745 0.6173 -0.6934, -2.9508 0.6096 -0.6995, -2.9304 0.5974 -0.7093, -2.9148 0.5814 -0.722, -2.9049 0.5629 -0.7368, -2.9016 0.5429 -0.7527, -2.9049 0.523 -0.7685, -2.9148 0.5045 -0.7833, -2.9304 0.4885 -0.796, -2.9508 0.4763 -0.8058, -2.9745 0.4686 -0.8119, -3.0 0.466 -0.814, -3.0255 0.4686 -0.8119, -3.0492 0.4763 -0.8058, -3.0696 0.4885 -0.796, -3.0852 0.5045 -0.7833, -3.0951 0.523 -0.7685, -3.0984 0.5429 -0.7527, -3.0951 0.5629 -0.7368, -3.0852 0.5814 -0.722, -3.0696 0.5974 -0.7093, -3.0492 0.6096 -0.6995, -3.0255 0.6173 -0.6934, -3.0 0.6082 -0.6726, -2.9745 0.6052 -0.6741, -2.9508 0.5963 -0.6783, -2.9304 0.5822 -0.6851, -2.9148 0.5638 -0.694, -2.9049 0.5424 -0.7043, -2.9016 0.5195 -0.7153, -2.9049 0.4965 -0.7264, -2.9148 0.4752 -0.7367, -2.9304 0.4568 -0.7455, -2.9508 0.4427 -0.7523, -2.9745 0.4338 -0.7566, -3.0 0.4308 -0.758, -3.0255 0.4338 -0.7566, -3.0492 0.4427 -0.7523, -3.0696 0.4568 -0.7455, -3.0852 0.4752 -0.7367, -3.0951 0.4965 -0.7264, -3.0984 0.5195 -0.7153, -3.0951 0.5424 -0.7043, -3.0852 0.5638 -0.694, -3.0696 0.5822 -0.6851, -3.0492 0.5963 -0.6783, -3.0255 0.6052 -0.6741, -3.0 0.6009 -0.6518, -2.9745 0.5976 -0.6526, -2.9508 0.588 -0.6548, -2.9304 0.5728 -0.6582, -2.9148 0.5529 -0.6628, -2.9049 0.5298 -0.6681, -2.9016 0.5049 -0.6737, -2.9049 0.4801 -0.6794, -2.9148 0.457 -0.6847, -2.9304 0.4371 -0.6892, -2.9508 0.4218 -0.6927, -2.9745 0.4122 -0.6949, -3.0 0.409 -0.6956, -3.0255 0.4122 -0.6949, -3.0492 0.4218 -0.6927, -3.0696 0.4371 -0.6892, -3.0852 0.457 -0.6847, -3.0951 0.4801 -0.6794, -3.0984 0.5049 -0.6737, -3.0951 0.5298 -0.6681, -3.0852 0.5529 -0.6628, -3.0696 0.5728 -0.6582, -3.0492 0.588 -0.6548, -3.0255 0.5976 -0.6526, -3.0 1.3976 -0.7283, -2.9745 1.3976 -0.7317, -2.9508 1.3976 -0.7415, -2.9304 1.3976 -0.7572, -2.9148 1.3976 -0.7776, -2.9049 1.3976 -0.8013, -2.9016 1.3976 -0.8268, -2.9049 1.3976 -0.8522, -2.9148 1.3976 -0.876, -2.9304 1.3976 -0.8964, -2.9508 1.3976 -0.912, -2.9745 1.3976 -0.9218, -3.0 1.3976 -0.9252, -3.0255 1.3976 -0.9218, -3.0492 1.3976 -0.912, -3.0696 1.3976 -0.8964, -3.0852 1.3976 -0.876, -3.0951 1.3976 -0.8522, -3.0984 1.3976 -0.8268, -3.0951 1.3976 -0.8013, -3.0852 1.3976 -0.7776, -3.0696 1.3976 -0.7572, -3.0492 1.3976 -0.7415, -3.0255 1.3976 -0.7317, -3.9705 1.437 -0.8779, -3.9847 1.437 -0.8838, -4.0 1.437 -0.8268, -4.0 1.437 -0.8858, -4.0153 1.437 -0.8838, -3.943 1.437 -0.8421, -3.9489 1.437 -0.8563, -3.9582 1.437 -0.8685, -3.9489 1.437 -0.7972, -3.943 1.437 -0.8115, -3.9409 1.437 -0.8268, -3.9847 1.437 -0.7697, -3.9705 1.437 -0.7756, -3.9582 1.437 -0.785, -4.0295 1.437 -0.7756, -4.0153 1.437 -0.7697, -4.0 1.437 -0.7677, -4.057 1.437 -0.8115, -4.0511 1.437 -0.7972, -4.0418 1.437 -0.785, -4.0511 1.437 -0.8563, -4.057 1.437 -0.8421, -4.0591 1.437 -0.8268, -4.0295 1.437 -0.8779, -4.0418 1.437 -0.8685, -4.0 0.5984 -0.6299, -3.9745 0.5951 -0.6299, -3.9508 0.5852 -0.6299, -3.9304 0.5696 -0.6299, -3.9148 0.5492 -0.6299, -3.9049 0.5255 -0.6299, -3.9016 0.5 -0.6299, -3.9049 0.4745 -0.6299, -3.9148 0.4508 -0.6299, -3.9304 0.4304 -0.6299, -3.9508 0.4148 -0.6299, -3.9745 0.4049 -0.6299, -4.0 0.4016 -0.6299, -4.0255 0.4049 -0.6299, -4.0492 0.4148 -0.6299, -4.0696 0.4304 -0.6299, -4.0852 0.4508 -0.6299, -4.0951 0.4745 -0.6299, -4.0984 0.5 -0.6299, -4.0951 0.5255 -0.6299, -4.0852 0.5492 -0.6299, -4.0696 0.5696 -0.6299, -4.0492 0.5852 -0.6299, -4.0255 0.5951 -0.6299, -4.0 0.6969 -0.7283, -4.0 0.6749 -0.7259, -3.9745 0.6969 -0.7317, -3.9745 0.6742 -0.7291, -3.9508 0.6969 -0.7415, -3.9508 0.672 -0.7387, -3.9304 0.6969 -0.7572, -3.9304 0.6685 -0.754, -3.9148 0.6969 -0.7776, -3.9148 0.664 -0.7739, -3.9049 0.6969 -0.8013, -3.9049 0.6587 -0.797, -3.9016 0.6969 -0.8268, -3.9016 0.653 -0.8218, -3.9049 0.6969 -0.8522, -3.9049 0.6474 -0.8467, -3.9148 0.6969 -0.876, -3.9148 0.6421 -0.8698, -3.9304 0.6969 -0.8964, -3.9304 0.6376 -0.8897, -3.9508 0.6969 -0.912, -3.9508 0.6341 -0.9049, -3.9745 0.6969 -0.9218, -3.9745 0.6319 -0.9145, -4.0 0.6969 -0.9252, -4.0 0.6311 -0.9178, -4.0255 0.6969 -0.9218, -4.0255 0.6319 -0.9145, -4.0492 0.6969 -0.912, -4.0492 0.6341 -0.9049, -4.0696 0.6969 -0.8964, -4.0696 0.6376 -0.8897, -4.0852 0.6969 -0.876, -4.0852 0.6421 -0.8698, -4.0951 0.6969 -0.8522, -4.0951 0.6474 -0.8467, -4.0984 0.6969 -0.8268, -4.0984 0.653 -0.8218, -4.0951 0.6969 -0.8013, -4.0951 0.6587 -0.797, -4.0852 0.6969 -0.7776, -4.0852 0.664 -0.7739, -4.0696 0.6969 -0.7572, -4.0696 0.6685 -0.754, -4.0492 0.6969 -0.7415, -4.0492 0.672 -0.7387, -4.0255 0.6969 -0.7317, -4.0255 0.6742 -0.7291, -4.0 0.6541 -0.7186, -3.9745 0.6527 -0.7216, -3.9508 0.6484 -0.7305, -3.9304 0.6416 -0.7446, -3.9148 0.6328 -0.7629, -3.9049 0.6225 -0.7843, -3.9016 0.6114 -0.8073, -3.9049 0.6004 -0.8302, -3.9148 0.5901 -0.8516, -3.9304 0.5812 -0.87, -3.9508 0.5745 -0.8841, -3.9745 0.5702 -0.8929, -4.0 0.5687 -0.896, -4.0255 0.5702 -0.8929, -4.0492 0.5745 -0.8841, -4.0696 0.5812 -0.87, -4.0852 0.5901 -0.8516, -4.0951 0.6004 -0.8302, -4.0984 0.6114 -0.8073, -4.0951 0.6225 -0.7843, -4.0852 0.6328 -0.7629, -4.0696 0.6416 -0.7446, -4.0492 0.6484 -0.7305, -4.0255 0.6527 -0.7216, -4.0 0.6355 -0.7069, -3.9745 0.6334 -0.7095, -3.9508 0.6273 -0.7172, -3.9304 0.6175 -0.7294, -3.9148 0.6048 -0.7453, -3.9049 0.59 -0.7639, -3.9016 0.5741 -0.7838, -3.9049 0.5582 -0.8037, -3.9148 0.5434 -0.8223, -3.9304 0.5307 -0.8382, -3.9508 0.521 -0.8505, -3.9745 0.5148 -0.8582, -4.0 0.5127 -0.8608, -4.0255 0.5148 -0.8582, -4.0492 0.521 -0.8505, -4.0696 0.5307 -0.8382, -4.0852 0.5434 -0.8223, -4.0951 0.5582 -0.8037, -4.0984 0.5741 -0.7838, -4.0951 0.59 -0.7639, -4.0852 0.6048 -0.7453, -4.0696 0.6175 -0.7294, -4.0492 0.6273 -0.7172, -4.0255 0.6334 -0.7095, -4.0 0.6199 -0.6913, -3.9745 0.6173 -0.6934, -3.9508 0.6096 -0.6995, -3.9304 0.5974 -0.7093, -3.9148 0.5814 -0.722, -3.9049 0.5629 -0.7368, -3.9016 0.5429 -0.7527, -3.9049 0.523 -0.7685, -3.9148 0.5045 -0.7833, -3.9304 0.4885 -0.796, -3.9508 0.4763 -0.8058, -3.9745 0.4686 -0.8119, -4.0 0.466 -0.814, -4.0255 0.4686 -0.8119, -4.0492 0.4763 -0.8058, -4.0696 0.4885 -0.796, -4.0852 0.5045 -0.7833, -4.0951 0.523 -0.7685, -4.0984 0.5429 -0.7527, -4.0951 0.5629 -0.7368, -4.0852 0.5814 -0.722, -4.0696 0.5974 -0.7093, -4.0492 0.6096 -0.6995, -4.0255 0.6173 -0.6934, -4.0 0.6082 -0.6726, -3.9745 0.6052 -0.6741, -3.9508 0.5963 -0.6783, -3.9304 0.5822 -0.6851, -3.9148 0.5638 -0.694, -3.9049 0.5424 -0.7043, -3.9016 0.5195 -0.7153, -3.9049 0.4965 -0.7264, -3.9148 0.4752 -0.7367, -3.9304 0.4568 -0.7455, -3.9508 0.4427 -0.7523, -3.9745 0.4338 -0.7566, -4.0 0.4308 -0.758, -4.0255 0.4338 -0.7566, -4.0492 0.4427 -0.7523, -4.0696 0.4568 -0.7455, -4.0852 0.4752 -0.7367, -4.0951 0.4965 -0.7264, -4.0984 0.5195 -0.7153, -4.0951 0.5424 -0.7043, -4.0852 0.5638 -0.694, -4.0696 0.5822 -0.6851, -4.0492 0.5963 -0.6783, -4.0255 0.6052 -0.6741, -4.0 0.6009 -0.6518, -3.9745 0.5976 -0.6526, -3.9508 0.588 -0.6548, -3.9304 0.5728 -0.6582, -3.9148 0.5529 -0.6628, -3.9049 0.5298 -0.6681, -3.9016 0.5049 -0.6737, -3.9049 0.4801 -0.6794, -3.9148 0.457 -0.6847, -3.9304 0.4371 -0.6892, -3.9508 0.4218 -0.6927, -3.9745 0.4122 -0.6949, -4.0 0.409 -0.6956, -4.0255 0.4122 -0.6949, -4.0492 0.4218 -0.6927, -4.0696 0.4371 -0.6892, -4.0852 0.457 -0.6847, -4.0951 0.4801 -0.6794, -4.0984 0.5049 -0.6737, -4.0951 0.5298 -0.6681, -4.0852 0.5529 -0.6628, -4.0696 0.5728 -0.6582, -4.0492 0.588 -0.6548, -4.0255 0.5976 -0.6526, -4.0 1.3976 -0.7283, -3.9745 1.3976 -0.7317, -3.9508 1.3976 -0.7415, -3.9304 1.3976 -0.7572, -3.9148 1.3976 -0.7776, -3.9049 1.3976 -0.8013, -3.9016 1.3976 -0.8268, -3.9049 1.3976 -0.8522, -3.9148 1.3976 -0.876, -3.9304 1.3976 -0.8964, -3.9508 1.3976 -0.912, -3.9745 1.3976 -0.9218, -4.0 1.3976 -0.9252, -4.0255 1.3976 -0.9218, -4.0492 1.3976 -0.912, -4.0696 1.3976 -0.8964, -4.0852 1.3976 -0.876, -4.0951 1.3976 -0.8522, -4.0984 1.3976 -0.8268, -4.0951 1.3976 -0.8013, -4.0852 1.3976 -0.7776, -4.0696 1.3976 -0.7572, -4.0492 1.3976 -0.7415, -4.0255 1.3976 -0.7317, -4.9705 1.437 -0.8779, -4.9847 1.437 -0.8838, -5.0 1.437 -0.8268, -5.0 1.437 -0.8858, -5.0153 1.437 -0.8838, -4.943 1.437 -0.8421, -4.9489 1.437 -0.8563, -4.9582 1.437 -0.8685, -4.9489 1.437 -0.7972, -4.943 1.437 -0.8115, -4.9409 1.437 -0.8268, -4.9847 1.437 -0.7697, -4.9705 1.437 -0.7756, -4.9582 1.437 -0.785, -5.0295 1.437 -0.7756, -5.0153 1.437 -0.7697, -5.0 1.437 -0.7677, -5.057 1.437 -0.8115, -5.0511 1.437 -0.7972, -5.0418 1.437 -0.785, -5.0511 1.437 -0.8563, -5.057 1.437 -0.8421, -5.0591 1.437 -0.8268, -5.0295 1.437 -0.8779, -5.0418 1.437 -0.8685, -5.0 0.5984 -0.6299, -4.9745 0.5951 -0.6299, -4.9508 0.5852 -0.6299, -4.9304 0.5696 -0.6299, -4.9148 0.5492 -0.6299, -4.9049 0.5255 -0.6299, -4.9016 0.5 -0.6299, -4.9049 0.4745 -0.6299, -4.9148 0.4508 -0.6299, -4.9304 0.4304 -0.6299, -4.9508 0.4148 -0.6299, -4.9745 0.4049 -0.6299, -5.0 0.4016 -0.6299, -5.0255 0.4049 -0.6299, -5.0492 0.4148 -0.6299, -5.0696 0.4304 -0.6299, -5.0852 0.4508 -0.6299, -5.0951 0.4745 -0.6299, -5.0984 0.5 -0.6299, -5.0951 0.5255 -0.6299, -5.0852 0.5492 -0.6299, -5.0696 0.5696 -0.6299, -5.0492 0.5852 -0.6299, -5.0255 0.5951 -0.6299, -5.0 0.6969 -0.7283, -5.0 0.6749 -0.7259, -4.9745 0.6969 -0.7317, -4.9745 0.6742 -0.7291, -4.9508 0.6969 -0.7415, -4.9508 0.672 -0.7387, -4.9304 0.6969 -0.7572, -4.9304 0.6685 -0.754, -4.9148 0.6969 -0.7776, -4.9148 0.664 -0.7739, -4.9049 0.6969 -0.8013, -4.9049 0.6587 -0.797, -4.9016 0.6969 -0.8268, -4.9016 0.653 -0.8218, -4.9049 0.6969 -0.8522, -4.9049 0.6474 -0.8467, -4.9148 0.6969 -0.876, -4.9148 0.6421 -0.8698, -4.9304 0.6969 -0.8964, -4.9304 0.6376 -0.8897, -4.9508 0.6969 -0.912, -4.9508 0.6341 -0.9049, -4.9745 0.6969 -0.9218, -4.9745 0.6319 -0.9145, -5.0 0.6969 -0.9252, -5.0 0.6311 -0.9178, -5.0255 0.6969 -0.9218, -5.0255 0.6319 -0.9145, -5.0492 0.6969 -0.912, -5.0492 0.6341 -0.9049, -5.0696 0.6969 -0.8964, -5.0696 0.6376 -0.8897, -5.0852 0.6969 -0.876, -5.0852 0.6421 -0.8698, -5.0951 0.6969 -0.8522, -5.0951 0.6474 -0.8467, -5.0984 0.6969 -0.8268, -5.0984 0.653 -0.8218, -5.0951 0.6969 -0.8013, -5.0951 0.6587 -0.797, -5.0852 0.6969 -0.7776, -5.0852 0.664 -0.7739, -5.0696 0.6969 -0.7572, -5.0696 0.6685 -0.754, -5.0492 0.6969 -0.7415, -5.0492 0.672 -0.7387, -5.0255 0.6969 -0.7317, -5.0255 0.6742 -0.7291, -5.0 0.6541 -0.7186, -4.9745 0.6527 -0.7216, -4.9508 0.6484 -0.7305, -4.9304 0.6416 -0.7446, -4.9148 0.6328 -0.7629, -4.9049 0.6225 -0.7843, -4.9016 0.6114 -0.8073, -4.9049 0.6004 -0.8302, -4.9148 0.5901 -0.8516, -4.9304 0.5812 -0.87, -4.9508 0.5745 -0.8841, -4.9745 0.5702 -0.8929, -5.0 0.5687 -0.896, -5.0255 0.5702 -0.8929, -5.0492 0.5745 -0.8841, -5.0696 0.5812 -0.87, -5.0852 0.5901 -0.8516, -5.0951 0.6004 -0.8302, -5.0984 0.6114 -0.8073, -5.0951 0.6225 -0.7843, -5.0852 0.6328 -0.7629, -5.0696 0.6416 -0.7446, -5.0492 0.6484 -0.7305, -5.0255 0.6527 -0.7216, -5.0 0.6355 -0.7069, -4.9745 0.6334 -0.7095, -4.9508 0.6273 -0.7172, -4.9304 0.6175 -0.7294, -4.9148 0.6048 -0.7453, -4.9049 0.59 -0.7639, -4.9016 0.5741 -0.7838, -4.9049 0.5582 -0.8037, -4.9148 0.5434 -0.8223, -4.9304 0.5307 -0.8382, -4.9508 0.521 -0.8505, -4.9745 0.5148 -0.8582, -5.0 0.5127 -0.8608, -5.0255 0.5148 -0.8582, -5.0492 0.521 -0.8505, -5.0696 0.5307 -0.8382, -5.0852 0.5434 -0.8223, -5.0951 0.5582 -0.8037, -5.0984 0.5741 -0.7838, -5.0951 0.59 -0.7639, -5.0852 0.6048 -0.7453, -5.0696 0.6175 -0.7294, -5.0492 0.6273 -0.7172, -5.0255 0.6334 -0.7095, -5.0 0.6199 -0.6913, -4.9745 0.6173 -0.6934, -4.9508 0.6096 -0.6995, -4.9304 0.5974 -0.7093, -4.9148 0.5814 -0.722, -4.9049 0.5629 -0.7368, -4.9016 0.5429 -0.7527, -4.9049 0.523 -0.7685, -4.9148 0.5045 -0.7833, -4.9304 0.4885 -0.796, -4.9508 0.4763 -0.8058, -4.9745 0.4686 -0.8119, -5.0 0.466 -0.814, -5.0255 0.4686 -0.8119, -5.0492 0.4763 -0.8058, -5.0696 0.4885 -0.796, -5.0852 0.5045 -0.7833, -5.0951 0.523 -0.7685, -5.0984 0.5429 -0.7527, -5.0951 0.5629 -0.7368, -5.0852 0.5814 -0.722, -5.0696 0.5974 -0.7093, -5.0492 0.6096 -0.6995, -5.0255 0.6173 -0.6934, -5.0 0.6082 -0.6726, -4.9745 0.6052 -0.6741, -4.9508 0.5963 -0.6783, -4.9304 0.5822 -0.6851, -4.9148 0.5638 -0.694, -4.9049 0.5424 -0.7043, -4.9016 0.5195 -0.7153, -4.9049 0.4965 -0.7264, -4.9148 0.4752 -0.7367, -4.9304 0.4568 -0.7455, -4.9508 0.4427 -0.7523, -4.9745 0.4338 -0.7566, -5.0 0.4308 -0.758, -5.0255 0.4338 -0.7566, -5.0492 0.4427 -0.7523, -5.0696 0.4568 -0.7455, -5.0852 0.4752 -0.7367, -5.0951 0.4965 -0.7264, -5.0984 0.5195 -0.7153, -5.0951 0.5424 -0.7043, -5.0852 0.5638 -0.694, -5.0696 0.5822 -0.6851, -5.0492 0.5963 -0.6783, -5.0255 0.6052 -0.6741, -5.0 0.6009 -0.6518, -4.9745 0.5976 -0.6526, -4.9508 0.588 -0.6548, -4.9304 0.5728 -0.6582, -4.9148 0.5529 -0.6628, -4.9049 0.5298 -0.6681, -4.9016 0.5049 -0.6737, -4.9049 0.4801 -0.6794, -4.9148 0.457 -0.6847, -4.9304 0.4371 -0.6892, -4.9508 0.4218 -0.6927, -4.9745 0.4122 -0.6949, -5.0 0.409 -0.6956, -5.0255 0.4122 -0.6949, -5.0492 0.4218 -0.6927, -5.0696 0.4371 -0.6892, -5.0852 0.457 -0.6847, -5.0951 0.4801 -0.6794, -5.0984 0.5049 -0.6737, -5.0951 0.5298 -0.6681, -5.0852 0.5529 -0.6628, -5.0696 0.5728 -0.6582, -5.0492 0.588 -0.6548, -5.0255 0.5976 -0.6526, -5.0 1.3976 -0.7283, -4.9745 1.3976 -0.7317, -4.9508 1.3976 -0.7415, -4.9304 1.3976 -0.7572, -4.9148 1.3976 -0.7776, -4.9049 1.3976 -0.8013, -4.9016 1.3976 -0.8268, -4.9049 1.3976 -0.8522, -4.9148 1.3976 -0.876, -4.9304 1.3976 -0.8964, -4.9508 1.3976 -0.912, -4.9745 1.3976 -0.9218, -5.0 1.3976 -0.9252, -5.0255 1.3976 -0.9218, -5.0492 1.3976 -0.912, -5.0696 1.3976 -0.8964, -5.0852 1.3976 -0.876, -5.0951 1.3976 -0.8522, -5.0984 1.3976 -0.8268, -5.0951 1.3976 -0.8013, -5.0852 1.3976 -0.7776, -5.0696 1.3976 -0.7572, -5.0492 1.3976 -0.7415, -5.0255 1.3976 -0.7317, -5.9705 1.437 -0.8779, -5.9847 1.437 -0.8838, -6.0 1.437 -0.8268, -6.0 1.437 -0.8858, -6.0153 1.437 -0.8838, -5.943 1.437 -0.8421, -5.9489 1.437 -0.8563, -5.9582 1.437 -0.8685, -5.9489 1.437 -0.7972, -5.943 1.437 -0.8115, -5.9409 1.437 -0.8268, -5.9847 1.437 -0.7697, -5.9705 1.437 -0.7756, -5.9582 1.437 -0.785, -6.0295 1.437 -0.7756, -6.0153 1.437 -0.7697, -6.0 1.437 -0.7677, -6.057 1.437 -0.8115, -6.0511 1.437 -0.7972, -6.0418 1.437 -0.785, -6.0511 1.437 -0.8563, -6.057 1.437 -0.8421, -6.0591 1.437 -0.8268, -6.0295 1.437 -0.8779, -6.0418 1.437 -0.8685, -6.0 0.5984 -0.6299, -5.9745 0.5951 -0.6299, -5.9508 0.5852 -0.6299, -5.9304 0.5696 -0.6299, -5.9148 0.5492 -0.6299, -5.9049 0.5255 -0.6299, -5.9016 0.5 -0.6299, -5.9049 0.4745 -0.6299, -5.9148 0.4508 -0.6299, -5.9304 0.4304 -0.6299, -5.9508 0.4148 -0.6299, -5.9745 0.4049 -0.6299, -6.0 0.4016 -0.6299, -6.0255 0.4049 -0.6299, -6.0492 0.4148 -0.6299, -6.0696 0.4304 -0.6299, -6.0852 0.4508 -0.6299, -6.0951 0.4745 -0.6299, -6.0984 0.5 -0.6299, -6.0951 0.5255 -0.6299, -6.0852 0.5492 -0.6299, -6.0696 0.5696 -0.6299, -6.0492 0.5852 -0.6299, -6.0255 0.5951 -0.6299, -6.0 0.6969 -0.7283, -6.0 0.6749 -0.7259, -5.9745 0.6969 -0.7317, -5.9745 0.6742 -0.7291, -5.9508 0.6969 -0.7415, -5.9508 0.672 -0.7387, -5.9304 0.6969 -0.7572, -5.9304 0.6685 -0.754, -5.9148 0.6969 -0.7776, -5.9148 0.664 -0.7739, -5.9049 0.6969 -0.8013, -5.9049 0.6587 -0.797, -5.9016 0.6969 -0.8268, -5.9016 0.653 -0.8218, -5.9049 0.6969 -0.8522, -5.9049 0.6474 -0.8467, -5.9148 0.6969 -0.876, -5.9148 0.6421 -0.8698, -5.9304 0.6969 -0.8964, -5.9304 0.6376 -0.8897, -5.9508 0.6969 -0.912, -5.9508 0.6341 -0.9049, -5.9745 0.6969 -0.9218, -5.9745 0.6319 -0.9145, -6.0 0.6969 -0.9252, -6.0 0.6311 -0.9178, -6.0255 0.6969 -0.9218, -6.0255 0.6319 -0.9145, -6.0492 0.6969 -0.912, -6.0492 0.6341 -0.9049, -6.0696 0.6969 -0.8964, -6.0696 0.6376 -0.8897, -6.0852 0.6969 -0.876, -6.0852 0.6421 -0.8698, -6.0951 0.6969 -0.8522, -6.0951 0.6474 -0.8467, -6.0984 0.6969 -0.8268, -6.0984 0.653 -0.8218, -6.0951 0.6969 -0.8013, -6.0951 0.6587 -0.797, -6.0852 0.6969 -0.7776, -6.0852 0.664 -0.7739, -6.0696 0.6969 -0.7572, -6.0696 0.6685 -0.754, -6.0492 0.6969 -0.7415, -6.0492 0.672 -0.7387, -6.0255 0.6969 -0.7317, -6.0255 0.6742 -0.7291, -6.0 0.6541 -0.7186, -5.9745 0.6527 -0.7216, -5.9508 0.6484 -0.7305, -5.9304 0.6416 -0.7446, -5.9148 0.6328 -0.7629, -5.9049 0.6225 -0.7843, -5.9016 0.6114 -0.8073, -5.9049 0.6004 -0.8302, -5.9148 0.5901 -0.8516, -5.9304 0.5812 -0.87, -5.9508 0.5745 -0.8841, -5.9745 0.5702 -0.8929, -6.0 0.5687 -0.896, -6.0255 0.5702 -0.8929, -6.0492 0.5745 -0.8841, -6.0696 0.5812 -0.87, -6.0852 0.5901 -0.8516, -6.0951 0.6004 -0.8302, -6.0984 0.6114 -0.8073, -6.0951 0.6225 -0.7843, -6.0852 0.6328 -0.7629, -6.0696 0.6416 -0.7446, -6.0492 0.6484 -0.7305, -6.0255 0.6527 -0.7216, -6.0 0.6355 -0.7069, -5.9745 0.6334 -0.7095, -5.9508 0.6273 -0.7172, -5.9304 0.6175 -0.7294, -5.9148 0.6048 -0.7453, -5.9049 0.59 -0.7639, -5.9016 0.5741 -0.7838, -5.9049 0.5582 -0.8037, -5.9148 0.5434 -0.8223, -5.9304 0.5307 -0.8382, -5.9508 0.521 -0.8505, -5.9745 0.5148 -0.8582, -6.0 0.5127 -0.8608, -6.0255 0.5148 -0.8582, -6.0492 0.521 -0.8505, -6.0696 0.5307 -0.8382, -6.0852 0.5434 -0.8223, -6.0951 0.5582 -0.8037, -6.0984 0.5741 -0.7838, -6.0951 0.59 -0.7639, -6.0852 0.6048 -0.7453, -6.0696 0.6175 -0.7294, -6.0492 0.6273 -0.7172, -6.0255 0.6334 -0.7095, -6.0 0.6199 -0.6913, -5.9745 0.6173 -0.6934, -5.9508 0.6096 -0.6995, -5.9304 0.5974 -0.7093, -5.9148 0.5814 -0.722, -5.9049 0.5629 -0.7368, -5.9016 0.5429 -0.7527, -5.9049 0.523 -0.7685, -5.9148 0.5045 -0.7833, -5.9304 0.4885 -0.796, -5.9508 0.4763 -0.8058, -5.9745 0.4686 -0.8119, -6.0 0.466 -0.814, -6.0255 0.4686 -0.8119, -6.0492 0.4763 -0.8058, -6.0696 0.4885 -0.796, -6.0852 0.5045 -0.7833, -6.0951 0.523 -0.7685, -6.0984 0.5429 -0.7527, -6.0951 0.5629 -0.7368, -6.0852 0.5814 -0.722, -6.0696 0.5974 -0.7093, -6.0492 0.6096 -0.6995, -6.0255 0.6173 -0.6934, -6.0 0.6082 -0.6726, -5.9745 0.6052 -0.6741, -5.9508 0.5963 -0.6783, -5.9304 0.5822 -0.6851, -5.9148 0.5638 -0.694, -5.9049 0.5424 -0.7043, -5.9016 0.5195 -0.7153, -5.9049 0.4965 -0.7264, -5.9148 0.4752 -0.7367, -5.9304 0.4568 -0.7455, -5.9508 0.4427 -0.7523, -5.9745 0.4338 -0.7566, -6.0 0.4308 -0.758, -6.0255 0.4338 -0.7566, -6.0492 0.4427 -0.7523, -6.0696 0.4568 -0.7455, -6.0852 0.4752 -0.7367, -6.0951 0.4965 -0.7264, -6.0984 0.5195 -0.7153, -6.0951 0.5424 -0.7043, -6.0852 0.5638 -0.694, -6.0696 0.5822 -0.6851, -6.0492 0.5963 -0.6783, -6.0255 0.6052 -0.6741, -6.0 0.6009 -0.6518, -5.9745 0.5976 -0.6526, -5.9508 0.588 -0.6548, -5.9304 0.5728 -0.6582, -5.9148 0.5529 -0.6628, -5.9049 0.5298 -0.6681, -5.9016 0.5049 -0.6737, -5.9049 0.4801 -0.6794, -5.9148 0.457 -0.6847, -5.9304 0.4371 -0.6892, -5.9508 0.4218 -0.6927, -5.9745 0.4122 -0.6949, -6.0 0.409 -0.6956, -6.0255 0.4122 -0.6949, -6.0492 0.4218 -0.6927, -6.0696 0.4371 -0.6892, -6.0852 0.457 -0.6847, -6.0951 0.4801 -0.6794, -6.0984 0.5049 -0.6737, -6.0951 0.5298 -0.6681, -6.0852 0.5529 -0.6628, -6.0696 0.5728 -0.6582, -6.0492 0.588 -0.6548, -6.0255 0.5976 -0.6526, -6.0 1.3976 -0.7283, -5.9745 1.3976 -0.7317, -5.9508 1.3976 -0.7415, -5.9304 1.3976 -0.7572, -5.9148 1.3976 -0.7776, -5.9049 1.3976 -0.8013, -5.9016 1.3976 -0.8268, -5.9049 1.3976 -0.8522, -5.9148 1.3976 -0.876, -5.9304 1.3976 -0.8964, -5.9508 1.3976 -0.912, -5.9745 1.3976 -0.9218, -6.0 1.3976 -0.9252, -6.0255 1.3976 -0.9218, -6.0492 1.3976 -0.912, -6.0696 1.3976 -0.8964, -6.0852 1.3976 -0.876, -6.0951 1.3976 -0.8522, -6.0984 1.3976 -0.8268, -6.0951 1.3976 -0.8013, -6.0852 1.3976 -0.7776, -6.0696 1.3976 -0.7572, -6.0492 1.3976 -0.7415, -6.0255 1.3976 -0.7317, -6.9705 1.437 -0.8779, -6.9847 1.437 -0.8838, -7.0 1.437 -0.8268, -7.0 1.437 -0.8858, -7.0153 1.437 -0.8838, -6.943 1.437 -0.8421, -6.9489 1.437 -0.8563, -6.9582 1.437 -0.8685, -6.9489 1.437 -0.7972, -6.943 1.437 -0.8115, -6.9409 1.437 -0.8268, -6.9847 1.437 -0.7697, -6.9705 1.437 -0.7756, -6.9582 1.437 -0.785, -7.0295 1.437 -0.7756, -7.0153 1.437 -0.7697, -7.0 1.437 -0.7677, -7.057 1.437 -0.8115, -7.0511 1.437 -0.7972, -7.0418 1.437 -0.785, -7.0511 1.437 -0.8563, -7.057 1.437 -0.8421, -7.0591 1.437 -0.8268, -7.0295 1.437 -0.8779, -7.0418 1.437 -0.8685, -7.0 0.5984 -0.6299, -6.9745 0.5951 -0.6299, -6.9508 0.5852 -0.6299, -6.9304 0.5696 -0.6299, -6.9148 0.5492 -0.6299, -6.9049 0.5255 -0.6299, -6.9016 0.5 -0.6299, -6.9049 0.4745 -0.6299, -6.9148 0.4508 -0.6299, -6.9304 0.4304 -0.6299, -6.9508 0.4148 -0.6299, -6.9745 0.4049 -0.6299, -7.0 0.4016 -0.6299, -7.0255 0.4049 -0.6299, -7.0492 0.4148 -0.6299, -7.0696 0.4304 -0.6299, -7.0852 0.4508 -0.6299, -7.0951 0.4745 -0.6299, -7.0984 0.5 -0.6299, -7.0951 0.5255 -0.6299, -7.0852 0.5492 -0.6299, -7.0696 0.5696 -0.6299, -7.0492 0.5852 -0.6299, -7.0255 0.5951 -0.6299, -7.0 0.6969 -0.7283, -7.0 0.6749 -0.7259, -6.9745 0.6969 -0.7317, -6.9745 0.6742 -0.7291, -6.9508 0.6969 -0.7415, -6.9508 0.672 -0.7387, -6.9304 0.6969 -0.7572, -6.9304 0.6685 -0.754, -6.9148 0.6969 -0.7776, -6.9148 0.664 -0.7739, -6.9049 0.6969 -0.8013, -6.9049 0.6587 -0.797, -6.9016 0.6969 -0.8268, -6.9016 0.653 -0.8218, -6.9049 0.6969 -0.8522, -6.9049 0.6474 -0.8467, -6.9148 0.6969 -0.876, -6.9148 0.6421 -0.8698, -6.9304 0.6969 -0.8964, -6.9304 0.6376 -0.8897, -6.9508 0.6969 -0.912, -6.9508 0.6341 -0.9049, -6.9745 0.6969 -0.9218, -6.9745 0.6319 -0.9145, -7.0 0.6969 -0.9252, -7.0 0.6311 -0.9178, -7.0255 0.6969 -0.9218, -7.0255 0.6319 -0.9145, -7.0492 0.6969 -0.912, -7.0492 0.6341 -0.9049, -7.0696 0.6969 -0.8964, -7.0696 0.6376 -0.8897, -7.0852 0.6969 -0.876, -7.0852 0.6421 -0.8698, -7.0951 0.6969 -0.8522, -7.0951 0.6474 -0.8467, -7.0984 0.6969 -0.8268, -7.0984 0.653 -0.8218, -7.0951 0.6969 -0.8013, -7.0951 0.6587 -0.797, -7.0852 0.6969 -0.7776, -7.0852 0.664 -0.7739, -7.0696 0.6969 -0.7572, -7.0696 0.6685 -0.754, -7.0492 0.6969 -0.7415, -7.0492 0.672 -0.7387, -7.0255 0.6969 -0.7317, -7.0255 0.6742 -0.7291, -7.0 0.6541 -0.7186, -6.9745 0.6527 -0.7216, -6.9508 0.6484 -0.7305, -6.9304 0.6416 -0.7446, -6.9148 0.6328 -0.7629, -6.9049 0.6225 -0.7843, -6.9016 0.6114 -0.8073, -6.9049 0.6004 -0.8302, -6.9148 0.5901 -0.8516, -6.9304 0.5812 -0.87, -6.9508 0.5745 -0.8841, -6.9745 0.5702 -0.8929, -7.0 0.5687 -0.896, -7.0255 0.5702 -0.8929, -7.0492 0.5745 -0.8841, -7.0696 0.5812 -0.87, -7.0852 0.5901 -0.8516, -7.0951 0.6004 -0.8302, -7.0984 0.6114 -0.8073, -7.0951 0.6225 -0.7843, -7.0852 0.6328 -0.7629, -7.0696 0.6416 -0.7446, -7.0492 0.6484 -0.7305, -7.0255 0.6527 -0.7216, -7.0 0.6355 -0.7069, -6.9745 0.6334 -0.7095, -6.9508 0.6273 -0.7172, -6.9304 0.6175 -0.7294, -6.9148 0.6048 -0.7453, -6.9049 0.59 -0.7639, -6.9016 0.5741 -0.7838, -6.9049 0.5582 -0.8037, -6.9148 0.5434 -0.8223, -6.9304 0.5307 -0.8382, -6.9508 0.521 -0.8505, -6.9745 0.5148 -0.8582, -7.0 0.5127 -0.8608, -7.0255 0.5148 -0.8582, -7.0492 0.521 -0.8505, -7.0696 0.5307 -0.8382, -7.0852 0.5434 -0.8223, -7.0951 0.5582 -0.8037, -7.0984 0.5741 -0.7838, -7.0951 0.59 -0.7639, -7.0852 0.6048 -0.7453, -7.0696 0.6175 -0.7294, -7.0492 0.6273 -0.7172, -7.0255 0.6334 -0.7095, -7.0 0.6199 -0.6913, -6.9745 0.6173 -0.6934, -6.9508 0.6096 -0.6995, -6.9304 0.5974 -0.7093, -6.9148 0.5814 -0.722, -6.9049 0.5629 -0.7368, -6.9016 0.5429 -0.7527, -6.9049 0.523 -0.7685, -6.9148 0.5045 -0.7833, -6.9304 0.4885 -0.796, -6.9508 0.4763 -0.8058, -6.9745 0.4686 -0.8119, -7.0 0.466 -0.814, -7.0255 0.4686 -0.8119, -7.0492 0.4763 -0.8058, -7.0696 0.4885 -0.796, -7.0852 0.5045 -0.7833, -7.0951 0.523 -0.7685, -7.0984 0.5429 -0.7527, -7.0951 0.5629 -0.7368, -7.0852 0.5814 -0.722, -7.0696 0.5974 -0.7093, -7.0492 0.6096 -0.6995, -7.0255 0.6173 -0.6934, -7.0 0.6082 -0.6726, -6.9745 0.6052 -0.6741, -6.9508 0.5963 -0.6783, -6.9304 0.5822 -0.6851, -6.9148 0.5638 -0.694, -6.9049 0.5424 -0.7043, -6.9016 0.5195 -0.7153, -6.9049 0.4965 -0.7264, -6.9148 0.4752 -0.7367, -6.9304 0.4568 -0.7455, -6.9508 0.4427 -0.7523, -6.9745 0.4338 -0.7566, -7.0 0.4308 -0.758, -7.0255 0.4338 -0.7566, -7.0492 0.4427 -0.7523, -7.0696 0.4568 -0.7455, -7.0852 0.4752 -0.7367, -7.0951 0.4965 -0.7264, -7.0984 0.5195 -0.7153, -7.0951 0.5424 -0.7043, -7.0852 0.5638 -0.694, -7.0696 0.5822 -0.6851, -7.0492 0.5963 -0.6783, -7.0255 0.6052 -0.6741, -7.0 0.6009 -0.6518, -6.9745 0.5976 -0.6526, -6.9508 0.588 -0.6548, -6.9304 0.5728 -0.6582, -6.9148 0.5529 -0.6628, -6.9049 0.5298 -0.6681, -6.9016 0.5049 -0.6737, -6.9049 0.4801 -0.6794, -6.9148 0.457 -0.6847, -6.9304 0.4371 -0.6892, -6.9508 0.4218 -0.6927, -6.9745 0.4122 -0.6949, -7.0 0.409 -0.6956, -7.0255 0.4122 -0.6949, -7.0492 0.4218 -0.6927, -7.0696 0.4371 -0.6892, -7.0852 0.457 -0.6847, -7.0951 0.4801 -0.6794, -7.0984 0.5049 -0.6737, -7.0951 0.5298 -0.6681, -7.0852 0.5529 -0.6628, -7.0696 0.5728 -0.6582, -7.0492 0.588 -0.6548, -7.0255 0.5976 -0.6526, -7.0 1.3976 -0.7283, -6.9745 1.3976 -0.7317, -6.9508 1.3976 -0.7415, -6.9304 1.3976 -0.7572, -6.9148 1.3976 -0.7776, -6.9049 1.3976 -0.8013, -6.9016 1.3976 -0.8268, -6.9049 1.3976 -0.8522, -6.9148 1.3976 -0.876, -6.9304 1.3976 -0.8964, -6.9508 1.3976 -0.912, -6.9745 1.3976 -0.9218, -7.0 1.3976 -0.9252, -7.0255 1.3976 -0.9218, -7.0492 1.3976 -0.912, -7.0696 1.3976 -0.8964, -7.0852 1.3976 -0.876, -7.0951 1.3976 -0.8522, -7.0984 1.3976 -0.8268, -7.0951 1.3976 -0.8013, -7.0852 1.3976 -0.7776, -7.0696 1.3976 -0.7572, -7.0492 1.3976 -0.7415, -7.0255 1.3976 -0.7317, -0.9749 1.4078 -0.9205, -0.9515 1.4078 -0.9108, -0.9314 1.4078 -0.8954, -0.9159 1.4078 -0.8753, -0.9062 1.4078 -0.8519, -0.9029 1.4078 -0.8268, -0.9062 1.4078 -0.8016, -0.9159 1.4078 -0.7782, -0.9314 1.4078 -0.7581, -0.9515 1.4078 -0.7427, -0.9749 1.4078 -0.733, -1.0 1.4078 -0.7297, -1.0251 1.4078 -0.733, -1.0485 1.4078 -0.7427, -1.0686 1.4078 -0.7581, -1.0841 1.4078 -0.7782, -1.0938 1.4078 -0.8016, -1.0971 1.4078 -0.8268, -1.0938 1.4078 -0.8519, -1.0841 1.4078 -0.8753, -1.0686 1.4078 -0.8954, -1.0485 1.4078 -0.9108, -1.0251 1.4078 -0.9205, -1.0 1.4078 -0.9239, -0.9759 1.4173 -0.9167, -0.9534 1.4173 -0.9074, -0.9341 1.4173 -0.8926, -0.9193 1.4173 -0.8733, -0.91 1.4173 -0.8509, -0.9068 1.4173 -0.8268, -0.91 1.4173 -0.8027, -0.9193 1.4173 -0.7802, -0.9341 1.4173 -0.7609, -0.9534 1.4173 -0.7461, -0.9759 1.4173 -0.7368, -1.0 1.4173 -0.7336, -1.0241 1.4173 -0.7368, -1.0466 1.4173 -0.7461, -1.0659 1.4173 -0.7609, -1.0807 1.4173 -0.7802, -1.09 1.4173 -0.8027, -1.0932 1.4173 -0.8268, -1.09 1.4173 -0.8509, -1.0807 1.4173 -0.8733, -1.0659 1.4173 -0.8926, -1.0466 1.4173 -0.9074, -1.0241 1.4173 -0.9167, -1.0 1.4173 -0.9199, -0.9775 1.4255 -0.9107, -0.9566 1.4255 -0.902, -0.9386 1.4255 -0.8882, -0.9247 1.4255 -0.8702, -0.9161 1.4255 -0.8493, -0.9131 1.4255 -0.8268, -0.9161 1.4255 -0.8043, -0.9247 1.4255 -0.7833, -0.9386 1.4255 -0.7653, -0.9566 1.4255 -0.7515, -0.9775 1.4255 -0.7428, -1.0 1.4255 -0.7399, -1.0225 1.4255 -0.7428, -1.0434 1.4255 -0.7515, -1.0614 1.4255 -0.7653, -1.0753 1.4255 -0.7833, -1.0839 1.4255 -0.8043, -1.0869 1.4255 -0.8268, -1.0839 1.4255 -0.8493, -1.0753 1.4255 -0.8702, -1.0614 1.4255 -0.8882, -1.0434 1.4255 -0.902, -1.0225 1.4255 -0.9107, -1.0 1.4255 -0.9137, -0.9796 1.4317 -0.9028, -0.9606 1.4317 -0.895, -0.9443 1.4317 -0.8824, -0.9318 1.4317 -0.8661, -0.9239 1.4317 -0.8472, -0.9213 1.4317 -0.8268, -0.9239 1.4317 -0.8064, -0.9318 1.4317 -0.7874, -0.9443 1.4317 -0.7711, -0.9606 1.4317 -0.7586, -0.9796 1.4317 -0.7507, -1.0 1.4317 -0.748, -1.0204 1.4317 -0.7507, -1.0394 1.4317 -0.7586, -1.0557 1.4317 -0.7711, -1.0682 1.4317 -0.7874, -1.0761 1.4317 -0.8064, -1.0787 1.4317 -0.8268, -1.0761 1.4317 -0.8472, -1.0682 1.4317 -0.8661, -1.0557 1.4317 -0.8824, -1.0394 1.4317 -0.895, -1.0204 1.4317 -0.9028, -1.0 1.4317 -0.9055, -0.9821 1.4357 -0.8937, -0.9654 1.4357 -0.8867, -0.951 1.4357 -0.8757, -0.94 1.4357 -0.8614, -0.9331 1.4357 -0.8447, -0.9308 1.4357 -0.8268, -0.9331 1.4357 -0.8088, -0.94 1.4357 -0.7921, -0.951 1.4357 -0.7778, -0.9654 1.4357 -0.7668, -0.9821 1.4357 -0.7599, -1.0 1.4357 -0.7575, -1.0179 1.4357 -0.7599, -1.0346 1.4357 -0.7668, -1.049 1.4357 -0.7778, -1.06 1.4357 -0.7921, -1.0669 1.4357 -0.8088, -1.0692 1.4357 -0.8268, -1.0669 1.4357 -0.8447, -1.06 1.4357 -0.8614, -1.049 1.4357 -0.8757, -1.0346 1.4357 -0.8867, -1.0179 1.4357 -0.8937, -1.0 1.4357 -0.896, -1.9749 1.4078 -0.9205, -1.9515 1.4078 -0.9108, -1.9314 1.4078 -0.8954, -1.9159 1.4078 -0.8753, -1.9062 1.4078 -0.8519, -1.9029 1.4078 -0.8268, -1.9062 1.4078 -0.8016, -1.9159 1.4078 -0.7782, -1.9314 1.4078 -0.7581, -1.9515 1.4078 -0.7427, -1.9749 1.4078 -0.733, -2.0 1.4078 -0.7297, -2.0251 1.4078 -0.733, -2.0485 1.4078 -0.7427, -2.0686 1.4078 -0.7581, -2.0841 1.4078 -0.7782, -2.0938 1.4078 -0.8016, -2.0971 1.4078 -0.8268, -2.0938 1.4078 -0.8519, -2.0841 1.4078 -0.8753, -2.0686 1.4078 -0.8954, -2.0485 1.4078 -0.9108, -2.0251 1.4078 -0.9205, -2.0 1.4078 -0.9239, -1.9759 1.4173 -0.9167, -1.9534 1.4173 -0.9074, -1.9341 1.4173 -0.8926, -1.9193 1.4173 -0.8733, -1.91 1.4173 -0.8509, -1.9068 1.4173 -0.8268, -1.91 1.4173 -0.8027, -1.9193 1.4173 -0.7802, -1.9341 1.4173 -0.7609, -1.9534 1.4173 -0.7461, -1.9759 1.4173 -0.7368, -2.0 1.4173 -0.7336, -2.0241 1.4173 -0.7368, -2.0466 1.4173 -0.7461, -2.0659 1.4173 -0.7609, -2.0807 1.4173 -0.7802, -2.09 1.4173 -0.8027, -2.0932 1.4173 -0.8268, -2.09 1.4173 -0.8509, -2.0807 1.4173 -0.8733, -2.0659 1.4173 -0.8926, -2.0466 1.4173 -0.9074, -2.0241 1.4173 -0.9167, -2.0 1.4173 -0.9199, -1.9775 1.4255 -0.9107, -1.9566 1.4255 -0.902, -1.9386 1.4255 -0.8882, -1.9247 1.4255 -0.8702, -1.9161 1.4255 -0.8493, -1.9131 1.4255 -0.8268, -1.9161 1.4255 -0.8043, -1.9247 1.4255 -0.7833, -1.9386 1.4255 -0.7653, -1.9566 1.4255 -0.7515, -1.9775 1.4255 -0.7428, -2.0 1.4255 -0.7399, -2.0225 1.4255 -0.7428, -2.0434 1.4255 -0.7515, -2.0614 1.4255 -0.7653, -2.0753 1.4255 -0.7833, -2.0839 1.4255 -0.8043, -2.0869 1.4255 -0.8268, -2.0839 1.4255 -0.8493, -2.0753 1.4255 -0.8702, -2.0614 1.4255 -0.8882, -2.0434 1.4255 -0.902, -2.0225 1.4255 -0.9107, -2.0 1.4255 -0.9137, -1.9796 1.4317 -0.9028, -1.9606 1.4317 -0.895, -1.9443 1.4317 -0.8824, -1.9318 1.4317 -0.8661, -1.9239 1.4317 -0.8472, -1.9213 1.4317 -0.8268, -1.9239 1.4317 -0.8064, -1.9318 1.4317 -0.7874, -1.9443 1.4317 -0.7711, -1.9606 1.4317 -0.7586, -1.9796 1.4317 -0.7507, -2.0 1.4317 -0.748, -2.0204 1.4317 -0.7507, -2.0394 1.4317 -0.7586, -2.0557 1.4317 -0.7711, -2.0682 1.4317 -0.7874, -2.0761 1.4317 -0.8064, -2.0787 1.4317 -0.8268, -2.0761 1.4317 -0.8472, -2.0682 1.4317 -0.8661, -2.0557 1.4317 -0.8824, -2.0394 1.4317 -0.895, -2.0204 1.4317 -0.9028, -2.0 1.4317 -0.9055, -1.9821 1.4357 -0.8937, -1.9654 1.4357 -0.8867, -1.951 1.4357 -0.8757, -1.94 1.4357 -0.8614, -1.9331 1.4357 -0.8447, -1.9308 1.4357 -0.8268, -1.9331 1.4357 -0.8088, -1.94 1.4357 -0.7921, -1.951 1.4357 -0.7778, -1.9654 1.4357 -0.7668, -1.9821 1.4357 -0.7599, -2.0 1.4357 -0.7575, -2.0179 1.4357 -0.7599, -2.0346 1.4357 -0.7668, -2.049 1.4357 -0.7778, -2.06 1.4357 -0.7921, -2.0669 1.4357 -0.8088, -2.0692 1.4357 -0.8268, -2.0669 1.4357 -0.8447, -2.06 1.4357 -0.8614, -2.049 1.4357 -0.8757, -2.0346 1.4357 -0.8867, -2.0179 1.4357 -0.8937, -2.0 1.4357 -0.896, -2.9749 1.4078 -0.9205, -2.9515 1.4078 -0.9108, -2.9314 1.4078 -0.8954, -2.9159 1.4078 -0.8753, -2.9062 1.4078 -0.8519, -2.9029 1.4078 -0.8268, -2.9062 1.4078 -0.8016, -2.9159 1.4078 -0.7782, -2.9314 1.4078 -0.7581, -2.9515 1.4078 -0.7427, -2.9749 1.4078 -0.733, -3.0 1.4078 -0.7297, -3.0251 1.4078 -0.733, -3.0485 1.4078 -0.7427, -3.0686 1.4078 -0.7581, -3.0841 1.4078 -0.7782, -3.0938 1.4078 -0.8016, -3.0971 1.4078 -0.8268, -3.0938 1.4078 -0.8519, -3.0841 1.4078 -0.8753, -3.0686 1.4078 -0.8954, -3.0485 1.4078 -0.9108, -3.0251 1.4078 -0.9205, -3.0 1.4078 -0.9239, -2.9759 1.4173 -0.9167, -2.9534 1.4173 -0.9074, -2.9341 1.4173 -0.8926, -2.9193 1.4173 -0.8733, -2.91 1.4173 -0.8509, -2.9068 1.4173 -0.8268, -2.91 1.4173 -0.8027, -2.9193 1.4173 -0.7802, -2.9341 1.4173 -0.7609, -2.9534 1.4173 -0.7461, -2.9759 1.4173 -0.7368, -3.0 1.4173 -0.7336, -3.0241 1.4173 -0.7368, -3.0466 1.4173 -0.7461, -3.0659 1.4173 -0.7609, -3.0807 1.4173 -0.7802, -3.09 1.4173 -0.8027, -3.0932 1.4173 -0.8268, -3.09 1.4173 -0.8509, -3.0807 1.4173 -0.8733, -3.0659 1.4173 -0.8926, -3.0466 1.4173 -0.9074, -3.0241 1.4173 -0.9167, -3.0 1.4173 -0.9199, -2.9775 1.4255 -0.9107, -2.9566 1.4255 -0.902, -2.9386 1.4255 -0.8882, -2.9247 1.4255 -0.8702, -2.9161 1.4255 -0.8493, -2.9131 1.4255 -0.8268, -2.9161 1.4255 -0.8043, -2.9247 1.4255 -0.7833, -2.9386 1.4255 -0.7653, -2.9566 1.4255 -0.7515, -2.9775 1.4255 -0.7428, -3.0 1.4255 -0.7399, -3.0225 1.4255 -0.7428, -3.0434 1.4255 -0.7515, -3.0614 1.4255 -0.7653, -3.0753 1.4255 -0.7833, -3.0839 1.4255 -0.8043, -3.0869 1.4255 -0.8268, -3.0839 1.4255 -0.8493, -3.0753 1.4255 -0.8702, -3.0614 1.4255 -0.8882, -3.0434 1.4255 -0.902, -3.0225 1.4255 -0.9107, -3.0 1.4255 -0.9137, -2.9796 1.4317 -0.9028, -2.9606 1.4317 -0.895, -2.9443 1.4317 -0.8824, -2.9318 1.4317 -0.8661, -2.9239 1.4317 -0.8472, -2.9213 1.4317 -0.8268, -2.9239 1.4317 -0.8064, -2.9318 1.4317 -0.7874, -2.9443 1.4317 -0.7711, -2.9606 1.4317 -0.7586, -2.9796 1.4317 -0.7507, -3.0 1.4317 -0.748, -3.0204 1.4317 -0.7507, -3.0394 1.4317 -0.7586, -3.0557 1.4317 -0.7711, -3.0682 1.4317 -0.7874, -3.0761 1.4317 -0.8064, -3.0787 1.4317 -0.8268, -3.0761 1.4317 -0.8472, -3.0682 1.4317 -0.8661, -3.0557 1.4317 -0.8824, -3.0394 1.4317 -0.895, -3.0204 1.4317 -0.9028, -3.0 1.4317 -0.9055, -2.9821 1.4357 -0.8937, -2.9654 1.4357 -0.8867, -2.951 1.4357 -0.8757, -2.94 1.4357 -0.8614, -2.9331 1.4357 -0.8447, -2.9308 1.4357 -0.8268, -2.9331 1.4357 -0.8088, -2.94 1.4357 -0.7921, -2.951 1.4357 -0.7778, -2.9654 1.4357 -0.7668, -2.9821 1.4357 -0.7599, -3.0 1.4357 -0.7575, -3.0179 1.4357 -0.7599, -3.0346 1.4357 -0.7668, -3.049 1.4357 -0.7778, -3.06 1.4357 -0.7921, -3.0669 1.4357 -0.8088, -3.0692 1.4357 -0.8268, -3.0669 1.4357 -0.8447, -3.06 1.4357 -0.8614, -3.049 1.4357 -0.8757, -3.0346 1.4357 -0.8867, -3.0179 1.4357 -0.8937, -3.0 1.4357 -0.896, -3.9749 1.4078 -0.9205, -3.9515 1.4078 -0.9108, -3.9314 1.4078 -0.8954, -3.9159 1.4078 -0.8753, -3.9062 1.4078 -0.8519, -3.9029 1.4078 -0.8268, -3.9062 1.4078 -0.8016, -3.9159 1.4078 -0.7782, -3.9314 1.4078 -0.7581, -3.9515 1.4078 -0.7427, -3.9749 1.4078 -0.733, -4.0 1.4078 -0.7297, -4.0251 1.4078 -0.733, -4.0485 1.4078 -0.7427, -4.0686 1.4078 -0.7581, -4.0841 1.4078 -0.7782, -4.0938 1.4078 -0.8016, -4.0971 1.4078 -0.8268, -4.0938 1.4078 -0.8519, -4.0841 1.4078 -0.8753, -4.0686 1.4078 -0.8954, -4.0485 1.4078 -0.9108, -4.0251 1.4078 -0.9205, -4.0 1.4078 -0.9239, -3.9759 1.4173 -0.9167, -3.9534 1.4173 -0.9074, -3.9341 1.4173 -0.8926, -3.9193 1.4173 -0.8733, -3.91 1.4173 -0.8509, -3.9068 1.4173 -0.8268, -3.91 1.4173 -0.8027, -3.9193 1.4173 -0.7802, -3.9341 1.4173 -0.7609, -3.9534 1.4173 -0.7461, -3.9759 1.4173 -0.7368, -4.0 1.4173 -0.7336, -4.0241 1.4173 -0.7368, -4.0466 1.4173 -0.7461, -4.0659 1.4173 -0.7609, -4.0807 1.4173 -0.7802, -4.09 1.4173 -0.8027, -4.0932 1.4173 -0.8268, -4.09 1.4173 -0.8509, -4.0807 1.4173 -0.8733, -4.0659 1.4173 -0.8926, -4.0466 1.4173 -0.9074, -4.0241 1.4173 -0.9167, -4.0 1.4173 -0.9199, -3.9775 1.4255 -0.9107, -3.9566 1.4255 -0.902, -3.9386 1.4255 -0.8882, -3.9247 1.4255 -0.8702, -3.9161 1.4255 -0.8493, -3.9131 1.4255 -0.8268, -3.9161 1.4255 -0.8043, -3.9247 1.4255 -0.7833, -3.9386 1.4255 -0.7653, -3.9566 1.4255 -0.7515, -3.9775 1.4255 -0.7428, -4.0 1.4255 -0.7399, -4.0225 1.4255 -0.7428, -4.0434 1.4255 -0.7515, -4.0614 1.4255 -0.7653, -4.0753 1.4255 -0.7833, -4.0839 1.4255 -0.8043, -4.0869 1.4255 -0.8268, -4.0839 1.4255 -0.8493, -4.0753 1.4255 -0.8702, -4.0614 1.4255 -0.8882, -4.0434 1.4255 -0.902, -4.0225 1.4255 -0.9107, -4.0 1.4255 -0.9137, -3.9796 1.4317 -0.9028, -3.9606 1.4317 -0.895, -3.9443 1.4317 -0.8824, -3.9318 1.4317 -0.8661, -3.9239 1.4317 -0.8472, -3.9213 1.4317 -0.8268, -3.9239 1.4317 -0.8064, -3.9318 1.4317 -0.7874, -3.9443 1.4317 -0.7711, -3.9606 1.4317 -0.7586, -3.9796 1.4317 -0.7507, -4.0 1.4317 -0.748, -4.0204 1.4317 -0.7507, -4.0394 1.4317 -0.7586, -4.0557 1.4317 -0.7711, -4.0682 1.4317 -0.7874, -4.0761 1.4317 -0.8064, -4.0787 1.4317 -0.8268, -4.0761 1.4317 -0.8472, -4.0682 1.4317 -0.8661, -4.0557 1.4317 -0.8824, -4.0394 1.4317 -0.895, -4.0204 1.4317 -0.9028, -4.0 1.4317 -0.9055, -3.9821 1.4357 -0.8937, -3.9654 1.4357 -0.8867, -3.951 1.4357 -0.8757, -3.94 1.4357 -0.8614, -3.9331 1.4357 -0.8447, -3.9308 1.4357 -0.8268, -3.9331 1.4357 -0.8088, -3.94 1.4357 -0.7921, -3.951 1.4357 -0.7778, -3.9654 1.4357 -0.7668, -3.9821 1.4357 -0.7599, -4.0 1.4357 -0.7575, -4.0179 1.4357 -0.7599, -4.0346 1.4357 -0.7668, -4.049 1.4357 -0.7778, -4.06 1.4357 -0.7921, -4.0669 1.4357 -0.8088, -4.0692 1.4357 -0.8268, -4.0669 1.4357 -0.8447, -4.06 1.4357 -0.8614, -4.049 1.4357 -0.8757, -4.0346 1.4357 -0.8867, -4.0179 1.4357 -0.8937, -4.0 1.4357 -0.896, -4.9749 1.4078 -0.9205, -4.9515 1.4078 -0.9108, -4.9314 1.4078 -0.8954, -4.9159 1.4078 -0.8753, -4.9062 1.4078 -0.8519, -4.9029 1.4078 -0.8268, -4.9062 1.4078 -0.8016, -4.9159 1.4078 -0.7782, -4.9314 1.4078 -0.7581, -4.9515 1.4078 -0.7427, -4.9749 1.4078 -0.733, -5.0 1.4078 -0.7297, -5.0251 1.4078 -0.733, -5.0485 1.4078 -0.7427, -5.0686 1.4078 -0.7581, -5.0841 1.4078 -0.7782, -5.0938 1.4078 -0.8016, -5.0971 1.4078 -0.8268, -5.0938 1.4078 -0.8519, -5.0841 1.4078 -0.8753, -5.0686 1.4078 -0.8954, -5.0485 1.4078 -0.9108, -5.0251 1.4078 -0.9205, -5.0 1.4078 -0.9239, -4.9759 1.4173 -0.9167, -4.9534 1.4173 -0.9074, -4.9341 1.4173 -0.8926, -4.9193 1.4173 -0.8733, -4.91 1.4173 -0.8509, -4.9068 1.4173 -0.8268, -4.91 1.4173 -0.8027, -4.9193 1.4173 -0.7802, -4.9341 1.4173 -0.7609, -4.9534 1.4173 -0.7461, -4.9759 1.4173 -0.7368, -5.0 1.4173 -0.7336, -5.0241 1.4173 -0.7368, -5.0466 1.4173 -0.7461, -5.0659 1.4173 -0.7609, -5.0807 1.4173 -0.7802, -5.09 1.4173 -0.8027, -5.0932 1.4173 -0.8268, -5.09 1.4173 -0.8509, -5.0807 1.4173 -0.8733, -5.0659 1.4173 -0.8926, -5.0466 1.4173 -0.9074, -5.0241 1.4173 -0.9167, -5.0 1.4173 -0.9199, -4.9775 1.4255 -0.9107, -4.9566 1.4255 -0.902, -4.9386 1.4255 -0.8882, -4.9247 1.4255 -0.8702, -4.9161 1.4255 -0.8493, -4.9131 1.4255 -0.8268, -4.9161 1.4255 -0.8043, -4.9247 1.4255 -0.7833, -4.9386 1.4255 -0.7653, -4.9566 1.4255 -0.7515, -4.9775 1.4255 -0.7428, -5.0 1.4255 -0.7399, -5.0225 1.4255 -0.7428, -5.0434 1.4255 -0.7515, -5.0614 1.4255 -0.7653, -5.0753 1.4255 -0.7833, -5.0839 1.4255 -0.8043, -5.0869 1.4255 -0.8268, -5.0839 1.4255 -0.8493, -5.0753 1.4255 -0.8702, -5.0614 1.4255 -0.8882, -5.0434 1.4255 -0.902, -5.0225 1.4255 -0.9107, -5.0 1.4255 -0.9137, -4.9796 1.4317 -0.9028, -4.9606 1.4317 -0.895, -4.9443 1.4317 -0.8824, -4.9318 1.4317 -0.8661, -4.9239 1.4317 -0.8472, -4.9213 1.4317 -0.8268, -4.9239 1.4317 -0.8064, -4.9318 1.4317 -0.7874, -4.9443 1.4317 -0.7711, -4.9606 1.4317 -0.7586, -4.9796 1.4317 -0.7507, -5.0 1.4317 -0.748, -5.0204 1.4317 -0.7507, -5.0394 1.4317 -0.7586, -5.0557 1.4317 -0.7711, -5.0682 1.4317 -0.7874, -5.0761 1.4317 -0.8064, -5.0787 1.4317 -0.8268, -5.0761 1.4317 -0.8472, -5.0682 1.4317 -0.8661, -5.0557 1.4317 -0.8824, -5.0394 1.4317 -0.895, -5.0204 1.4317 -0.9028, -5.0 1.4317 -0.9055, -4.9821 1.4357 -0.8937, -4.9654 1.4357 -0.8867, -4.951 1.4357 -0.8757, -4.94 1.4357 -0.8614, -4.9331 1.4357 -0.8447, -4.9308 1.4357 -0.8268, -4.9331 1.4357 -0.8088, -4.94 1.4357 -0.7921, -4.951 1.4357 -0.7778, -4.9654 1.4357 -0.7668, -4.9821 1.4357 -0.7599, -5.0 1.4357 -0.7575, -5.0179 1.4357 -0.7599, -5.0346 1.4357 -0.7668, -5.049 1.4357 -0.7778, -5.06 1.4357 -0.7921, -5.0669 1.4357 -0.8088, -5.0692 1.4357 -0.8268, -5.0669 1.4357 -0.8447, -5.06 1.4357 -0.8614, -5.049 1.4357 -0.8757, -5.0346 1.4357 -0.8867, -5.0179 1.4357 -0.8937, -5.0 1.4357 -0.896, -5.9749 1.4078 -0.9205, -5.9515 1.4078 -0.9108, -5.9314 1.4078 -0.8954, -5.9159 1.4078 -0.8753, -5.9062 1.4078 -0.8519, -5.9029 1.4078 -0.8268, -5.9062 1.4078 -0.8016, -5.9159 1.4078 -0.7782, -5.9314 1.4078 -0.7581, -5.9515 1.4078 -0.7427, -5.9749 1.4078 -0.733, -6.0 1.4078 -0.7297, -6.0251 1.4078 -0.733, -6.0485 1.4078 -0.7427, -6.0686 1.4078 -0.7581, -6.0841 1.4078 -0.7782, -6.0938 1.4078 -0.8016, -6.0971 1.4078 -0.8268, -6.0938 1.4078 -0.8519, -6.0841 1.4078 -0.8753, -6.0686 1.4078 -0.8954, -6.0485 1.4078 -0.9108, -6.0251 1.4078 -0.9205, -6.0 1.4078 -0.9239, -5.9759 1.4173 -0.9167, -5.9534 1.4173 -0.9074, -5.9341 1.4173 -0.8926, -5.9193 1.4173 -0.8733, -5.91 1.4173 -0.8509, -5.9068 1.4173 -0.8268, -5.91 1.4173 -0.8027, -5.9193 1.4173 -0.7802, -5.9341 1.4173 -0.7609, -5.9534 1.4173 -0.7461, -5.9759 1.4173 -0.7368, -6.0 1.4173 -0.7336, -6.0241 1.4173 -0.7368, -6.0466 1.4173 -0.7461, -6.0659 1.4173 -0.7609, -6.0807 1.4173 -0.7802, -6.09 1.4173 -0.8027, -6.0932 1.4173 -0.8268, -6.09 1.4173 -0.8509, -6.0807 1.4173 -0.8733, -6.0659 1.4173 -0.8926, -6.0466 1.4173 -0.9074, -6.0241 1.4173 -0.9167, -6.0 1.4173 -0.9199, -5.9775 1.4255 -0.9107, -5.9566 1.4255 -0.902, -5.9386 1.4255 -0.8882, -5.9247 1.4255 -0.8702, -5.9161 1.4255 -0.8493, -5.9131 1.4255 -0.8268, -5.9161 1.4255 -0.8043, -5.9247 1.4255 -0.7833, -5.9386 1.4255 -0.7653, -5.9566 1.4255 -0.7515, -5.9775 1.4255 -0.7428, -6.0 1.4255 -0.7399, -6.0225 1.4255 -0.7428, -6.0434 1.4255 -0.7515, -6.0614 1.4255 -0.7653, -6.0753 1.4255 -0.7833, -6.0839 1.4255 -0.8043, -6.0869 1.4255 -0.8268, -6.0839 1.4255 -0.8493, -6.0753 1.4255 -0.8702, -6.0614 1.4255 -0.8882, -6.0434 1.4255 -0.902, -6.0225 1.4255 -0.9107, -6.0 1.4255 -0.9137, -5.9796 1.4317 -0.9028, -5.9606 1.4317 -0.895, -5.9443 1.4317 -0.8824, -5.9318 1.4317 -0.8661, -5.9239 1.4317 -0.8472, -5.9213 1.4317 -0.8268, -5.9239 1.4317 -0.8064, -5.9318 1.4317 -0.7874, -5.9443 1.4317 -0.7711, -5.9606 1.4317 -0.7586, -5.9796 1.4317 -0.7507, -6.0 1.4317 -0.748, -6.0204 1.4317 -0.7507, -6.0394 1.4317 -0.7586, -6.0557 1.4317 -0.7711, -6.0682 1.4317 -0.7874, -6.0761 1.4317 -0.8064, -6.0787 1.4317 -0.8268, -6.0761 1.4317 -0.8472, -6.0682 1.4317 -0.8661, -6.0557 1.4317 -0.8824, -6.0394 1.4317 -0.895, -6.0204 1.4317 -0.9028, -6.0 1.4317 -0.9055, -5.9821 1.4357 -0.8937, -5.9654 1.4357 -0.8867, -5.951 1.4357 -0.8757, -5.94 1.4357 -0.8614, -5.9331 1.4357 -0.8447, -5.9308 1.4357 -0.8268, -5.9331 1.4357 -0.8088, -5.94 1.4357 -0.7921, -5.951 1.4357 -0.7778, -5.9654 1.4357 -0.7668, -5.9821 1.4357 -0.7599, -6.0 1.4357 -0.7575, -6.0179 1.4357 -0.7599, -6.0346 1.4357 -0.7668, -6.049 1.4357 -0.7778, -6.06 1.4357 -0.7921, -6.0669 1.4357 -0.8088, -6.0692 1.4357 -0.8268, -6.0669 1.4357 -0.8447, -6.06 1.4357 -0.8614, -6.049 1.4357 -0.8757, -6.0346 1.4357 -0.8867, -6.0179 1.4357 -0.8937, -6.0 1.4357 -0.896, -6.9749 1.4078 -0.9205, -6.9515 1.4078 -0.9108, -6.9314 1.4078 -0.8954, -6.9159 1.4078 -0.8753, -6.9062 1.4078 -0.8519, -6.9029 1.4078 -0.8268, -6.9062 1.4078 -0.8016, -6.9159 1.4078 -0.7782, -6.9314 1.4078 -0.7581, -6.9515 1.4078 -0.7427, -6.9749 1.4078 -0.733, -7.0 1.4078 -0.7297, -7.0251 1.4078 -0.733, -7.0485 1.4078 -0.7427, -7.0686 1.4078 -0.7581, -7.0841 1.4078 -0.7782, -7.0938 1.4078 -0.8016, -7.0971 1.4078 -0.8268, -7.0938 1.4078 -0.8519, -7.0841 1.4078 -0.8753, -7.0686 1.4078 -0.8954, -7.0485 1.4078 -0.9108, -7.0251 1.4078 -0.9205, -7.0 1.4078 -0.9239, -6.9759 1.4173 -0.9167, -6.9534 1.4173 -0.9074, -6.9341 1.4173 -0.8926, -6.9193 1.4173 -0.8733, -6.91 1.4173 -0.8509, -6.9068 1.4173 -0.8268, -6.91 1.4173 -0.8027, -6.9193 1.4173 -0.7802, -6.9341 1.4173 -0.7609, -6.9534 1.4173 -0.7461, -6.9759 1.4173 -0.7368, -7.0 1.4173 -0.7336, -7.0241 1.4173 -0.7368, -7.0466 1.4173 -0.7461, -7.0659 1.4173 -0.7609, -7.0807 1.4173 -0.7802, -7.09 1.4173 -0.8027, -7.0932 1.4173 -0.8268, -7.09 1.4173 -0.8509, -7.0807 1.4173 -0.8733, -7.0659 1.4173 -0.8926, -7.0466 1.4173 -0.9074, -7.0241 1.4173 -0.9167, -7.0 1.4173 -0.9199, -6.9775 1.4255 -0.9107, -6.9566 1.4255 -0.902, -6.9386 1.4255 -0.8882, -6.9247 1.4255 -0.8702, -6.9161 1.4255 -0.8493, -6.9131 1.4255 -0.8268, -6.9161 1.4255 -0.8043, -6.9247 1.4255 -0.7833, -6.9386 1.4255 -0.7653, -6.9566 1.4255 -0.7515, -6.9775 1.4255 -0.7428, -7.0 1.4255 -0.7399, -7.0225 1.4255 -0.7428, -7.0434 1.4255 -0.7515, -7.0614 1.4255 -0.7653, -7.0753 1.4255 -0.7833, -7.0839 1.4255 -0.8043, -7.0869 1.4255 -0.8268, -7.0839 1.4255 -0.8493, -7.0753 1.4255 -0.8702, -7.0614 1.4255 -0.8882, -7.0434 1.4255 -0.902, -7.0225 1.4255 -0.9107, -7.0 1.4255 -0.9137, -6.9796 1.4317 -0.9028, -6.9606 1.4317 -0.895, -6.9443 1.4317 -0.8824, -6.9318 1.4317 -0.8661, -6.9239 1.4317 -0.8472, -6.9213 1.4317 -0.8268, -6.9239 1.4317 -0.8064, -6.9318 1.4317 -0.7874, -6.9443 1.4317 -0.7711, -6.9606 1.4317 -0.7586, -6.9796 1.4317 -0.7507, -7.0 1.4317 -0.748, -7.0204 1.4317 -0.7507, -7.0394 1.4317 -0.7586, -7.0557 1.4317 -0.7711, -7.0682 1.4317 -0.7874, -7.0761 1.4317 -0.8064, -7.0787 1.4317 -0.8268, -7.0761 1.4317 -0.8472, -7.0682 1.4317 -0.8661, -7.0557 1.4317 -0.8824, -7.0394 1.4317 -0.895, -7.0204 1.4317 -0.9028, -7.0 1.4317 -0.9055, -6.9821 1.4357 -0.8937, -6.9654 1.4357 -0.8867, -6.951 1.4357 -0.8757, -6.94 1.4357 -0.8614, -6.9331 1.4357 -0.8447, -6.9308 1.4357 -0.8268, -6.9331 1.4357 -0.8088, -6.94 1.4357 -0.7921, -6.951 1.4357 -0.7778, -6.9654 1.4357 -0.7668, -6.9821 1.4357 -0.7599, -7.0 1.4357 -0.7575, -7.0179 1.4357 -0.7599, -7.0346 1.4357 -0.7668, -7.049 1.4357 -0.7778, -7.06 1.4357 -0.7921, -7.0669 1.4357 -0.8088, -7.0692 1.4357 -0.8268, -7.0669 1.4357 -0.8447, -7.06 1.4357 -0.8614, -7.049 1.4357 -0.8757, -7.0346 1.4357 -0.8867, -7.0179 1.4357 -0.8937, -7.0 1.4357 -0.896, -7.0 1.4357 -0.896
            ]
        }
        coordIndex [
            0,1,2,-1,2,1,3,-1,2,3,4,-1,4,3,5,-1,4,5,6,-1,6,5,7,-1,6,7,8,-1,8,7,9,-1,8,9,10,-1,10,9,11,-1,10,11,12,-1,12,11,13,-1,12,13,14,-1,14,13,15,-1,14,15,16,-1,16,15,17,-1,16,17,18,-1,18,17,19,-1,18,19,20,-1,20,19,21,-1,20,21,22,-1,22,21,23,-1,22,23,24,-1,24,23,25,-1,24,25,26,-1,26,25,27,-1,26,27,28,-1,28,27,29,-1,28,29,30,-1,30,29,31,-1,30,31,32,-1,32,31,33,-1,32,33,34,-1,34,33,35,-1,34,35,36,-1,36,35,37,-1,36,37,38,-1,38,37,39,-1,38,39,40,-1,40,39,41,-1,40,41,42,-1,42,41,43,-1,42,43,44,-1,44,43,45,-1,44,45,46,-1,46,45,47,-1,46,47,0,-1,0,47,1,-1,48,45,49,-1,49,45,43,-1,49,43,50,-1,50,43,41,-1,50,41,51,-1,51,41,39,-1,51,39,52,-1,52,39,37,-1,52,37,53,-1,53,37,35,-1,53,35,54,-1,54,35,33,-1,54,33,55,-1,55,33,31,-1,55,31,56,-1,56,31,29,-1,56,29,57,-1,57,29,27,-1,57,27,58,-1,58,27,25,-1,58,25,59,-1,59,25,23,-1,59,23,60,-1,60,23,21,-1,60,21,61,-1,61,21,19,-1,61,19,62,-1,62,19,17,-1,62,17,63,-1,63,17,15,-1,63,15,64,-1,64,15,13,-1,64,13,65,-1,65,13,11,-1,65,11,66,-1,66,11,9,-1,66,9,67,-1,67,9,7,-1,67,7,68,-1,68,7,5,-1,68,5,69,-1,69,5,3,-1,69,3,70,-1,70,3,1,-1,70,1,71,-1,71,1,47,-1,71,47,48,-1,48,47,45,-1,72,73,74,-1,74,73,75,-1,74,75,76,-1,76,75,77,-1,76,77,78,-1,78,77,79,-1,78,79,80,-1,80,79,81,-1,80,81,82,-1,82,81,83,-1,82,83,84,-1,84,83,85,-1,84,85,86,-1,86,85,87,-1,86,87,88,-1,88,87,89,-1,88,89,90,-1,90,89,91,-1,90,91,92,-1,92,91,93,-1,92,93,94,-1,94,93,95,-1,94,95,96,-1,96,95,97,-1,96,97,98,-1,98,97,99,-1,98,99,100,-1,100,99,101,-1,100,101,102,-1,102,101,103,-1,102,103,104,-1,104,103,105,-1,104,105,106,-1,106,105,107,-1,106,107,108,-1,108,107,109,-1,108,109,110,-1,110,109,111,-1,110,111,112,-1,112,111,113,-1,112,113,114,-1,114,113,115,-1,114,115,116,-1,116,115,117,-1,116,117,118,-1,118,117,119,-1,118,119,72,-1,72,119,73,-1,120,89,121,-1,121,89,87,-1,121,87,122,-1,122,87,85,-1,122,85,123,-1,123,85,83,-1,123,83,124,-1,124,83,81,-1,124,81,125,-1,125,81,79,-1,125,79,126,-1,126,79,77,-1,126,77,127,-1,127,77,75,-1,127,75,128,-1,128,75,73,-1,128,73,129,-1,129,73,119,-1,129,119,130,-1,130,119,117,-1,130,117,131,-1,131,117,115,-1,131,115,132,-1,132,115,113,-1,132,113,133,-1,133,113,111,-1,133,111,134,-1,134,111,109,-1,134,109,135,-1,135,109,107,-1,135,107,136,-1,136,107,105,-1,136,105,137,-1,137,105,103,-1,137,103,138,-1,138,103,101,-1,138,101,139,-1,139,101,99,-1,139,99,140,-1,140,99,97,-1,140,97,141,-1,141,97,95,-1,141,95,142,-1,142,95,93,-1,142,93,143,-1,143,93,91,-1,143,91,120,-1,120,91,89,-1,144,145,146,-1,146,145,147,-1,146,147,148,-1,148,147,149,-1,148,149,150,-1,150,149,151,-1,150,151,152,-1,152,151,153,-1,152,153,154,-1,154,153,155,-1,154,155,156,-1,156,155,157,-1,156,157,158,-1,158,157,159,-1,158,159,160,-1,160,159,161,-1,160,161,162,-1,162,161,163,-1,162,163,164,-1,164,163,165,-1,164,165,166,-1,166,165,167,-1,166,167,168,-1,168,167,169,-1,168,169,170,-1,170,169,171,-1,170,171,172,-1,172,171,173,-1,172,173,174,-1,174,173,175,-1,174,175,176,-1,176,175,177,-1,176,177,178,-1,178,177,179,-1,178,179,180,-1,180,179,181,-1,180,181,182,-1,182,181,183,-1,182,183,184,-1,184,183,185,-1,184,185,186,-1,186,185,187,-1,186,187,188,-1,188,187,189,-1,188,189,190,-1,190,189,191,-1,190,191,144,-1,144,191,145,-1,192,161,193,-1,193,161,159,-1,193,159,194,-1,194,159,157,-1,194,157,195,-1,195,157,155,-1,195,155,196,-1,196,155,153,-1,196,153,197,-1,197,153,151,-1,197,151,198,-1,198,151,149,-1,198,149,199,-1,199,149,147,-1,199,147,200,-1,200,147,145,-1,200,145,201,-1,201,145,191,-1,201,191,202,-1,202,191,189,-1,202,189,203,-1,203,189,187,-1,203,187,204,-1,204,187,185,-1,204,185,205,-1,205,185,183,-1,205,183,206,-1,206,183,181,-1,206,181,207,-1,207,181,179,-1,207,179,208,-1,208,179,177,-1,208,177,209,-1,209,177,175,-1,209,175,210,-1,210,175,173,-1,210,173,211,-1,211,173,171,-1,211,171,212,-1,212,171,169,-1,212,169,213,-1,213,169,167,-1,213,167,214,-1,214,167,165,-1,214,165,215,-1,215,165,163,-1,215,163,192,-1,192,163,161,-1,216,217,218,-1,218,217,219,-1,218,219,220,-1,220,219,221,-1,220,221,222,-1,222,221,223,-1,222,223,224,-1,224,223,225,-1,224,225,226,-1,226,225,227,-1,226,227,228,-1,228,227,229,-1,228,229,230,-1,230,229,231,-1,230,231,232,-1,232,231,233,-1,232,233,234,-1,234,233,235,-1,234,235,236,-1,236,235,237,-1,236,237,238,-1,238,237,239,-1,238,239,240,-1,240,239,241,-1,240,241,242,-1,242,241,243,-1,242,243,244,-1,244,243,245,-1,244,245,246,-1,246,245,247,-1,246,247,248,-1,248,247,249,-1,248,249,250,-1,250,249,251,-1,250,251,252,-1,252,251,253,-1,252,253,254,-1,254,253,255,-1,254,255,256,-1,256,255,257,-1,256,257,258,-1,258,257,259,-1,258,259,260,-1,260,259,261,-1,260,261,262,-1,262,261,263,-1,262,263,216,-1,216,263,217,-1,264,229,265,-1,265,229,227,-1,265,227,266,-1,266,227,225,-1,266,225,267,-1,267,225,223,-1,267,223,268,-1,268,223,221,-1,268,221,269,-1,269,221,219,-1,269,219,270,-1,270,219,217,-1,270,217,271,-1,271,217,263,-1,271,263,272,-1,272,263,261,-1,272,261,273,-1,273,261,259,-1,273,259,274,-1,274,259,257,-1,274,257,275,-1,275,257,255,-1,275,255,276,-1,276,255,253,-1,276,253,277,-1,277,253,251,-1,277,251,278,-1,278,251,249,-1,278,249,279,-1,279,249,247,-1,279,247,280,-1,280,247,245,-1,280,245,281,-1,281,245,243,-1,281,243,282,-1,282,243,241,-1,282,241,283,-1,283,241,239,-1,283,239,284,-1,284,239,237,-1,284,237,285,-1,285,237,235,-1,285,235,286,-1,286,235,233,-1,286,233,287,-1,287,233,231,-1,287,231,264,-1,264,231,229,-1,288,289,290,-1,290,289,291,-1,290,291,292,-1,292,291,293,-1,292,293,294,-1,294,293,295,-1,294,295,296,-1,296,295,297,-1,296,297,298,-1,298,297,299,-1,298,299,300,-1,300,299,301,-1,300,301,302,-1,302,301,303,-1,302,303,304,-1,304,303,305,-1,304,305,306,-1,306,305,307,-1,306,307,308,-1,308,307,309,-1,308,309,310,-1,310,309,311,-1,310,311,312,-1,312,311,313,-1,312,313,314,-1,314,313,315,-1,314,315,316,-1,316,315,317,-1,316,317,318,-1,318,317,319,-1,318,319,320,-1,320,319,321,-1,320,321,322,-1,322,321,323,-1,322,323,324,-1,324,323,325,-1,324,325,326,-1,326,325,327,-1,326,327,328,-1,328,327,329,-1,328,329,330,-1,330,329,331,-1,330,331,332,-1,332,331,333,-1,332,333,334,-1,334,333,335,-1,334,335,288,-1,288,335,289,-1,336,301,337,-1,337,301,299,-1,337,299,338,-1,338,299,297,-1,338,297,339,-1,339,297,295,-1,339,295,340,-1,340,295,293,-1,340,293,341,-1,341,293,291,-1,341,291,342,-1,342,291,289,-1,342,289,343,-1,343,289,335,-1,343,335,344,-1,344,335,333,-1,344,333,345,-1,345,333,331,-1,345,331,346,-1,346,331,329,-1,346,329,347,-1,347,329,327,-1,347,327,348,-1,348,327,325,-1,348,325,349,-1,349,325,323,-1,349,323,350,-1,350,323,321,-1,350,321,351,-1,351,321,319,-1,351,319,352,-1,352,319,317,-1,352,317,353,-1,353,317,315,-1,353,315,354,-1,354,315,313,-1,354,313,355,-1,355,313,311,-1,355,311,356,-1,356,311,309,-1,356,309,357,-1,357,309,307,-1,357,307,358,-1,358,307,305,-1,358,305,359,-1,359,305,303,-1,359,303,336,-1,336,303,301,-1,360,361,362,-1,362,361,363,-1,362,363,364,-1,364,363,365,-1,364,365,366,-1,366,365,367,-1,366,367,368,-1,368,367,369,-1,368,369,370,-1,370,369,371,-1,370,371,372,-1,372,371,373,-1,372,373,374,-1,374,373,375,-1,374,375,376,-1,376,375,377,-1,376,377,378,-1,378,377,379,-1,378,379,380,-1,380,379,381,-1,380,381,382,-1,382,381,383,-1,382,383,384,-1,384,383,385,-1,384,385,386,-1,386,385,387,-1,386,387,388,-1,388,387,389,-1,388,389,390,-1,390,389,391,-1,390,391,392,-1,392,391,393,-1,392,393,394,-1,394,393,395,-1,394,395,396,-1,396,395,397,-1,396,397,398,-1,398,397,399,-1,398,399,400,-1,400,399,401,-1,400,401,402,-1,402,401,403,-1,402,403,404,-1,404,403,405,-1,404,405,406,-1,406,405,407,-1,406,407,360,-1,360,407,361,-1,408,401,409,-1,409,401,399,-1,409,399,410,-1,410,399,397,-1,410,397,411,-1,411,397,395,-1,411,395,412,-1,412,395,393,-1,412,393,413,-1,413,393,391,-1,413,391,414,-1,414,391,389,-1,414,389,415,-1,415,389,387,-1,415,387,416,-1,416,387,385,-1,416,385,417,-1,417,385,383,-1,417,383,418,-1,418,383,381,-1,418,381,419,-1,419,381,379,-1,419,379,420,-1,420,379,377,-1,420,377,421,-1,421,377,375,-1,421,375,422,-1,422,375,373,-1,422,373,423,-1,423,373,371,-1,423,371,424,-1,424,371,369,-1,424,369,425,-1,425,369,367,-1,425,367,426,-1,426,367,365,-1,426,365,427,-1,427,365,363,-1,427,363,428,-1,428,363,361,-1,428,361,429,-1,429,361,407,-1,429,407,430,-1,430,407,405,-1,430,405,431,-1,431,405,403,-1,431,403,408,-1,408,403,401,-1,432,433,434,-1,434,433,435,-1,434,435,436,-1,436,435,437,-1,436,437,438,-1,438,437,439,-1,438,439,440,-1,440,439,441,-1,440,441,442,-1,442,441,443,-1,442,443,444,-1,444,443,445,-1,444,445,446,-1,446,445,447,-1,446,447,448,-1,448,447,449,-1,448,449,450,-1,450,449,451,-1,450,451,452,-1,452,451,453,-1,452,453,454,-1,454,453,455,-1,454,455,456,-1,456,455,457,-1,456,457,458,-1,458,457,459,-1,458,459,460,-1,460,459,461,-1,460,461,462,-1,462,461,463,-1,462,463,464,-1,464,463,465,-1,464,465,466,-1,466,465,467,-1,466,467,468,-1,468,467,469,-1,468,469,470,-1,470,469,471,-1,470,471,472,-1,472,471,473,-1,472,473,474,-1,474,473,475,-1,474,475,476,-1,476,475,477,-1,476,477,478,-1,478,477,479,-1,478,479,432,-1,432,479,433,-1,480,445,481,-1,481,445,443,-1,481,443,482,-1,482,443,441,-1,482,441,483,-1,483,441,439,-1,483,439,484,-1,484,439,437,-1,484,437,485,-1,485,437,435,-1,485,435,486,-1,486,435,433,-1,486,433,487,-1,487,433,479,-1,487,479,488,-1,488,479,477,-1,488,477,489,-1,489,477,475,-1,489,475,490,-1,490,475,473,-1,490,473,491,-1,491,473,471,-1,491,471,492,-1,492,471,469,-1,492,469,493,-1,493,469,467,-1,493,467,494,-1,494,467,465,-1,494,465,495,-1,495,465,463,-1,495,463,496,-1,496,463,461,-1,496,461,497,-1,497,461,459,-1,497,459,498,-1,498,459,457,-1,498,457,499,-1,499,457,455,-1,499,455,500,-1,500,455,453,-1,500,453,501,-1,501,453,451,-1,501,451,502,-1,502,451,449,-1,502,449,503,-1,503,449,447,-1,503,447,480,-1,480,447,445,-1,504,499,505,-1,505,499,500,-1,505,500,506,-1,506,500,501,-1,506,501,507,-1,507,501,502,-1,507,502,508,-1,508,502,503,-1,508,503,509,-1,509,503,480,-1,509,480,510,-1,510,480,481,-1,510,481,511,-1,511,481,482,-1,511,482,512,-1,512,482,483,-1,512,483,513,-1,513,483,484,-1,513,484,514,-1,514,484,485,-1,514,485,515,-1,515,485,486,-1,515,486,516,-1,516,486,487,-1,516,487,517,-1,517,487,488,-1,517,488,518,-1,518,488,489,-1,518,489,519,-1,519,489,490,-1,519,490,520,-1,520,490,491,-1,520,491,521,-1,521,491,492,-1,521,492,522,-1,522,492,493,-1,522,493,523,-1,523,493,494,-1,523,494,524,-1,524,494,495,-1,524,495,525,-1,525,495,496,-1,525,496,526,-1,526,496,497,-1,526,497,527,-1,527,497,498,-1,527,498,504,-1,504,498,499,-1,528,529,530,-1,530,529,531,-1,530,531,532,-1,533,534,530,-1,530,534,535,-1,530,535,528,-1,536,537,530,-1,530,537,538,-1,530,538,533,-1,539,540,530,-1,530,540,541,-1,530,541,536,-1,542,543,530,-1,530,543,544,-1,530,544,539,-1,545,546,530,-1,530,546,547,-1,530,547,542,-1,548,549,530,-1,530,549,550,-1,530,550,545,-1,532,551,530,-1,530,551,552,-1,530,552,548,-1,553,417,554,-1,554,417,418,-1,554,418,555,-1,555,418,419,-1,555,419,556,-1,556,419,420,-1,556,420,557,-1,557,420,421,-1,557,421,558,-1,558,421,422,-1,558,422,559,-1,559,422,423,-1,559,423,560,-1,560,423,424,-1,560,424,561,-1,561,424,425,-1,561,425,562,-1,562,425,426,-1,562,426,563,-1,563,426,427,-1,563,427,564,-1,564,427,428,-1,564,428,565,-1,565,428,429,-1,565,429,566,-1,566,429,430,-1,566,430,567,-1,567,430,431,-1,567,431,568,-1,568,431,408,-1,568,408,569,-1,569,408,409,-1,569,409,570,-1,570,409,410,-1,570,410,571,-1,571,410,411,-1,571,411,572,-1,572,411,412,-1,572,412,573,-1,573,412,413,-1,573,413,574,-1,574,413,414,-1,574,414,575,-1,575,414,415,-1,575,415,576,-1,576,415,416,-1,576,416,553,-1,553,416,417,-1,577,578,579,-1,579,578,580,-1,579,580,581,-1,582,583,579,-1,579,583,584,-1,579,584,577,-1,585,586,579,-1,579,586,587,-1,579,587,582,-1,588,589,579,-1,579,589,590,-1,579,590,585,-1,591,592,579,-1,579,592,593,-1,579,593,588,-1,594,595,579,-1,579,595,596,-1,579,596,591,-1,597,598,579,-1,579,598,599,-1,579,599,594,-1,581,600,579,-1,579,600,601,-1,579,601,597,-1,602,355,603,-1,603,355,356,-1,603,356,604,-1,604,356,357,-1,604,357,605,-1,605,357,358,-1,605,358,606,-1,606,358,359,-1,606,359,607,-1,607,359,336,-1,607,336,608,-1,608,336,337,-1,608,337,609,-1,609,337,338,-1,609,338,610,-1,610,338,339,-1,610,339,611,-1,611,339,340,-1,611,340,612,-1,612,340,341,-1,612,341,613,-1,613,341,342,-1,613,342,614,-1,614,342,343,-1,614,343,615,-1,615,343,344,-1,615,344,616,-1,616,344,345,-1,616,345,617,-1,617,345,346,-1,617,346,618,-1,618,346,347,-1,618,347,619,-1,619,347,348,-1,619,348,620,-1,620,348,349,-1,620,349,621,-1,621,349,350,-1,621,350,622,-1,622,350,351,-1,622,351,623,-1,623,351,352,-1,623,352,624,-1,624,352,353,-1,624,353,625,-1,625,353,354,-1,625,354,602,-1,602,354,355,-1,626,627,628,-1,628,627,629,-1,628,629,630,-1,631,632,628,-1,628,632,633,-1,628,633,626,-1,634,635,628,-1,628,635,636,-1,628,636,631,-1,637,638,628,-1,628,638,639,-1,628,639,634,-1,640,641,628,-1,628,641,642,-1,628,642,637,-1,643,644,628,-1,628,644,645,-1,628,645,640,-1,646,647,628,-1,628,647,648,-1,628,648,643,-1,630,649,628,-1,628,649,650,-1,628,650,646,-1,651,283,652,-1,652,283,284,-1,652,284,653,-1,653,284,285,-1,653,285,654,-1,654,285,286,-1,654,286,655,-1,655,286,287,-1,655,287,656,-1,656,287,264,-1,656,264,657,-1,657,264,265,-1,657,265,658,-1,658,265,266,-1,658,266,659,-1,659,266,267,-1,659,267,660,-1,660,267,268,-1,660,268,661,-1,661,268,269,-1,661,269,662,-1,662,269,270,-1,662,270,663,-1,663,270,271,-1,663,271,664,-1,664,271,272,-1,664,272,665,-1,665,272,273,-1,665,273,666,-1,666,273,274,-1,666,274,667,-1,667,274,275,-1,667,275,668,-1,668,275,276,-1,668,276,669,-1,669,276,277,-1,669,277,670,-1,670,277,278,-1,670,278,671,-1,671,278,279,-1,671,279,672,-1,672,279,280,-1,672,280,673,-1,673,280,281,-1,673,281,674,-1,674,281,282,-1,674,282,651,-1,651,282,283,-1,675,676,677,-1,677,676,678,-1,677,678,679,-1,680,681,677,-1,677,681,682,-1,677,682,675,-1,683,684,677,-1,677,684,685,-1,677,685,680,-1,686,687,677,-1,677,687,688,-1,677,688,683,-1,689,690,677,-1,677,690,691,-1,677,691,686,-1,692,693,677,-1,677,693,694,-1,677,694,689,-1,695,696,677,-1,677,696,697,-1,677,697,692,-1,679,698,677,-1,677,698,699,-1,677,699,695,-1,700,213,701,-1,701,213,214,-1,701,214,702,-1,702,214,215,-1,702,215,703,-1,703,215,192,-1,703,192,704,-1,704,192,193,-1,704,193,705,-1,705,193,194,-1,705,194,706,-1,706,194,195,-1,706,195,707,-1,707,195,196,-1,707,196,708,-1,708,196,197,-1,708,197,709,-1,709,197,198,-1,709,198,710,-1,710,198,199,-1,710,199,711,-1,711,199,200,-1,711,200,712,-1,712,200,201,-1,712,201,713,-1,713,201,202,-1,713,202,714,-1,714,202,203,-1,714,203,715,-1,715,203,204,-1,715,204,716,-1,716,204,205,-1,716,205,717,-1,717,205,206,-1,717,206,718,-1,718,206,207,-1,718,207,719,-1,719,207,208,-1,719,208,720,-1,720,208,209,-1,720,209,721,-1,721,209,210,-1,721,210,722,-1,722,210,211,-1,722,211,723,-1,723,211,212,-1,723,212,700,-1,700,212,213,-1,724,725,726,-1,726,725,727,-1,726,727,728,-1,729,730,726,-1,726,730,731,-1,726,731,724,-1,732,733,726,-1,726,733,734,-1,726,734,729,-1,735,736,726,-1,726,736,737,-1,726,737,732,-1,738,739,726,-1,726,739,740,-1,726,740,735,-1,741,742,726,-1,726,742,743,-1,726,743,738,-1,744,745,726,-1,726,745,746,-1,726,746,741,-1,728,747,726,-1,726,747,748,-1,726,748,744,-1,749,141,750,-1,750,141,142,-1,750,142,751,-1,751,142,143,-1,751,143,752,-1,752,143,120,-1,752,120,753,-1,753,120,121,-1,753,121,754,-1,754,121,122,-1,754,122,755,-1,755,122,123,-1,755,123,756,-1,756,123,124,-1,756,124,757,-1,757,124,125,-1,757,125,758,-1,758,125,126,-1,758,126,759,-1,759,126,127,-1,759,127,760,-1,760,127,128,-1,760,128,761,-1,761,128,129,-1,761,129,762,-1,762,129,130,-1,762,130,763,-1,763,130,131,-1,763,131,764,-1,764,131,132,-1,764,132,765,-1,765,132,133,-1,765,133,766,-1,766,133,134,-1,766,134,767,-1,767,134,135,-1,767,135,768,-1,768,135,136,-1,768,136,769,-1,769,136,137,-1,769,137,770,-1,770,137,138,-1,770,138,771,-1,771,138,139,-1,771,139,772,-1,772,139,140,-1,772,140,749,-1,749,140,141,-1,773,774,775,-1,775,774,776,-1,775,776,777,-1,778,779,775,-1,775,779,780,-1,775,780,773,-1,781,782,775,-1,775,782,783,-1,775,783,778,-1,784,785,775,-1,775,785,786,-1,775,786,781,-1,787,788,775,-1,775,788,789,-1,775,789,784,-1,790,791,775,-1,775,791,792,-1,775,792,787,-1,793,794,775,-1,775,794,795,-1,775,795,790,-1,777,796,775,-1,775,796,797,-1,775,797,793,-1,798,59,799,-1,799,59,60,-1,799,60,800,-1,800,60,61,-1,800,61,801,-1,801,61,62,-1,801,62,802,-1,802,62,63,-1,802,63,803,-1,803,63,64,-1,803,64,804,-1,804,64,65,-1,804,65,805,-1,805,65,66,-1,805,66,806,-1,806,66,67,-1,806,67,807,-1,807,67,68,-1,807,68,808,-1,808,68,69,-1,808,69,809,-1,809,69,70,-1,809,70,810,-1,810,70,71,-1,810,71,811,-1,811,71,48,-1,811,48,812,-1,812,48,49,-1,812,49,813,-1,813,49,50,-1,813,50,814,-1,814,50,51,-1,814,51,815,-1,815,51,52,-1,815,52,816,-1,816,52,53,-1,816,53,817,-1,817,53,54,-1,817,54,818,-1,818,54,55,-1,818,55,819,-1,819,55,56,-1,819,56,820,-1,820,56,57,-1,820,57,821,-1,821,57,58,-1,821,58,798,-1,798,58,59,-1,822,823,824,-1,824,823,825,-1,824,825,826,-1,827,828,824,-1,824,828,829,-1,824,829,822,-1,830,831,824,-1,824,831,832,-1,824,832,827,-1,833,834,824,-1,824,834,835,-1,824,835,830,-1,836,837,824,-1,824,837,838,-1,824,838,833,-1,839,840,824,-1,824,840,841,-1,824,841,836,-1,842,843,824,-1,824,843,844,-1,824,844,839,-1,826,845,824,-1,824,845,846,-1,824,846,842,-1,826,799,845,-1,845,799,800,-1,845,800,846,-1,846,800,801,-1,846,801,842,-1,842,801,802,-1,842,802,843,-1,843,802,803,-1,843,803,844,-1,844,803,804,-1,844,804,839,-1,839,804,805,-1,839,805,840,-1,840,805,806,-1,840,806,841,-1,841,806,807,-1,841,807,836,-1,836,807,808,-1,836,808,837,-1,837,808,809,-1,837,809,838,-1,838,809,810,-1,838,810,833,-1,833,810,811,-1,833,811,834,-1,834,811,812,-1,834,812,835,-1,835,812,813,-1,835,813,830,-1,830,813,814,-1,830,814,831,-1,831,814,815,-1,831,815,832,-1,832,815,816,-1,832,816,827,-1,827,816,817,-1,827,817,828,-1,828,817,818,-1,828,818,829,-1,829,818,819,-1,829,819,822,-1,822,819,820,-1,822,820,823,-1,823,820,821,-1,823,821,825,-1,825,821,798,-1,825,798,826,-1,826,798,799,-1,777,750,796,-1,796,750,751,-1,796,751,797,-1,797,751,752,-1,797,752,793,-1,793,752,753,-1,793,753,794,-1,794,753,754,-1,794,754,795,-1,795,754,755,-1,795,755,790,-1,790,755,756,-1,790,756,791,-1,791,756,757,-1,791,757,792,-1,792,757,758,-1,792,758,787,-1,787,758,759,-1,787,759,788,-1,788,759,760,-1,788,760,789,-1,789,760,761,-1,789,761,784,-1,784,761,762,-1,784,762,785,-1,785,762,763,-1,785,763,786,-1,786,763,764,-1,786,764,781,-1,781,764,765,-1,781,765,782,-1,782,765,766,-1,782,766,783,-1,783,766,767,-1,783,767,778,-1,778,767,768,-1,778,768,779,-1,779,768,769,-1,779,769,780,-1,780,769,770,-1,780,770,773,-1,773,770,771,-1,773,771,774,-1,774,771,772,-1,774,772,776,-1,776,772,749,-1,776,749,777,-1,777,749,750,-1,728,701,747,-1,747,701,702,-1,747,702,748,-1,748,702,703,-1,748,703,744,-1,744,703,704,-1,744,704,745,-1,745,704,705,-1,745,705,746,-1,746,705,706,-1,746,706,741,-1,741,706,707,-1,741,707,742,-1,742,707,708,-1,742,708,743,-1,743,708,709,-1,743,709,738,-1,738,709,710,-1,738,710,739,-1,739,710,711,-1,739,711,740,-1,740,711,712,-1,740,712,735,-1,735,712,713,-1,735,713,736,-1,736,713,714,-1,736,714,737,-1,737,714,715,-1,737,715,732,-1,732,715,716,-1,732,716,733,-1,733,716,717,-1,733,717,734,-1,734,717,718,-1,734,718,729,-1,729,718,719,-1,729,719,730,-1,730,719,720,-1,730,720,731,-1,731,720,721,-1,731,721,724,-1,724,721,722,-1,724,722,725,-1,725,722,723,-1,725,723,727,-1,727,723,700,-1,727,700,728,-1,728,700,701,-1,679,652,698,-1,698,652,653,-1,698,653,699,-1,699,653,654,-1,699,654,695,-1,695,654,655,-1,695,655,696,-1,696,655,656,-1,696,656,697,-1,697,656,657,-1,697,657,692,-1,692,657,658,-1,692,658,693,-1,693,658,659,-1,693,659,694,-1,694,659,660,-1,694,660,689,-1,689,660,661,-1,689,661,690,-1,690,661,662,-1,690,662,691,-1,691,662,663,-1,691,663,686,-1,686,663,664,-1,686,664,687,-1,687,664,665,-1,687,665,688,-1,688,665,666,-1,688,666,683,-1,683,666,667,-1,683,667,684,-1,684,667,668,-1,684,668,685,-1,685,668,669,-1,685,669,680,-1,680,669,670,-1,680,670,681,-1,681,670,671,-1,681,671,682,-1,682,671,672,-1,682,672,675,-1,675,672,673,-1,675,673,676,-1,676,673,674,-1,676,674,678,-1,678,674,651,-1,678,651,679,-1,679,651,652,-1,630,603,649,-1,649,603,604,-1,649,604,650,-1,650,604,605,-1,650,605,646,-1,646,605,606,-1,646,606,647,-1,647,606,607,-1,647,607,648,-1,648,607,608,-1,648,608,643,-1,643,608,609,-1,643,609,644,-1,644,609,610,-1,644,610,645,-1,645,610,611,-1,645,611,640,-1,640,611,612,-1,640,612,641,-1,641,612,613,-1,641,613,642,-1,642,613,614,-1,642,614,637,-1,637,614,615,-1,637,615,638,-1,638,615,616,-1,638,616,639,-1,639,616,617,-1,639,617,634,-1,634,617,618,-1,634,618,635,-1,635,618,619,-1,635,619,636,-1,636,619,620,-1,636,620,631,-1,631,620,621,-1,631,621,632,-1,632,621,622,-1,632,622,633,-1,633,622,623,-1,633,623,626,-1,626,623,624,-1,626,624,627,-1,627,624,625,-1,627,625,629,-1,629,625,602,-1,629,602,630,-1,630,602,603,-1,581,554,600,-1,600,554,555,-1,600,555,601,-1,601,555,556,-1,601,556,597,-1,597,556,557,-1,597,557,598,-1,598,557,558,-1,598,558,599,-1,599,558,559,-1,599,559,594,-1,594,559,560,-1,594,560,595,-1,595,560,561,-1,595,561,596,-1,596,561,562,-1,596,562,591,-1,591,562,563,-1,591,563,592,-1,592,563,564,-1,592,564,593,-1,593,564,565,-1,593,565,588,-1,588,565,566,-1,588,566,589,-1,589,566,567,-1,589,567,590,-1,590,567,568,-1,590,568,585,-1,585,568,569,-1,585,569,586,-1,586,569,570,-1,586,570,587,-1,587,570,571,-1,587,571,582,-1,582,571,572,-1,582,572,583,-1,583,572,573,-1,583,573,584,-1,584,573,574,-1,584,574,577,-1,577,574,575,-1,577,575,578,-1,578,575,576,-1,578,576,580,-1,580,576,553,-1,580,553,581,-1,581,553,554,-1,532,505,551,-1,551,505,506,-1,551,506,552,-1,552,506,507,-1,552,507,548,-1,548,507,508,-1,548,508,549,-1,549,508,509,-1,549,509,550,-1,550,509,510,-1,550,510,545,-1,545,510,511,-1,545,511,546,-1,546,511,512,-1,546,512,547,-1,547,512,513,-1,547,513,542,-1,542,513,514,-1,542,514,543,-1,543,514,515,-1,543,515,544,-1,544,515,516,-1,544,516,539,-1,539,516,517,-1,539,517,540,-1,540,517,518,-1,540,518,541,-1,541,518,519,-1,541,519,536,-1,536,519,520,-1,536,520,537,-1,537,520,521,-1,537,521,538,-1,538,521,522,-1,538,522,533,-1,533,522,523,-1,533,523,534,-1,534,523,524,-1,534,524,535,-1,535,524,525,-1,535,525,528,-1,528,525,526,-1,528,526,529,-1,529,526,527,-1,529,527,531,-1,531,527,504,-1,531,504,532,-1,532,504,505,-1,847,848,849,-1,849,848,850,-1,849,850,851,-1,851,850,852,-1,851,852,853,-1,853,852,854,-1,853,854,855,-1,855,854,856,-1,855,856,857,-1,857,856,858,-1,857,858,859,-1,859,858,860,-1,859,860,861,-1,861,860,862,-1,861,862,863,-1,863,862,864,-1,863,864,865,-1,865,864,866,-1,865,866,867,-1,867,866,868,-1,867,868,869,-1,869,868,870,-1,869,870,871,-1,871,870,872,-1,871,872,873,-1,873,872,874,-1,873,874,875,-1,875,874,876,-1,875,876,877,-1,877,876,878,-1,877,878,879,-1,879,878,880,-1,879,880,881,-1,881,880,882,-1,881,882,883,-1,883,882,884,-1,883,884,885,-1,885,884,886,-1,885,886,887,-1,887,886,888,-1,887,888,889,-1,889,888,890,-1,889,890,891,-1,891,890,892,-1,891,892,893,-1,893,892,894,-1,893,894,847,-1,847,894,848,-1,895,896,897,-1,897,896,898,-1,897,898,899,-1,899,898,900,-1,899,900,901,-1,901,900,902,-1,901,902,903,-1,903,902,904,-1,903,904,905,-1,905,904,906,-1,905,906,907,-1,907,906,908,-1,907,908,909,-1,909,908,910,-1,909,910,911,-1,911,910,912,-1,911,912,913,-1,913,912,914,-1,913,914,915,-1,915,914,916,-1,915,916,917,-1,917,916,918,-1,917,918,919,-1,919,918,920,-1,919,920,921,-1,921,920,922,-1,921,922,923,-1,923,922,924,-1,923,924,925,-1,925,924,926,-1,925,926,927,-1,927,926,928,-1,927,928,929,-1,929,928,930,-1,929,930,931,-1,931,930,932,-1,931,932,933,-1,933,932,934,-1,933,934,935,-1,935,934,936,-1,935,936,937,-1,937,936,938,-1,937,938,939,-1,939,938,940,-1,939,940,941,-1,941,940,942,-1,941,942,895,-1,895,942,896,-1,943,944,945,-1,945,944,946,-1,945,946,947,-1,947,946,948,-1,947,948,949,-1,949,948,950,-1,949,950,951,-1,951,950,952,-1,951,952,953,-1,953,952,954,-1,953,954,955,-1,955,954,956,-1,955,956,957,-1,957,956,958,-1,957,958,959,-1,959,958,960,-1,959,960,961,-1,961,960,962,-1,961,962,963,-1,963,962,964,-1,963,964,965,-1,965,964,966,-1,965,966,967,-1,967,966,968,-1,967,968,969,-1,969,968,970,-1,969,970,971,-1,971,970,972,-1,971,972,973,-1,973,972,974,-1,973,974,975,-1,975,974,976,-1,975,976,977,-1,977,976,978,-1,977,978,979,-1,979,978,980,-1,979,980,981,-1,981,980,982,-1,981,982,983,-1,983,982,984,-1,983,984,985,-1,985,984,986,-1,985,986,987,-1,987,986,988,-1,987,988,989,-1,989,988,990,-1,989,990,943,-1,943,990,944,-1,991,992,993,-1,993,992,994,-1,993,994,995,-1,995,994,996,-1,995,996,997,-1,997,996,998,-1,997,998,999,-1,999,998,1000,-1,999,1000,1001,-1,1001,1000,1002,-1,1001,1002,1003,-1,1003,1002,1004,-1,1003,1004,1005,-1,1005,1004,1006,-1,1005,1006,1007,-1,1007,1006,1008,-1,1007,1008,1009,-1,1009,1008,1010,-1,1009,1010,1011,-1,1011,1010,1012,-1,1011,1012,1013,-1,1013,1012,1014,-1,1013,1014,1015,-1,1015,1014,1016,-1,1015,1016,1017,-1,1017,1016,1018,-1,1017,1018,1019,-1,1019,1018,1020,-1,1019,1020,1021,-1,1021,1020,1022,-1,1021,1022,1023,-1,1023,1022,1024,-1,1023,1024,1025,-1,1025,1024,1026,-1,1025,1026,1027,-1,1027,1026,1028,-1,1027,1028,1029,-1,1029,1028,1030,-1,1029,1030,1031,-1,1031,1030,1032,-1,1031,1032,1033,-1,1033,1032,1034,-1,1033,1034,1035,-1,1035,1034,1036,-1,1035,1036,1037,-1,1037,1036,1038,-1,1037,1038,991,-1,991,1038,992,-1,1039,1040,1041,-1,1041,1040,1042,-1,1041,1042,1043,-1,1043,1042,1044,-1,1043,1044,1045,-1,1045,1044,1046,-1,1045,1046,1047,-1,1047,1046,1048,-1,1047,1048,1049,-1,1049,1048,1050,-1,1049,1050,1051,-1,1051,1050,1052,-1,1051,1052,1053,-1,1053,1052,1054,-1,1053,1054,1055,-1,1055,1054,1056,-1,1055,1056,1057,-1,1057,1056,1058,-1,1057,1058,1059,-1,1059,1058,1060,-1,1059,1060,1061,-1,1061,1060,1062,-1,1061,1062,1063,-1,1063,1062,1064,-1,1063,1064,1065,-1,1065,1064,1066,-1,1065,1066,1067,-1,1067,1066,1068,-1,1067,1068,1069,-1,1069,1068,1070,-1,1069,1070,1071,-1,1071,1070,1072,-1,1071,1072,1073,-1,1073,1072,1074,-1,1073,1074,1075,-1,1075,1074,1076,-1,1075,1076,1077,-1,1077,1076,1078,-1,1077,1078,1079,-1,1079,1078,1080,-1,1079,1080,1081,-1,1081,1080,1082,-1,1081,1082,1083,-1,1083,1082,1084,-1,1083,1084,1085,-1,1085,1084,1086,-1,1085,1086,1039,-1,1039,1086,1040,-1,1087,1088,1089,-1,1089,1088,1090,-1,1089,1090,1091,-1,1091,1090,1092,-1,1091,1092,1093,-1,1093,1092,1094,-1,1093,1094,1095,-1,1095,1094,1096,-1,1095,1096,1097,-1,1097,1096,1098,-1,1097,1098,1099,-1,1099,1098,1100,-1,1099,1100,1101,-1,1101,1100,1102,-1,1101,1102,1103,-1,1103,1102,1104,-1,1103,1104,1105,-1,1105,1104,1106,-1,1105,1106,1107,-1,1107,1106,1108,-1,1107,1108,1109,-1,1109,1108,1110,-1,1109,1110,1111,-1,1111,1110,1112,-1,1111,1112,1113,-1,1113,1112,1114,-1,1113,1114,1115,-1,1115,1114,1116,-1,1115,1116,1117,-1,1117,1116,1118,-1,1117,1118,1119,-1,1119,1118,1120,-1,1119,1120,1121,-1,1121,1120,1122,-1,1121,1122,1123,-1,1123,1122,1124,-1,1123,1124,1125,-1,1125,1124,1126,-1,1125,1126,1127,-1,1127,1126,1128,-1,1127,1128,1129,-1,1129,1128,1130,-1,1129,1130,1131,-1,1131,1130,1132,-1,1131,1132,1133,-1,1133,1132,1134,-1,1133,1134,1087,-1,1087,1134,1088,-1,1135,1136,1137,-1,1137,1136,1138,-1,1137,1138,1139,-1,1139,1138,1140,-1,1139,1140,1141,-1,1141,1140,1142,-1,1141,1142,1143,-1,1143,1142,1144,-1,1143,1144,1145,-1,1145,1144,1146,-1,1145,1146,1147,-1,1147,1146,1148,-1,1147,1148,1149,-1,1149,1148,1150,-1,1149,1150,1151,-1,1151,1150,1152,-1,1151,1152,1153,-1,1153,1152,1154,-1,1153,1154,1155,-1,1155,1154,1156,-1,1155,1156,1157,-1,1157,1156,1158,-1,1157,1158,1159,-1,1159,1158,1160,-1,1159,1160,1161,-1,1161,1160,1162,-1,1161,1162,1163,-1,1163,1162,1164,-1,1163,1164,1165,-1,1165,1164,1166,-1,1165,1166,1167,-1,1167,1166,1168,-1,1167,1168,1169,-1,1169,1168,1170,-1,1169,1170,1171,-1,1171,1170,1172,-1,1171,1172,1173,-1,1173,1172,1174,-1,1173,1174,1175,-1,1175,1174,1176,-1,1175,1176,1177,-1,1177,1176,1178,-1,1177,1178,1179,-1,1179,1178,1180,-1,1179,1180,1181,-1,1181,1180,1182,-1,1181,1182,1135,-1,1135,1182,1136,-1,1183,1184,1185,-1,1185,1184,1186,-1,1185,1186,1187,-1,1187,1186,1188,-1,1187,1188,1189,-1,1189,1188,1190,-1,1189,1190,1191,-1,1191,1190,1192,-1,1191,1192,1193,-1,1193,1192,1194,-1,1193,1194,1195,-1,1195,1194,1196,-1,1195,1196,1197,-1,1197,1196,1198,-1,1197,1198,1199,-1,1199,1198,1200,-1,1199,1200,1201,-1,1201,1200,1202,-1,1201,1202,1203,-1,1203,1202,1204,-1,1203,1204,1205,-1,1205,1204,1206,-1,1205,1206,1207,-1,1207,1206,1208,-1,1207,1208,1209,-1,1209,1208,1210,-1,1209,1210,1211,-1,1211,1210,1212,-1,1211,1212,1213,-1,1213,1212,1214,-1,1213,1214,1215,-1,1215,1214,1216,-1,1215,1216,1217,-1,1217,1216,1218,-1,1217,1218,1219,-1,1219,1218,1220,-1,1219,1220,1221,-1,1221,1220,1222,-1,1221,1222,1223,-1,1223,1222,1224,-1,1223,1224,1225,-1,1225,1224,1226,-1,1225,1226,1227,-1,1227,1226,1228,-1,1227,1228,1229,-1,1229,1228,1230,-1,1229,1230,1183,-1,1183,1230,1184,-1,1231,1232,1233,-1,1233,1232,1234,-1,1233,1234,1235,-1,1235,1234,1236,-1,1235,1236,1237,-1,1237,1236,1238,-1,1237,1238,1239,-1,1239,1238,1240,-1,1239,1240,1241,-1,1241,1240,1242,-1,1241,1242,1243,-1,1243,1242,1244,-1,1243,1244,1245,-1,1245,1244,1246,-1,1245,1246,1247,-1,1247,1246,1248,-1,1247,1248,1249,-1,1249,1248,1250,-1,1249,1250,1251,-1,1251,1250,1252,-1,1251,1252,1253,-1,1253,1252,1254,-1,1253,1254,1255,-1,1255,1254,1256,-1,1255,1256,1257,-1,1257,1256,1258,-1,1257,1258,1259,-1,1259,1258,1260,-1,1259,1260,1261,-1,1261,1260,1262,-1,1261,1262,1263,-1,1263,1262,1264,-1,1263,1264,1265,-1,1265,1264,1266,-1,1265,1266,1267,-1,1267,1266,1268,-1,1267,1268,1269,-1,1269,1268,1270,-1,1269,1270,1271,-1,1271,1270,1272,-1,1271,1272,1273,-1,1273,1272,1274,-1,1273,1274,1275,-1,1275,1274,1276,-1,1275,1276,1277,-1,1277,1276,1278,-1,1277,1278,1231,-1,1231,1278,1232,-1,1279,1280,1281,-1,1281,1280,1282,-1,1281,1282,1283,-1,1283,1282,1284,-1,1283,1284,1285,-1,1285,1284,1286,-1,1285,1286,1287,-1,1287,1286,1288,-1,1287,1288,1289,-1,1289,1288,1290,-1,1289,1290,1291,-1,1291,1290,1292,-1,1291,1292,1293,-1,1293,1292,1294,-1,1293,1294,1295,-1,1295,1294,1296,-1,1295,1296,1297,-1,1297,1296,1298,-1,1297,1298,1299,-1,1299,1298,1300,-1,1299,1300,1301,-1,1301,1300,1302,-1,1301,1302,1303,-1,1303,1302,1304,-1,1303,1304,1305,-1,1305,1304,1306,-1,1305,1306,1307,-1,1307,1306,1308,-1,1307,1308,1309,-1,1309,1308,1310,-1,1309,1310,1311,-1,1311,1310,1312,-1,1311,1312,1313,-1,1313,1312,1314,-1,1313,1314,1315,-1,1315,1314,1316,-1,1315,1316,1317,-1,1317,1316,1318,-1,1317,1318,1319,-1,1319,1318,1320,-1,1319,1320,1321,-1,1321,1320,1322,-1,1321,1322,1323,-1,1323,1322,1324,-1,1323,1324,1325,-1,1325,1324,1326,-1,1325,1326,1279,-1,1279,1326,1280,-1,1327,1328,1329,-1,1329,1328,1330,-1,1329,1330,1331,-1,1331,1330,1332,-1,1331,1332,1333,-1,1333,1332,1334,-1,1333,1334,1335,-1,1335,1334,1336,-1,1335,1336,1337,-1,1337,1336,1338,-1,1337,1338,1339,-1,1339,1338,1340,-1,1339,1340,1341,-1,1341,1340,1342,-1,1341,1342,1343,-1,1343,1342,1344,-1,1343,1344,1345,-1,1345,1344,1346,-1,1345,1346,1347,-1,1347,1346,1348,-1,1347,1348,1349,-1,1349,1348,1350,-1,1349,1350,1351,-1,1351,1350,1352,-1,1351,1352,1353,-1,1353,1352,1354,-1,1353,1354,1355,-1,1355,1354,1356,-1,1355,1356,1357,-1,1357,1356,1358,-1,1357,1358,1359,-1,1359,1358,1360,-1,1359,1360,1361,-1,1361,1360,1362,-1,1361,1362,1363,-1,1363,1362,1364,-1,1363,1364,1365,-1,1365,1364,1366,-1,1365,1366,1367,-1,1367,1366,1368,-1,1367,1368,1369,-1,1369,1368,1370,-1,1369,1370,1371,-1,1371,1370,1372,-1,1371,1372,1373,-1,1373,1372,1374,-1,1373,1374,1327,-1,1327,1374,1328,-1,1375,1376,1377,-1,1377,1376,1378,-1,1377,1378,1379,-1,1379,1378,1380,-1,1379,1380,1381,-1,1381,1380,1382,-1,1381,1382,1383,-1,1383,1382,1384,-1,1383,1384,1385,-1,1385,1384,1386,-1,1385,1386,1387,-1,1387,1386,1388,-1,1387,1388,1389,-1,1389,1388,1390,-1,1389,1390,1391,-1,1391,1390,1392,-1,1391,1392,1393,-1,1393,1392,1394,-1,1393,1394,1395,-1,1395,1394,1396,-1,1395,1396,1397,-1,1397,1396,1398,-1,1397,1398,1399,-1,1399,1398,1400,-1,1399,1400,1401,-1,1401,1400,1402,-1,1401,1402,1403,-1,1403,1402,1404,-1,1403,1404,1405,-1,1405,1404,1406,-1,1405,1406,1407,-1,1407,1406,1408,-1,1407,1408,1409,-1,1409,1408,1410,-1,1409,1410,1411,-1,1411,1410,1412,-1,1411,1412,1413,-1,1413,1412,1414,-1,1413,1414,1415,-1,1415,1414,1416,-1,1415,1416,1417,-1,1417,1416,1418,-1,1417,1418,1419,-1,1419,1418,1420,-1,1419,1420,1421,-1,1421,1420,1422,-1,1421,1422,1375,-1,1375,1422,1376,-1,1423,1424,1425,-1,1425,1424,1426,-1,1425,1426,1427,-1,1427,1426,1428,-1,1427,1428,1429,-1,1429,1428,1430,-1,1429,1430,1431,-1,1431,1430,1432,-1,1431,1432,1433,-1,1433,1432,1434,-1,1433,1434,1435,-1,1435,1434,1436,-1,1435,1436,1437,-1,1437,1436,1438,-1,1437,1438,1439,-1,1439,1438,1440,-1,1439,1440,1441,-1,1441,1440,1442,-1,1441,1442,1443,-1,1443,1442,1444,-1,1443,1444,1445,-1,1445,1444,1446,-1,1445,1446,1447,-1,1447,1446,1448,-1,1447,1448,1449,-1,1449,1448,1450,-1,1449,1450,1451,-1,1451,1450,1452,-1,1451,1452,1453,-1,1453,1452,1454,-1,1453,1454,1455,-1,1455,1454,1456,-1,1455,1456,1457,-1,1457,1456,1458,-1,1457,1458,1459,-1,1459,1458,1460,-1,1459,1460,1461,-1,1461,1460,1462,-1,1461,1462,1463,-1,1463,1462,1464,-1,1463,1464,1465,-1,1465,1464,1466,-1,1465,1466,1467,-1,1467,1466,1468,-1,1467,1468,1469,-1,1469,1468,1470,-1,1469,1470,1423,-1,1423,1470,1424,-1,1471,1472,1473,-1,1473,1472,1474,-1,1473,1474,1475,-1,1475,1474,1476,-1,1475,1476,1477,-1,1477,1476,1478,-1,1477,1478,1479,-1,1479,1478,1480,-1,1479,1480,1481,-1,1481,1480,1482,-1,1481,1482,1483,-1,1483,1482,1484,-1,1483,1484,1485,-1,1485,1484,1486,-1,1485,1486,1487,-1,1487,1486,1488,-1,1487,1488,1489,-1,1489,1488,1490,-1,1489,1490,1491,-1,1491,1490,1492,-1,1491,1492,1493,-1,1493,1492,1494,-1,1493,1494,1495,-1,1495,1494,1496,-1,1495,1496,1497,-1,1497,1496,1498,-1,1497,1498,1499,-1,1499,1498,1500,-1,1499,1500,1501,-1,1501,1500,1502,-1,1501,1502,1503,-1,1503,1502,1504,-1,1503,1504,1505,-1,1505,1504,1506,-1,1505,1506,1507,-1,1507,1506,1508,-1,1507,1508,1509,-1,1509,1508,1510,-1,1509,1510,1511,-1,1511,1510,1512,-1,1511,1512,1513,-1,1513,1512,1514,-1,1513,1514,1515,-1,1515,1514,1516,-1,1515,1516,1517,-1,1517,1516,1518,-1,1517,1518,1471,-1,1471,1518,1472,-1,894,914,848,-1,848,914,912,-1,848,912,850,-1,850,912,910,-1,850,910,852,-1,852,910,908,-1,852,908,854,-1,854,908,906,-1,854,906,856,-1,856,906,904,-1,856,904,858,-1,858,904,902,-1,858,902,860,-1,860,902,900,-1,860,900,862,-1,862,900,898,-1,862,898,864,-1,864,898,896,-1,864,896,866,-1,866,896,942,-1,866,942,868,-1,868,942,940,-1,868,940,870,-1,870,940,938,-1,870,938,872,-1,872,938,936,-1,872,936,874,-1,874,936,934,-1,874,934,876,-1,876,934,932,-1,876,932,878,-1,878,932,930,-1,878,930,880,-1,880,930,928,-1,880,928,882,-1,882,928,926,-1,882,926,884,-1,884,926,924,-1,884,924,886,-1,886,924,922,-1,886,922,888,-1,888,922,920,-1,888,920,890,-1,890,920,918,-1,890,918,892,-1,892,918,916,-1,892,916,894,-1,894,916,914,-1,990,1008,944,-1,944,1008,1006,-1,944,1006,946,-1,946,1006,1004,-1,946,1004,948,-1,948,1004,1002,-1,948,1002,950,-1,950,1002,1000,-1,950,1000,952,-1,952,1000,998,-1,952,998,954,-1,954,998,996,-1,954,996,956,-1,956,996,994,-1,956,994,958,-1,958,994,992,-1,958,992,960,-1,960,992,1038,-1,960,1038,962,-1,962,1038,1036,-1,962,1036,964,-1,964,1036,1034,-1,964,1034,966,-1,966,1034,1032,-1,966,1032,968,-1,968,1032,1030,-1,968,1030,970,-1,970,1030,1028,-1,970,1028,972,-1,972,1028,1026,-1,972,1026,974,-1,974,1026,1024,-1,974,1024,976,-1,976,1024,1022,-1,976,1022,978,-1,978,1022,1020,-1,978,1020,980,-1,980,1020,1018,-1,980,1018,982,-1,982,1018,1016,-1,982,1016,984,-1,984,1016,1014,-1,984,1014,986,-1,986,1014,1012,-1,986,1012,988,-1,988,1012,1010,-1,988,1010,990,-1,990,1010,1008,-1,1086,1104,1040,-1,1040,1104,1102,-1,1040,1102,1042,-1,1042,1102,1100,-1,1042,1100,1044,-1,1044,1100,1098,-1,1044,1098,1046,-1,1046,1098,1096,-1,1046,1096,1048,-1,1048,1096,1094,-1,1048,1094,1050,-1,1050,1094,1092,-1,1050,1092,1052,-1,1052,1092,1090,-1,1052,1090,1054,-1,1054,1090,1088,-1,1054,1088,1056,-1,1056,1088,1134,-1,1056,1134,1058,-1,1058,1134,1132,-1,1058,1132,1060,-1,1060,1132,1130,-1,1060,1130,1062,-1,1062,1130,1128,-1,1062,1128,1064,-1,1064,1128,1126,-1,1064,1126,1066,-1,1066,1126,1124,-1,1066,1124,1068,-1,1068,1124,1122,-1,1068,1122,1070,-1,1070,1122,1120,-1,1070,1120,1072,-1,1072,1120,1118,-1,1072,1118,1074,-1,1074,1118,1116,-1,1074,1116,1076,-1,1076,1116,1114,-1,1076,1114,1078,-1,1078,1114,1112,-1,1078,1112,1080,-1,1080,1112,1110,-1,1080,1110,1082,-1,1082,1110,1108,-1,1082,1108,1084,-1,1084,1108,1106,-1,1084,1106,1086,-1,1086,1106,1104,-1,1182,1198,1136,-1,1136,1198,1196,-1,1136,1196,1138,-1,1138,1196,1194,-1,1138,1194,1140,-1,1140,1194,1192,-1,1140,1192,1142,-1,1142,1192,1190,-1,1142,1190,1144,-1,1144,1190,1188,-1,1144,1188,1146,-1,1146,1188,1186,-1,1146,1186,1148,-1,1148,1186,1184,-1,1148,1184,1150,-1,1150,1184,1230,-1,1150,1230,1152,-1,1152,1230,1228,-1,1152,1228,1154,-1,1154,1228,1226,-1,1154,1226,1156,-1,1156,1226,1224,-1,1156,1224,1158,-1,1158,1224,1222,-1,1158,1222,1160,-1,1160,1222,1220,-1,1160,1220,1162,-1,1162,1220,1218,-1,1162,1218,1164,-1,1164,1218,1216,-1,1164,1216,1166,-1,1166,1216,1214,-1,1166,1214,1168,-1,1168,1214,1212,-1,1168,1212,1170,-1,1170,1212,1210,-1,1170,1210,1172,-1,1172,1210,1208,-1,1172,1208,1174,-1,1174,1208,1206,-1,1174,1206,1176,-1,1176,1206,1204,-1,1176,1204,1178,-1,1178,1204,1202,-1,1178,1202,1180,-1,1180,1202,1200,-1,1180,1200,1182,-1,1182,1200,1198,-1,1278,1294,1232,-1,1232,1294,1292,-1,1232,1292,1234,-1,1234,1292,1290,-1,1234,1290,1236,-1,1236,1290,1288,-1,1236,1288,1238,-1,1238,1288,1286,-1,1238,1286,1240,-1,1240,1286,1284,-1,1240,1284,1242,-1,1242,1284,1282,-1,1242,1282,1244,-1,1244,1282,1280,-1,1244,1280,1246,-1,1246,1280,1326,-1,1246,1326,1248,-1,1248,1326,1324,-1,1248,1324,1250,-1,1250,1324,1322,-1,1250,1322,1252,-1,1252,1322,1320,-1,1252,1320,1254,-1,1254,1320,1318,-1,1254,1318,1256,-1,1256,1318,1316,-1,1256,1316,1258,-1,1258,1316,1314,-1,1258,1314,1260,-1,1260,1314,1312,-1,1260,1312,1262,-1,1262,1312,1310,-1,1262,1310,1264,-1,1264,1310,1308,-1,1264,1308,1266,-1,1266,1308,1306,-1,1266,1306,1268,-1,1268,1306,1304,-1,1268,1304,1270,-1,1270,1304,1302,-1,1270,1302,1272,-1,1272,1302,1300,-1,1272,1300,1274,-1,1274,1300,1298,-1,1274,1298,1276,-1,1276,1298,1296,-1,1276,1296,1278,-1,1278,1296,1294,-1,1374,1410,1328,-1,1328,1410,1408,-1,1328,1408,1330,-1,1330,1408,1406,-1,1330,1406,1332,-1,1332,1406,1404,-1,1332,1404,1334,-1,1334,1404,1402,-1,1334,1402,1336,-1,1336,1402,1400,-1,1336,1400,1338,-1,1338,1400,1398,-1,1338,1398,1340,-1,1340,1398,1396,-1,1340,1396,1342,-1,1342,1396,1394,-1,1342,1394,1344,-1,1344,1394,1392,-1,1344,1392,1346,-1,1346,1392,1390,-1,1346,1390,1348,-1,1348,1390,1388,-1,1348,1388,1350,-1,1350,1388,1386,-1,1350,1386,1352,-1,1352,1386,1384,-1,1352,1384,1354,-1,1354,1384,1382,-1,1354,1382,1356,-1,1356,1382,1380,-1,1356,1380,1358,-1,1358,1380,1378,-1,1358,1378,1360,-1,1360,1378,1376,-1,1360,1376,1362,-1,1362,1376,1422,-1,1362,1422,1364,-1,1364,1422,1420,-1,1364,1420,1366,-1,1366,1420,1418,-1,1366,1418,1368,-1,1368,1418,1416,-1,1368,1416,1370,-1,1370,1416,1414,-1,1370,1414,1372,-1,1372,1414,1412,-1,1372,1412,1374,-1,1374,1412,1410,-1,1470,1512,1424,-1,1424,1512,1510,-1,1424,1510,1426,-1,1426,1510,1508,-1,1426,1508,1428,-1,1428,1508,1506,-1,1428,1506,1430,-1,1430,1506,1504,-1,1430,1504,1432,-1,1432,1504,1502,-1,1432,1502,1434,-1,1434,1502,1500,-1,1434,1500,1436,-1,1436,1500,1498,-1,1436,1498,1438,-1,1438,1498,1496,-1,1438,1496,1440,-1,1440,1496,1494,-1,1440,1494,1442,-1,1442,1494,1492,-1,1442,1492,1444,-1,1444,1492,1490,-1,1444,1490,1446,-1,1446,1490,1488,-1,1446,1488,1448,-1,1448,1488,1486,-1,1448,1486,1450,-1,1450,1486,1484,-1,1450,1484,1452,-1,1452,1484,1482,-1,1452,1482,1454,-1,1454,1482,1480,-1,1454,1480,1456,-1,1456,1480,1478,-1,1456,1478,1458,-1,1458,1478,1476,-1,1458,1476,1460,-1,1460,1476,1474,-1,1460,1474,1462,-1,1462,1474,1472,-1,1462,1472,1464,-1,1464,1472,1518,-1,1464,1518,1466,-1,1466,1518,1516,-1,1466,1516,1468,-1,1468,1516,1514,-1,1468,1514,1470,-1,1470,1514,1512,-1,1519,1520,1521,-1,1521,1520,1522,-1,1521,1522,1523,-1,1524,1525,1521,-1,1521,1525,1526,-1,1521,1526,1519,-1,1527,1528,1521,-1,1521,1528,1529,-1,1521,1529,1524,-1,1530,1531,1521,-1,1521,1531,1532,-1,1521,1532,1527,-1,1533,1534,1521,-1,1521,1534,1535,-1,1521,1535,1530,-1,1536,1537,1521,-1,1521,1537,1538,-1,1521,1538,1533,-1,1539,1540,1521,-1,1521,1540,1541,-1,1521,1541,1536,-1,1523,1542,1521,-1,1521,1542,1543,-1,1521,1543,1539,-1,1544,905,1545,-1,1545,905,907,-1,1545,907,1546,-1,1546,907,909,-1,1546,909,1547,-1,1547,909,911,-1,1547,911,1548,-1,1548,911,913,-1,1548,913,1549,-1,1549,913,915,-1,1549,915,1550,-1,1550,915,917,-1,1550,917,1551,-1,1551,917,919,-1,1551,919,1552,-1,1552,919,921,-1,1552,921,1553,-1,1553,921,923,-1,1553,923,1554,-1,1554,923,925,-1,1554,925,1555,-1,1555,925,927,-1,1555,927,1556,-1,1556,927,929,-1,1556,929,1557,-1,1557,929,931,-1,1557,931,1558,-1,1558,931,933,-1,1558,933,1559,-1,1559,933,935,-1,1559,935,1560,-1,1560,935,937,-1,1560,937,1561,-1,1561,937,939,-1,1561,939,1562,-1,1562,939,941,-1,1562,941,1563,-1,1563,941,895,-1,1563,895,1564,-1,1564,895,897,-1,1564,897,1565,-1,1565,897,899,-1,1565,899,1566,-1,1566,899,901,-1,1566,901,1567,-1,1567,901,903,-1,1567,903,1544,-1,1544,903,905,-1,1568,1569,1570,-1,1570,1569,1571,-1,1570,1571,1572,-1,1572,1571,1573,-1,1572,1573,1574,-1,1574,1573,1575,-1,1574,1575,1576,-1,1576,1575,1577,-1,1576,1577,1578,-1,1578,1577,1579,-1,1578,1579,1580,-1,1580,1579,1581,-1,1580,1581,1582,-1,1582,1581,1583,-1,1582,1583,1584,-1,1584,1583,1585,-1,1584,1585,1586,-1,1586,1585,1587,-1,1586,1587,1588,-1,1588,1587,1589,-1,1588,1589,1590,-1,1590,1589,1591,-1,1590,1591,1592,-1,1592,1591,1593,-1,1592,1593,1594,-1,1594,1593,1595,-1,1594,1595,1596,-1,1596,1595,1597,-1,1596,1597,1598,-1,1598,1597,1599,-1,1598,1599,1600,-1,1600,1599,1601,-1,1600,1601,1602,-1,1602,1601,1603,-1,1602,1603,1604,-1,1604,1603,1605,-1,1604,1605,1606,-1,1606,1605,1607,-1,1606,1607,1608,-1,1608,1607,1609,-1,1608,1609,1610,-1,1610,1609,1611,-1,1610,1611,1612,-1,1612,1611,1613,-1,1612,1613,1614,-1,1614,1613,1615,-1,1614,1615,1568,-1,1568,1615,1569,-1,1569,1616,1571,-1,1571,1616,1617,-1,1571,1617,1573,-1,1573,1617,1618,-1,1573,1618,1575,-1,1575,1618,1619,-1,1575,1619,1577,-1,1577,1619,1620,-1,1577,1620,1579,-1,1579,1620,1621,-1,1579,1621,1581,-1,1581,1621,1622,-1,1581,1622,1583,-1,1583,1622,1623,-1,1583,1623,1585,-1,1585,1623,1624,-1,1585,1624,1587,-1,1587,1624,1625,-1,1587,1625,1589,-1,1589,1625,1626,-1,1589,1626,1591,-1,1591,1626,1627,-1,1591,1627,1593,-1,1593,1627,1628,-1,1593,1628,1595,-1,1595,1628,1629,-1,1595,1629,1597,-1,1597,1629,1630,-1,1597,1630,1599,-1,1599,1630,1631,-1,1599,1631,1601,-1,1601,1631,1632,-1,1601,1632,1603,-1,1603,1632,1633,-1,1603,1633,1605,-1,1605,1633,1634,-1,1605,1634,1607,-1,1607,1634,1635,-1,1607,1635,1609,-1,1609,1635,1636,-1,1609,1636,1611,-1,1611,1636,1637,-1,1611,1637,1613,-1,1613,1637,1638,-1,1613,1638,1615,-1,1615,1638,1639,-1,1615,1639,1569,-1,1569,1639,1616,-1,1616,1640,1617,-1,1617,1640,1641,-1,1617,1641,1618,-1,1618,1641,1642,-1,1618,1642,1619,-1,1619,1642,1643,-1,1619,1643,1620,-1,1620,1643,1644,-1,1620,1644,1621,-1,1621,1644,1645,-1,1621,1645,1622,-1,1622,1645,1646,-1,1622,1646,1623,-1,1623,1646,1647,-1,1623,1647,1624,-1,1624,1647,1648,-1,1624,1648,1625,-1,1625,1648,1649,-1,1625,1649,1626,-1,1626,1649,1650,-1,1626,1650,1627,-1,1627,1650,1651,-1,1627,1651,1628,-1,1628,1651,1652,-1,1628,1652,1629,-1,1629,1652,1653,-1,1629,1653,1630,-1,1630,1653,1654,-1,1630,1654,1631,-1,1631,1654,1655,-1,1631,1655,1632,-1,1632,1655,1656,-1,1632,1656,1633,-1,1633,1656,1657,-1,1633,1657,1634,-1,1634,1657,1658,-1,1634,1658,1635,-1,1635,1658,1659,-1,1635,1659,1636,-1,1636,1659,1660,-1,1636,1660,1637,-1,1637,1660,1661,-1,1637,1661,1638,-1,1638,1661,1662,-1,1638,1662,1639,-1,1639,1662,1663,-1,1639,1663,1616,-1,1616,1663,1640,-1,1640,1664,1641,-1,1641,1664,1665,-1,1641,1665,1642,-1,1642,1665,1666,-1,1642,1666,1643,-1,1643,1666,1667,-1,1643,1667,1644,-1,1644,1667,1668,-1,1644,1668,1645,-1,1645,1668,1669,-1,1645,1669,1646,-1,1646,1669,1670,-1,1646,1670,1647,-1,1647,1670,1671,-1,1647,1671,1648,-1,1648,1671,1672,-1,1648,1672,1649,-1,1649,1672,1673,-1,1649,1673,1650,-1,1650,1673,1674,-1,1650,1674,1651,-1,1651,1674,1675,-1,1651,1675,1652,-1,1652,1675,1676,-1,1652,1676,1653,-1,1653,1676,1677,-1,1653,1677,1654,-1,1654,1677,1678,-1,1654,1678,1655,-1,1655,1678,1679,-1,1655,1679,1656,-1,1656,1679,1680,-1,1656,1680,1657,-1,1657,1680,1681,-1,1657,1681,1658,-1,1658,1681,1682,-1,1658,1682,1659,-1,1659,1682,1683,-1,1659,1683,1660,-1,1660,1683,1684,-1,1660,1684,1661,-1,1661,1684,1685,-1,1661,1685,1662,-1,1662,1685,1686,-1,1662,1686,1663,-1,1663,1686,1687,-1,1663,1687,1640,-1,1640,1687,1664,-1,1664,1688,1665,-1,1665,1688,1689,-1,1665,1689,1666,-1,1666,1689,1690,-1,1666,1690,1667,-1,1667,1690,1691,-1,1667,1691,1668,-1,1668,1691,1692,-1,1668,1692,1669,-1,1669,1692,1693,-1,1669,1693,1670,-1,1670,1693,1694,-1,1670,1694,1671,-1,1671,1694,1695,-1,1671,1695,1672,-1,1672,1695,1696,-1,1672,1696,1673,-1,1673,1696,1697,-1,1673,1697,1674,-1,1674,1697,1698,-1,1674,1698,1675,-1,1675,1698,1699,-1,1675,1699,1676,-1,1676,1699,1700,-1,1676,1700,1677,-1,1677,1700,1701,-1,1677,1701,1678,-1,1678,1701,1702,-1,1678,1702,1679,-1,1679,1702,1703,-1,1679,1703,1680,-1,1680,1703,1704,-1,1680,1704,1681,-1,1681,1704,1705,-1,1681,1705,1682,-1,1682,1705,1706,-1,1682,1706,1683,-1,1683,1706,1707,-1,1683,1707,1684,-1,1684,1707,1708,-1,1684,1708,1685,-1,1685,1708,1709,-1,1685,1709,1686,-1,1686,1709,1710,-1,1686,1710,1687,-1,1687,1710,1711,-1,1687,1711,1664,-1,1664,1711,1688,-1,1688,1712,1689,-1,1689,1712,1713,-1,1689,1713,1690,-1,1690,1713,1714,-1,1690,1714,1691,-1,1691,1714,1715,-1,1691,1715,1692,-1,1692,1715,1716,-1,1692,1716,1693,-1,1693,1716,1717,-1,1693,1717,1694,-1,1694,1717,1718,-1,1694,1718,1695,-1,1695,1718,1719,-1,1695,1719,1696,-1,1696,1719,1720,-1,1696,1720,1697,-1,1697,1720,1721,-1,1697,1721,1698,-1,1698,1721,1722,-1,1698,1722,1699,-1,1699,1722,1723,-1,1699,1723,1700,-1,1700,1723,1724,-1,1700,1724,1701,-1,1701,1724,1725,-1,1701,1725,1702,-1,1702,1725,1726,-1,1702,1726,1703,-1,1703,1726,1727,-1,1703,1727,1704,-1,1704,1727,1728,-1,1704,1728,1705,-1,1705,1728,1729,-1,1705,1729,1706,-1,1706,1729,1730,-1,1706,1730,1707,-1,1707,1730,1731,-1,1707,1731,1708,-1,1708,1731,1732,-1,1708,1732,1709,-1,1709,1732,1733,-1,1709,1733,1710,-1,1710,1733,1734,-1,1710,1734,1711,-1,1711,1734,1735,-1,1711,1735,1688,-1,1688,1735,1712,-1,1712,1544,1713,-1,1713,1544,1545,-1,1713,1545,1714,-1,1714,1545,1546,-1,1714,1546,1715,-1,1715,1546,1547,-1,1715,1547,1716,-1,1716,1547,1548,-1,1716,1548,1717,-1,1717,1548,1549,-1,1717,1549,1718,-1,1718,1549,1550,-1,1718,1550,1719,-1,1719,1550,1551,-1,1719,1551,1720,-1,1720,1551,1552,-1,1720,1552,1721,-1,1721,1552,1553,-1,1721,1553,1722,-1,1722,1553,1554,-1,1722,1554,1723,-1,1723,1554,1555,-1,1723,1555,1724,-1,1724,1555,1556,-1,1724,1556,1725,-1,1725,1556,1557,-1,1725,1557,1726,-1,1726,1557,1558,-1,1726,1558,1727,-1,1727,1558,1559,-1,1727,1559,1728,-1,1728,1559,1560,-1,1728,1560,1729,-1,1729,1560,1561,-1,1729,1561,1730,-1,1730,1561,1562,-1,1730,1562,1731,-1,1731,1562,1563,-1,1731,1563,1732,-1,1732,1563,1564,-1,1732,1564,1733,-1,1733,1564,1565,-1,1733,1565,1734,-1,1734,1565,1566,-1,1734,1566,1735,-1,1735,1566,1567,-1,1735,1567,1712,-1,1712,1567,1544,-1,1736,1570,1737,-1,1737,1570,1572,-1,1737,1572,1738,-1,1738,1572,1574,-1,1738,1574,1739,-1,1739,1574,1576,-1,1739,1576,1740,-1,1740,1576,1578,-1,1740,1578,1741,-1,1741,1578,1580,-1,1741,1580,1742,-1,1742,1580,1582,-1,1742,1582,1743,-1,1743,1582,1584,-1,1743,1584,1744,-1,1744,1584,1586,-1,1744,1586,1745,-1,1745,1586,1588,-1,1745,1588,1746,-1,1746,1588,1590,-1,1746,1590,1747,-1,1747,1590,1592,-1,1747,1592,1748,-1,1748,1592,1594,-1,1748,1594,1749,-1,1749,1594,1596,-1,1749,1596,1750,-1,1750,1596,1598,-1,1750,1598,1751,-1,1751,1598,1600,-1,1751,1600,1752,-1,1752,1600,1602,-1,1752,1602,1753,-1,1753,1602,1604,-1,1753,1604,1754,-1,1754,1604,1606,-1,1754,1606,1755,-1,1755,1606,1608,-1,1755,1608,1756,-1,1756,1608,1610,-1,1756,1610,1757,-1,1757,1610,1612,-1,1757,1612,1758,-1,1758,1612,1614,-1,1758,1614,1759,-1,1759,1614,1568,-1,1759,1568,1736,-1,1736,1568,1570,-1,1760,1761,1762,-1,1762,1761,1763,-1,1762,1763,1764,-1,1765,1766,1762,-1,1762,1766,1767,-1,1762,1767,1760,-1,1768,1769,1762,-1,1762,1769,1770,-1,1762,1770,1765,-1,1771,1772,1762,-1,1762,1772,1773,-1,1762,1773,1768,-1,1774,1775,1762,-1,1762,1775,1776,-1,1762,1776,1771,-1,1777,1778,1762,-1,1762,1778,1779,-1,1762,1779,1774,-1,1780,1781,1762,-1,1762,1781,1782,-1,1762,1782,1777,-1,1764,1783,1762,-1,1762,1783,1784,-1,1762,1784,1780,-1,1785,999,1786,-1,1786,999,1001,-1,1786,1001,1787,-1,1787,1001,1003,-1,1787,1003,1788,-1,1788,1003,1005,-1,1788,1005,1789,-1,1789,1005,1007,-1,1789,1007,1790,-1,1790,1007,1009,-1,1790,1009,1791,-1,1791,1009,1011,-1,1791,1011,1792,-1,1792,1011,1013,-1,1792,1013,1793,-1,1793,1013,1015,-1,1793,1015,1794,-1,1794,1015,1017,-1,1794,1017,1795,-1,1795,1017,1019,-1,1795,1019,1796,-1,1796,1019,1021,-1,1796,1021,1797,-1,1797,1021,1023,-1,1797,1023,1798,-1,1798,1023,1025,-1,1798,1025,1799,-1,1799,1025,1027,-1,1799,1027,1800,-1,1800,1027,1029,-1,1800,1029,1801,-1,1801,1029,1031,-1,1801,1031,1802,-1,1802,1031,1033,-1,1802,1033,1803,-1,1803,1033,1035,-1,1803,1035,1804,-1,1804,1035,1037,-1,1804,1037,1805,-1,1805,1037,991,-1,1805,991,1806,-1,1806,991,993,-1,1806,993,1807,-1,1807,993,995,-1,1807,995,1808,-1,1808,995,997,-1,1808,997,1785,-1,1785,997,999,-1,1809,1810,1811,-1,1811,1810,1812,-1,1811,1812,1813,-1,1813,1812,1814,-1,1813,1814,1815,-1,1815,1814,1816,-1,1815,1816,1817,-1,1817,1816,1818,-1,1817,1818,1819,-1,1819,1818,1820,-1,1819,1820,1821,-1,1821,1820,1822,-1,1821,1822,1823,-1,1823,1822,1824,-1,1823,1824,1825,-1,1825,1824,1826,-1,1825,1826,1827,-1,1827,1826,1828,-1,1827,1828,1829,-1,1829,1828,1830,-1,1829,1830,1831,-1,1831,1830,1832,-1,1831,1832,1833,-1,1833,1832,1834,-1,1833,1834,1835,-1,1835,1834,1836,-1,1835,1836,1837,-1,1837,1836,1838,-1,1837,1838,1839,-1,1839,1838,1840,-1,1839,1840,1841,-1,1841,1840,1842,-1,1841,1842,1843,-1,1843,1842,1844,-1,1843,1844,1845,-1,1845,1844,1846,-1,1845,1846,1847,-1,1847,1846,1848,-1,1847,1848,1849,-1,1849,1848,1850,-1,1849,1850,1851,-1,1851,1850,1852,-1,1851,1852,1853,-1,1853,1852,1854,-1,1853,1854,1855,-1,1855,1854,1856,-1,1855,1856,1809,-1,1809,1856,1810,-1,1810,1857,1812,-1,1812,1857,1858,-1,1812,1858,1814,-1,1814,1858,1859,-1,1814,1859,1816,-1,1816,1859,1860,-1,1816,1860,1818,-1,1818,1860,1861,-1,1818,1861,1820,-1,1820,1861,1862,-1,1820,1862,1822,-1,1822,1862,1863,-1,1822,1863,1824,-1,1824,1863,1864,-1,1824,1864,1826,-1,1826,1864,1865,-1,1826,1865,1828,-1,1828,1865,1866,-1,1828,1866,1830,-1,1830,1866,1867,-1,1830,1867,1832,-1,1832,1867,1868,-1,1832,1868,1834,-1,1834,1868,1869,-1,1834,1869,1836,-1,1836,1869,1870,-1,1836,1870,1838,-1,1838,1870,1871,-1,1838,1871,1840,-1,1840,1871,1872,-1,1840,1872,1842,-1,1842,1872,1873,-1,1842,1873,1844,-1,1844,1873,1874,-1,1844,1874,1846,-1,1846,1874,1875,-1,1846,1875,1848,-1,1848,1875,1876,-1,1848,1876,1850,-1,1850,1876,1877,-1,1850,1877,1852,-1,1852,1877,1878,-1,1852,1878,1854,-1,1854,1878,1879,-1,1854,1879,1856,-1,1856,1879,1880,-1,1856,1880,1810,-1,1810,1880,1857,-1,1857,1881,1858,-1,1858,1881,1882,-1,1858,1882,1859,-1,1859,1882,1883,-1,1859,1883,1860,-1,1860,1883,1884,-1,1860,1884,1861,-1,1861,1884,1885,-1,1861,1885,1862,-1,1862,1885,1886,-1,1862,1886,1863,-1,1863,1886,1887,-1,1863,1887,1864,-1,1864,1887,1888,-1,1864,1888,1865,-1,1865,1888,1889,-1,1865,1889,1866,-1,1866,1889,1890,-1,1866,1890,1867,-1,1867,1890,1891,-1,1867,1891,1868,-1,1868,1891,1892,-1,1868,1892,1869,-1,1869,1892,1893,-1,1869,1893,1870,-1,1870,1893,1894,-1,1870,1894,1871,-1,1871,1894,1895,-1,1871,1895,1872,-1,1872,1895,1896,-1,1872,1896,1873,-1,1873,1896,1897,-1,1873,1897,1874,-1,1874,1897,1898,-1,1874,1898,1875,-1,1875,1898,1899,-1,1875,1899,1876,-1,1876,1899,1900,-1,1876,1900,1877,-1,1877,1900,1901,-1,1877,1901,1878,-1,1878,1901,1902,-1,1878,1902,1879,-1,1879,1902,1903,-1,1879,1903,1880,-1,1880,1903,1904,-1,1880,1904,1857,-1,1857,1904,1881,-1,1881,1905,1882,-1,1882,1905,1906,-1,1882,1906,1883,-1,1883,1906,1907,-1,1883,1907,1884,-1,1884,1907,1908,-1,1884,1908,1885,-1,1885,1908,1909,-1,1885,1909,1886,-1,1886,1909,1910,-1,1886,1910,1887,-1,1887,1910,1911,-1,1887,1911,1888,-1,1888,1911,1912,-1,1888,1912,1889,-1,1889,1912,1913,-1,1889,1913,1890,-1,1890,1913,1914,-1,1890,1914,1891,-1,1891,1914,1915,-1,1891,1915,1892,-1,1892,1915,1916,-1,1892,1916,1893,-1,1893,1916,1917,-1,1893,1917,1894,-1,1894,1917,1918,-1,1894,1918,1895,-1,1895,1918,1919,-1,1895,1919,1896,-1,1896,1919,1920,-1,1896,1920,1897,-1,1897,1920,1921,-1,1897,1921,1898,-1,1898,1921,1922,-1,1898,1922,1899,-1,1899,1922,1923,-1,1899,1923,1900,-1,1900,1923,1924,-1,1900,1924,1901,-1,1901,1924,1925,-1,1901,1925,1902,-1,1902,1925,1926,-1,1902,1926,1903,-1,1903,1926,1927,-1,1903,1927,1904,-1,1904,1927,1928,-1,1904,1928,1881,-1,1881,1928,1905,-1,1905,1929,1906,-1,1906,1929,1930,-1,1906,1930,1907,-1,1907,1930,1931,-1,1907,1931,1908,-1,1908,1931,1932,-1,1908,1932,1909,-1,1909,1932,1933,-1,1909,1933,1910,-1,1910,1933,1934,-1,1910,1934,1911,-1,1911,1934,1935,-1,1911,1935,1912,-1,1912,1935,1936,-1,1912,1936,1913,-1,1913,1936,1937,-1,1913,1937,1914,-1,1914,1937,1938,-1,1914,1938,1915,-1,1915,1938,1939,-1,1915,1939,1916,-1,1916,1939,1940,-1,1916,1940,1917,-1,1917,1940,1941,-1,1917,1941,1918,-1,1918,1941,1942,-1,1918,1942,1919,-1,1919,1942,1943,-1,1919,1943,1920,-1,1920,1943,1944,-1,1920,1944,1921,-1,1921,1944,1945,-1,1921,1945,1922,-1,1922,1945,1946,-1,1922,1946,1923,-1,1923,1946,1947,-1,1923,1947,1924,-1,1924,1947,1948,-1,1924,1948,1925,-1,1925,1948,1949,-1,1925,1949,1926,-1,1926,1949,1950,-1,1926,1950,1927,-1,1927,1950,1951,-1,1927,1951,1928,-1,1928,1951,1952,-1,1928,1952,1905,-1,1905,1952,1929,-1,1929,1953,1930,-1,1930,1953,1954,-1,1930,1954,1931,-1,1931,1954,1955,-1,1931,1955,1932,-1,1932,1955,1956,-1,1932,1956,1933,-1,1933,1956,1957,-1,1933,1957,1934,-1,1934,1957,1958,-1,1934,1958,1935,-1,1935,1958,1959,-1,1935,1959,1936,-1,1936,1959,1960,-1,1936,1960,1937,-1,1937,1960,1961,-1,1937,1961,1938,-1,1938,1961,1962,-1,1938,1962,1939,-1,1939,1962,1963,-1,1939,1963,1940,-1,1940,1963,1964,-1,1940,1964,1941,-1,1941,1964,1965,-1,1941,1965,1942,-1,1942,1965,1966,-1,1942,1966,1943,-1,1943,1966,1967,-1,1943,1967,1944,-1,1944,1967,1968,-1,1944,1968,1945,-1,1945,1968,1969,-1,1945,1969,1946,-1,1946,1969,1970,-1,1946,1970,1947,-1,1947,1970,1971,-1,1947,1971,1948,-1,1948,1971,1972,-1,1948,1972,1949,-1,1949,1972,1973,-1,1949,1973,1950,-1,1950,1973,1974,-1,1950,1974,1951,-1,1951,1974,1975,-1,1951,1975,1952,-1,1952,1975,1976,-1,1952,1976,1929,-1,1929,1976,1953,-1,1953,1785,1954,-1,1954,1785,1786,-1,1954,1786,1955,-1,1955,1786,1787,-1,1955,1787,1956,-1,1956,1787,1788,-1,1956,1788,1957,-1,1957,1788,1789,-1,1957,1789,1958,-1,1958,1789,1790,-1,1958,1790,1959,-1,1959,1790,1791,-1,1959,1791,1960,-1,1960,1791,1792,-1,1960,1792,1961,-1,1961,1792,1793,-1,1961,1793,1962,-1,1962,1793,1794,-1,1962,1794,1963,-1,1963,1794,1795,-1,1963,1795,1964,-1,1964,1795,1796,-1,1964,1796,1965,-1,1965,1796,1797,-1,1965,1797,1966,-1,1966,1797,1798,-1,1966,1798,1967,-1,1967,1798,1799,-1,1967,1799,1968,-1,1968,1799,1800,-1,1968,1800,1969,-1,1969,1800,1801,-1,1969,1801,1970,-1,1970,1801,1802,-1,1970,1802,1971,-1,1971,1802,1803,-1,1971,1803,1972,-1,1972,1803,1804,-1,1972,1804,1973,-1,1973,1804,1805,-1,1973,1805,1974,-1,1974,1805,1806,-1,1974,1806,1975,-1,1975,1806,1807,-1,1975,1807,1976,-1,1976,1807,1808,-1,1976,1808,1953,-1,1953,1808,1785,-1,1977,1811,1978,-1,1978,1811,1813,-1,1978,1813,1979,-1,1979,1813,1815,-1,1979,1815,1980,-1,1980,1815,1817,-1,1980,1817,1981,-1,1981,1817,1819,-1,1981,1819,1982,-1,1982,1819,1821,-1,1982,1821,1983,-1,1983,1821,1823,-1,1983,1823,1984,-1,1984,1823,1825,-1,1984,1825,1985,-1,1985,1825,1827,-1,1985,1827,1986,-1,1986,1827,1829,-1,1986,1829,1987,-1,1987,1829,1831,-1,1987,1831,1988,-1,1988,1831,1833,-1,1988,1833,1989,-1,1989,1833,1835,-1,1989,1835,1990,-1,1990,1835,1837,-1,1990,1837,1991,-1,1991,1837,1839,-1,1991,1839,1992,-1,1992,1839,1841,-1,1992,1841,1993,-1,1993,1841,1843,-1,1993,1843,1994,-1,1994,1843,1845,-1,1994,1845,1995,-1,1995,1845,1847,-1,1995,1847,1996,-1,1996,1847,1849,-1,1996,1849,1997,-1,1997,1849,1851,-1,1997,1851,1998,-1,1998,1851,1853,-1,1998,1853,1999,-1,1999,1853,1855,-1,1999,1855,2000,-1,2000,1855,1809,-1,2000,1809,1977,-1,1977,1809,1811,-1,2001,2002,2003,-1,2003,2002,2004,-1,2003,2004,2005,-1,2006,2007,2003,-1,2003,2007,2008,-1,2003,2008,2001,-1,2009,2010,2003,-1,2003,2010,2011,-1,2003,2011,2006,-1,2012,2013,2003,-1,2003,2013,2014,-1,2003,2014,2009,-1,2015,2016,2003,-1,2003,2016,2017,-1,2003,2017,2012,-1,2018,2019,2003,-1,2003,2019,2020,-1,2003,2020,2015,-1,2021,2022,2003,-1,2003,2022,2023,-1,2003,2023,2018,-1,2005,2024,2003,-1,2003,2024,2025,-1,2003,2025,2021,-1,2026,1095,2027,-1,2027,1095,1097,-1,2027,1097,2028,-1,2028,1097,1099,-1,2028,1099,2029,-1,2029,1099,1101,-1,2029,1101,2030,-1,2030,1101,1103,-1,2030,1103,2031,-1,2031,1103,1105,-1,2031,1105,2032,-1,2032,1105,1107,-1,2032,1107,2033,-1,2033,1107,1109,-1,2033,1109,2034,-1,2034,1109,1111,-1,2034,1111,2035,-1,2035,1111,1113,-1,2035,1113,2036,-1,2036,1113,1115,-1,2036,1115,2037,-1,2037,1115,1117,-1,2037,1117,2038,-1,2038,1117,1119,-1,2038,1119,2039,-1,2039,1119,1121,-1,2039,1121,2040,-1,2040,1121,1123,-1,2040,1123,2041,-1,2041,1123,1125,-1,2041,1125,2042,-1,2042,1125,1127,-1,2042,1127,2043,-1,2043,1127,1129,-1,2043,1129,2044,-1,2044,1129,1131,-1,2044,1131,2045,-1,2045,1131,1133,-1,2045,1133,2046,-1,2046,1133,1087,-1,2046,1087,2047,-1,2047,1087,1089,-1,2047,1089,2048,-1,2048,1089,1091,-1,2048,1091,2049,-1,2049,1091,1093,-1,2049,1093,2026,-1,2026,1093,1095,-1,2050,2051,2052,-1,2052,2051,2053,-1,2052,2053,2054,-1,2054,2053,2055,-1,2054,2055,2056,-1,2056,2055,2057,-1,2056,2057,2058,-1,2058,2057,2059,-1,2058,2059,2060,-1,2060,2059,2061,-1,2060,2061,2062,-1,2062,2061,2063,-1,2062,2063,2064,-1,2064,2063,2065,-1,2064,2065,2066,-1,2066,2065,2067,-1,2066,2067,2068,-1,2068,2067,2069,-1,2068,2069,2070,-1,2070,2069,2071,-1,2070,2071,2072,-1,2072,2071,2073,-1,2072,2073,2074,-1,2074,2073,2075,-1,2074,2075,2076,-1,2076,2075,2077,-1,2076,2077,2078,-1,2078,2077,2079,-1,2078,2079,2080,-1,2080,2079,2081,-1,2080,2081,2082,-1,2082,2081,2083,-1,2082,2083,2084,-1,2084,2083,2085,-1,2084,2085,2086,-1,2086,2085,2087,-1,2086,2087,2088,-1,2088,2087,2089,-1,2088,2089,2090,-1,2090,2089,2091,-1,2090,2091,2092,-1,2092,2091,2093,-1,2092,2093,2094,-1,2094,2093,2095,-1,2094,2095,2096,-1,2096,2095,2097,-1,2096,2097,2050,-1,2050,2097,2051,-1,2051,2098,2053,-1,2053,2098,2099,-1,2053,2099,2055,-1,2055,2099,2100,-1,2055,2100,2057,-1,2057,2100,2101,-1,2057,2101,2059,-1,2059,2101,2102,-1,2059,2102,2061,-1,2061,2102,2103,-1,2061,2103,2063,-1,2063,2103,2104,-1,2063,2104,2065,-1,2065,2104,2105,-1,2065,2105,2067,-1,2067,2105,2106,-1,2067,2106,2069,-1,2069,2106,2107,-1,2069,2107,2071,-1,2071,2107,2108,-1,2071,2108,2073,-1,2073,2108,2109,-1,2073,2109,2075,-1,2075,2109,2110,-1,2075,2110,2077,-1,2077,2110,2111,-1,2077,2111,2079,-1,2079,2111,2112,-1,2079,2112,2081,-1,2081,2112,2113,-1,2081,2113,2083,-1,2083,2113,2114,-1,2083,2114,2085,-1,2085,2114,2115,-1,2085,2115,2087,-1,2087,2115,2116,-1,2087,2116,2089,-1,2089,2116,2117,-1,2089,2117,2091,-1,2091,2117,2118,-1,2091,2118,2093,-1,2093,2118,2119,-1,2093,2119,2095,-1,2095,2119,2120,-1,2095,2120,2097,-1,2097,2120,2121,-1,2097,2121,2051,-1,2051,2121,2098,-1,2098,2122,2099,-1,2099,2122,2123,-1,2099,2123,2100,-1,2100,2123,2124,-1,2100,2124,2101,-1,2101,2124,2125,-1,2101,2125,2102,-1,2102,2125,2126,-1,2102,2126,2103,-1,2103,2126,2127,-1,2103,2127,2104,-1,2104,2127,2128,-1,2104,2128,2105,-1,2105,2128,2129,-1,2105,2129,2106,-1,2106,2129,2130,-1,2106,2130,2107,-1,2107,2130,2131,-1,2107,2131,2108,-1,2108,2131,2132,-1,2108,2132,2109,-1,2109,2132,2133,-1,2109,2133,2110,-1,2110,2133,2134,-1,2110,2134,2111,-1,2111,2134,2135,-1,2111,2135,2112,-1,2112,2135,2136,-1,2112,2136,2113,-1,2113,2136,2137,-1,2113,2137,2114,-1,2114,2137,2138,-1,2114,2138,2115,-1,2115,2138,2139,-1,2115,2139,2116,-1,2116,2139,2140,-1,2116,2140,2117,-1,2117,2140,2141,-1,2117,2141,2118,-1,2118,2141,2142,-1,2118,2142,2119,-1,2119,2142,2143,-1,2119,2143,2120,-1,2120,2143,2144,-1,2120,2144,2121,-1,2121,2144,2145,-1,2121,2145,2098,-1,2098,2145,2122,-1,2122,2146,2123,-1,2123,2146,2147,-1,2123,2147,2124,-1,2124,2147,2148,-1,2124,2148,2125,-1,2125,2148,2149,-1,2125,2149,2126,-1,2126,2149,2150,-1,2126,2150,2127,-1,2127,2150,2151,-1,2127,2151,2128,-1,2128,2151,2152,-1,2128,2152,2129,-1,2129,2152,2153,-1,2129,2153,2130,-1,2130,2153,2154,-1,2130,2154,2131,-1,2131,2154,2155,-1,2131,2155,2132,-1,2132,2155,2156,-1,2132,2156,2133,-1,2133,2156,2157,-1,2133,2157,2134,-1,2134,2157,2158,-1,2134,2158,2135,-1,2135,2158,2159,-1,2135,2159,2136,-1,2136,2159,2160,-1,2136,2160,2137,-1,2137,2160,2161,-1,2137,2161,2138,-1,2138,2161,2162,-1,2138,2162,2139,-1,2139,2162,2163,-1,2139,2163,2140,-1,2140,2163,2164,-1,2140,2164,2141,-1,2141,2164,2165,-1,2141,2165,2142,-1,2142,2165,2166,-1,2142,2166,2143,-1,2143,2166,2167,-1,2143,2167,2144,-1,2144,2167,2168,-1,2144,2168,2145,-1,2145,2168,2169,-1,2145,2169,2122,-1,2122,2169,2146,-1,2146,2170,2147,-1,2147,2170,2171,-1,2147,2171,2148,-1,2148,2171,2172,-1,2148,2172,2149,-1,2149,2172,2173,-1,2149,2173,2150,-1,2150,2173,2174,-1,2150,2174,2151,-1,2151,2174,2175,-1,2151,2175,2152,-1,2152,2175,2176,-1,2152,2176,2153,-1,2153,2176,2177,-1,2153,2177,2154,-1,2154,2177,2178,-1,2154,2178,2155,-1,2155,2178,2179,-1,2155,2179,2156,-1,2156,2179,2180,-1,2156,2180,2157,-1,2157,2180,2181,-1,2157,2181,2158,-1,2158,2181,2182,-1,2158,2182,2159,-1,2159,2182,2183,-1,2159,2183,2160,-1,2160,2183,2184,-1,2160,2184,2161,-1,2161,2184,2185,-1,2161,2185,2162,-1,2162,2185,2186,-1,2162,2186,2163,-1,2163,2186,2187,-1,2163,2187,2164,-1,2164,2187,2188,-1,2164,2188,2165,-1,2165,2188,2189,-1,2165,2189,2166,-1,2166,2189,2190,-1,2166,2190,2167,-1,2167,2190,2191,-1,2167,2191,2168,-1,2168,2191,2192,-1,2168,2192,2169,-1,2169,2192,2193,-1,2169,2193,2146,-1,2146,2193,2170,-1,2170,2194,2171,-1,2171,2194,2195,-1,2171,2195,2172,-1,2172,2195,2196,-1,2172,2196,2173,-1,2173,2196,2197,-1,2173,2197,2174,-1,2174,2197,2198,-1,2174,2198,2175,-1,2175,2198,2199,-1,2175,2199,2176,-1,2176,2199,2200,-1,2176,2200,2177,-1,2177,2200,2201,-1,2177,2201,2178,-1,2178,2201,2202,-1,2178,2202,2179,-1,2179,2202,2203,-1,2179,2203,2180,-1,2180,2203,2204,-1,2180,2204,2181,-1,2181,2204,2205,-1,2181,2205,2182,-1,2182,2205,2206,-1,2182,2206,2183,-1,2183,2206,2207,-1,2183,2207,2184,-1,2184,2207,2208,-1,2184,2208,2185,-1,2185,2208,2209,-1,2185,2209,2186,-1,2186,2209,2210,-1,2186,2210,2187,-1,2187,2210,2211,-1,2187,2211,2188,-1,2188,2211,2212,-1,2188,2212,2189,-1,2189,2212,2213,-1,2189,2213,2190,-1,2190,2213,2214,-1,2190,2214,2191,-1,2191,2214,2215,-1,2191,2215,2192,-1,2192,2215,2216,-1,2192,2216,2193,-1,2193,2216,2217,-1,2193,2217,2170,-1,2170,2217,2194,-1,2194,2026,2195,-1,2195,2026,2027,-1,2195,2027,2196,-1,2196,2027,2028,-1,2196,2028,2197,-1,2197,2028,2029,-1,2197,2029,2198,-1,2198,2029,2030,-1,2198,2030,2199,-1,2199,2030,2031,-1,2199,2031,2200,-1,2200,2031,2032,-1,2200,2032,2201,-1,2201,2032,2033,-1,2201,2033,2202,-1,2202,2033,2034,-1,2202,2034,2203,-1,2203,2034,2035,-1,2203,2035,2204,-1,2204,2035,2036,-1,2204,2036,2205,-1,2205,2036,2037,-1,2205,2037,2206,-1,2206,2037,2038,-1,2206,2038,2207,-1,2207,2038,2039,-1,2207,2039,2208,-1,2208,2039,2040,-1,2208,2040,2209,-1,2209,2040,2041,-1,2209,2041,2210,-1,2210,2041,2042,-1,2210,2042,2211,-1,2211,2042,2043,-1,2211,2043,2212,-1,2212,2043,2044,-1,2212,2044,2213,-1,2213,2044,2045,-1,2213,2045,2214,-1,2214,2045,2046,-1,2214,2046,2215,-1,2215,2046,2047,-1,2215,2047,2216,-1,2216,2047,2048,-1,2216,2048,2217,-1,2217,2048,2049,-1,2217,2049,2194,-1,2194,2049,2026,-1,2218,2052,2219,-1,2219,2052,2054,-1,2219,2054,2220,-1,2220,2054,2056,-1,2220,2056,2221,-1,2221,2056,2058,-1,2221,2058,2222,-1,2222,2058,2060,-1,2222,2060,2223,-1,2223,2060,2062,-1,2223,2062,2224,-1,2224,2062,2064,-1,2224,2064,2225,-1,2225,2064,2066,-1,2225,2066,2226,-1,2226,2066,2068,-1,2226,2068,2227,-1,2227,2068,2070,-1,2227,2070,2228,-1,2228,2070,2072,-1,2228,2072,2229,-1,2229,2072,2074,-1,2229,2074,2230,-1,2230,2074,2076,-1,2230,2076,2231,-1,2231,2076,2078,-1,2231,2078,2232,-1,2232,2078,2080,-1,2232,2080,2233,-1,2233,2080,2082,-1,2233,2082,2234,-1,2234,2082,2084,-1,2234,2084,2235,-1,2235,2084,2086,-1,2235,2086,2236,-1,2236,2086,2088,-1,2236,2088,2237,-1,2237,2088,2090,-1,2237,2090,2238,-1,2238,2090,2092,-1,2238,2092,2239,-1,2239,2092,2094,-1,2239,2094,2240,-1,2240,2094,2096,-1,2240,2096,2241,-1,2241,2096,2050,-1,2241,2050,2218,-1,2218,2050,2052,-1,2242,2243,2244,-1,2244,2243,2245,-1,2244,2245,2246,-1,2247,2248,2244,-1,2244,2248,2249,-1,2244,2249,2242,-1,2250,2251,2244,-1,2244,2251,2252,-1,2244,2252,2247,-1,2253,2254,2244,-1,2244,2254,2255,-1,2244,2255,2250,-1,2256,2257,2244,-1,2244,2257,2258,-1,2244,2258,2253,-1,2259,2260,2244,-1,2244,2260,2261,-1,2244,2261,2256,-1,2262,2263,2244,-1,2244,2263,2264,-1,2244,2264,2259,-1,2246,2265,2244,-1,2244,2265,2266,-1,2244,2266,2262,-1,2267,1189,2268,-1,2268,1189,1191,-1,2268,1191,2269,-1,2269,1191,1193,-1,2269,1193,2270,-1,2270,1193,1195,-1,2270,1195,2271,-1,2271,1195,1197,-1,2271,1197,2272,-1,2272,1197,1199,-1,2272,1199,2273,-1,2273,1199,1201,-1,2273,1201,2274,-1,2274,1201,1203,-1,2274,1203,2275,-1,2275,1203,1205,-1,2275,1205,2276,-1,2276,1205,1207,-1,2276,1207,2277,-1,2277,1207,1209,-1,2277,1209,2278,-1,2278,1209,1211,-1,2278,1211,2279,-1,2279,1211,1213,-1,2279,1213,2280,-1,2280,1213,1215,-1,2280,1215,2281,-1,2281,1215,1217,-1,2281,1217,2282,-1,2282,1217,1219,-1,2282,1219,2283,-1,2283,1219,1221,-1,2283,1221,2284,-1,2284,1221,1223,-1,2284,1223,2285,-1,2285,1223,1225,-1,2285,1225,2286,-1,2286,1225,1227,-1,2286,1227,2287,-1,2287,1227,1229,-1,2287,1229,2288,-1,2288,1229,1183,-1,2288,1183,2289,-1,2289,1183,1185,-1,2289,1185,2290,-1,2290,1185,1187,-1,2290,1187,2267,-1,2267,1187,1189,-1,2291,2292,2293,-1,2293,2292,2294,-1,2293,2294,2295,-1,2295,2294,2296,-1,2295,2296,2297,-1,2297,2296,2298,-1,2297,2298,2299,-1,2299,2298,2300,-1,2299,2300,2301,-1,2301,2300,2302,-1,2301,2302,2303,-1,2303,2302,2304,-1,2303,2304,2305,-1,2305,2304,2306,-1,2305,2306,2307,-1,2307,2306,2308,-1,2307,2308,2309,-1,2309,2308,2310,-1,2309,2310,2311,-1,2311,2310,2312,-1,2311,2312,2313,-1,2313,2312,2314,-1,2313,2314,2315,-1,2315,2314,2316,-1,2315,2316,2317,-1,2317,2316,2318,-1,2317,2318,2319,-1,2319,2318,2320,-1,2319,2320,2321,-1,2321,2320,2322,-1,2321,2322,2323,-1,2323,2322,2324,-1,2323,2324,2325,-1,2325,2324,2326,-1,2325,2326,2327,-1,2327,2326,2328,-1,2327,2328,2329,-1,2329,2328,2330,-1,2329,2330,2331,-1,2331,2330,2332,-1,2331,2332,2333,-1,2333,2332,2334,-1,2333,2334,2335,-1,2335,2334,2336,-1,2335,2336,2337,-1,2337,2336,2338,-1,2337,2338,2291,-1,2291,2338,2292,-1,2292,2339,2294,-1,2294,2339,2340,-1,2294,2340,2296,-1,2296,2340,2341,-1,2296,2341,2298,-1,2298,2341,2342,-1,2298,2342,2300,-1,2300,2342,2343,-1,2300,2343,2302,-1,2302,2343,2344,-1,2302,2344,2304,-1,2304,2344,2345,-1,2304,2345,2306,-1,2306,2345,2346,-1,2306,2346,2308,-1,2308,2346,2347,-1,2308,2347,2310,-1,2310,2347,2348,-1,2310,2348,2312,-1,2312,2348,2349,-1,2312,2349,2314,-1,2314,2349,2350,-1,2314,2350,2316,-1,2316,2350,2351,-1,2316,2351,2318,-1,2318,2351,2352,-1,2318,2352,2320,-1,2320,2352,2353,-1,2320,2353,2322,-1,2322,2353,2354,-1,2322,2354,2324,-1,2324,2354,2355,-1,2324,2355,2326,-1,2326,2355,2356,-1,2326,2356,2328,-1,2328,2356,2357,-1,2328,2357,2330,-1,2330,2357,2358,-1,2330,2358,2332,-1,2332,2358,2359,-1,2332,2359,2334,-1,2334,2359,2360,-1,2334,2360,2336,-1,2336,2360,2361,-1,2336,2361,2338,-1,2338,2361,2362,-1,2338,2362,2292,-1,2292,2362,2339,-1,2339,2363,2340,-1,2340,2363,2364,-1,2340,2364,2341,-1,2341,2364,2365,-1,2341,2365,2342,-1,2342,2365,2366,-1,2342,2366,2343,-1,2343,2366,2367,-1,2343,2367,2344,-1,2344,2367,2368,-1,2344,2368,2345,-1,2345,2368,2369,-1,2345,2369,2346,-1,2346,2369,2370,-1,2346,2370,2347,-1,2347,2370,2371,-1,2347,2371,2348,-1,2348,2371,2372,-1,2348,2372,2349,-1,2349,2372,2373,-1,2349,2373,2350,-1,2350,2373,2374,-1,2350,2374,2351,-1,2351,2374,2375,-1,2351,2375,2352,-1,2352,2375,2376,-1,2352,2376,2353,-1,2353,2376,2377,-1,2353,2377,2354,-1,2354,2377,2378,-1,2354,2378,2355,-1,2355,2378,2379,-1,2355,2379,2356,-1,2356,2379,2380,-1,2356,2380,2357,-1,2357,2380,2381,-1,2357,2381,2358,-1,2358,2381,2382,-1,2358,2382,2359,-1,2359,2382,2383,-1,2359,2383,2360,-1,2360,2383,2384,-1,2360,2384,2361,-1,2361,2384,2385,-1,2361,2385,2362,-1,2362,2385,2386,-1,2362,2386,2339,-1,2339,2386,2363,-1,2363,2387,2364,-1,2364,2387,2388,-1,2364,2388,2365,-1,2365,2388,2389,-1,2365,2389,2366,-1,2366,2389,2390,-1,2366,2390,2367,-1,2367,2390,2391,-1,2367,2391,2368,-1,2368,2391,2392,-1,2368,2392,2369,-1,2369,2392,2393,-1,2369,2393,2370,-1,2370,2393,2394,-1,2370,2394,2371,-1,2371,2394,2395,-1,2371,2395,2372,-1,2372,2395,2396,-1,2372,2396,2373,-1,2373,2396,2397,-1,2373,2397,2374,-1,2374,2397,2398,-1,2374,2398,2375,-1,2375,2398,2399,-1,2375,2399,2376,-1,2376,2399,2400,-1,2376,2400,2377,-1,2377,2400,2401,-1,2377,2401,2378,-1,2378,2401,2402,-1,2378,2402,2379,-1,2379,2402,2403,-1,2379,2403,2380,-1,2380,2403,2404,-1,2380,2404,2381,-1,2381,2404,2405,-1,2381,2405,2382,-1,2382,2405,2406,-1,2382,2406,2383,-1,2383,2406,2407,-1,2383,2407,2384,-1,2384,2407,2408,-1,2384,2408,2385,-1,2385,2408,2409,-1,2385,2409,2386,-1,2386,2409,2410,-1,2386,2410,2363,-1,2363,2410,2387,-1,2387,2411,2388,-1,2388,2411,2412,-1,2388,2412,2389,-1,2389,2412,2413,-1,2389,2413,2390,-1,2390,2413,2414,-1,2390,2414,2391,-1,2391,2414,2415,-1,2391,2415,2392,-1,2392,2415,2416,-1,2392,2416,2393,-1,2393,2416,2417,-1,2393,2417,2394,-1,2394,2417,2418,-1,2394,2418,2395,-1,2395,2418,2419,-1,2395,2419,2396,-1,2396,2419,2420,-1,2396,2420,2397,-1,2397,2420,2421,-1,2397,2421,2398,-1,2398,2421,2422,-1,2398,2422,2399,-1,2399,2422,2423,-1,2399,2423,2400,-1,2400,2423,2424,-1,2400,2424,2401,-1,2401,2424,2425,-1,2401,2425,2402,-1,2402,2425,2426,-1,2402,2426,2403,-1,2403,2426,2427,-1,2403,2427,2404,-1,2404,2427,2428,-1,2404,2428,2405,-1,2405,2428,2429,-1,2405,2429,2406,-1,2406,2429,2430,-1,2406,2430,2407,-1,2407,2430,2431,-1,2407,2431,2408,-1,2408,2431,2432,-1,2408,2432,2409,-1,2409,2432,2433,-1,2409,2433,2410,-1,2410,2433,2434,-1,2410,2434,2387,-1,2387,2434,2411,-1,2411,2435,2412,-1,2412,2435,2436,-1,2412,2436,2413,-1,2413,2436,2437,-1,2413,2437,2414,-1,2414,2437,2438,-1,2414,2438,2415,-1,2415,2438,2439,-1,2415,2439,2416,-1,2416,2439,2440,-1,2416,2440,2417,-1,2417,2440,2441,-1,2417,2441,2418,-1,2418,2441,2442,-1,2418,2442,2419,-1,2419,2442,2443,-1,2419,2443,2420,-1,2420,2443,2444,-1,2420,2444,2421,-1,2421,2444,2445,-1,2421,2445,2422,-1,2422,2445,2446,-1,2422,2446,2423,-1,2423,2446,2447,-1,2423,2447,2424,-1,2424,2447,2448,-1,2424,2448,2425,-1,2425,2448,2449,-1,2425,2449,2426,-1,2426,2449,2450,-1,2426,2450,2427,-1,2427,2450,2451,-1,2427,2451,2428,-1,2428,2451,2452,-1,2428,2452,2429,-1,2429,2452,2453,-1,2429,2453,2430,-1,2430,2453,2454,-1,2430,2454,2431,-1,2431,2454,2455,-1,2431,2455,2432,-1,2432,2455,2456,-1,2432,2456,2433,-1,2433,2456,2457,-1,2433,2457,2434,-1,2434,2457,2458,-1,2434,2458,2411,-1,2411,2458,2435,-1,2435,2267,2436,-1,2436,2267,2268,-1,2436,2268,2437,-1,2437,2268,2269,-1,2437,2269,2438,-1,2438,2269,2270,-1,2438,2270,2439,-1,2439,2270,2271,-1,2439,2271,2440,-1,2440,2271,2272,-1,2440,2272,2441,-1,2441,2272,2273,-1,2441,2273,2442,-1,2442,2273,2274,-1,2442,2274,2443,-1,2443,2274,2275,-1,2443,2275,2444,-1,2444,2275,2276,-1,2444,2276,2445,-1,2445,2276,2277,-1,2445,2277,2446,-1,2446,2277,2278,-1,2446,2278,2447,-1,2447,2278,2279,-1,2447,2279,2448,-1,2448,2279,2280,-1,2448,2280,2449,-1,2449,2280,2281,-1,2449,2281,2450,-1,2450,2281,2282,-1,2450,2282,2451,-1,2451,2282,2283,-1,2451,2283,2452,-1,2452,2283,2284,-1,2452,2284,2453,-1,2453,2284,2285,-1,2453,2285,2454,-1,2454,2285,2286,-1,2454,2286,2455,-1,2455,2286,2287,-1,2455,2287,2456,-1,2456,2287,2288,-1,2456,2288,2457,-1,2457,2288,2289,-1,2457,2289,2458,-1,2458,2289,2290,-1,2458,2290,2435,-1,2435,2290,2267,-1,2459,2293,2460,-1,2460,2293,2295,-1,2460,2295,2461,-1,2461,2295,2297,-1,2461,2297,2462,-1,2462,2297,2299,-1,2462,2299,2463,-1,2463,2299,2301,-1,2463,2301,2464,-1,2464,2301,2303,-1,2464,2303,2465,-1,2465,2303,2305,-1,2465,2305,2466,-1,2466,2305,2307,-1,2466,2307,2467,-1,2467,2307,2309,-1,2467,2309,2468,-1,2468,2309,2311,-1,2468,2311,2469,-1,2469,2311,2313,-1,2469,2313,2470,-1,2470,2313,2315,-1,2470,2315,2471,-1,2471,2315,2317,-1,2471,2317,2472,-1,2472,2317,2319,-1,2472,2319,2473,-1,2473,2319,2321,-1,2473,2321,2474,-1,2474,2321,2323,-1,2474,2323,2475,-1,2475,2323,2325,-1,2475,2325,2476,-1,2476,2325,2327,-1,2476,2327,2477,-1,2477,2327,2329,-1,2477,2329,2478,-1,2478,2329,2331,-1,2478,2331,2479,-1,2479,2331,2333,-1,2479,2333,2480,-1,2480,2333,2335,-1,2480,2335,2481,-1,2481,2335,2337,-1,2481,2337,2482,-1,2482,2337,2291,-1,2482,2291,2459,-1,2459,2291,2293,-1,2483,2484,2485,-1,2485,2484,2486,-1,2485,2486,2487,-1,2488,2489,2485,-1,2485,2489,2490,-1,2485,2490,2483,-1,2491,2492,2485,-1,2485,2492,2493,-1,2485,2493,2488,-1,2494,2495,2485,-1,2485,2495,2496,-1,2485,2496,2491,-1,2497,2498,2485,-1,2485,2498,2499,-1,2485,2499,2494,-1,2500,2501,2485,-1,2485,2501,2502,-1,2485,2502,2497,-1,2503,2504,2485,-1,2485,2504,2505,-1,2485,2505,2500,-1,2487,2506,2485,-1,2485,2506,2507,-1,2485,2507,2503,-1,2508,1285,2509,-1,2509,1285,1287,-1,2509,1287,2510,-1,2510,1287,1289,-1,2510,1289,2511,-1,2511,1289,1291,-1,2511,1291,2512,-1,2512,1291,1293,-1,2512,1293,2513,-1,2513,1293,1295,-1,2513,1295,2514,-1,2514,1295,1297,-1,2514,1297,2515,-1,2515,1297,1299,-1,2515,1299,2516,-1,2516,1299,1301,-1,2516,1301,2517,-1,2517,1301,1303,-1,2517,1303,2518,-1,2518,1303,1305,-1,2518,1305,2519,-1,2519,1305,1307,-1,2519,1307,2520,-1,2520,1307,1309,-1,2520,1309,2521,-1,2521,1309,1311,-1,2521,1311,2522,-1,2522,1311,1313,-1,2522,1313,2523,-1,2523,1313,1315,-1,2523,1315,2524,-1,2524,1315,1317,-1,2524,1317,2525,-1,2525,1317,1319,-1,2525,1319,2526,-1,2526,1319,1321,-1,2526,1321,2527,-1,2527,1321,1323,-1,2527,1323,2528,-1,2528,1323,1325,-1,2528,1325,2529,-1,2529,1325,1279,-1,2529,1279,2530,-1,2530,1279,1281,-1,2530,1281,2531,-1,2531,1281,1283,-1,2531,1283,2508,-1,2508,1283,1285,-1,2532,2533,2534,-1,2534,2533,2535,-1,2534,2535,2536,-1,2536,2535,2537,-1,2536,2537,2538,-1,2538,2537,2539,-1,2538,2539,2540,-1,2540,2539,2541,-1,2540,2541,2542,-1,2542,2541,2543,-1,2542,2543,2544,-1,2544,2543,2545,-1,2544,2545,2546,-1,2546,2545,2547,-1,2546,2547,2548,-1,2548,2547,2549,-1,2548,2549,2550,-1,2550,2549,2551,-1,2550,2551,2552,-1,2552,2551,2553,-1,2552,2553,2554,-1,2554,2553,2555,-1,2554,2555,2556,-1,2556,2555,2557,-1,2556,2557,2558,-1,2558,2557,2559,-1,2558,2559,2560,-1,2560,2559,2561,-1,2560,2561,2562,-1,2562,2561,2563,-1,2562,2563,2564,-1,2564,2563,2565,-1,2564,2565,2566,-1,2566,2565,2567,-1,2566,2567,2568,-1,2568,2567,2569,-1,2568,2569,2570,-1,2570,2569,2571,-1,2570,2571,2572,-1,2572,2571,2573,-1,2572,2573,2574,-1,2574,2573,2575,-1,2574,2575,2576,-1,2576,2575,2577,-1,2576,2577,2578,-1,2578,2577,2579,-1,2578,2579,2532,-1,2532,2579,2533,-1,2533,2580,2535,-1,2535,2580,2581,-1,2535,2581,2537,-1,2537,2581,2582,-1,2537,2582,2539,-1,2539,2582,2583,-1,2539,2583,2541,-1,2541,2583,2584,-1,2541,2584,2543,-1,2543,2584,2585,-1,2543,2585,2545,-1,2545,2585,2586,-1,2545,2586,2547,-1,2547,2586,2587,-1,2547,2587,2549,-1,2549,2587,2588,-1,2549,2588,2551,-1,2551,2588,2589,-1,2551,2589,2553,-1,2553,2589,2590,-1,2553,2590,2555,-1,2555,2590,2591,-1,2555,2591,2557,-1,2557,2591,2592,-1,2557,2592,2559,-1,2559,2592,2593,-1,2559,2593,2561,-1,2561,2593,2594,-1,2561,2594,2563,-1,2563,2594,2595,-1,2563,2595,2565,-1,2565,2595,2596,-1,2565,2596,2567,-1,2567,2596,2597,-1,2567,2597,2569,-1,2569,2597,2598,-1,2569,2598,2571,-1,2571,2598,2599,-1,2571,2599,2573,-1,2573,2599,2600,-1,2573,2600,2575,-1,2575,2600,2601,-1,2575,2601,2577,-1,2577,2601,2602,-1,2577,2602,2579,-1,2579,2602,2603,-1,2579,2603,2533,-1,2533,2603,2580,-1,2580,2604,2581,-1,2581,2604,2605,-1,2581,2605,2582,-1,2582,2605,2606,-1,2582,2606,2583,-1,2583,2606,2607,-1,2583,2607,2584,-1,2584,2607,2608,-1,2584,2608,2585,-1,2585,2608,2609,-1,2585,2609,2586,-1,2586,2609,2610,-1,2586,2610,2587,-1,2587,2610,2611,-1,2587,2611,2588,-1,2588,2611,2612,-1,2588,2612,2589,-1,2589,2612,2613,-1,2589,2613,2590,-1,2590,2613,2614,-1,2590,2614,2591,-1,2591,2614,2615,-1,2591,2615,2592,-1,2592,2615,2616,-1,2592,2616,2593,-1,2593,2616,2617,-1,2593,2617,2594,-1,2594,2617,2618,-1,2594,2618,2595,-1,2595,2618,2619,-1,2595,2619,2596,-1,2596,2619,2620,-1,2596,2620,2597,-1,2597,2620,2621,-1,2597,2621,2598,-1,2598,2621,2622,-1,2598,2622,2599,-1,2599,2622,2623,-1,2599,2623,2600,-1,2600,2623,2624,-1,2600,2624,2601,-1,2601,2624,2625,-1,2601,2625,2602,-1,2602,2625,2626,-1,2602,2626,2603,-1,2603,2626,2627,-1,2603,2627,2580,-1,2580,2627,2604,-1,2604,2628,2605,-1,2605,2628,2629,-1,2605,2629,2606,-1,2606,2629,2630,-1,2606,2630,2607,-1,2607,2630,2631,-1,2607,2631,2608,-1,2608,2631,2632,-1,2608,2632,2609,-1,2609,2632,2633,-1,2609,2633,2610,-1,2610,2633,2634,-1,2610,2634,2611,-1,2611,2634,2635,-1,2611,2635,2612,-1,2612,2635,2636,-1,2612,2636,2613,-1,2613,2636,2637,-1,2613,2637,2614,-1,2614,2637,2638,-1,2614,2638,2615,-1,2615,2638,2639,-1,2615,2639,2616,-1,2616,2639,2640,-1,2616,2640,2617,-1,2617,2640,2641,-1,2617,2641,2618,-1,2618,2641,2642,-1,2618,2642,2619,-1,2619,2642,2643,-1,2619,2643,2620,-1,2620,2643,2644,-1,2620,2644,2621,-1,2621,2644,2645,-1,2621,2645,2622,-1,2622,2645,2646,-1,2622,2646,2623,-1,2623,2646,2647,-1,2623,2647,2624,-1,2624,2647,2648,-1,2624,2648,2625,-1,2625,2648,2649,-1,2625,2649,2626,-1,2626,2649,2650,-1,2626,2650,2627,-1,2627,2650,2651,-1,2627,2651,2604,-1,2604,2651,2628,-1,2628,2652,2629,-1,2629,2652,2653,-1,2629,2653,2630,-1,2630,2653,2654,-1,2630,2654,2631,-1,2631,2654,2655,-1,2631,2655,2632,-1,2632,2655,2656,-1,2632,2656,2633,-1,2633,2656,2657,-1,2633,2657,2634,-1,2634,2657,2658,-1,2634,2658,2635,-1,2635,2658,2659,-1,2635,2659,2636,-1,2636,2659,2660,-1,2636,2660,2637,-1,2637,2660,2661,-1,2637,2661,2638,-1,2638,2661,2662,-1,2638,2662,2639,-1,2639,2662,2663,-1,2639,2663,2640,-1,2640,2663,2664,-1,2640,2664,2641,-1,2641,2664,2665,-1,2641,2665,2642,-1,2642,2665,2666,-1,2642,2666,2643,-1,2643,2666,2667,-1,2643,2667,2644,-1,2644,2667,2668,-1,2644,2668,2645,-1,2645,2668,2669,-1,2645,2669,2646,-1,2646,2669,2670,-1,2646,2670,2647,-1,2647,2670,2671,-1,2647,2671,2648,-1,2648,2671,2672,-1,2648,2672,2649,-1,2649,2672,2673,-1,2649,2673,2650,-1,2650,2673,2674,-1,2650,2674,2651,-1,2651,2674,2675,-1,2651,2675,2628,-1,2628,2675,2652,-1,2652,2676,2653,-1,2653,2676,2677,-1,2653,2677,2654,-1,2654,2677,2678,-1,2654,2678,2655,-1,2655,2678,2679,-1,2655,2679,2656,-1,2656,2679,2680,-1,2656,2680,2657,-1,2657,2680,2681,-1,2657,2681,2658,-1,2658,2681,2682,-1,2658,2682,2659,-1,2659,2682,2683,-1,2659,2683,2660,-1,2660,2683,2684,-1,2660,2684,2661,-1,2661,2684,2685,-1,2661,2685,2662,-1,2662,2685,2686,-1,2662,2686,2663,-1,2663,2686,2687,-1,2663,2687,2664,-1,2664,2687,2688,-1,2664,2688,2665,-1,2665,2688,2689,-1,2665,2689,2666,-1,2666,2689,2690,-1,2666,2690,2667,-1,2667,2690,2691,-1,2667,2691,2668,-1,2668,2691,2692,-1,2668,2692,2669,-1,2669,2692,2693,-1,2669,2693,2670,-1,2670,2693,2694,-1,2670,2694,2671,-1,2671,2694,2695,-1,2671,2695,2672,-1,2672,2695,2696,-1,2672,2696,2673,-1,2673,2696,2697,-1,2673,2697,2674,-1,2674,2697,2698,-1,2674,2698,2675,-1,2675,2698,2699,-1,2675,2699,2652,-1,2652,2699,2676,-1,2676,2508,2677,-1,2677,2508,2509,-1,2677,2509,2678,-1,2678,2509,2510,-1,2678,2510,2679,-1,2679,2510,2511,-1,2679,2511,2680,-1,2680,2511,2512,-1,2680,2512,2681,-1,2681,2512,2513,-1,2681,2513,2682,-1,2682,2513,2514,-1,2682,2514,2683,-1,2683,2514,2515,-1,2683,2515,2684,-1,2684,2515,2516,-1,2684,2516,2685,-1,2685,2516,2517,-1,2685,2517,2686,-1,2686,2517,2518,-1,2686,2518,2687,-1,2687,2518,2519,-1,2687,2519,2688,-1,2688,2519,2520,-1,2688,2520,2689,-1,2689,2520,2521,-1,2689,2521,2690,-1,2690,2521,2522,-1,2690,2522,2691,-1,2691,2522,2523,-1,2691,2523,2692,-1,2692,2523,2524,-1,2692,2524,2693,-1,2693,2524,2525,-1,2693,2525,2694,-1,2694,2525,2526,-1,2694,2526,2695,-1,2695,2526,2527,-1,2695,2527,2696,-1,2696,2527,2528,-1,2696,2528,2697,-1,2697,2528,2529,-1,2697,2529,2698,-1,2698,2529,2530,-1,2698,2530,2699,-1,2699,2530,2531,-1,2699,2531,2676,-1,2676,2531,2508,-1,2700,2534,2701,-1,2701,2534,2536,-1,2701,2536,2702,-1,2702,2536,2538,-1,2702,2538,2703,-1,2703,2538,2540,-1,2703,2540,2704,-1,2704,2540,2542,-1,2704,2542,2705,-1,2705,2542,2544,-1,2705,2544,2706,-1,2706,2544,2546,-1,2706,2546,2707,-1,2707,2546,2548,-1,2707,2548,2708,-1,2708,2548,2550,-1,2708,2550,2709,-1,2709,2550,2552,-1,2709,2552,2710,-1,2710,2552,2554,-1,2710,2554,2711,-1,2711,2554,2556,-1,2711,2556,2712,-1,2712,2556,2558,-1,2712,2558,2713,-1,2713,2558,2560,-1,2713,2560,2714,-1,2714,2560,2562,-1,2714,2562,2715,-1,2715,2562,2564,-1,2715,2564,2716,-1,2716,2564,2566,-1,2716,2566,2717,-1,2717,2566,2568,-1,2717,2568,2718,-1,2718,2568,2570,-1,2718,2570,2719,-1,2719,2570,2572,-1,2719,2572,2720,-1,2720,2572,2574,-1,2720,2574,2721,-1,2721,2574,2576,-1,2721,2576,2722,-1,2722,2576,2578,-1,2722,2578,2723,-1,2723,2578,2532,-1,2723,2532,2700,-1,2700,2532,2534,-1,2724,2725,2726,-1,2726,2725,2727,-1,2726,2727,2728,-1,2729,2730,2726,-1,2726,2730,2731,-1,2726,2731,2724,-1,2732,2733,2726,-1,2726,2733,2734,-1,2726,2734,2729,-1,2735,2736,2726,-1,2726,2736,2737,-1,2726,2737,2732,-1,2738,2739,2726,-1,2726,2739,2740,-1,2726,2740,2735,-1,2741,2742,2726,-1,2726,2742,2743,-1,2726,2743,2738,-1,2744,2745,2726,-1,2726,2745,2746,-1,2726,2746,2741,-1,2728,2747,2726,-1,2726,2747,2748,-1,2726,2748,2744,-1,2749,1401,2750,-1,2750,1401,1403,-1,2750,1403,2751,-1,2751,1403,1405,-1,2751,1405,2752,-1,2752,1405,1407,-1,2752,1407,2753,-1,2753,1407,1409,-1,2753,1409,2754,-1,2754,1409,1411,-1,2754,1411,2755,-1,2755,1411,1413,-1,2755,1413,2756,-1,2756,1413,1415,-1,2756,1415,2757,-1,2757,1415,1417,-1,2757,1417,2758,-1,2758,1417,1419,-1,2758,1419,2759,-1,2759,1419,1421,-1,2759,1421,2760,-1,2760,1421,1375,-1,2760,1375,2761,-1,2761,1375,1377,-1,2761,1377,2762,-1,2762,1377,1379,-1,2762,1379,2763,-1,2763,1379,1381,-1,2763,1381,2764,-1,2764,1381,1383,-1,2764,1383,2765,-1,2765,1383,1385,-1,2765,1385,2766,-1,2766,1385,1387,-1,2766,1387,2767,-1,2767,1387,1389,-1,2767,1389,2768,-1,2768,1389,1391,-1,2768,1391,2769,-1,2769,1391,1393,-1,2769,1393,2770,-1,2770,1393,1395,-1,2770,1395,2771,-1,2771,1395,1397,-1,2771,1397,2772,-1,2772,1397,1399,-1,2772,1399,2749,-1,2749,1399,1401,-1,2773,2774,2775,-1,2775,2774,2776,-1,2775,2776,2777,-1,2777,2776,2778,-1,2777,2778,2779,-1,2779,2778,2780,-1,2779,2780,2781,-1,2781,2780,2782,-1,2781,2782,2783,-1,2783,2782,2784,-1,2783,2784,2785,-1,2785,2784,2786,-1,2785,2786,2787,-1,2787,2786,2788,-1,2787,2788,2789,-1,2789,2788,2790,-1,2789,2790,2791,-1,2791,2790,2792,-1,2791,2792,2793,-1,2793,2792,2794,-1,2793,2794,2795,-1,2795,2794,2796,-1,2795,2796,2797,-1,2797,2796,2798,-1,2797,2798,2799,-1,2799,2798,2800,-1,2799,2800,2801,-1,2801,2800,2802,-1,2801,2802,2803,-1,2803,2802,2804,-1,2803,2804,2805,-1,2805,2804,2806,-1,2805,2806,2807,-1,2807,2806,2808,-1,2807,2808,2809,-1,2809,2808,2810,-1,2809,2810,2811,-1,2811,2810,2812,-1,2811,2812,2813,-1,2813,2812,2814,-1,2813,2814,2815,-1,2815,2814,2816,-1,2815,2816,2817,-1,2817,2816,2818,-1,2817,2818,2819,-1,2819,2818,2820,-1,2819,2820,2773,-1,2773,2820,2774,-1,2774,2821,2776,-1,2776,2821,2822,-1,2776,2822,2778,-1,2778,2822,2823,-1,2778,2823,2780,-1,2780,2823,2824,-1,2780,2824,2782,-1,2782,2824,2825,-1,2782,2825,2784,-1,2784,2825,2826,-1,2784,2826,2786,-1,2786,2826,2827,-1,2786,2827,2788,-1,2788,2827,2828,-1,2788,2828,2790,-1,2790,2828,2829,-1,2790,2829,2792,-1,2792,2829,2830,-1,2792,2830,2794,-1,2794,2830,2831,-1,2794,2831,2796,-1,2796,2831,2832,-1,2796,2832,2798,-1,2798,2832,2833,-1,2798,2833,2800,-1,2800,2833,2834,-1,2800,2834,2802,-1,2802,2834,2835,-1,2802,2835,2804,-1,2804,2835,2836,-1,2804,2836,2806,-1,2806,2836,2837,-1,2806,2837,2808,-1,2808,2837,2838,-1,2808,2838,2810,-1,2810,2838,2839,-1,2810,2839,2812,-1,2812,2839,2840,-1,2812,2840,2814,-1,2814,2840,2841,-1,2814,2841,2816,-1,2816,2841,2842,-1,2816,2842,2818,-1,2818,2842,2843,-1,2818,2843,2820,-1,2820,2843,2844,-1,2820,2844,2774,-1,2774,2844,2821,-1,2821,2845,2822,-1,2822,2845,2846,-1,2822,2846,2823,-1,2823,2846,2847,-1,2823,2847,2824,-1,2824,2847,2848,-1,2824,2848,2825,-1,2825,2848,2849,-1,2825,2849,2826,-1,2826,2849,2850,-1,2826,2850,2827,-1,2827,2850,2851,-1,2827,2851,2828,-1,2828,2851,2852,-1,2828,2852,2829,-1,2829,2852,2853,-1,2829,2853,2830,-1,2830,2853,2854,-1,2830,2854,2831,-1,2831,2854,2855,-1,2831,2855,2832,-1,2832,2855,2856,-1,2832,2856,2833,-1,2833,2856,2857,-1,2833,2857,2834,-1,2834,2857,2858,-1,2834,2858,2835,-1,2835,2858,2859,-1,2835,2859,2836,-1,2836,2859,2860,-1,2836,2860,2837,-1,2837,2860,2861,-1,2837,2861,2838,-1,2838,2861,2862,-1,2838,2862,2839,-1,2839,2862,2863,-1,2839,2863,2840,-1,2840,2863,2864,-1,2840,2864,2841,-1,2841,2864,2865,-1,2841,2865,2842,-1,2842,2865,2866,-1,2842,2866,2843,-1,2843,2866,2867,-1,2843,2867,2844,-1,2844,2867,2868,-1,2844,2868,2821,-1,2821,2868,2845,-1,2845,2869,2846,-1,2846,2869,2870,-1,2846,2870,2847,-1,2847,2870,2871,-1,2847,2871,2848,-1,2848,2871,2872,-1,2848,2872,2849,-1,2849,2872,2873,-1,2849,2873,2850,-1,2850,2873,2874,-1,2850,2874,2851,-1,2851,2874,2875,-1,2851,2875,2852,-1,2852,2875,2876,-1,2852,2876,2853,-1,2853,2876,2877,-1,2853,2877,2854,-1,2854,2877,2878,-1,2854,2878,2855,-1,2855,2878,2879,-1,2855,2879,2856,-1,2856,2879,2880,-1,2856,2880,2857,-1,2857,2880,2881,-1,2857,2881,2858,-1,2858,2881,2882,-1,2858,2882,2859,-1,2859,2882,2883,-1,2859,2883,2860,-1,2860,2883,2884,-1,2860,2884,2861,-1,2861,2884,2885,-1,2861,2885,2862,-1,2862,2885,2886,-1,2862,2886,2863,-1,2863,2886,2887,-1,2863,2887,2864,-1,2864,2887,2888,-1,2864,2888,2865,-1,2865,2888,2889,-1,2865,2889,2866,-1,2866,2889,2890,-1,2866,2890,2867,-1,2867,2890,2891,-1,2867,2891,2868,-1,2868,2891,2892,-1,2868,2892,2845,-1,2845,2892,2869,-1,2869,2893,2870,-1,2870,2893,2894,-1,2870,2894,2871,-1,2871,2894,2895,-1,2871,2895,2872,-1,2872,2895,2896,-1,2872,2896,2873,-1,2873,2896,2897,-1,2873,2897,2874,-1,2874,2897,2898,-1,2874,2898,2875,-1,2875,2898,2899,-1,2875,2899,2876,-1,2876,2899,2900,-1,2876,2900,2877,-1,2877,2900,2901,-1,2877,2901,2878,-1,2878,2901,2902,-1,2878,2902,2879,-1,2879,2902,2903,-1,2879,2903,2880,-1,2880,2903,2904,-1,2880,2904,2881,-1,2881,2904,2905,-1,2881,2905,2882,-1,2882,2905,2906,-1,2882,2906,2883,-1,2883,2906,2907,-1,2883,2907,2884,-1,2884,2907,2908,-1,2884,2908,2885,-1,2885,2908,2909,-1,2885,2909,2886,-1,2886,2909,2910,-1,2886,2910,2887,-1,2887,2910,2911,-1,2887,2911,2888,-1,2888,2911,2912,-1,2888,2912,2889,-1,2889,2912,2913,-1,2889,2913,2890,-1,2890,2913,2914,-1,2890,2914,2891,-1,2891,2914,2915,-1,2891,2915,2892,-1,2892,2915,2916,-1,2892,2916,2869,-1,2869,2916,2893,-1,2893,2917,2894,-1,2894,2917,2918,-1,2894,2918,2895,-1,2895,2918,2919,-1,2895,2919,2896,-1,2896,2919,2920,-1,2896,2920,2897,-1,2897,2920,2921,-1,2897,2921,2898,-1,2898,2921,2922,-1,2898,2922,2899,-1,2899,2922,2923,-1,2899,2923,2900,-1,2900,2923,2924,-1,2900,2924,2901,-1,2901,2924,2925,-1,2901,2925,2902,-1,2902,2925,2926,-1,2902,2926,2903,-1,2903,2926,2927,-1,2903,2927,2904,-1,2904,2927,2928,-1,2904,2928,2905,-1,2905,2928,2929,-1,2905,2929,2906,-1,2906,2929,2930,-1,2906,2930,2907,-1,2907,2930,2931,-1,2907,2931,2908,-1,2908,2931,2932,-1,2908,2932,2909,-1,2909,2932,2933,-1,2909,2933,2910,-1,2910,2933,2934,-1,2910,2934,2911,-1,2911,2934,2935,-1,2911,2935,2912,-1,2912,2935,2936,-1,2912,2936,2913,-1,2913,2936,2937,-1,2913,2937,2914,-1,2914,2937,2938,-1,2914,2938,2915,-1,2915,2938,2939,-1,2915,2939,2916,-1,2916,2939,2940,-1,2916,2940,2893,-1,2893,2940,2917,-1,2917,2749,2918,-1,2918,2749,2750,-1,2918,2750,2919,-1,2919,2750,2751,-1,2919,2751,2920,-1,2920,2751,2752,-1,2920,2752,2921,-1,2921,2752,2753,-1,2921,2753,2922,-1,2922,2753,2754,-1,2922,2754,2923,-1,2923,2754,2755,-1,2923,2755,2924,-1,2924,2755,2756,-1,2924,2756,2925,-1,2925,2756,2757,-1,2925,2757,2926,-1,2926,2757,2758,-1,2926,2758,2927,-1,2927,2758,2759,-1,2927,2759,2928,-1,2928,2759,2760,-1,2928,2760,2929,-1,2929,2760,2761,-1,2929,2761,2930,-1,2930,2761,2762,-1,2930,2762,2931,-1,2931,2762,2763,-1,2931,2763,2932,-1,2932,2763,2764,-1,2932,2764,2933,-1,2933,2764,2765,-1,2933,2765,2934,-1,2934,2765,2766,-1,2934,2766,2935,-1,2935,2766,2767,-1,2935,2767,2936,-1,2936,2767,2768,-1,2936,2768,2937,-1,2937,2768,2769,-1,2937,2769,2938,-1,2938,2769,2770,-1,2938,2770,2939,-1,2939,2770,2771,-1,2939,2771,2940,-1,2940,2771,2772,-1,2940,2772,2917,-1,2917,2772,2749,-1,2941,2775,2942,-1,2942,2775,2777,-1,2942,2777,2943,-1,2943,2777,2779,-1,2943,2779,2944,-1,2944,2779,2781,-1,2944,2781,2945,-1,2945,2781,2783,-1,2945,2783,2946,-1,2946,2783,2785,-1,2946,2785,2947,-1,2947,2785,2787,-1,2947,2787,2948,-1,2948,2787,2789,-1,2948,2789,2949,-1,2949,2789,2791,-1,2949,2791,2950,-1,2950,2791,2793,-1,2950,2793,2951,-1,2951,2793,2795,-1,2951,2795,2952,-1,2952,2795,2797,-1,2952,2797,2953,-1,2953,2797,2799,-1,2953,2799,2954,-1,2954,2799,2801,-1,2954,2801,2955,-1,2955,2801,2803,-1,2955,2803,2956,-1,2956,2803,2805,-1,2956,2805,2957,-1,2957,2805,2807,-1,2957,2807,2958,-1,2958,2807,2809,-1,2958,2809,2959,-1,2959,2809,2811,-1,2959,2811,2960,-1,2960,2811,2813,-1,2960,2813,2961,-1,2961,2813,2815,-1,2961,2815,2962,-1,2962,2815,2817,-1,2962,2817,2963,-1,2963,2817,2819,-1,2963,2819,2964,-1,2964,2819,2773,-1,2964,2773,2941,-1,2941,2773,2775,-1,2965,2966,2967,-1,2967,2966,2968,-1,2967,2968,2969,-1,2970,2971,2967,-1,2967,2971,2972,-1,2967,2972,2965,-1,2973,2974,2967,-1,2967,2974,2975,-1,2967,2975,2970,-1,2976,2977,2967,-1,2967,2977,2978,-1,2967,2978,2973,-1,2979,2980,2967,-1,2967,2980,2981,-1,2967,2981,2976,-1,2982,2983,2967,-1,2967,2983,2984,-1,2967,2984,2979,-1,2985,2986,2967,-1,2967,2986,2987,-1,2967,2987,2982,-1,2969,2988,2967,-1,2967,2988,2989,-1,2967,2989,2985,-1,2990,1503,2991,-1,2991,1503,1505,-1,2991,1505,2992,-1,2992,1505,1507,-1,2992,1507,2993,-1,2993,1507,1509,-1,2993,1509,2994,-1,2994,1509,1511,-1,2994,1511,2995,-1,2995,1511,1513,-1,2995,1513,2996,-1,2996,1513,1515,-1,2996,1515,2997,-1,2997,1515,1517,-1,2997,1517,2998,-1,2998,1517,1471,-1,2998,1471,2999,-1,2999,1471,1473,-1,2999,1473,3000,-1,3000,1473,1475,-1,3000,1475,3001,-1,3001,1475,1477,-1,3001,1477,3002,-1,3002,1477,1479,-1,3002,1479,3003,-1,3003,1479,1481,-1,3003,1481,3004,-1,3004,1481,1483,-1,3004,1483,3005,-1,3005,1483,1485,-1,3005,1485,3006,-1,3006,1485,1487,-1,3006,1487,3007,-1,3007,1487,1489,-1,3007,1489,3008,-1,3008,1489,1491,-1,3008,1491,3009,-1,3009,1491,1493,-1,3009,1493,3010,-1,3010,1493,1495,-1,3010,1495,3011,-1,3011,1495,1497,-1,3011,1497,3012,-1,3012,1497,1499,-1,3012,1499,3013,-1,3013,1499,1501,-1,3013,1501,2990,-1,2990,1501,1503,-1,3014,3015,3016,-1,3016,3015,3017,-1,3016,3017,3018,-1,3018,3017,3019,-1,3018,3019,3020,-1,3020,3019,3021,-1,3020,3021,3022,-1,3022,3021,3023,-1,3022,3023,3024,-1,3024,3023,3025,-1,3024,3025,3026,-1,3026,3025,3027,-1,3026,3027,3028,-1,3028,3027,3029,-1,3028,3029,3030,-1,3030,3029,3031,-1,3030,3031,3032,-1,3032,3031,3033,-1,3032,3033,3034,-1,3034,3033,3035,-1,3034,3035,3036,-1,3036,3035,3037,-1,3036,3037,3038,-1,3038,3037,3039,-1,3038,3039,3040,-1,3040,3039,3041,-1,3040,3041,3042,-1,3042,3041,3043,-1,3042,3043,3044,-1,3044,3043,3045,-1,3044,3045,3046,-1,3046,3045,3047,-1,3046,3047,3048,-1,3048,3047,3049,-1,3048,3049,3050,-1,3050,3049,3051,-1,3050,3051,3052,-1,3052,3051,3053,-1,3052,3053,3054,-1,3054,3053,3055,-1,3054,3055,3056,-1,3056,3055,3057,-1,3056,3057,3058,-1,3058,3057,3059,-1,3058,3059,3060,-1,3060,3059,3061,-1,3060,3061,3014,-1,3014,3061,3015,-1,3015,3062,3017,-1,3017,3062,3063,-1,3017,3063,3019,-1,3019,3063,3064,-1,3019,3064,3021,-1,3021,3064,3065,-1,3021,3065,3023,-1,3023,3065,3066,-1,3023,3066,3025,-1,3025,3066,3067,-1,3025,3067,3027,-1,3027,3067,3068,-1,3027,3068,3029,-1,3029,3068,3069,-1,3029,3069,3031,-1,3031,3069,3070,-1,3031,3070,3033,-1,3033,3070,3071,-1,3033,3071,3035,-1,3035,3071,3072,-1,3035,3072,3037,-1,3037,3072,3073,-1,3037,3073,3039,-1,3039,3073,3074,-1,3039,3074,3041,-1,3041,3074,3075,-1,3041,3075,3043,-1,3043,3075,3076,-1,3043,3076,3045,-1,3045,3076,3077,-1,3045,3077,3047,-1,3047,3077,3078,-1,3047,3078,3049,-1,3049,3078,3079,-1,3049,3079,3051,-1,3051,3079,3080,-1,3051,3080,3053,-1,3053,3080,3081,-1,3053,3081,3055,-1,3055,3081,3082,-1,3055,3082,3057,-1,3057,3082,3083,-1,3057,3083,3059,-1,3059,3083,3084,-1,3059,3084,3061,-1,3061,3084,3085,-1,3061,3085,3015,-1,3015,3085,3062,-1,3062,3086,3063,-1,3063,3086,3087,-1,3063,3087,3064,-1,3064,3087,3088,-1,3064,3088,3065,-1,3065,3088,3089,-1,3065,3089,3066,-1,3066,3089,3090,-1,3066,3090,3067,-1,3067,3090,3091,-1,3067,3091,3068,-1,3068,3091,3092,-1,3068,3092,3069,-1,3069,3092,3093,-1,3069,3093,3070,-1,3070,3093,3094,-1,3070,3094,3071,-1,3071,3094,3095,-1,3071,3095,3072,-1,3072,3095,3096,-1,3072,3096,3073,-1,3073,3096,3097,-1,3073,3097,3074,-1,3074,3097,3098,-1,3074,3098,3075,-1,3075,3098,3099,-1,3075,3099,3076,-1,3076,3099,3100,-1,3076,3100,3077,-1,3077,3100,3101,-1,3077,3101,3078,-1,3078,3101,3102,-1,3078,3102,3079,-1,3079,3102,3103,-1,3079,3103,3080,-1,3080,3103,3104,-1,3080,3104,3081,-1,3081,3104,3105,-1,3081,3105,3082,-1,3082,3105,3106,-1,3082,3106,3083,-1,3083,3106,3107,-1,3083,3107,3084,-1,3084,3107,3108,-1,3084,3108,3085,-1,3085,3108,3109,-1,3085,3109,3062,-1,3062,3109,3086,-1,3086,3110,3087,-1,3087,3110,3111,-1,3087,3111,3088,-1,3088,3111,3112,-1,3088,3112,3089,-1,3089,3112,3113,-1,3089,3113,3090,-1,3090,3113,3114,-1,3090,3114,3091,-1,3091,3114,3115,-1,3091,3115,3092,-1,3092,3115,3116,-1,3092,3116,3093,-1,3093,3116,3117,-1,3093,3117,3094,-1,3094,3117,3118,-1,3094,3118,3095,-1,3095,3118,3119,-1,3095,3119,3096,-1,3096,3119,3120,-1,3096,3120,3097,-1,3097,3120,3121,-1,3097,3121,3098,-1,3098,3121,3122,-1,3098,3122,3099,-1,3099,3122,3123,-1,3099,3123,3100,-1,3100,3123,3124,-1,3100,3124,3101,-1,3101,3124,3125,-1,3101,3125,3102,-1,3102,3125,3126,-1,3102,3126,3103,-1,3103,3126,3127,-1,3103,3127,3104,-1,3104,3127,3128,-1,3104,3128,3105,-1,3105,3128,3129,-1,3105,3129,3106,-1,3106,3129,3130,-1,3106,3130,3107,-1,3107,3130,3131,-1,3107,3131,3108,-1,3108,3131,3132,-1,3108,3132,3109,-1,3109,3132,3133,-1,3109,3133,3086,-1,3086,3133,3110,-1,3110,3134,3111,-1,3111,3134,3135,-1,3111,3135,3112,-1,3112,3135,3136,-1,3112,3136,3113,-1,3113,3136,3137,-1,3113,3137,3114,-1,3114,3137,3138,-1,3114,3138,3115,-1,3115,3138,3139,-1,3115,3139,3116,-1,3116,3139,3140,-1,3116,3140,3117,-1,3117,3140,3141,-1,3117,3141,3118,-1,3118,3141,3142,-1,3118,3142,3119,-1,3119,3142,3143,-1,3119,3143,3120,-1,3120,3143,3144,-1,3120,3144,3121,-1,3121,3144,3145,-1,3121,3145,3122,-1,3122,3145,3146,-1,3122,3146,3123,-1,3123,3146,3147,-1,3123,3147,3124,-1,3124,3147,3148,-1,3124,3148,3125,-1,3125,3148,3149,-1,3125,3149,3126,-1,3126,3149,3150,-1,3126,3150,3127,-1,3127,3150,3151,-1,3127,3151,3128,-1,3128,3151,3152,-1,3128,3152,3129,-1,3129,3152,3153,-1,3129,3153,3130,-1,3130,3153,3154,-1,3130,3154,3131,-1,3131,3154,3155,-1,3131,3155,3132,-1,3132,3155,3156,-1,3132,3156,3133,-1,3133,3156,3157,-1,3133,3157,3110,-1,3110,3157,3134,-1,3134,3158,3135,-1,3135,3158,3159,-1,3135,3159,3136,-1,3136,3159,3160,-1,3136,3160,3137,-1,3137,3160,3161,-1,3137,3161,3138,-1,3138,3161,3162,-1,3138,3162,3139,-1,3139,3162,3163,-1,3139,3163,3140,-1,3140,3163,3164,-1,3140,3164,3141,-1,3141,3164,3165,-1,3141,3165,3142,-1,3142,3165,3166,-1,3142,3166,3143,-1,3143,3166,3167,-1,3143,3167,3144,-1,3144,3167,3168,-1,3144,3168,3145,-1,3145,3168,3169,-1,3145,3169,3146,-1,3146,3169,3170,-1,3146,3170,3147,-1,3147,3170,3171,-1,3147,3171,3148,-1,3148,3171,3172,-1,3148,3172,3149,-1,3149,3172,3173,-1,3149,3173,3150,-1,3150,3173,3174,-1,3150,3174,3151,-1,3151,3174,3175,-1,3151,3175,3152,-1,3152,3175,3176,-1,3152,3176,3153,-1,3153,3176,3177,-1,3153,3177,3154,-1,3154,3177,3178,-1,3154,3178,3155,-1,3155,3178,3179,-1,3155,3179,3156,-1,3156,3179,3180,-1,3156,3180,3157,-1,3157,3180,3181,-1,3157,3181,3134,-1,3134,3181,3158,-1,3158,2990,3159,-1,3159,2990,2991,-1,3159,2991,3160,-1,3160,2991,2992,-1,3160,2992,3161,-1,3161,2992,2993,-1,3161,2993,3162,-1,3162,2993,2994,-1,3162,2994,3163,-1,3163,2994,2995,-1,3163,2995,3164,-1,3164,2995,2996,-1,3164,2996,3165,-1,3165,2996,2997,-1,3165,2997,3166,-1,3166,2997,2998,-1,3166,2998,3167,-1,3167,2998,2999,-1,3167,2999,3168,-1,3168,2999,3000,-1,3168,3000,3169,-1,3169,3000,3001,-1,3169,3001,3170,-1,3170,3001,3002,-1,3170,3002,3171,-1,3171,3002,3003,-1,3171,3003,3172,-1,3172,3003,3004,-1,3172,3004,3173,-1,3173,3004,3005,-1,3173,3005,3174,-1,3174,3005,3006,-1,3174,3006,3175,-1,3175,3006,3007,-1,3175,3007,3176,-1,3176,3007,3008,-1,3176,3008,3177,-1,3177,3008,3009,-1,3177,3009,3178,-1,3178,3009,3010,-1,3178,3010,3179,-1,3179,3010,3011,-1,3179,3011,3180,-1,3180,3011,3012,-1,3180,3012,3181,-1,3181,3012,3013,-1,3181,3013,3158,-1,3158,3013,2990,-1,3182,3016,3183,-1,3183,3016,3018,-1,3183,3018,3184,-1,3184,3018,3020,-1,3184,3020,3185,-1,3185,3020,3022,-1,3185,3022,3186,-1,3186,3022,3024,-1,3186,3024,3187,-1,3187,3024,3026,-1,3187,3026,3188,-1,3188,3026,3028,-1,3188,3028,3189,-1,3189,3028,3030,-1,3189,3030,3190,-1,3190,3030,3032,-1,3190,3032,3191,-1,3191,3032,3034,-1,3191,3034,3192,-1,3192,3034,3036,-1,3192,3036,3193,-1,3193,3036,3038,-1,3193,3038,3194,-1,3194,3038,3040,-1,3194,3040,3195,-1,3195,3040,3042,-1,3195,3042,3196,-1,3196,3042,3044,-1,3196,3044,3197,-1,3197,3044,3046,-1,3197,3046,3198,-1,3198,3046,3048,-1,3198,3048,3199,-1,3199,3048,3050,-1,3199,3050,3200,-1,3200,3050,3052,-1,3200,3052,3201,-1,3201,3052,3054,-1,3201,3054,3202,-1,3202,3054,3056,-1,3202,3056,3203,-1,3203,3056,3058,-1,3203,3058,3204,-1,3204,3058,3060,-1,3204,3060,3205,-1,3205,3060,3014,-1,3205,3014,3182,-1,3182,3014,3016,-1,1748,3206,1747,-1,1747,3206,3207,-1,1747,3207,1746,-1,1746,3207,3208,-1,1746,3208,1745,-1,1745,3208,3209,-1,1745,3209,1744,-1,1744,3209,3210,-1,1744,3210,1743,-1,1743,3210,3211,-1,1743,3211,1742,-1,1742,3211,3212,-1,1742,3212,1741,-1,1741,3212,3213,-1,1741,3213,1740,-1,1740,3213,3214,-1,1740,3214,1739,-1,1739,3214,3215,-1,1739,3215,1738,-1,1738,3215,3216,-1,1738,3216,1737,-1,1737,3216,3217,-1,1737,3217,1736,-1,1736,3217,3218,-1,1736,3218,1759,-1,1759,3218,3219,-1,1759,3219,1758,-1,1758,3219,3220,-1,1758,3220,1757,-1,1757,3220,3221,-1,1757,3221,1756,-1,1756,3221,3222,-1,1756,3222,1755,-1,1755,3222,3223,-1,1755,3223,1754,-1,1754,3223,3224,-1,1754,3224,1753,-1,1753,3224,3225,-1,1753,3225,1752,-1,1752,3225,3226,-1,1752,3226,1751,-1,1751,3226,3227,-1,1751,3227,1750,-1,1750,3227,3228,-1,1750,3228,1749,-1,1749,3228,3229,-1,1749,3229,1748,-1,1748,3229,3206,-1,3229,3230,3206,-1,3206,3230,3231,-1,3206,3231,3207,-1,3207,3231,3232,-1,3207,3232,3208,-1,3208,3232,3233,-1,3208,3233,3209,-1,3209,3233,3234,-1,3209,3234,3210,-1,3210,3234,3235,-1,3210,3235,3211,-1,3211,3235,3236,-1,3211,3236,3212,-1,3212,3236,3237,-1,3212,3237,3213,-1,3213,3237,3238,-1,3213,3238,3214,-1,3214,3238,3239,-1,3214,3239,3215,-1,3215,3239,3240,-1,3215,3240,3216,-1,3216,3240,3241,-1,3216,3241,3217,-1,3217,3241,3242,-1,3217,3242,3218,-1,3218,3242,3243,-1,3218,3243,3219,-1,3219,3243,3244,-1,3219,3244,3220,-1,3220,3244,3245,-1,3220,3245,3221,-1,3221,3245,3246,-1,3221,3246,3222,-1,3222,3246,3247,-1,3222,3247,3223,-1,3223,3247,3248,-1,3223,3248,3224,-1,3224,3248,3249,-1,3224,3249,3225,-1,3225,3249,3250,-1,3225,3250,3226,-1,3226,3250,3251,-1,3226,3251,3227,-1,3227,3251,3252,-1,3227,3252,3228,-1,3228,3252,3253,-1,3228,3253,3229,-1,3229,3253,3230,-1,3253,3254,3230,-1,3230,3254,3255,-1,3230,3255,3231,-1,3231,3255,3256,-1,3231,3256,3232,-1,3232,3256,3257,-1,3232,3257,3233,-1,3233,3257,3258,-1,3233,3258,3234,-1,3234,3258,3259,-1,3234,3259,3235,-1,3235,3259,3260,-1,3235,3260,3236,-1,3236,3260,3261,-1,3236,3261,3237,-1,3237,3261,3262,-1,3237,3262,3238,-1,3238,3262,3263,-1,3238,3263,3239,-1,3239,3263,3264,-1,3239,3264,3240,-1,3240,3264,3265,-1,3240,3265,3241,-1,3241,3265,3266,-1,3241,3266,3242,-1,3242,3266,3267,-1,3242,3267,3243,-1,3243,3267,3268,-1,3243,3268,3244,-1,3244,3268,3269,-1,3244,3269,3245,-1,3245,3269,3270,-1,3245,3270,3246,-1,3246,3270,3271,-1,3246,3271,3247,-1,3247,3271,3272,-1,3247,3272,3248,-1,3248,3272,3273,-1,3248,3273,3249,-1,3249,3273,3274,-1,3249,3274,3250,-1,3250,3274,3275,-1,3250,3275,3251,-1,3251,3275,3276,-1,3251,3276,3252,-1,3252,3276,3277,-1,3252,3277,3253,-1,3253,3277,3254,-1,3277,3278,3254,-1,3254,3278,3279,-1,3254,3279,3255,-1,3255,3279,3280,-1,3255,3280,3256,-1,3256,3280,3281,-1,3256,3281,3257,-1,3257,3281,3282,-1,3257,3282,3258,-1,3258,3282,3283,-1,3258,3283,3259,-1,3259,3283,3284,-1,3259,3284,3260,-1,3260,3284,3285,-1,3260,3285,3261,-1,3261,3285,3286,-1,3261,3286,3262,-1,3262,3286,3287,-1,3262,3287,3263,-1,3263,3287,3288,-1,3263,3288,3264,-1,3264,3288,3289,-1,3264,3289,3265,-1,3265,3289,3290,-1,3265,3290,3266,-1,3266,3290,3291,-1,3266,3291,3267,-1,3267,3291,3292,-1,3267,3292,3268,-1,3268,3292,3293,-1,3268,3293,3269,-1,3269,3293,3294,-1,3269,3294,3270,-1,3270,3294,3295,-1,3270,3295,3271,-1,3271,3295,3296,-1,3271,3296,3272,-1,3272,3296,3297,-1,3272,3297,3273,-1,3273,3297,3298,-1,3273,3298,3274,-1,3274,3298,3299,-1,3274,3299,3275,-1,3275,3299,3300,-1,3275,3300,3276,-1,3276,3300,3301,-1,3276,3301,3277,-1,3277,3301,3278,-1,3301,3302,3278,-1,3278,3302,3303,-1,3278,3303,3279,-1,3279,3303,3304,-1,3279,3304,3280,-1,3280,3304,3305,-1,3280,3305,3281,-1,3281,3305,3306,-1,3281,3306,3282,-1,3282,3306,3307,-1,3282,3307,3283,-1,3283,3307,3308,-1,3283,3308,3284,-1,3284,3308,3309,-1,3284,3309,3285,-1,3285,3309,3310,-1,3285,3310,3286,-1,3286,3310,3311,-1,3286,3311,3287,-1,3287,3311,3312,-1,3287,3312,3288,-1,3288,3312,3313,-1,3288,3313,3289,-1,3289,3313,3314,-1,3289,3314,3290,-1,3290,3314,3315,-1,3290,3315,3291,-1,3291,3315,3316,-1,3291,3316,3292,-1,3292,3316,3317,-1,3292,3317,3293,-1,3293,3317,3318,-1,3293,3318,3294,-1,3294,3318,3319,-1,3294,3319,3295,-1,3295,3319,3320,-1,3295,3320,3296,-1,3296,3320,3321,-1,3296,3321,3297,-1,3297,3321,3322,-1,3297,3322,3298,-1,3298,3322,3323,-1,3298,3323,3299,-1,3299,3323,3324,-1,3299,3324,3300,-1,3300,3324,3325,-1,3300,3325,3301,-1,3301,3325,3302,-1,3325,1520,3302,-1,3302,1520,1519,-1,3302,1519,3303,-1,3303,1519,1526,-1,3303,1526,3304,-1,3304,1526,1525,-1,3304,1525,3305,-1,3305,1525,1524,-1,3305,1524,3306,-1,3306,1524,1529,-1,3306,1529,3307,-1,3307,1529,1528,-1,3307,1528,3308,-1,3308,1528,1527,-1,3308,1527,3309,-1,3309,1527,1532,-1,3309,1532,3310,-1,3310,1532,1531,-1,3310,1531,3311,-1,3311,1531,1530,-1,3311,1530,3312,-1,3312,1530,1535,-1,3312,1535,3313,-1,3313,1535,1534,-1,3313,1534,3314,-1,3314,1534,1533,-1,3314,1533,3315,-1,3315,1533,1538,-1,3315,1538,3316,-1,3316,1538,1537,-1,3316,1537,3317,-1,3317,1537,1536,-1,3317,1536,3318,-1,3318,1536,1541,-1,3318,1541,3319,-1,3319,1541,1540,-1,3319,1540,3320,-1,3320,1540,1539,-1,3320,1539,3321,-1,3321,1539,1543,-1,3321,1543,3322,-1,3322,1543,1542,-1,3322,1542,3323,-1,3323,1542,1523,-1,3323,1523,3324,-1,3324,1523,1522,-1,3324,1522,3325,-1,3325,1522,1520,-1,1989,3326,1988,-1,1988,3326,3327,-1,1988,3327,1987,-1,1987,3327,3328,-1,1987,3328,1986,-1,1986,3328,3329,-1,1986,3329,1985,-1,1985,3329,3330,-1,1985,3330,1984,-1,1984,3330,3331,-1,1984,3331,1983,-1,1983,3331,3332,-1,1983,3332,1982,-1,1982,3332,3333,-1,1982,3333,1981,-1,1981,3333,3334,-1,1981,3334,1980,-1,1980,3334,3335,-1,1980,3335,1979,-1,1979,3335,3336,-1,1979,3336,1978,-1,1978,3336,3337,-1,1978,3337,1977,-1,1977,3337,3338,-1,1977,3338,2000,-1,2000,3338,3339,-1,2000,3339,1999,-1,1999,3339,3340,-1,1999,3340,1998,-1,1998,3340,3341,-1,1998,3341,1997,-1,1997,3341,3342,-1,1997,3342,1996,-1,1996,3342,3343,-1,1996,3343,1995,-1,1995,3343,3344,-1,1995,3344,1994,-1,1994,3344,3345,-1,1994,3345,1993,-1,1993,3345,3346,-1,1993,3346,1992,-1,1992,3346,3347,-1,1992,3347,1991,-1,1991,3347,3348,-1,1991,3348,1990,-1,1990,3348,3349,-1,1990,3349,1989,-1,1989,3349,3326,-1,3349,3350,3326,-1,3326,3350,3351,-1,3326,3351,3327,-1,3327,3351,3352,-1,3327,3352,3328,-1,3328,3352,3353,-1,3328,3353,3329,-1,3329,3353,3354,-1,3329,3354,3330,-1,3330,3354,3355,-1,3330,3355,3331,-1,3331,3355,3356,-1,3331,3356,3332,-1,3332,3356,3357,-1,3332,3357,3333,-1,3333,3357,3358,-1,3333,3358,3334,-1,3334,3358,3359,-1,3334,3359,3335,-1,3335,3359,3360,-1,3335,3360,3336,-1,3336,3360,3361,-1,3336,3361,3337,-1,3337,3361,3362,-1,3337,3362,3338,-1,3338,3362,3363,-1,3338,3363,3339,-1,3339,3363,3364,-1,3339,3364,3340,-1,3340,3364,3365,-1,3340,3365,3341,-1,3341,3365,3366,-1,3341,3366,3342,-1,3342,3366,3367,-1,3342,3367,3343,-1,3343,3367,3368,-1,3343,3368,3344,-1,3344,3368,3369,-1,3344,3369,3345,-1,3345,3369,3370,-1,3345,3370,3346,-1,3346,3370,3371,-1,3346,3371,3347,-1,3347,3371,3372,-1,3347,3372,3348,-1,3348,3372,3373,-1,3348,3373,3349,-1,3349,3373,3350,-1,3373,3374,3350,-1,3350,3374,3375,-1,3350,3375,3351,-1,3351,3375,3376,-1,3351,3376,3352,-1,3352,3376,3377,-1,3352,3377,3353,-1,3353,3377,3378,-1,3353,3378,3354,-1,3354,3378,3379,-1,3354,3379,3355,-1,3355,3379,3380,-1,3355,3380,3356,-1,3356,3380,3381,-1,3356,3381,3357,-1,3357,3381,3382,-1,3357,3382,3358,-1,3358,3382,3383,-1,3358,3383,3359,-1,3359,3383,3384,-1,3359,3384,3360,-1,3360,3384,3385,-1,3360,3385,3361,-1,3361,3385,3386,-1,3361,3386,3362,-1,3362,3386,3387,-1,3362,3387,3363,-1,3363,3387,3388,-1,3363,3388,3364,-1,3364,3388,3389,-1,3364,3389,3365,-1,3365,3389,3390,-1,3365,3390,3366,-1,3366,3390,3391,-1,3366,3391,3367,-1,3367,3391,3392,-1,3367,3392,3368,-1,3368,3392,3393,-1,3368,3393,3369,-1,3369,3393,3394,-1,3369,3394,3370,-1,3370,3394,3395,-1,3370,3395,3371,-1,3371,3395,3396,-1,3371,3396,3372,-1,3372,3396,3397,-1,3372,3397,3373,-1,3373,3397,3374,-1,3397,3398,3374,-1,3374,3398,3399,-1,3374,3399,3375,-1,3375,3399,3400,-1,3375,3400,3376,-1,3376,3400,3401,-1,3376,3401,3377,-1,3377,3401,3402,-1,3377,3402,3378,-1,3378,3402,3403,-1,3378,3403,3379,-1,3379,3403,3404,-1,3379,3404,3380,-1,3380,3404,3405,-1,3380,3405,3381,-1,3381,3405,3406,-1,3381,3406,3382,-1,3382,3406,3407,-1,3382,3407,3383,-1,3383,3407,3408,-1,3383,3408,3384,-1,3384,3408,3409,-1,3384,3409,3385,-1,3385,3409,3410,-1,3385,3410,3386,-1,3386,3410,3411,-1,3386,3411,3387,-1,3387,3411,3412,-1,3387,3412,3388,-1,3388,3412,3413,-1,3388,3413,3389,-1,3389,3413,3414,-1,3389,3414,3390,-1,3390,3414,3415,-1,3390,3415,3391,-1,3391,3415,3416,-1,3391,3416,3392,-1,3392,3416,3417,-1,3392,3417,3393,-1,3393,3417,3418,-1,3393,3418,3394,-1,3394,3418,3419,-1,3394,3419,3395,-1,3395,3419,3420,-1,3395,3420,3396,-1,3396,3420,3421,-1,3396,3421,3397,-1,3397,3421,3398,-1,3421,3422,3398,-1,3398,3422,3423,-1,3398,3423,3399,-1,3399,3423,3424,-1,3399,3424,3400,-1,3400,3424,3425,-1,3400,3425,3401,-1,3401,3425,3426,-1,3401,3426,3402,-1,3402,3426,3427,-1,3402,3427,3403,-1,3403,3427,3428,-1,3403,3428,3404,-1,3404,3428,3429,-1,3404,3429,3405,-1,3405,3429,3430,-1,3405,3430,3406,-1,3406,3430,3431,-1,3406,3431,3407,-1,3407,3431,3432,-1,3407,3432,3408,-1,3408,3432,3433,-1,3408,3433,3409,-1,3409,3433,3434,-1,3409,3434,3410,-1,3410,3434,3435,-1,3410,3435,3411,-1,3411,3435,3436,-1,3411,3436,3412,-1,3412,3436,3437,-1,3412,3437,3413,-1,3413,3437,3438,-1,3413,3438,3414,-1,3414,3438,3439,-1,3414,3439,3415,-1,3415,3439,3440,-1,3415,3440,3416,-1,3416,3440,3441,-1,3416,3441,3417,-1,3417,3441,3442,-1,3417,3442,3418,-1,3418,3442,3443,-1,3418,3443,3419,-1,3419,3443,3444,-1,3419,3444,3420,-1,3420,3444,3445,-1,3420,3445,3421,-1,3421,3445,3422,-1,3445,1761,3422,-1,3422,1761,1760,-1,3422,1760,3423,-1,3423,1760,1767,-1,3423,1767,3424,-1,3424,1767,1766,-1,3424,1766,3425,-1,3425,1766,1765,-1,3425,1765,3426,-1,3426,1765,1770,-1,3426,1770,3427,-1,3427,1770,1769,-1,3427,1769,3428,-1,3428,1769,1768,-1,3428,1768,3429,-1,3429,1768,1773,-1,3429,1773,3430,-1,3430,1773,1772,-1,3430,1772,3431,-1,3431,1772,1771,-1,3431,1771,3432,-1,3432,1771,1776,-1,3432,1776,3433,-1,3433,1776,1775,-1,3433,1775,3434,-1,3434,1775,1774,-1,3434,1774,3435,-1,3435,1774,1779,-1,3435,1779,3436,-1,3436,1779,1778,-1,3436,1778,3437,-1,3437,1778,1777,-1,3437,1777,3438,-1,3438,1777,1782,-1,3438,1782,3439,-1,3439,1782,1781,-1,3439,1781,3440,-1,3440,1781,1780,-1,3440,1780,3441,-1,3441,1780,1784,-1,3441,1784,3442,-1,3442,1784,1783,-1,3442,1783,3443,-1,3443,1783,1764,-1,3443,1764,3444,-1,3444,1764,1763,-1,3444,1763,3445,-1,3445,1763,1761,-1,2230,3446,2229,-1,2229,3446,3447,-1,2229,3447,2228,-1,2228,3447,3448,-1,2228,3448,2227,-1,2227,3448,3449,-1,2227,3449,2226,-1,2226,3449,3450,-1,2226,3450,2225,-1,2225,3450,3451,-1,2225,3451,2224,-1,2224,3451,3452,-1,2224,3452,2223,-1,2223,3452,3453,-1,2223,3453,2222,-1,2222,3453,3454,-1,2222,3454,2221,-1,2221,3454,3455,-1,2221,3455,2220,-1,2220,3455,3456,-1,2220,3456,2219,-1,2219,3456,3457,-1,2219,3457,2218,-1,2218,3457,3458,-1,2218,3458,2241,-1,2241,3458,3459,-1,2241,3459,2240,-1,2240,3459,3460,-1,2240,3460,2239,-1,2239,3460,3461,-1,2239,3461,2238,-1,2238,3461,3462,-1,2238,3462,2237,-1,2237,3462,3463,-1,2237,3463,2236,-1,2236,3463,3464,-1,2236,3464,2235,-1,2235,3464,3465,-1,2235,3465,2234,-1,2234,3465,3466,-1,2234,3466,2233,-1,2233,3466,3467,-1,2233,3467,2232,-1,2232,3467,3468,-1,2232,3468,2231,-1,2231,3468,3469,-1,2231,3469,2230,-1,2230,3469,3446,-1,3469,3470,3446,-1,3446,3470,3471,-1,3446,3471,3447,-1,3447,3471,3472,-1,3447,3472,3448,-1,3448,3472,3473,-1,3448,3473,3449,-1,3449,3473,3474,-1,3449,3474,3450,-1,3450,3474,3475,-1,3450,3475,3451,-1,3451,3475,3476,-1,3451,3476,3452,-1,3452,3476,3477,-1,3452,3477,3453,-1,3453,3477,3478,-1,3453,3478,3454,-1,3454,3478,3479,-1,3454,3479,3455,-1,3455,3479,3480,-1,3455,3480,3456,-1,3456,3480,3481,-1,3456,3481,3457,-1,3457,3481,3482,-1,3457,3482,3458,-1,3458,3482,3483,-1,3458,3483,3459,-1,3459,3483,3484,-1,3459,3484,3460,-1,3460,3484,3485,-1,3460,3485,3461,-1,3461,3485,3486,-1,3461,3486,3462,-1,3462,3486,3487,-1,3462,3487,3463,-1,3463,3487,3488,-1,3463,3488,3464,-1,3464,3488,3489,-1,3464,3489,3465,-1,3465,3489,3490,-1,3465,3490,3466,-1,3466,3490,3491,-1,3466,3491,3467,-1,3467,3491,3492,-1,3467,3492,3468,-1,3468,3492,3493,-1,3468,3493,3469,-1,3469,3493,3470,-1,3493,3494,3470,-1,3470,3494,3495,-1,3470,3495,3471,-1,3471,3495,3496,-1,3471,3496,3472,-1,3472,3496,3497,-1,3472,3497,3473,-1,3473,3497,3498,-1,3473,3498,3474,-1,3474,3498,3499,-1,3474,3499,3475,-1,3475,3499,3500,-1,3475,3500,3476,-1,3476,3500,3501,-1,3476,3501,3477,-1,3477,3501,3502,-1,3477,3502,3478,-1,3478,3502,3503,-1,3478,3503,3479,-1,3479,3503,3504,-1,3479,3504,3480,-1,3480,3504,3505,-1,3480,3505,3481,-1,3481,3505,3506,-1,3481,3506,3482,-1,3482,3506,3507,-1,3482,3507,3483,-1,3483,3507,3508,-1,3483,3508,3484,-1,3484,3508,3509,-1,3484,3509,3485,-1,3485,3509,3510,-1,3485,3510,3486,-1,3486,3510,3511,-1,3486,3511,3487,-1,3487,3511,3512,-1,3487,3512,3488,-1,3488,3512,3513,-1,3488,3513,3489,-1,3489,3513,3514,-1,3489,3514,3490,-1,3490,3514,3515,-1,3490,3515,3491,-1,3491,3515,3516,-1,3491,3516,3492,-1,3492,3516,3517,-1,3492,3517,3493,-1,3493,3517,3494,-1,3517,3518,3494,-1,3494,3518,3519,-1,3494,3519,3495,-1,3495,3519,3520,-1,3495,3520,3496,-1,3496,3520,3521,-1,3496,3521,3497,-1,3497,3521,3522,-1,3497,3522,3498,-1,3498,3522,3523,-1,3498,3523,3499,-1,3499,3523,3524,-1,3499,3524,3500,-1,3500,3524,3525,-1,3500,3525,3501,-1,3501,3525,3526,-1,3501,3526,3502,-1,3502,3526,3527,-1,3502,3527,3503,-1,3503,3527,3528,-1,3503,3528,3504,-1,3504,3528,3529,-1,3504,3529,3505,-1,3505,3529,3530,-1,3505,3530,3506,-1,3506,3530,3531,-1,3506,3531,3507,-1,3507,3531,3532,-1,3507,3532,3508,-1,3508,3532,3533,-1,3508,3533,3509,-1,3509,3533,3534,-1,3509,3534,3510,-1,3510,3534,3535,-1,3510,3535,3511,-1,3511,3535,3536,-1,3511,3536,3512,-1,3512,3536,3537,-1,3512,3537,3513,-1,3513,3537,3538,-1,3513,3538,3514,-1,3514,3538,3539,-1,3514,3539,3515,-1,3515,3539,3540,-1,3515,3540,3516,-1,3516,3540,3541,-1,3516,3541,3517,-1,3517,3541,3518,-1,3541,3542,3518,-1,3518,3542,3543,-1,3518,3543,3519,-1,3519,3543,3544,-1,3519,3544,3520,-1,3520,3544,3545,-1,3520,3545,3521,-1,3521,3545,3546,-1,3521,3546,3522,-1,3522,3546,3547,-1,3522,3547,3523,-1,3523,3547,3548,-1,3523,3548,3524,-1,3524,3548,3549,-1,3524,3549,3525,-1,3525,3549,3550,-1,3525,3550,3526,-1,3526,3550,3551,-1,3526,3551,3527,-1,3527,3551,3552,-1,3527,3552,3528,-1,3528,3552,3553,-1,3528,3553,3529,-1,3529,3553,3554,-1,3529,3554,3530,-1,3530,3554,3555,-1,3530,3555,3531,-1,3531,3555,3556,-1,3531,3556,3532,-1,3532,3556,3557,-1,3532,3557,3533,-1,3533,3557,3558,-1,3533,3558,3534,-1,3534,3558,3559,-1,3534,3559,3535,-1,3535,3559,3560,-1,3535,3560,3536,-1,3536,3560,3561,-1,3536,3561,3537,-1,3537,3561,3562,-1,3537,3562,3538,-1,3538,3562,3563,-1,3538,3563,3539,-1,3539,3563,3564,-1,3539,3564,3540,-1,3540,3564,3565,-1,3540,3565,3541,-1,3541,3565,3542,-1,3565,2002,3542,-1,3542,2002,2001,-1,3542,2001,3543,-1,3543,2001,2008,-1,3543,2008,3544,-1,3544,2008,2007,-1,3544,2007,3545,-1,3545,2007,2006,-1,3545,2006,3546,-1,3546,2006,2011,-1,3546,2011,3547,-1,3547,2011,2010,-1,3547,2010,3548,-1,3548,2010,2009,-1,3548,2009,3549,-1,3549,2009,2014,-1,3549,2014,3550,-1,3550,2014,2013,-1,3550,2013,3551,-1,3551,2013,2012,-1,3551,2012,3552,-1,3552,2012,2017,-1,3552,2017,3553,-1,3553,2017,2016,-1,3553,2016,3554,-1,3554,2016,2015,-1,3554,2015,3555,-1,3555,2015,2020,-1,3555,2020,3556,-1,3556,2020,2019,-1,3556,2019,3557,-1,3557,2019,2018,-1,3557,2018,3558,-1,3558,2018,2023,-1,3558,2023,3559,-1,3559,2023,2022,-1,3559,2022,3560,-1,3560,2022,2021,-1,3560,2021,3561,-1,3561,2021,2025,-1,3561,2025,3562,-1,3562,2025,2024,-1,3562,2024,3563,-1,3563,2024,2005,-1,3563,2005,3564,-1,3564,2005,2004,-1,3564,2004,3565,-1,3565,2004,2002,-1,2471,3566,2470,-1,2470,3566,3567,-1,2470,3567,2469,-1,2469,3567,3568,-1,2469,3568,2468,-1,2468,3568,3569,-1,2468,3569,2467,-1,2467,3569,3570,-1,2467,3570,2466,-1,2466,3570,3571,-1,2466,3571,2465,-1,2465,3571,3572,-1,2465,3572,2464,-1,2464,3572,3573,-1,2464,3573,2463,-1,2463,3573,3574,-1,2463,3574,2462,-1,2462,3574,3575,-1,2462,3575,2461,-1,2461,3575,3576,-1,2461,3576,2460,-1,2460,3576,3577,-1,2460,3577,2459,-1,2459,3577,3578,-1,2459,3578,2482,-1,2482,3578,3579,-1,2482,3579,2481,-1,2481,3579,3580,-1,2481,3580,2480,-1,2480,3580,3581,-1,2480,3581,2479,-1,2479,3581,3582,-1,2479,3582,2478,-1,2478,3582,3583,-1,2478,3583,2477,-1,2477,3583,3584,-1,2477,3584,2476,-1,2476,3584,3585,-1,2476,3585,2475,-1,2475,3585,3586,-1,2475,3586,2474,-1,2474,3586,3587,-1,2474,3587,2473,-1,2473,3587,3588,-1,2473,3588,2472,-1,2472,3588,3589,-1,2472,3589,2471,-1,2471,3589,3566,-1,3589,3590,3566,-1,3566,3590,3591,-1,3566,3591,3567,-1,3567,3591,3592,-1,3567,3592,3568,-1,3568,3592,3593,-1,3568,3593,3569,-1,3569,3593,3594,-1,3569,3594,3570,-1,3570,3594,3595,-1,3570,3595,3571,-1,3571,3595,3596,-1,3571,3596,3572,-1,3572,3596,3597,-1,3572,3597,3573,-1,3573,3597,3598,-1,3573,3598,3574,-1,3574,3598,3599,-1,3574,3599,3575,-1,3575,3599,3600,-1,3575,3600,3576,-1,3576,3600,3601,-1,3576,3601,3577,-1,3577,3601,3602,-1,3577,3602,3578,-1,3578,3602,3603,-1,3578,3603,3579,-1,3579,3603,3604,-1,3579,3604,3580,-1,3580,3604,3605,-1,3580,3605,3581,-1,3581,3605,3606,-1,3581,3606,3582,-1,3582,3606,3607,-1,3582,3607,3583,-1,3583,3607,3608,-1,3583,3608,3584,-1,3584,3608,3609,-1,3584,3609,3585,-1,3585,3609,3610,-1,3585,3610,3586,-1,3586,3610,3611,-1,3586,3611,3587,-1,3587,3611,3612,-1,3587,3612,3588,-1,3588,3612,3613,-1,3588,3613,3589,-1,3589,3613,3590,-1,3613,3614,3590,-1,3590,3614,3615,-1,3590,3615,3591,-1,3591,3615,3616,-1,3591,3616,3592,-1,3592,3616,3617,-1,3592,3617,3593,-1,3593,3617,3618,-1,3593,3618,3594,-1,3594,3618,3619,-1,3594,3619,3595,-1,3595,3619,3620,-1,3595,3620,3596,-1,3596,3620,3621,-1,3596,3621,3597,-1,3597,3621,3622,-1,3597,3622,3598,-1,3598,3622,3623,-1,3598,3623,3599,-1,3599,3623,3624,-1,3599,3624,3600,-1,3600,3624,3625,-1,3600,3625,3601,-1,3601,3625,3626,-1,3601,3626,3602,-1,3602,3626,3627,-1,3602,3627,3603,-1,3603,3627,3628,-1,3603,3628,3604,-1,3604,3628,3629,-1,3604,3629,3605,-1,3605,3629,3630,-1,3605,3630,3606,-1,3606,3630,3631,-1,3606,3631,3607,-1,3607,3631,3632,-1,3607,3632,3608,-1,3608,3632,3633,-1,3608,3633,3609,-1,3609,3633,3634,-1,3609,3634,3610,-1,3610,3634,3635,-1,3610,3635,3611,-1,3611,3635,3636,-1,3611,3636,3612,-1,3612,3636,3637,-1,3612,3637,3613,-1,3613,3637,3614,-1,3637,3638,3614,-1,3614,3638,3639,-1,3614,3639,3615,-1,3615,3639,3640,-1,3615,3640,3616,-1,3616,3640,3641,-1,3616,3641,3617,-1,3617,3641,3642,-1,3617,3642,3618,-1,3618,3642,3643,-1,3618,3643,3619,-1,3619,3643,3644,-1,3619,3644,3620,-1,3620,3644,3645,-1,3620,3645,3621,-1,3621,3645,3646,-1,3621,3646,3622,-1,3622,3646,3647,-1,3622,3647,3623,-1,3623,3647,3648,-1,3623,3648,3624,-1,3624,3648,3649,-1,3624,3649,3625,-1,3625,3649,3650,-1,3625,3650,3626,-1,3626,3650,3651,-1,3626,3651,3627,-1,3627,3651,3652,-1,3627,3652,3628,-1,3628,3652,3653,-1,3628,3653,3629,-1,3629,3653,3654,-1,3629,3654,3630,-1,3630,3654,3655,-1,3630,3655,3631,-1,3631,3655,3656,-1,3631,3656,3632,-1,3632,3656,3657,-1,3632,3657,3633,-1,3633,3657,3658,-1,3633,3658,3634,-1,3634,3658,3659,-1,3634,3659,3635,-1,3635,3659,3660,-1,3635,3660,3636,-1,3636,3660,3661,-1,3636,3661,3637,-1,3637,3661,3638,-1,3661,3662,3638,-1,3638,3662,3663,-1,3638,3663,3639,-1,3639,3663,3664,-1,3639,3664,3640,-1,3640,3664,3665,-1,3640,3665,3641,-1,3641,3665,3666,-1,3641,3666,3642,-1,3642,3666,3667,-1,3642,3667,3643,-1,3643,3667,3668,-1,3643,3668,3644,-1,3644,3668,3669,-1,3644,3669,3645,-1,3645,3669,3670,-1,3645,3670,3646,-1,3646,3670,3671,-1,3646,3671,3647,-1,3647,3671,3672,-1,3647,3672,3648,-1,3648,3672,3673,-1,3648,3673,3649,-1,3649,3673,3674,-1,3649,3674,3650,-1,3650,3674,3675,-1,3650,3675,3651,-1,3651,3675,3676,-1,3651,3676,3652,-1,3652,3676,3677,-1,3652,3677,3653,-1,3653,3677,3678,-1,3653,3678,3654,-1,3654,3678,3679,-1,3654,3679,3655,-1,3655,3679,3680,-1,3655,3680,3656,-1,3656,3680,3681,-1,3656,3681,3657,-1,3657,3681,3682,-1,3657,3682,3658,-1,3658,3682,3683,-1,3658,3683,3659,-1,3659,3683,3684,-1,3659,3684,3660,-1,3660,3684,3685,-1,3660,3685,3661,-1,3661,3685,3662,-1,3685,2243,3662,-1,3662,2243,2242,-1,3662,2242,3663,-1,3663,2242,2249,-1,3663,2249,3664,-1,3664,2249,2248,-1,3664,2248,3665,-1,3665,2248,2247,-1,3665,2247,3666,-1,3666,2247,2252,-1,3666,2252,3667,-1,3667,2252,2251,-1,3667,2251,3668,-1,3668,2251,2250,-1,3668,2250,3669,-1,3669,2250,2255,-1,3669,2255,3670,-1,3670,2255,2254,-1,3670,2254,3671,-1,3671,2254,2253,-1,3671,2253,3672,-1,3672,2253,2258,-1,3672,2258,3673,-1,3673,2258,2257,-1,3673,2257,3674,-1,3674,2257,2256,-1,3674,2256,3675,-1,3675,2256,2261,-1,3675,2261,3676,-1,3676,2261,2260,-1,3676,2260,3677,-1,3677,2260,2259,-1,3677,2259,3678,-1,3678,2259,2264,-1,3678,2264,3679,-1,3679,2264,2263,-1,3679,2263,3680,-1,3680,2263,2262,-1,3680,2262,3681,-1,3681,2262,2266,-1,3681,2266,3682,-1,3682,2266,2265,-1,3682,2265,3683,-1,3683,2265,2246,-1,3683,2246,3684,-1,3684,2246,2245,-1,3684,2245,3685,-1,3685,2245,2243,-1,2712,3686,2711,-1,2711,3686,3687,-1,2711,3687,2710,-1,2710,3687,3688,-1,2710,3688,2709,-1,2709,3688,3689,-1,2709,3689,2708,-1,2708,3689,3690,-1,2708,3690,2707,-1,2707,3690,3691,-1,2707,3691,2706,-1,2706,3691,3692,-1,2706,3692,2705,-1,2705,3692,3693,-1,2705,3693,2704,-1,2704,3693,3694,-1,2704,3694,2703,-1,2703,3694,3695,-1,2703,3695,2702,-1,2702,3695,3696,-1,2702,3696,2701,-1,2701,3696,3697,-1,2701,3697,2700,-1,2700,3697,3698,-1,2700,3698,2723,-1,2723,3698,3699,-1,2723,3699,2722,-1,2722,3699,3700,-1,2722,3700,2721,-1,2721,3700,3701,-1,2721,3701,2720,-1,2720,3701,3702,-1,2720,3702,2719,-1,2719,3702,3703,-1,2719,3703,2718,-1,2718,3703,3704,-1,2718,3704,2717,-1,2717,3704,3705,-1,2717,3705,2716,-1,2716,3705,3706,-1,2716,3706,2715,-1,2715,3706,3707,-1,2715,3707,2714,-1,2714,3707,3708,-1,2714,3708,2713,-1,2713,3708,3709,-1,2713,3709,2712,-1,2712,3709,3686,-1,3709,3710,3686,-1,3686,3710,3711,-1,3686,3711,3687,-1,3687,3711,3712,-1,3687,3712,3688,-1,3688,3712,3713,-1,3688,3713,3689,-1,3689,3713,3714,-1,3689,3714,3690,-1,3690,3714,3715,-1,3690,3715,3691,-1,3691,3715,3716,-1,3691,3716,3692,-1,3692,3716,3717,-1,3692,3717,3693,-1,3693,3717,3718,-1,3693,3718,3694,-1,3694,3718,3719,-1,3694,3719,3695,-1,3695,3719,3720,-1,3695,3720,3696,-1,3696,3720,3721,-1,3696,3721,3697,-1,3697,3721,3722,-1,3697,3722,3698,-1,3698,3722,3723,-1,3698,3723,3699,-1,3699,3723,3724,-1,3699,3724,3700,-1,3700,3724,3725,-1,3700,3725,3701,-1,3701,3725,3726,-1,3701,3726,3702,-1,3702,3726,3727,-1,3702,3727,3703,-1,3703,3727,3728,-1,3703,3728,3704,-1,3704,3728,3729,-1,3704,3729,3705,-1,3705,3729,3730,-1,3705,3730,3706,-1,3706,3730,3731,-1,3706,3731,3707,-1,3707,3731,3732,-1,3707,3732,3708,-1,3708,3732,3733,-1,3708,3733,3709,-1,3709,3733,3710,-1,3733,3734,3710,-1,3710,3734,3735,-1,3710,3735,3711,-1,3711,3735,3736,-1,3711,3736,3712,-1,3712,3736,3737,-1,3712,3737,3713,-1,3713,3737,3738,-1,3713,3738,3714,-1,3714,3738,3739,-1,3714,3739,3715,-1,3715,3739,3740,-1,3715,3740,3716,-1,3716,3740,3741,-1,3716,3741,3717,-1,3717,3741,3742,-1,3717,3742,3718,-1,3718,3742,3743,-1,3718,3743,3719,-1,3719,3743,3744,-1,3719,3744,3720,-1,3720,3744,3745,-1,3720,3745,3721,-1,3721,3745,3746,-1,3721,3746,3722,-1,3722,3746,3747,-1,3722,3747,3723,-1,3723,3747,3748,-1,3723,3748,3724,-1,3724,3748,3749,-1,3724,3749,3725,-1,3725,3749,3750,-1,3725,3750,3726,-1,3726,3750,3751,-1,3726,3751,3727,-1,3727,3751,3752,-1,3727,3752,3728,-1,3728,3752,3753,-1,3728,3753,3729,-1,3729,3753,3754,-1,3729,3754,3730,-1,3730,3754,3755,-1,3730,3755,3731,-1,3731,3755,3756,-1,3731,3756,3732,-1,3732,3756,3757,-1,3732,3757,3733,-1,3733,3757,3734,-1,3757,3758,3734,-1,3734,3758,3759,-1,3734,3759,3735,-1,3735,3759,3760,-1,3735,3760,3736,-1,3736,3760,3761,-1,3736,3761,3737,-1,3737,3761,3762,-1,3737,3762,3738,-1,3738,3762,3763,-1,3738,3763,3739,-1,3739,3763,3764,-1,3739,3764,3740,-1,3740,3764,3765,-1,3740,3765,3741,-1,3741,3765,3766,-1,3741,3766,3742,-1,3742,3766,3767,-1,3742,3767,3743,-1,3743,3767,3768,-1,3743,3768,3744,-1,3744,3768,3769,-1,3744,3769,3745,-1,3745,3769,3770,-1,3745,3770,3746,-1,3746,3770,3771,-1,3746,3771,3747,-1,3747,3771,3772,-1,3747,3772,3748,-1,3748,3772,3773,-1,3748,3773,3749,-1,3749,3773,3774,-1,3749,3774,3750,-1,3750,3774,3775,-1,3750,3775,3751,-1,3751,3775,3776,-1,3751,3776,3752,-1,3752,3776,3777,-1,3752,3777,3753,-1,3753,3777,3778,-1,3753,3778,3754,-1,3754,3778,3779,-1,3754,3779,3755,-1,3755,3779,3780,-1,3755,3780,3756,-1,3756,3780,3781,-1,3756,3781,3757,-1,3757,3781,3758,-1,3781,3782,3758,-1,3758,3782,3783,-1,3758,3783,3759,-1,3759,3783,3784,-1,3759,3784,3760,-1,3760,3784,3785,-1,3760,3785,3761,-1,3761,3785,3786,-1,3761,3786,3762,-1,3762,3786,3787,-1,3762,3787,3763,-1,3763,3787,3788,-1,3763,3788,3764,-1,3764,3788,3789,-1,3764,3789,3765,-1,3765,3789,3790,-1,3765,3790,3766,-1,3766,3790,3791,-1,3766,3791,3767,-1,3767,3791,3792,-1,3767,3792,3768,-1,3768,3792,3793,-1,3768,3793,3769,-1,3769,3793,3794,-1,3769,3794,3770,-1,3770,3794,3795,-1,3770,3795,3771,-1,3771,3795,3796,-1,3771,3796,3772,-1,3772,3796,3797,-1,3772,3797,3773,-1,3773,3797,3798,-1,3773,3798,3774,-1,3774,3798,3799,-1,3774,3799,3775,-1,3775,3799,3800,-1,3775,3800,3776,-1,3776,3800,3801,-1,3776,3801,3777,-1,3777,3801,3802,-1,3777,3802,3778,-1,3778,3802,3803,-1,3778,3803,3779,-1,3779,3803,3804,-1,3779,3804,3780,-1,3780,3804,3805,-1,3780,3805,3781,-1,3781,3805,3782,-1,3805,2484,3782,-1,3782,2484,2483,-1,3782,2483,3783,-1,3783,2483,2490,-1,3783,2490,3784,-1,3784,2490,2489,-1,3784,2489,3785,-1,3785,2489,2488,-1,3785,2488,3786,-1,3786,2488,2493,-1,3786,2493,3787,-1,3787,2493,2492,-1,3787,2492,3788,-1,3788,2492,2491,-1,3788,2491,3789,-1,3789,2491,2496,-1,3789,2496,3790,-1,3790,2496,2495,-1,3790,2495,3791,-1,3791,2495,2494,-1,3791,2494,3792,-1,3792,2494,2499,-1,3792,2499,3793,-1,3793,2499,2498,-1,3793,2498,3794,-1,3794,2498,2497,-1,3794,2497,3795,-1,3795,2497,2502,-1,3795,2502,3796,-1,3796,2502,2501,-1,3796,2501,3797,-1,3797,2501,2500,-1,3797,2500,3798,-1,3798,2500,2505,-1,3798,2505,3799,-1,3799,2505,2504,-1,3799,2504,3800,-1,3800,2504,2503,-1,3800,2503,3801,-1,3801,2503,2507,-1,3801,2507,3802,-1,3802,2507,2506,-1,3802,2506,3803,-1,3803,2506,2487,-1,3803,2487,3804,-1,3804,2487,2486,-1,3804,2486,3805,-1,3805,2486,2484,-1,2953,3806,2952,-1,2952,3806,3807,-1,2952,3807,2951,-1,2951,3807,3808,-1,2951,3808,2950,-1,2950,3808,3809,-1,2950,3809,2949,-1,2949,3809,3810,-1,2949,3810,2948,-1,2948,3810,3811,-1,2948,3811,2947,-1,2947,3811,3812,-1,2947,3812,2946,-1,2946,3812,3813,-1,2946,3813,2945,-1,2945,3813,3814,-1,2945,3814,2944,-1,2944,3814,3815,-1,2944,3815,2943,-1,2943,3815,3816,-1,2943,3816,2942,-1,2942,3816,3817,-1,2942,3817,2941,-1,2941,3817,3818,-1,2941,3818,2964,-1,2964,3818,3819,-1,2964,3819,2963,-1,2963,3819,3820,-1,2963,3820,2962,-1,2962,3820,3821,-1,2962,3821,2961,-1,2961,3821,3822,-1,2961,3822,2960,-1,2960,3822,3823,-1,2960,3823,2959,-1,2959,3823,3824,-1,2959,3824,2958,-1,2958,3824,3825,-1,2958,3825,2957,-1,2957,3825,3826,-1,2957,3826,2956,-1,2956,3826,3827,-1,2956,3827,2955,-1,2955,3827,3828,-1,2955,3828,2954,-1,2954,3828,3829,-1,2954,3829,2953,-1,2953,3829,3806,-1,3829,3830,3806,-1,3806,3830,3831,-1,3806,3831,3807,-1,3807,3831,3832,-1,3807,3832,3808,-1,3808,3832,3833,-1,3808,3833,3809,-1,3809,3833,3834,-1,3809,3834,3810,-1,3810,3834,3835,-1,3810,3835,3811,-1,3811,3835,3836,-1,3811,3836,3812,-1,3812,3836,3837,-1,3812,3837,3813,-1,3813,3837,3838,-1,3813,3838,3814,-1,3814,3838,3839,-1,3814,3839,3815,-1,3815,3839,3840,-1,3815,3840,3816,-1,3816,3840,3841,-1,3816,3841,3817,-1,3817,3841,3842,-1,3817,3842,3818,-1,3818,3842,3843,-1,3818,3843,3819,-1,3819,3843,3844,-1,3819,3844,3820,-1,3820,3844,3845,-1,3820,3845,3821,-1,3821,3845,3846,-1,3821,3846,3822,-1,3822,3846,3847,-1,3822,3847,3823,-1,3823,3847,3848,-1,3823,3848,3824,-1,3824,3848,3849,-1,3824,3849,3825,-1,3825,3849,3850,-1,3825,3850,3826,-1,3826,3850,3851,-1,3826,3851,3827,-1,3827,3851,3852,-1,3827,3852,3828,-1,3828,3852,3853,-1,3828,3853,3829,-1,3829,3853,3830,-1,3853,3854,3830,-1,3830,3854,3855,-1,3830,3855,3831,-1,3831,3855,3856,-1,3831,3856,3832,-1,3832,3856,3857,-1,3832,3857,3833,-1,3833,3857,3858,-1,3833,3858,3834,-1,3834,3858,3859,-1,3834,3859,3835,-1,3835,3859,3860,-1,3835,3860,3836,-1,3836,3860,3861,-1,3836,3861,3837,-1,3837,3861,3862,-1,3837,3862,3838,-1,3838,3862,3863,-1,3838,3863,3839,-1,3839,3863,3864,-1,3839,3864,3840,-1,3840,3864,3865,-1,3840,3865,3841,-1,3841,3865,3866,-1,3841,3866,3842,-1,3842,3866,3867,-1,3842,3867,3843,-1,3843,3867,3868,-1,3843,3868,3844,-1,3844,3868,3869,-1,3844,3869,3845,-1,3845,3869,3870,-1,3845,3870,3846,-1,3846,3870,3871,-1,3846,3871,3847,-1,3847,3871,3872,-1,3847,3872,3848,-1,3848,3872,3873,-1,3848,3873,3849,-1,3849,3873,3874,-1,3849,3874,3850,-1,3850,3874,3875,-1,3850,3875,3851,-1,3851,3875,3876,-1,3851,3876,3852,-1,3852,3876,3877,-1,3852,3877,3853,-1,3853,3877,3854,-1,3877,3878,3854,-1,3854,3878,3879,-1,3854,3879,3855,-1,3855,3879,3880,-1,3855,3880,3856,-1,3856,3880,3881,-1,3856,3881,3857,-1,3857,3881,3882,-1,3857,3882,3858,-1,3858,3882,3883,-1,3858,3883,3859,-1,3859,3883,3884,-1,3859,3884,3860,-1,3860,3884,3885,-1,3860,3885,3861,-1,3861,3885,3886,-1,3861,3886,3862,-1,3862,3886,3887,-1,3862,3887,3863,-1,3863,3887,3888,-1,3863,3888,3864,-1,3864,3888,3889,-1,3864,3889,3865,-1,3865,3889,3890,-1,3865,3890,3866,-1,3866,3890,3891,-1,3866,3891,3867,-1,3867,3891,3892,-1,3867,3892,3868,-1,3868,3892,3893,-1,3868,3893,3869,-1,3869,3893,3894,-1,3869,3894,3870,-1,3870,3894,3895,-1,3870,3895,3871,-1,3871,3895,3896,-1,3871,3896,3872,-1,3872,3896,3897,-1,3872,3897,3873,-1,3873,3897,3898,-1,3873,3898,3874,-1,3874,3898,3899,-1,3874,3899,3875,-1,3875,3899,3900,-1,3875,3900,3876,-1,3876,3900,3901,-1,3876,3901,3877,-1,3877,3901,3878,-1,3901,3902,3878,-1,3878,3902,3903,-1,3878,3903,3879,-1,3879,3903,3904,-1,3879,3904,3880,-1,3880,3904,3905,-1,3880,3905,3881,-1,3881,3905,3906,-1,3881,3906,3882,-1,3882,3906,3907,-1,3882,3907,3883,-1,3883,3907,3908,-1,3883,3908,3884,-1,3884,3908,3909,-1,3884,3909,3885,-1,3885,3909,3910,-1,3885,3910,3886,-1,3886,3910,3911,-1,3886,3911,3887,-1,3887,3911,3912,-1,3887,3912,3888,-1,3888,3912,3913,-1,3888,3913,3889,-1,3889,3913,3914,-1,3889,3914,3890,-1,3890,3914,3915,-1,3890,3915,3891,-1,3891,3915,3916,-1,3891,3916,3892,-1,3892,3916,3917,-1,3892,3917,3893,-1,3893,3917,3918,-1,3893,3918,3894,-1,3894,3918,3919,-1,3894,3919,3895,-1,3895,3919,3920,-1,3895,3920,3896,-1,3896,3920,3921,-1,3896,3921,3897,-1,3897,3921,3922,-1,3897,3922,3898,-1,3898,3922,3923,-1,3898,3923,3899,-1,3899,3923,3924,-1,3899,3924,3900,-1,3900,3924,3925,-1,3900,3925,3901,-1,3901,3925,3902,-1,3925,2725,3902,-1,3902,2725,2724,-1,3902,2724,3903,-1,3903,2724,2731,-1,3903,2731,3904,-1,3904,2731,2730,-1,3904,2730,3905,-1,3905,2730,2729,-1,3905,2729,3906,-1,3906,2729,2734,-1,3906,2734,3907,-1,3907,2734,2733,-1,3907,2733,3908,-1,3908,2733,2732,-1,3908,2732,3909,-1,3909,2732,2737,-1,3909,2737,3910,-1,3910,2737,2736,-1,3910,2736,3911,-1,3911,2736,2735,-1,3911,2735,3912,-1,3912,2735,2740,-1,3912,2740,3913,-1,3913,2740,2739,-1,3913,2739,3914,-1,3914,2739,2738,-1,3914,2738,3915,-1,3915,2738,2743,-1,3915,2743,3916,-1,3916,2743,2742,-1,3916,2742,3917,-1,3917,2742,2741,-1,3917,2741,3918,-1,3918,2741,2746,-1,3918,2746,3919,-1,3919,2746,2745,-1,3919,2745,3920,-1,3920,2745,2744,-1,3920,2744,3921,-1,3921,2744,2748,-1,3921,2748,3922,-1,3922,2748,2747,-1,3922,2747,3923,-1,3923,2747,2728,-1,3923,2728,3924,-1,3924,2728,2727,-1,3924,2727,3925,-1,3925,2727,2725,-1,3194,3926,3193,-1,3193,3926,3927,-1,3193,3927,3192,-1,3192,3927,3928,-1,3192,3928,3191,-1,3191,3928,3929,-1,3191,3929,3190,-1,3190,3929,3930,-1,3190,3930,3189,-1,3189,3930,3931,-1,3189,3931,3188,-1,3188,3931,3932,-1,3188,3932,3187,-1,3187,3932,3933,-1,3187,3933,3186,-1,3186,3933,3934,-1,3186,3934,3185,-1,3185,3934,3935,-1,3185,3935,3184,-1,3184,3935,3936,-1,3184,3936,3183,-1,3183,3936,3937,-1,3183,3937,3182,-1,3182,3937,3938,-1,3182,3938,3205,-1,3205,3938,3939,-1,3205,3939,3204,-1,3204,3939,3940,-1,3204,3940,3203,-1,3203,3940,3941,-1,3203,3941,3202,-1,3202,3941,3942,-1,3202,3942,3201,-1,3201,3942,3943,-1,3201,3943,3200,-1,3200,3943,3944,-1,3200,3944,3199,-1,3199,3944,3945,-1,3199,3945,3198,-1,3198,3945,3946,-1,3198,3946,3197,-1,3197,3946,3947,-1,3197,3947,3196,-1,3196,3947,3948,-1,3196,3948,3195,-1,3195,3948,3949,-1,3195,3949,3194,-1,3194,3949,3926,-1,3949,3950,3926,-1,3926,3950,3951,-1,3926,3951,3927,-1,3927,3951,3952,-1,3927,3952,3928,-1,3928,3952,3953,-1,3928,3953,3929,-1,3929,3953,3954,-1,3929,3954,3930,-1,3930,3954,3955,-1,3930,3955,3931,-1,3931,3955,3956,-1,3931,3956,3932,-1,3932,3956,3957,-1,3932,3957,3933,-1,3933,3957,3958,-1,3933,3958,3934,-1,3934,3958,3959,-1,3934,3959,3935,-1,3935,3959,3960,-1,3935,3960,3936,-1,3936,3960,3961,-1,3936,3961,3937,-1,3937,3961,3962,-1,3937,3962,3938,-1,3938,3962,3963,-1,3938,3963,3939,-1,3939,3963,3964,-1,3939,3964,3940,-1,3940,3964,3965,-1,3940,3965,3941,-1,3941,3965,3966,-1,3941,3966,3942,-1,3942,3966,3967,-1,3942,3967,3943,-1,3943,3967,3968,-1,3943,3968,3944,-1,3944,3968,3969,-1,3944,3969,3945,-1,3945,3969,3970,-1,3945,3970,3946,-1,3946,3970,3971,-1,3946,3971,3947,-1,3947,3971,3972,-1,3947,3972,3948,-1,3948,3972,3973,-1,3948,3973,3949,-1,3949,3973,3950,-1,3973,3974,3950,-1,3950,3974,3975,-1,3950,3975,3951,-1,3951,3975,3976,-1,3951,3976,3952,-1,3952,3976,3977,-1,3952,3977,3953,-1,3953,3977,3978,-1,3953,3978,3954,-1,3954,3978,3979,-1,3954,3979,3955,-1,3955,3979,3980,-1,3955,3980,3956,-1,3956,3980,3981,-1,3956,3981,3957,-1,3957,3981,3982,-1,3957,3982,3958,-1,3958,3982,3983,-1,3958,3983,3959,-1,3959,3983,3984,-1,3959,3984,3960,-1,3960,3984,3985,-1,3960,3985,3961,-1,3961,3985,3986,-1,3961,3986,3962,-1,3962,3986,3987,-1,3962,3987,3963,-1,3963,3987,3988,-1,3963,3988,3964,-1,3964,3988,3989,-1,3964,3989,3965,-1,3965,3989,3990,-1,3965,3990,3966,-1,3966,3990,3991,-1,3966,3991,3967,-1,3967,3991,3992,-1,3967,3992,3968,-1,3968,3992,3993,-1,3968,3993,3969,-1,3969,3993,3994,-1,3969,3994,3970,-1,3970,3994,3995,-1,3970,3995,3971,-1,3971,3995,3996,-1,3971,3996,3972,-1,3972,3996,3997,-1,3972,3997,3973,-1,3973,3997,3974,-1,3997,3998,3974,-1,3974,3998,3999,-1,3974,3999,3975,-1,3975,3999,4000,-1,3975,4000,3976,-1,3976,4000,4001,-1,3976,4001,3977,-1,3977,4001,4002,-1,3977,4002,3978,-1,3978,4002,4003,-1,3978,4003,3979,-1,3979,4003,4004,-1,3979,4004,3980,-1,3980,4004,4005,-1,3980,4005,3981,-1,3981,4005,4006,-1,3981,4006,3982,-1,3982,4006,4007,-1,3982,4007,3983,-1,3983,4007,4008,-1,3983,4008,3984,-1,3984,4008,4009,-1,3984,4009,3985,-1,3985,4009,4010,-1,3985,4010,3986,-1,3986,4010,4011,-1,3986,4011,3987,-1,3987,4011,4012,-1,3987,4012,3988,-1,3988,4012,4013,-1,3988,4013,3989,-1,3989,4013,4014,-1,3989,4014,3990,-1,3990,4014,4015,-1,3990,4015,3991,-1,3991,4015,4016,-1,3991,4016,3992,-1,3992,4016,4017,-1,3992,4017,3993,-1,3993,4017,4018,-1,3993,4018,3994,-1,3994,4018,4019,-1,3994,4019,3995,-1,3995,4019,4020,-1,3995,4020,3996,-1,3996,4020,4021,-1,3996,4021,3997,-1,3997,4021,3998,-1,4021,4022,3998,-1,3998,4022,4023,-1,3998,4023,3999,-1,3999,4023,4024,-1,3999,4024,4000,-1,4000,4024,4025,-1,4000,4025,4001,-1,4001,4025,4026,-1,4001,4026,4002,-1,4002,4026,4027,-1,4002,4027,4003,-1,4003,4027,4028,-1,4003,4028,4004,-1,4004,4028,4029,-1,4004,4029,4005,-1,4005,4029,4030,-1,4005,4030,4006,-1,4006,4030,4031,-1,4006,4031,4007,-1,4007,4031,4032,-1,4007,4032,4008,-1,4008,4032,4033,-1,4008,4033,4009,-1,4009,4033,4034,-1,4009,4034,4010,-1,4010,4034,4035,-1,4010,4035,4011,-1,4011,4035,4036,-1,4011,4036,4012,-1,4012,4036,4037,-1,4012,4037,4013,-1,4013,4037,4038,-1,4013,4038,4014,-1,4014,4038,4039,-1,4014,4039,4015,-1,4015,4039,4040,-1,4015,4040,4016,-1,4016,4040,4041,-1,4016,4041,4017,-1,4017,4041,4042,-1,4017,4042,4018,-1,4018,4042,4043,-1,4018,4043,4019,-1,4019,4043,4044,-1,4019,4044,4020,-1,4020,4044,4045,-1,4020,4045,4021,-1,4021,4045,4022,-1,4045,2966,4022,-1,4022,2966,2965,-1,4022,2965,4023,-1,4023,2965,2972,-1,4023,2972,4024,-1,4024,2972,2971,-1,4024,2971,4025,-1,4025,2971,2970,-1,4025,2970,4026,-1,4026,2970,2975,-1,4026,2975,4027,-1,4027,2975,2974,-1,4027,2974,4028,-1,4028,2974,2973,-1,4028,2973,4029,-1,4029,2973,2978,-1,4029,2978,4030,-1,4030,2978,2977,-1,4030,2977,4031,-1,4031,2977,2976,-1,4031,2976,4032,-1,4032,2976,2981,-1,4032,2981,4033,-1,4033,2981,2980,-1,4033,2980,4034,-1,4034,2980,2979,-1,4034,2979,4035,-1,4035,2979,2984,-1,4035,2984,4036,-1,4036,2984,2983,-1,4036,2983,4037,-1,4037,2983,2982,-1,4037,2982,4038,-1,4038,2982,2987,-1,4038,2987,4039,-1,4039,2987,2986,-1,4039,2986,4040,-1,4040,2986,2985,-1,4040,2985,4041,-1,4041,2985,2989,-1,4041,2989,4042,-1,4042,2989,2988,-1,4042,2988,4043,-1,4043,2988,2969,-1,4043,2969,4044,-1,4044,2969,2968,-1,4044,2968,4045,-1,4045,2968,2966,-1,
        ]
    }
}
Shape{
    appearance Appearance {
        material  Material 	{
            diffuseColor 1.0 1.0 1.0
            specularColor 0.5019607843137255 0.5019607843137255 0.5019607843137255
            ambientIntensity 0.2
            transparency 0
            shininess 0.5
        }
    }
    geometry IndexedFaceSet {
        ccw TRUE
        solid FALSE
        coord DEF co Coordinate {
            point [
                0.5039 0.1005 0.7219, 0.5039 0.1005 0.7067, 0.5 0.1005 0.7219, 0.5 0.1005 0.7067, 0.5039 0.0473 0.7219, 0.5 0.0473 0.7219, 0.5039 0.0473 0.8402, 0.5 0.0473 0.8402, 0.5039 0.0301 0.8402, 0.5 0.0301 0.8402, 0.5039 0.0301 0.7067, 0.5 0.0301 0.7067, 0.5039 0.1892 0.7064, 0.5039 0.1689 0.7045, 0.5 0.1689 0.7045, 0.5 0.1807 0.7056, 0.5 0.1892 0.7064, 0.5039 0.2036 0.7111, 0.5 0.2001 0.71, 0.5 0.2036 0.7111, 0.5 0.2058 0.7122, 0.5039 0.2058 0.7122, 0.5039 0.2058 0.7288, 0.5 0.2058 0.7288, 0.5039 0.1948 0.7236, 0.5 0.2001 0.7261, 0.5 0.1948 0.7236, 0.5 0.1801 0.7203, 0.5039 0.1801 0.7203, 0.5 0.1714 0.7198, 0.5039 0.1714 0.7198, 0.5 0.1593 0.7211, 0.5039 0.1593 0.7211, 0.5 0.1496 0.7245, 0.5039 0.1496 0.7245, 0.5 0.1406 0.7305, 0.5039 0.1406 0.7305, 0.5 0.1371 0.7339, 0.5039 0.1371 0.7339, 0.5 0.1308 0.7425, 0.5039 0.1308 0.7425, 0.5 0.1264 0.7532, 0.5039 0.1264 0.7532, 0.5 0.1242 0.7664, 0.5039 0.1242 0.7664, 0.5 0.124 0.7719, 0.5039 0.124 0.7719, 0.5 0.1262 0.7902, 0.5039 0.1262 0.7902, 0.5 0.1306 0.8017, 0.5039 0.1306 0.8017, 0.5 0.1371 0.811, 0.5039 0.1371 0.811, 0.5 0.138 0.8121, 0.5039 0.138 0.8121, 0.5 0.1466 0.8192, 0.5039 0.1466 0.8192, 0.5 0.157 0.8242, 0.5039 0.157 0.8242, 0.5 0.1685 0.8266, 0.5039 0.1685 0.8266, 0.5 0.1744 0.8269, 0.5039 0.1744 0.8269, 0.5 0.1908 0.8249, 0.5 0.2001 0.8214, 0.5039 0.2044 0.8198, 0.5039 0.1908 0.8249, 0.5 0.2044 0.8198, 0.5 0.2058 0.819, 0.5039 0.2058 0.819, 0.5039 0.2058 0.837, 0.5 0.2058 0.837, 0.5 0.2001 0.8386, 0.5039 0.1917 0.841, 0.5 0.1742 0.8424, 0.5039 0.1742 0.8424, 0.5 0.1886 0.8413, 0.5 0.1917 0.841, 0.5 0.1649 0.8413, 0.5039 0.155 0.8401, 0.5 0.155 0.8401, 0.5 0.141 0.8347, 0.5039 0.141 0.8347, 0.5 0.1285 0.826, 0.5039 0.1285 0.826, 0.5 0.1252 0.8228, 0.5039 0.1252 0.8228, 0.5 0.1155 0.8101, 0.5 0.1119 0.8016, 0.5039 0.1092 0.7953, 0.5039 0.1155 0.8101, 0.5 0.1092 0.7953, 0.5 0.1062 0.7779, 0.5039 0.1062 0.7779, 0.5 0.1059 0.7709, 0.5039 0.1059 0.7709, 0.5 0.1085 0.7493, 0.5 0.1119 0.7406, 0.5039 0.114 0.7353, 0.5039 0.1085 0.7493, 0.5 0.114 0.7353, 0.5 0.1219 0.7239, 0.5039 0.1219 0.7239, 0.5 0.1231 0.7227, 0.5039 0.1231 0.7227, 0.5039 0.1588 0.7051, 0.5 0.1323 0.7148, 0.5039 0.1323 0.7148, 0.5 0.1446 0.7084, 0.5039 0.1446 0.7084, 0.5 0.1566 0.7056, 0.5 0.1588 0.7051, 0.5039 0.3043 0.7219, 0.5039 0.3043 0.7067, 0.5 0.3043 0.7219, 0.5 0.3043 0.7067, 0.5 0.2498 0.7219, 0.5039 0.2498 0.7219, 0.5 0.2858 0.7219, 0.5039 0.2498 0.7668, 0.5 0.2498 0.7668, 0.5039 0.2975 0.7668, 0.5 0.2858 0.7668, 0.5 0.2975 0.7668, 0.5039 0.2975 0.7821, 0.5 0.2975 0.7821, 0.5 0.2498 0.7821, 0.5039 0.2498 0.7821, 0.5 0.2858 0.7821, 0.5039 0.2498 0.8248, 0.5 0.2498 0.8248, 0.5 0.3013 0.8248, 0.5039 0.3013 0.8248, 0.5 0.2858 0.8248, 0.5039 0.3013 0.8402, 0.5 0.3013 0.8402, 0.5 0.2326 0.8402, 0.5039 0.2326 0.8402, 0.5 0.2858 0.8402, 0.5039 0.2326 0.7067, 0.5 0.2326 0.7067, 0.5 0.2858 0.7067, 0.5039 0.4124 0.744, 0.5039 0.4058 0.7359, 0.5039 0.4181 0.7254, 0.5039 0.4042 0.7343, 0.5039 0.404 0.7154, 0.5039 0.3956 0.7284, 0.5039 0.3888 0.7095, 0.5039 0.3845 0.7241, 0.5039 0.3662 0.7067, 0.5039 0.3661 0.7219, 0.5039 0.3295 0.7067, 0.5039 0.3468 0.7219, 0.5039 0.3295 0.8402, 0.5039 0.3468 0.8248, 0.5039 0.3676 0.8402, 0.5039 0.3669 0.8248, 0.5039 0.388 0.8379, 0.5039 0.3849 0.8227, 0.5039 0.4041 0.832, 0.5039 0.3963 0.8184, 0.5039 0.4181 0.8225, 0.5039 0.4054 0.8123, 0.5039 0.4228 0.8179, 0.5039 0.4092 0.8085, 0.5039 0.4311 0.8062, 0.5039 0.4144 0.801, 0.5039 0.436 0.7935, 0.5039 0.4181 0.7913, 0.5039 0.4382 0.7752, 0.5039 0.4201 0.7747, 0.5039 0.4378 0.7666, 0.5039 0.4196 0.766, 0.5039 0.4345 0.751, 0.5039 0.417 0.7539, 0.5039 0.428 0.7372, 0.5 0.3662 0.7067, 0.5 0.3295 0.7067, 0.5 0.3888 0.7095, 0.5 0.404 0.7154, 0.5 0.4181 0.7254, 0.5 0.428 0.7372, 0.5 0.4345 0.751, 0.5 0.4378 0.7666, 0.5 0.4382 0.7752, 0.5 0.436 0.7935, 0.5 0.4311 0.8062, 0.5 0.4228 0.8179, 0.5 0.4181 0.8225, 0.5 0.4041 0.832, 0.5 0.388 0.8379, 0.5 0.3676 0.8402, 0.5 0.3295 0.8402, 0.5 0.3669 0.8248, 0.5 0.3468 0.8248, 0.5 0.3468 0.7219, 0.5 0.3661 0.7219, 0.5 0.4058 0.7359, 0.5 0.4042 0.7343, 0.5 0.3956 0.7284, 0.5 0.3845 0.7241, 0.5 0.4201 0.7747, 0.5 0.4196 0.766, 0.5 0.417 0.7539, 0.5 0.4124 0.744, 0.5 0.4054 0.8123, 0.5 0.4092 0.8085, 0.5 0.4144 0.801, 0.5 0.4181 0.7913, 0.5 0.3849 0.8227, 0.5 0.3963 0.8184, 0.5 0.3963 0.8184
            ]
        }
        coordIndex [
            0,1,2,-1,2,1,3,-1,4,0,5,-1,5,0,2,-1,6,4,7,-1,7,4,5,-1,8,6,9,-1,9,6,7,-1,10,8,11,-1,11,8,9,-1,1,10,3,-1,3,10,11,-1,6,8,4,-1,4,8,10,-1,4,10,0,-1,0,10,1,-1,12,13,14,-1,14,15,12,-1,12,15,16,-1,12,16,17,-1,17,16,18,-1,18,19,17,-1,17,19,20,-1,17,20,21,-1,22,21,23,-1,23,21,20,-1,22,23,24,-1,24,23,25,-1,25,26,24,-1,24,26,27,-1,24,27,28,-1,28,27,29,-1,28,29,30,-1,30,29,31,-1,30,31,32,-1,32,31,33,-1,32,33,34,-1,34,33,35,-1,34,35,36,-1,36,35,37,-1,36,37,38,-1,38,37,39,-1,38,39,40,-1,40,39,41,-1,40,41,42,-1,42,41,43,-1,42,43,44,-1,44,43,45,-1,44,45,46,-1,46,45,47,-1,46,47,48,-1,48,47,49,-1,48,49,50,-1,50,49,51,-1,50,51,52,-1,52,51,53,-1,52,53,54,-1,54,53,55,-1,54,55,56,-1,56,55,57,-1,56,57,58,-1,58,57,59,-1,58,59,60,-1,60,59,61,-1,60,61,62,-1,62,61,63,-1,64,65,63,-1,63,65,66,-1,63,66,62,-1,64,67,65,-1,65,67,68,-1,65,68,69,-1,70,69,71,-1,71,69,68,-1,70,71,72,-1,70,72,73,-1,74,75,76,-1,76,75,73,-1,76,73,77,-1,77,73,72,-1,75,74,78,-1,75,78,79,-1,78,80,79,-1,79,80,81,-1,79,81,82,-1,82,81,83,-1,82,83,84,-1,84,83,85,-1,84,85,86,-1,86,85,87,-1,88,89,87,-1,87,89,90,-1,87,90,86,-1,88,91,89,-1,89,91,92,-1,89,92,93,-1,93,92,94,-1,93,94,95,-1,95,94,96,-1,97,98,96,-1,96,98,99,-1,96,99,95,-1,97,100,98,-1,98,100,101,-1,98,101,102,-1,102,101,103,-1,102,103,104,-1,14,13,105,-1,104,103,106,-1,104,106,107,-1,107,106,108,-1,107,108,109,-1,109,108,110,-1,109,110,105,-1,105,110,111,-1,105,111,14,-1,86,54,84,-1,84,54,56,-1,84,56,82,-1,95,46,93,-1,93,46,48,-1,93,48,89,-1,89,48,90,-1,90,48,50,-1,90,50,86,-1,86,50,52,-1,86,52,54,-1,82,56,79,-1,79,56,58,-1,79,58,75,-1,21,22,17,-1,17,22,24,-1,17,24,12,-1,12,24,28,-1,12,28,13,-1,13,28,30,-1,13,30,105,-1,105,30,32,-1,105,32,109,-1,109,32,34,-1,109,34,107,-1,107,34,36,-1,107,36,104,-1,104,36,38,-1,104,38,102,-1,102,38,40,-1,102,40,98,-1,98,40,99,-1,99,40,42,-1,99,42,95,-1,95,42,44,-1,95,44,46,-1,58,60,75,-1,75,60,62,-1,75,62,73,-1,73,62,66,-1,73,66,70,-1,70,66,65,-1,70,65,69,-1,112,113,114,-1,114,113,115,-1,116,117,118,-1,118,117,112,-1,118,112,114,-1,119,117,120,-1,120,117,116,-1,119,120,121,-1,121,120,122,-1,121,122,123,-1,124,121,125,-1,125,121,123,-1,126,127,128,-1,128,127,124,-1,128,124,125,-1,129,127,130,-1,130,127,126,-1,131,132,133,-1,133,132,129,-1,133,129,130,-1,134,132,135,-1,135,132,131,-1,136,137,138,-1,138,137,134,-1,138,134,135,-1,139,137,140,-1,140,137,136,-1,115,113,141,-1,141,113,139,-1,141,139,140,-1,139,113,112,-1,112,117,139,-1,139,117,119,-1,139,119,137,-1,132,134,129,-1,129,134,137,-1,129,137,127,-1,127,137,119,-1,127,119,124,-1,124,119,121,-1,142,143,144,-1,144,143,145,-1,144,145,146,-1,146,145,147,-1,146,147,148,-1,148,147,149,-1,148,149,150,-1,150,149,151,-1,150,151,152,-1,152,151,153,-1,152,153,154,-1,154,153,155,-1,154,155,156,-1,156,155,157,-1,156,157,158,-1,158,157,159,-1,158,159,160,-1,160,159,161,-1,160,161,162,-1,162,161,163,-1,162,163,164,-1,164,163,165,-1,164,165,166,-1,166,165,167,-1,166,167,168,-1,168,167,169,-1,168,169,170,-1,170,169,171,-1,170,171,172,-1,172,171,173,-1,172,173,174,-1,174,173,175,-1,174,175,176,-1,176,175,142,-1,176,142,144,-1,150,152,177,-1,177,152,178,-1,150,177,179,-1,150,179,148,-1,148,179,180,-1,148,180,146,-1,146,180,181,-1,146,181,144,-1,144,181,182,-1,144,182,176,-1,176,182,183,-1,176,183,174,-1,174,183,184,-1,174,184,172,-1,172,184,185,-1,172,185,170,-1,170,185,186,-1,170,186,168,-1,168,186,187,-1,168,187,166,-1,166,187,188,-1,166,188,164,-1,164,188,189,-1,164,189,162,-1,162,189,190,-1,162,190,160,-1,160,190,191,-1,160,191,158,-1,158,191,192,-1,158,192,156,-1,154,156,193,-1,193,156,192,-1,152,154,178,-1,178,154,193,-1,157,155,194,-1,194,155,195,-1,155,153,195,-1,195,153,196,-1,153,151,196,-1,196,151,197,-1,143,198,199,-1,143,199,145,-1,145,199,200,-1,145,200,147,-1,147,200,201,-1,147,201,149,-1,149,201,197,-1,149,197,151,-1,171,202,203,-1,171,203,173,-1,173,203,204,-1,173,204,175,-1,175,204,205,-1,175,205,142,-1,142,205,198,-1,142,198,143,-1,163,206,207,-1,163,207,165,-1,165,207,208,-1,165,208,167,-1,167,208,209,-1,167,209,169,-1,169,209,202,-1,169,202,171,-1,157,194,210,-1,157,210,159,-1,159,210,211,-1,159,211,161,-1,161,211,206,-1,161,206,163,-1,
        ]
    }
}
Shape{
    appearance Appearance {
        material  Material 	{
            diffuseColor 0.25098039215686274 0.25098039215686274 0.25098039215686274
            specularColor 0.12549019607843137 0.12549019607843137 0.12549019607843137
            ambientIntensity 0.2
            transparency 0
            shininess 0.5
        }
    }
    geometry IndexedFaceSet {
        ccw TRUE
        solid FALSE
        coord DEF co Coordinate {
            point [
                0.5 0.3468 0.8248, 0.5 0.3468 0.7219, 0.5 0.3669 0.8248, 0.5 0.3661 0.7219, 0.5 0.3845 0.7241, 0.5 0.3956 0.7284, 0.5 0.4042 0.7343, 0.5 0.4058 0.7359, 0.5 0.4124 0.744, 0.5 0.417 0.7539, 0.5 0.4201 0.7747, 0.5 0.4054 0.8123, 0.5 0.3963 0.8184, 0.5 0.4181 0.7913, 0.5 0.4144 0.801, 0.5 0.4092 0.8085, 0.5 0.4196 0.766, 0.5 0.3849 0.8227, 0.5 0.3849 0.8227
            ]
        }
        coordIndex [
            0,1,2,-1,2,1,3,-1,3,4,2,-1,2,4,5,-1,2,5,6,-1,6,7,2,-1,2,7,8,-1,2,8,9,-1,10,11,12,-1,13,14,10,-1,10,14,15,-1,10,15,11,-1,9,16,2,-1,2,16,10,-1,2,10,17,-1,17,10,12,-1,
        ]
    }
}
Shape{
    appearance Appearance {
        material  Material 	{
            diffuseColor 1.0 1.0 1.0
            specularColor 0.5019607843137255 0.5019607843137255 0.5019607843137255
            ambientIntensity 0.2
            transparency 0
            shininess 0.5
        }
    }
    geometry IndexedFaceSet {
        ccw TRUE
        solid FALSE
        coord DEF co Coordinate {
            point [
                0.5039 0.4829 0.7583, 0.5039 0.4775 0.7432, 0.5039 0.5277 0.7583, 0.5039 0.533 0.7432, 0.5039 0.5029 0.8138, 0.5039 0.4964 0.8402, 0.5039 0.4456 0.7067, 0.5039 0.4646 0.7067, 0.5039 0.504 0.8177, 0.5039 0.505 0.8231, 0.5039 0.5148 0.8402, 0.5039 0.5055 0.8231, 0.5039 0.5065 0.8175, 0.5039 0.5075 0.8138, 0.5039 0.5657 0.7067, 0.5039 0.5466 0.7067, 0.5 0.5148 0.8402, 0.5 0.5657 0.7067, 0.5 0.4964 0.8402, 0.5 0.4456 0.7067, 0.5 0.4841 0.8077, 0.5 0.4646 0.7067, 0.5 0.4775 0.7432, 0.5 0.533 0.7432, 0.5 0.4841 0.7432, 0.5 0.5466 0.7067, 0.5 0.4829 0.7583, 0.5 0.5277 0.7583, 0.5 0.5075 0.8138, 0.5 0.5055 0.8231, 0.5 0.5065 0.8175, 0.5 0.505 0.8231, 0.5 0.5029 0.8138, 0.5 0.504 0.8177, 0.5 0.504 0.8177
            ]
        }
        coordIndex [
            0,1,2,-1,2,1,3,-1,4,5,0,-1,0,5,6,-1,0,6,1,-1,1,6,7,-1,4,8,5,-1,5,8,9,-1,5,9,10,-1,10,9,11,-1,10,11,12,-1,12,13,10,-1,10,13,2,-1,10,2,14,-1,14,2,3,-1,14,3,15,-1,10,14,16,-1,16,14,17,-1,5,10,18,-1,18,10,16,-1,19,6,20,-1,20,6,5,-1,20,5,18,-1,7,6,21,-1,21,6,19,-1,1,7,22,-1,22,7,21,-1,23,3,24,-1,24,3,1,-1,24,1,22,-1,15,3,25,-1,25,3,23,-1,14,15,17,-1,17,15,25,-1,0,2,26,-1,26,2,27,-1,2,13,27,-1,27,13,28,-1,11,29,30,-1,11,30,12,-1,12,30,28,-1,12,28,13,-1,11,9,29,-1,29,9,31,-1,4,32,33,-1,4,33,8,-1,8,33,31,-1,8,31,9,-1,4,0,32,-1,32,0,26,-1,
        ]
    }
}
Shape{
    appearance Appearance {
        material  Material 	{
            diffuseColor 0.25098039215686274 0.25098039215686274 0.25098039215686274
            specularColor 0.12549019607843137 0.12549019607843137 0.12549019607843137
            ambientIntensity 0.2
            transparency 0
            shininess 0.5
        }
    }
    geometry IndexedFaceSet {
        ccw TRUE
        solid FALSE
        coord DEF co Coordinate {
            point [
                0.5 0.5055 0.8231, 0.5 0.505 0.8231, 0.5 0.5065 0.8175, 0.5 0.504 0.8177, 0.5 0.5075 0.8138, 0.5 0.5029 0.8138, 0.5 0.5277 0.7583, 0.5 0.4829 0.7583, 0.5 0.4829 0.7583
            ]
        }
        coordIndex [
            0,1,2,-1,2,1,3,-1,2,3,4,-1,4,3,5,-1,4,5,6,-1,6,5,7,-1,
        ]
    }
}
Shape{
    appearance Appearance {
        material  Material 	{
            diffuseColor 1.0 1.0 1.0
            specularColor 0.5019607843137255 0.5019607843137255 0.5019607843137255
            ambientIntensity 0.2
            transparency 0
            shininess 0.5
        }
    }
    geometry IndexedFaceSet {
        ccw TRUE
        solid FALSE
        coord DEF co Coordinate {
            point [
                0.5039 0.1019 0.5102, 0.5039 0.1019 0.495, 0.5 0.1019 0.5102, 0.5 0.1019 0.495, 0.5039 0.0473 0.5102, 0.5 0.0473 0.5102, 0.5039 0.0473 0.5551, 0.5 0.0473 0.5551, 0.5039 0.095 0.5551, 0.5 0.095 0.5551, 0.5039 0.095 0.5704, 0.5 0.095 0.5704, 0.5039 0.0473 0.5704, 0.5 0.0473 0.5704, 0.5039 0.0473 0.6131, 0.5 0.0473 0.6131, 0.5039 0.0988 0.6131, 0.5 0.0988 0.6131, 0.5039 0.0988 0.6285, 0.5 0.0988 0.6285, 0.5039 0.0301 0.6285, 0.5 0.0301 0.6285, 0.5039 0.0301 0.495, 0.5 0.0301 0.495, 0.5039 0.1773 0.5098, 0.5039 0.1777 0.5098, 0.5039 0.1766 0.5251, 0.5039 0.1777 0.5326, 0.5039 0.1945 0.5564, 0.5039 0.1777 0.5337, 0.5039 0.1777 0.5428, 0.5039 0.1777 0.495, 0.5039 0.1945 0.495, 0.5039 0.135 0.5246, 0.5039 0.1358 0.5284, 0.5039 0.1213 0.5357, 0.5039 0.1742 0.5192, 0.5039 0.1706 0.5143, 0.5039 0.1746 0.5057, 0.5039 0.1685 0.5122, 0.5039 0.1693 0.5, 0.5039 0.1638 0.509, 0.5039 0.1635 0.4962, 0.5039 0.1587 0.5072, 0.5039 0.1568 0.4937, 0.5039 0.1524 0.5065, 0.5039 0.1481 0.4928, 0.5039 0.1468 0.5071, 0.5039 0.1381 0.4939, 0.5039 0.143 0.5085, 0.5039 0.1317 0.4963, 0.5039 0.1397 0.5108, 0.5039 0.1261 0.5003, 0.5039 0.1382 0.5122, 0.5039 0.1247 0.5405, 0.5039 0.1373 0.5315, 0.5039 0.1298 0.5449, 0.5039 0.1393 0.534, 0.5039 0.137 0.5486, 0.5039 0.1413 0.5356, 0.5039 0.1452 0.5375, 0.5039 0.1495 0.5516, 0.5039 0.1554 0.5398, 0.5039 0.1777 0.5556, 0.5039 0.119 0.5299, 0.5039 0.1179 0.5227, 0.5039 0.1348 0.5219, 0.5039 0.1179 0.5205, 0.5039 0.1352 0.5181, 0.5039 0.1187 0.5129, 0.5039 0.1363 0.515, 0.5039 0.1207 0.5073, 0.5039 0.1242 0.5022, 0.5039 0.1272 0.5836, 0.5039 0.1272 0.5674, 0.5039 0.1307 0.5857, 0.5039 0.1374 0.574, 0.5039 0.1431 0.5905, 0.5039 0.1478 0.5778, 0.5039 0.16 0.5925, 0.5039 0.1584 0.5789, 0.5039 0.17 0.5916, 0.5039 0.1641 0.5783, 0.5039 0.1771 0.5895, 0.5039 0.168 0.577, 0.5039 0.1826 0.5863, 0.5039 0.1709 0.5751, 0.5039 0.1871 0.5821, 0.5039 0.1735 0.5724, 0.5039 0.1905 0.5767, 0.5039 0.1754 0.5689, 0.5039 0.1931 0.5691, 0.5039 0.1772 0.563, 0.5 0.16 0.5925, 0.5 0.1431 0.5905, 0.5 0.1307 0.5857, 0.5 0.1272 0.5836, 0.5 0.1272 0.5674, 0.5 0.1374 0.574, 0.5 0.1478 0.5778, 0.5 0.1584 0.5789, 0.5 0.1641 0.5783, 0.5 0.168 0.577, 0.5 0.1709 0.5751, 0.5 0.1735 0.5724, 0.5 0.1754 0.5689, 0.5 0.1772 0.563, 0.5 0.1777 0.5556, 0.5 0.1495 0.5516, 0.5 0.137 0.5486, 0.5 0.1298 0.5449, 0.5 0.1247 0.5405, 0.5 0.1213 0.5357, 0.5 0.119 0.5299, 0.5 0.1179 0.5227, 0.5 0.1179 0.5205, 0.5 0.1187 0.5129, 0.5 0.1207 0.5073, 0.5 0.1242 0.5022, 0.5 0.1261 0.5003, 0.5 0.1481 0.4928, 0.5 0.1384 0.4939, 0.5 0.1381 0.4939, 0.5 0.1317 0.4963, 0.5 0.1568 0.4937, 0.5 0.1572 0.4939, 0.5 0.1635 0.4962, 0.5 0.1693 0.5, 0.5 0.1746 0.5057, 0.5 0.1773 0.5098, 0.5 0.1777 0.5098, 0.5 0.1777 0.495, 0.5 0.1945 0.495, 0.5 0.1945 0.5564, 0.5 0.1931 0.5691, 0.5 0.1905 0.5767, 0.5 0.1871 0.5821, 0.5 0.1826 0.5863, 0.5 0.1771 0.5895, 0.5 0.17 0.5916, 0.5 0.1393 0.534, 0.5 0.1413 0.5356, 0.5 0.1452 0.5375, 0.5 0.1554 0.5398, 0.5 0.1348 0.5219, 0.5 0.135 0.5246, 0.5 0.1358 0.5284, 0.5 0.1373 0.5315, 0.5 0.1397 0.5108, 0.5 0.1382 0.5122, 0.5 0.1363 0.515, 0.5 0.1352 0.5181, 0.5 0.1524 0.5065, 0.5 0.1468 0.5071, 0.5 0.143 0.5085, 0.5 0.1706 0.5143, 0.5 0.1685 0.5122, 0.5 0.1638 0.509, 0.5 0.1587 0.5072, 0.5 0.1777 0.5337, 0.5 0.1777 0.5326, 0.5 0.1766 0.5251, 0.5 0.1742 0.5192, 0.5 0.1777 0.5428, 0.5 0.1777 0.5428
            ]
        }
        coordIndex [
            0,1,2,-1,2,1,3,-1,4,0,5,-1,5,0,2,-1,6,4,7,-1,7,4,5,-1,8,6,9,-1,9,6,7,-1,10,8,11,-1,11,8,9,-1,12,10,13,-1,13,10,11,-1,14,12,15,-1,15,12,13,-1,16,14,17,-1,17,14,15,-1,18,16,19,-1,19,16,17,-1,20,18,21,-1,21,18,19,-1,22,20,23,-1,23,20,21,-1,1,22,3,-1,3,22,23,-1,22,1,0,-1,0,4,22,-1,22,4,6,-1,22,6,20,-1,16,18,14,-1,14,18,20,-1,14,20,12,-1,12,20,6,-1,12,6,10,-1,10,6,8,-1,24,25,26,-1,27,28,29,-1,29,28,30,-1,31,32,25,-1,25,32,28,-1,25,28,26,-1,26,28,27,-1,33,34,35,-1,26,36,24,-1,24,36,37,-1,24,37,38,-1,38,37,39,-1,38,39,40,-1,40,39,41,-1,40,41,42,-1,42,41,43,-1,42,43,44,-1,44,43,45,-1,44,45,46,-1,46,45,47,-1,46,47,48,-1,48,47,49,-1,48,49,50,-1,50,49,51,-1,50,51,52,-1,52,51,53,-1,35,34,54,-1,54,34,55,-1,54,55,56,-1,56,55,57,-1,56,57,58,-1,57,59,58,-1,58,59,60,-1,58,60,61,-1,61,60,62,-1,61,62,63,-1,35,64,33,-1,33,64,65,-1,33,65,66,-1,66,65,67,-1,66,67,68,-1,68,67,69,-1,68,69,70,-1,70,69,71,-1,70,71,53,-1,53,71,72,-1,53,72,52,-1,73,74,75,-1,75,74,76,-1,75,76,77,-1,77,76,78,-1,77,78,79,-1,79,78,80,-1,79,80,81,-1,81,80,82,-1,81,82,83,-1,83,82,84,-1,83,84,85,-1,85,84,86,-1,85,86,87,-1,87,86,88,-1,87,88,89,-1,89,88,90,-1,89,90,91,-1,91,90,92,-1,91,92,28,-1,28,92,63,-1,28,63,30,-1,30,63,62,-1,79,93,94,-1,79,94,77,-1,77,94,95,-1,77,95,75,-1,75,95,96,-1,75,96,73,-1,74,73,97,-1,97,73,96,-1,74,97,98,-1,74,98,76,-1,76,98,99,-1,76,99,78,-1,78,99,100,-1,78,100,80,-1,80,100,101,-1,80,101,82,-1,82,101,102,-1,82,102,84,-1,84,102,103,-1,84,103,86,-1,86,103,104,-1,86,104,88,-1,88,104,105,-1,88,105,90,-1,90,105,106,-1,90,106,92,-1,92,106,107,-1,92,107,63,-1,61,63,108,-1,108,63,107,-1,61,108,109,-1,61,109,58,-1,58,109,110,-1,58,110,56,-1,56,110,111,-1,56,111,54,-1,54,111,112,-1,54,112,35,-1,35,112,113,-1,35,113,64,-1,64,113,114,-1,64,114,65,-1,65,114,115,-1,65,115,67,-1,67,115,116,-1,67,116,69,-1,69,116,117,-1,69,117,71,-1,71,117,118,-1,71,118,72,-1,72,118,119,-1,72,119,52,-1,120,46,121,-1,121,46,48,-1,121,48,122,-1,122,48,50,-1,122,50,123,-1,123,50,52,-1,123,52,119,-1,46,120,124,-1,46,124,44,-1,44,124,125,-1,44,125,42,-1,125,126,42,-1,42,126,127,-1,42,127,40,-1,40,127,128,-1,40,128,38,-1,38,128,129,-1,38,129,24,-1,25,24,130,-1,130,24,129,-1,31,25,131,-1,131,25,130,-1,32,31,132,-1,132,31,131,-1,28,32,133,-1,133,32,132,-1,28,133,134,-1,28,134,91,-1,91,134,135,-1,91,135,89,-1,89,135,136,-1,89,136,87,-1,87,136,137,-1,87,137,85,-1,85,137,138,-1,85,138,83,-1,83,138,139,-1,83,139,81,-1,81,139,93,-1,81,93,79,-1,57,140,141,-1,57,141,59,-1,59,141,142,-1,59,142,60,-1,60,142,143,-1,60,143,62,-1,66,144,145,-1,66,145,33,-1,33,145,146,-1,33,146,34,-1,34,146,147,-1,34,147,55,-1,55,147,140,-1,55,140,57,-1,51,148,149,-1,51,149,53,-1,53,149,150,-1,53,150,70,-1,70,150,151,-1,70,151,68,-1,68,151,144,-1,68,144,66,-1,45,152,153,-1,45,153,47,-1,47,153,154,-1,47,154,49,-1,49,154,148,-1,49,148,51,-1,37,155,156,-1,37,156,39,-1,39,156,157,-1,39,157,41,-1,41,157,158,-1,41,158,43,-1,43,158,152,-1,43,152,45,-1,29,159,160,-1,29,160,27,-1,27,160,161,-1,27,161,26,-1,26,161,162,-1,26,162,36,-1,36,162,155,-1,36,155,37,-1,29,30,159,-1,159,30,163,-1,30,62,163,-1,163,62,143,-1,
        ]
    }
}
Shape{
    appearance Appearance {
        material  Material 	{
            diffuseColor 0.25098039215686274 0.25098039215686274 0.25098039215686274
            specularColor 0.12549019607843137 0.12549019607843137 0.12549019607843137
            ambientIntensity 0.2
            transparency 0
            shininess 0.5
        }
    }
    geometry IndexedFaceSet {
        ccw TRUE
        solid FALSE
        coord DEF co Coordinate {
            point [
                0.5 0.1777 0.5326, 0.5 0.1777 0.5337, 0.5 0.1393 0.534, 0.5 0.1777 0.5428, 0.5 0.1554 0.5398, 0.5 0.1452 0.5375, 0.5 0.1413 0.5356, 0.5 0.1766 0.5251, 0.5 0.1373 0.5315, 0.5 0.1742 0.5192, 0.5 0.1382 0.5122, 0.5 0.1397 0.5108, 0.5 0.1685 0.5122, 0.5 0.1363 0.515, 0.5 0.1638 0.509, 0.5 0.1587 0.5072, 0.5 0.1524 0.5065, 0.5 0.1358 0.5284, 0.5 0.135 0.5246, 0.5 0.1706 0.5143, 0.5 0.1348 0.5219, 0.5 0.1352 0.5181, 0.5 0.143 0.5085, 0.5 0.1468 0.5071, 0.5 0.1468 0.5071
            ]
        }
        coordIndex [
            0,1,2,-1,1,3,4,-1,4,5,1,-1,1,5,6,-1,1,6,2,-1,0,2,7,-1,7,2,8,-1,7,8,9,-1,10,11,12,-1,10,12,13,-1,14,12,15,-1,15,12,16,-1,8,17,9,-1,9,17,18,-1,9,18,19,-1,19,18,20,-1,19,20,12,-1,12,20,21,-1,12,21,13,-1,11,22,12,-1,12,22,23,-1,12,23,16,-1,
        ]
    }
}
Shape{
    appearance Appearance {
        material  Material 	{
            diffuseColor 1.0 1.0 1.0
            specularColor 0.5019607843137255 0.5019607843137255 0.5019607843137255
            ambientIntensity 0.2
            transparency 0
            shininess 0.5
        }
    }
    geometry IndexedFaceSet {
        ccw TRUE
        solid FALSE
        coord DEF co Coordinate {
            point [
                0.5 0.2171 0.5156, 0.5039 0.2171 0.5156, 0.5039 0.2234 0.5117, 0.5039 0.2446 0.5064, 0.5 0.2446 0.5064, 0.5 0.2339 0.5077, 0.5039 0.2339 0.5077, 0.5 0.2248 0.5112, 0.5 0.2234 0.5117, 0.5039 0.2171 0.4984, 0.5 0.2171 0.4984, 0.5039 0.2277 0.4945, 0.5 0.2248 0.4955, 0.5 0.243 0.4928, 0.5039 0.243 0.4928, 0.5 0.2331 0.4939, 0.5 0.2277 0.4945, 0.5 0.2542 0.4939, 0.5039 0.256 0.4941, 0.5 0.256 0.4941, 0.5 0.2653 0.4972, 0.5039 0.2653 0.4972, 0.5 0.2707 0.5003, 0.5039 0.2707 0.5003, 0.5 0.2755 0.5045, 0.5039 0.2755 0.5045, 0.5 0.2786 0.5089, 0.5039 0.2786 0.5089, 0.5 0.2807 0.5142, 0.5039 0.2807 0.5142, 0.5 0.2815 0.5209, 0.5039 0.2815 0.5209, 0.5 0.2808 0.5272, 0.5039 0.2808 0.5272, 0.5 0.279 0.5321, 0.5039 0.279 0.5321, 0.5 0.2759 0.5367, 0.5039 0.2759 0.5367, 0.5 0.2719 0.5403, 0.5039 0.2719 0.5403, 0.5 0.2608 0.5464, 0.5039 0.2608 0.5464, 0.5 0.2543 0.5491, 0.5039 0.2543 0.5491, 0.5 0.244 0.5536, 0.5039 0.244 0.5536, 0.5 0.2381 0.5572, 0.5039 0.2381 0.5572, 0.5 0.2365 0.559, 0.5039 0.2365 0.559, 0.5 0.2352 0.5613, 0.5039 0.2352 0.5613, 0.5 0.2346 0.5639, 0.5039 0.2346 0.5639, 0.5 0.2344 0.5661, 0.5039 0.2344 0.5661, 0.5 0.2347 0.5688, 0.5039 0.2347 0.5688, 0.5 0.2356 0.571, 0.5039 0.2356 0.571, 0.5 0.237 0.5732, 0.5039 0.237 0.5732, 0.5 0.2395 0.5754, 0.5039 0.2395 0.5754, 0.5 0.2433 0.5774, 0.5039 0.2433 0.5774, 0.5 0.2477 0.5786, 0.5039 0.2477 0.5786, 0.5 0.2527 0.5789, 0.5039 0.2527 0.5789, 0.5 0.2638 0.5777, 0.5039 0.2638 0.5777, 0.5 0.2732 0.5742, 0.5039 0.2732 0.5742, 0.5 0.2769 0.572, 0.5039 0.2769 0.572, 0.5039 0.2769 0.5883, 0.5 0.2769 0.5883, 0.5 0.2656 0.5915, 0.5039 0.2656 0.5915, 0.5 0.2543 0.5925, 0.5039 0.2543 0.5925, 0.5 0.2422 0.5912, 0.5039 0.2422 0.5912, 0.5 0.233 0.588, 0.5039 0.233 0.588, 0.5 0.2279 0.5849, 0.5039 0.2279 0.5849, 0.5039 0.223 0.5805, 0.5 0.2248 0.5822, 0.5 0.223 0.5805, 0.5 0.2199 0.576, 0.5039 0.2199 0.576, 0.5 0.2179 0.5706, 0.5039 0.2179 0.5706, 0.5 0.2172 0.5646, 0.5039 0.2172 0.5646, 0.5 0.2179 0.5581, 0.5039 0.2179 0.5581, 0.5 0.2198 0.553, 0.5039 0.2198 0.553, 0.5 0.2219 0.5495, 0.5039 0.2219 0.5495, 0.5 0.2425 0.5369, 0.5039 0.2425 0.5369, 0.5039 0.2326 0.5415, 0.5 0.2247 0.5467, 0.5039 0.2247 0.5467, 0.5 0.2248 0.5466, 0.5 0.2326 0.5415, 0.5 0.2535 0.5323, 0.5039 0.2535 0.5323, 0.5 0.26 0.5284, 0.5039 0.26 0.5284, 0.5 0.2621 0.5262, 0.5039 0.2621 0.5262, 0.5 0.2634 0.524, 0.5039 0.2634 0.524, 0.5 0.2642 0.5214, 0.5039 0.2642 0.5214, 0.5 0.2643 0.5193, 0.5039 0.2643 0.5193, 0.5 0.264 0.5161, 0.5039 0.264 0.5161, 0.5 0.2631 0.5137, 0.5039 0.2631 0.5137, 0.5 0.2617 0.5116, 0.5039 0.2617 0.5116, 0.5 0.2597 0.5099, 0.5039 0.2597 0.5099, 0.5 0.2582 0.509, 0.5039 0.2582 0.509, 0.5 0.2539 0.5074, 0.5039 0.2539 0.5074, 0.5 0.2453 0.5064, 0.5039 0.2453 0.5064, 0.5039 0.3643 0.5903, 0.5039 0.3817 0.5903, 0.5 0.3643 0.5903, 0.5 0.3817 0.5903, 0.5039 0.3383 0.5186, 0.5 0.3383 0.5186, 0.5 0.337 0.5141, 0.5039 0.337 0.5141, 0.5 0.3363 0.5108, 0.5039 0.3363 0.5108, 0.5039 0.3358 0.5108, 0.5 0.3358 0.5108, 0.5039 0.3338 0.5187, 0.5 0.3338 0.5187, 0.5 0.3089 0.5903, 0.5039 0.3089 0.5903, 0.5 0.3169 0.5671, 0.5039 0.2902 0.5903, 0.5 0.2902 0.5903, 0.5 0.3276 0.4952, 0.5039 0.3276 0.4952, 0.5 0.3169 0.5223, 0.5 0.3202 0.4779, 0.5039 0.3202 0.4779, 0.5 0.327 0.4939, 0.5 0.3169 0.4719, 0.5039 0.3169 0.4719, 0.5 0.3138 0.4684, 0.5039 0.3138 0.4684, 0.5 0.3109 0.4663, 0.5039 0.3109 0.4663, 0.5 0.3072 0.4649, 0.5039 0.3072 0.4649, 0.5 0.3031 0.4645, 0.5039 0.3031 0.4645, 0.5 0.297 0.4652, 0.5039 0.297 0.4652, 0.5 0.2936 0.4664, 0.5039 0.2936 0.4664, 0.5039 0.2936 0.4515, 0.5 0.2936 0.4515, 0.5 0.3007 0.4503, 0.5039 0.3007 0.4503, 0.5 0.3044 0.4501, 0.5039 0.3044 0.4501, 0.5 0.3112 0.4509, 0.5039 0.3112 0.4509, 0.5 0.3169 0.4531, 0.5039 0.3177 0.4534, 0.5 0.3177 0.4534, 0.5 0.3236 0.4575, 0.5039 0.3236 0.4575, 0.5 0.3247 0.4585, 0.5039 0.3247 0.4585, 0.5 0.3308 0.4659, 0.5039 0.3308 0.4659, 0.5 0.3384 0.4806, 0.5039 0.3384 0.4806, 0.5 0.3436 0.4939, 0.5039 0.4714 0.5102, 0.5039 0.4714 0.495, 0.5 0.4714 0.5102, 0.5 0.4714 0.495, 0.5 0.4169 0.5102, 0.5039 0.4169 0.5102, 0.5 0.4419 0.5102, 0.5039 0.4169 0.5551, 0.5 0.4169 0.5551, 0.5 0.4646 0.5551, 0.5039 0.4646 0.5551, 0.5 0.4419 0.5551, 0.5039 0.4646 0.5704, 0.5 0.4646 0.5704, 0.5 0.4169 0.5704, 0.5039 0.4169 0.5704, 0.5 0.4419 0.5704, 0.5039 0.4169 0.6131, 0.5 0.4169 0.6131, 0.5 0.4684 0.6131, 0.5039 0.4684 0.6131, 0.5 0.4419 0.6131, 0.5039 0.4684 0.6285, 0.5 0.4684 0.6285, 0.5 0.3997 0.6285, 0.5039 0.3997 0.6285, 0.5 0.4419 0.6285, 0.5039 0.3997 0.495, 0.5 0.3997 0.495, 0.5 0.4419 0.495, 0.5039 0.5795 0.5323, 0.5039 0.5729 0.5241, 0.5039 0.5852 0.5137, 0.5039 0.5713 0.5226, 0.5039 0.5712 0.5037, 0.5039 0.5627 0.5167, 0.5039 0.5559 0.4978, 0.5039 0.5516 0.5124, 0.5039 0.5334 0.495, 0.5039 0.5333 0.5102, 0.5039 0.4967 0.495, 0.5039 0.5139 0.5102, 0.5039 0.4967 0.6285, 0.5039 0.5139 0.6131, 0.5039 0.5347 0.6285, 0.5039 0.534 0.6131, 0.5039 0.5551 0.6262, 0.5039 0.552 0.611, 0.5039 0.5712 0.6203, 0.5039 0.5635 0.6067, 0.5039 0.5852 0.6108, 0.5039 0.5726 0.6006, 0.5039 0.5899 0.6061, 0.5039 0.5763 0.5968, 0.5039 0.5982 0.5945, 0.5039 0.5815 0.5893, 0.5039 0.6031 0.5818, 0.5039 0.5852 0.5796, 0.5039 0.6053 0.5634, 0.5039 0.5872 0.563, 0.5039 0.6049 0.5549, 0.5039 0.5867 0.5543, 0.5039 0.6017 0.5393, 0.5039 0.5841 0.5421, 0.5039 0.5951 0.5255, 0.5 0.5334 0.495, 0.5 0.4967 0.495, 0.5 0.5559 0.4978, 0.5 0.5712 0.5037, 0.5 0.5852 0.5137, 0.5 0.5951 0.5255, 0.5 0.6017 0.5393, 0.5 0.6049 0.5549, 0.5 0.6053 0.5634, 0.5 0.6031 0.5818, 0.5 0.5982 0.5945, 0.5 0.5899 0.6061, 0.5 0.5852 0.6108, 0.5 0.5712 0.6203, 0.5 0.5551 0.6262, 0.5 0.5347 0.6285, 0.5 0.4967 0.6285, 0.5 0.534 0.6131, 0.5 0.5139 0.6131, 0.5 0.5139 0.5102, 0.5 0.5333 0.5102, 0.5 0.5729 0.5241, 0.5 0.5713 0.5226, 0.5 0.5627 0.5167, 0.5 0.5516 0.5124, 0.5 0.5872 0.563, 0.5 0.5867 0.5543, 0.5 0.5841 0.5421, 0.5 0.5795 0.5323, 0.5 0.5726 0.6006, 0.5 0.5763 0.5968, 0.5 0.5815 0.5893, 0.5 0.5852 0.5796, 0.5 0.552 0.611, 0.5 0.5635 0.6067, 0.5 0.5635 0.6067
            ]
        }
        coordIndex [
            0,1,2,-1,3,4,5,-1,3,5,6,-1,6,5,7,-1,6,7,2,-1,2,7,8,-1,2,8,0,-1,9,1,10,-1,10,1,0,-1,9,10,11,-1,11,10,12,-1,13,14,15,-1,15,14,11,-1,15,11,16,-1,16,11,12,-1,13,17,14,-1,14,17,18,-1,17,19,18,-1,18,19,20,-1,18,20,21,-1,21,20,22,-1,21,22,23,-1,23,22,24,-1,23,24,25,-1,25,24,26,-1,25,26,27,-1,27,26,28,-1,27,28,29,-1,29,28,30,-1,29,30,31,-1,31,30,32,-1,31,32,33,-1,33,32,34,-1,33,34,35,-1,35,34,36,-1,35,36,37,-1,37,36,38,-1,37,38,39,-1,39,38,40,-1,39,40,41,-1,41,40,42,-1,41,42,43,-1,43,42,44,-1,43,44,45,-1,45,44,46,-1,45,46,47,-1,47,46,48,-1,47,48,49,-1,49,48,50,-1,49,50,51,-1,51,50,52,-1,51,52,53,-1,53,52,54,-1,53,54,55,-1,55,54,56,-1,55,56,57,-1,57,56,58,-1,57,58,59,-1,59,58,60,-1,59,60,61,-1,61,60,62,-1,61,62,63,-1,63,62,64,-1,63,64,65,-1,65,64,66,-1,65,66,67,-1,67,66,68,-1,67,68,69,-1,69,68,70,-1,69,70,71,-1,71,70,72,-1,71,72,73,-1,73,72,74,-1,73,74,75,-1,76,75,77,-1,77,75,74,-1,76,77,78,-1,76,78,79,-1,79,78,80,-1,79,80,81,-1,81,80,82,-1,81,82,83,-1,83,82,84,-1,83,84,85,-1,85,84,86,-1,85,86,87,-1,87,86,88,-1,88,86,89,-1,89,90,88,-1,88,90,91,-1,88,91,92,-1,92,91,93,-1,92,93,94,-1,94,93,95,-1,94,95,96,-1,96,95,97,-1,96,97,98,-1,98,97,99,-1,98,99,100,-1,100,99,101,-1,100,101,102,-1,103,104,105,-1,102,101,106,-1,102,106,107,-1,107,106,108,-1,107,108,105,-1,105,108,109,-1,105,109,103,-1,104,103,110,-1,104,110,111,-1,111,110,112,-1,111,112,113,-1,113,112,114,-1,113,114,115,-1,115,114,116,-1,115,116,117,-1,117,116,118,-1,117,118,119,-1,119,118,120,-1,119,120,121,-1,121,120,122,-1,121,122,123,-1,123,122,124,-1,123,124,125,-1,125,124,126,-1,125,126,127,-1,127,126,128,-1,127,128,129,-1,129,128,130,-1,129,130,131,-1,131,130,132,-1,131,132,133,-1,133,132,134,-1,133,134,135,-1,135,134,4,-1,135,4,3,-1,61,63,85,-1,85,63,83,-1,45,104,43,-1,43,104,111,-1,43,111,41,-1,14,3,11,-1,11,3,6,-1,11,6,9,-1,9,6,2,-1,9,2,1,-1,63,65,83,-1,83,65,67,-1,83,67,81,-1,81,67,69,-1,81,69,79,-1,79,69,71,-1,79,71,76,-1,76,71,73,-1,76,73,75,-1,41,111,39,-1,39,111,113,-1,39,113,37,-1,37,113,115,-1,37,115,35,-1,35,115,117,-1,35,117,33,-1,33,117,119,-1,33,119,31,-1,31,119,121,-1,31,121,29,-1,29,121,123,-1,29,123,27,-1,27,123,125,-1,27,125,25,-1,25,125,127,-1,25,127,23,-1,23,127,129,-1,23,129,21,-1,21,129,131,-1,21,131,18,-1,18,131,133,-1,18,133,14,-1,14,133,135,-1,14,135,3,-1,85,87,61,-1,61,87,88,-1,61,88,59,-1,59,88,92,-1,59,92,57,-1,57,92,94,-1,57,94,55,-1,55,94,96,-1,55,96,53,-1,53,96,98,-1,53,98,51,-1,51,98,100,-1,51,100,49,-1,49,100,102,-1,49,102,47,-1,47,102,107,-1,47,107,45,-1,45,107,105,-1,45,105,104,-1,136,137,138,-1,138,137,139,-1,140,136,141,-1,141,136,138,-1,140,141,142,-1,140,142,143,-1,143,142,144,-1,143,144,145,-1,146,145,147,-1,147,145,144,-1,148,146,149,-1,149,146,147,-1,150,151,152,-1,152,151,148,-1,152,148,149,-1,153,151,154,-1,154,151,150,-1,155,156,157,-1,157,156,153,-1,157,153,154,-1,158,159,160,-1,160,159,156,-1,160,156,155,-1,159,158,161,-1,159,161,162,-1,162,161,163,-1,162,163,164,-1,164,163,165,-1,164,165,166,-1,166,165,167,-1,166,167,168,-1,168,167,169,-1,168,169,170,-1,170,169,171,-1,170,171,172,-1,172,171,173,-1,172,173,174,-1,175,174,176,-1,176,174,173,-1,175,176,177,-1,175,177,178,-1,178,177,179,-1,178,179,180,-1,180,179,181,-1,180,181,182,-1,182,181,183,-1,182,183,184,-1,183,185,184,-1,184,185,186,-1,184,186,187,-1,187,186,188,-1,187,188,189,-1,189,188,190,-1,189,190,191,-1,191,190,192,-1,191,192,193,-1,139,137,194,-1,194,137,193,-1,194,193,192,-1,143,145,193,-1,137,136,193,-1,193,136,140,-1,193,140,143,-1,151,153,148,-1,148,153,156,-1,148,156,146,-1,174,175,172,-1,172,175,178,-1,172,178,170,-1,170,178,180,-1,170,180,168,-1,168,180,182,-1,168,182,166,-1,166,182,184,-1,166,184,164,-1,191,162,189,-1,189,162,164,-1,189,164,187,-1,187,164,184,-1,145,146,193,-1,193,146,156,-1,193,156,191,-1,191,156,159,-1,191,159,162,-1,195,196,197,-1,197,196,198,-1,199,200,201,-1,201,200,195,-1,201,195,197,-1,202,200,203,-1,203,200,199,-1,204,205,206,-1,206,205,202,-1,206,202,203,-1,207,205,208,-1,208,205,204,-1,209,210,211,-1,211,210,207,-1,211,207,208,-1,212,210,213,-1,213,210,209,-1,214,215,216,-1,216,215,212,-1,216,212,213,-1,217,215,218,-1,218,215,214,-1,219,220,221,-1,221,220,217,-1,221,217,218,-1,222,220,223,-1,223,220,219,-1,198,196,224,-1,224,196,222,-1,224,222,223,-1,215,217,212,-1,212,217,220,-1,212,220,210,-1,196,195,222,-1,222,195,200,-1,222,200,202,-1,205,207,202,-1,202,207,210,-1,202,210,222,-1,222,210,220,-1,225,226,227,-1,227,226,228,-1,227,228,229,-1,229,228,230,-1,229,230,231,-1,231,230,232,-1,231,232,233,-1,233,232,234,-1,233,234,235,-1,235,234,236,-1,235,236,237,-1,237,236,238,-1,237,238,239,-1,239,238,240,-1,239,240,241,-1,241,240,242,-1,241,242,243,-1,243,242,244,-1,243,244,245,-1,245,244,246,-1,245,246,247,-1,247,246,248,-1,247,248,249,-1,249,248,250,-1,249,250,251,-1,251,250,252,-1,251,252,253,-1,253,252,254,-1,253,254,255,-1,255,254,256,-1,255,256,257,-1,257,256,258,-1,257,258,259,-1,259,258,225,-1,259,225,227,-1,233,235,260,-1,260,235,261,-1,233,260,262,-1,233,262,231,-1,231,262,263,-1,231,263,229,-1,229,263,264,-1,229,264,227,-1,227,264,265,-1,227,265,259,-1,259,265,266,-1,259,266,257,-1,257,266,267,-1,257,267,255,-1,255,267,268,-1,255,268,253,-1,253,268,269,-1,253,269,251,-1,251,269,270,-1,251,270,249,-1,249,270,271,-1,249,271,247,-1,247,271,272,-1,247,272,245,-1,245,272,273,-1,245,273,243,-1,243,273,274,-1,243,274,241,-1,241,274,275,-1,241,275,239,-1,237,239,276,-1,276,239,275,-1,235,237,261,-1,261,237,276,-1,240,238,277,-1,277,238,278,-1,238,236,278,-1,278,236,279,-1,236,234,279,-1,279,234,280,-1,226,281,282,-1,226,282,228,-1,228,282,283,-1,228,283,230,-1,230,283,284,-1,230,284,232,-1,232,284,280,-1,232,280,234,-1,254,285,286,-1,254,286,256,-1,256,286,287,-1,256,287,258,-1,258,287,288,-1,258,288,225,-1,225,288,281,-1,225,281,226,-1,246,289,290,-1,246,290,248,-1,248,290,291,-1,248,291,250,-1,250,291,292,-1,250,292,252,-1,252,292,285,-1,252,285,254,-1,240,277,293,-1,240,293,242,-1,242,293,294,-1,242,294,244,-1,244,294,289,-1,244,289,246,-1,
        ]
    }
}
Shape{
    appearance Appearance {
        material  Material 	{
            diffuseColor 0.25098039215686274 0.25098039215686274 0.25098039215686274
            specularColor 0.12549019607843137 0.12549019607843137 0.12549019607843137
            ambientIntensity 0.2
            transparency 0
            shininess 0.5
        }
    }
    geometry IndexedFaceSet {
        ccw TRUE
        solid FALSE
        coord DEF co Coordinate {
            point [
                0.5 0.5139 0.6131, 0.5 0.5139 0.5102, 0.5 0.534 0.6131, 0.5 0.5333 0.5102, 0.5 0.5516 0.5124, 0.5 0.5627 0.5167, 0.5 0.5713 0.5226, 0.5 0.5729 0.5241, 0.5 0.5795 0.5323, 0.5 0.5841 0.5421, 0.5 0.5872 0.563, 0.5 0.5726 0.6006, 0.5 0.5635 0.6067, 0.5 0.5852 0.5796, 0.5 0.5815 0.5893, 0.5 0.5763 0.5968, 0.5 0.5867 0.5543, 0.5 0.552 0.611, 0.5 0.552 0.611
            ]
        }
        coordIndex [
            0,1,2,-1,2,1,3,-1,3,4,2,-1,2,4,5,-1,2,5,6,-1,6,7,2,-1,2,7,8,-1,2,8,9,-1,10,11,12,-1,13,14,10,-1,10,14,15,-1,10,15,11,-1,9,16,2,-1,2,16,10,-1,2,10,17,-1,17,10,12,-1,
        ]
    }
}
Shape{
    appearance Appearance {
        material  Material 	{
            diffuseColor 1.0 1.0 1.0
            specularColor 0.5019607843137255 0.5019607843137255 0.5019607843137255
            ambientIntensity 0.2
            transparency 0
            shininess 0.5
        }
    }
    geometry IndexedFaceSet {
        ccw TRUE
        solid FALSE
        coord DEF co Coordinate {
            point [
                0.5039 0.65 0.5466, 0.5039 0.6446 0.5315, 0.5039 0.6948 0.5466, 0.5039 0.7001 0.5315, 0.5039 0.67 0.6021, 0.5039 0.6635 0.6285, 0.5039 0.6127 0.495, 0.5039 0.6317 0.495, 0.5039 0.6711 0.606, 0.5039 0.6722 0.6114, 0.5039 0.682 0.6285, 0.5039 0.6726 0.6114, 0.5039 0.6737 0.6058, 0.5039 0.6747 0.6021, 0.5039 0.7328 0.495, 0.5039 0.7138 0.495, 0.5 0.682 0.6285, 0.5 0.7328 0.495, 0.5 0.6635 0.6285, 0.5 0.6127 0.495, 0.5 0.6317 0.495, 0.5 0.6446 0.5315, 0.5 0.7001 0.5315, 0.5 0.7138 0.495, 0.5 0.65 0.5466, 0.5 0.6948 0.5466, 0.5 0.6747 0.6021, 0.5 0.6726 0.6114, 0.5 0.6737 0.6058, 0.5 0.6722 0.6114, 0.5 0.67 0.6021, 0.5 0.6711 0.606, 0.5 0.6711 0.606
            ]
        }
        coordIndex [
            0,1,2,-1,2,1,3,-1,4,5,0,-1,0,5,6,-1,0,6,1,-1,1,6,7,-1,4,8,5,-1,5,8,9,-1,5,9,10,-1,10,9,11,-1,10,11,12,-1,12,13,10,-1,10,13,2,-1,10,2,14,-1,14,2,3,-1,14,3,15,-1,10,14,16,-1,16,14,17,-1,5,10,18,-1,18,10,16,-1,6,5,19,-1,19,5,18,-1,7,6,20,-1,20,6,19,-1,1,7,21,-1,21,7,20,-1,3,1,22,-1,22,1,21,-1,15,3,23,-1,23,3,22,-1,14,15,17,-1,17,15,23,-1,0,2,24,-1,24,2,25,-1,2,13,25,-1,25,13,26,-1,11,27,28,-1,11,28,12,-1,12,28,26,-1,12,26,13,-1,11,9,27,-1,27,9,29,-1,4,30,31,-1,4,31,8,-1,8,31,29,-1,8,29,9,-1,4,0,30,-1,30,0,24,-1,
        ]
    }
}
Shape{
    appearance Appearance {
        material  Material 	{
            diffuseColor 0.25098039215686274 0.25098039215686274 0.25098039215686274
            specularColor 0.12549019607843137 0.12549019607843137 0.12549019607843137
            ambientIntensity 0.2
            transparency 0
            shininess 0.5
        }
    }
    geometry IndexedFaceSet {
        ccw TRUE
        solid FALSE
        coord DEF co Coordinate {
            point [
                0.5 0.6726 0.6114, 0.5 0.6722 0.6114, 0.5 0.6737 0.6058, 0.5 0.6711 0.606, 0.5 0.6747 0.6021, 0.5 0.67 0.6021, 0.5 0.6948 0.5466, 0.5 0.65 0.5466, 0.5 0.65 0.5466
            ]
        }
        coordIndex [
            0,1,2,-1,2,1,3,-1,2,3,4,-1,4,3,5,-1,4,5,6,-1,6,5,7,-1,
        ]
    }
}
Shape{
    appearance Appearance {
        material  Material 	{
            diffuseColor 1.0 1.0 1.0
            specularColor 0.5019607843137255 0.5019607843137255 0.5019607843137255
            ambientIntensity 0.2
            transparency 0
            shininess 0.5
        }
    }
    geometry IndexedFaceSet {
        ccw TRUE
        solid FALSE
        coord DEF co Coordinate {
            point [
                0.5039 -0.5843 0.7249, 0.5039 -0.5632 0.7361, 0.5039 -0.5682 0.7945, 0.5039 -0.4011 0.4723, 0.5039 -0.3898 0.4935, 0.5039 -0.3843 0.5169, 0.5039 -0.509 0.7972, 0.5039 -0.4796 0.728, 0.5039 -0.4651 0.758, 0.5039 -0.5147 0.5142, 0.5039 -0.5165 0.5231, 0.5039 -0.5678 0.56, 0.5039 -0.5688 0.4965, 0.5039 -0.5808 0.5, 0.5039 -0.5885 0.5728, 0.5039 -0.5308 0.7991, 0.5039 -0.2509 0.6065, 0.5039 -0.2803 0.6568, 0.5039 -0.3838 0.5363, 0.5039 -0.4075 0.5904, 0.5039 -0.3838 0.5268, 0.5039 -0.4345 0.4429, 0.5039 -0.4156 0.456, 0.5039 -0.511 0.5063, 0.5039 -0.5451 0.4587, 0.5039 -0.5593 0.4761, 0.5039 -0.2196 0.7004, 0.5039 -0.212 0.7004, 0.5039 -0.1731 0.7517, 0.5039 -0.194 0.6982, 0.5039 -0.1685 0.7501, 0.5039 -0.1774 0.6918, 0.5039 -0.1402 0.7361, 0.5039 -0.1145 0.7143, 0.5039 -0.4896 0.8199, 0.5039 -0.4438 0.7834, 0.5039 -0.4673 0.839, 0.5039 -0.4184 0.802, 0.5039 -0.4418 0.8545, 0.5039 -0.5398 0.7417, 0.5039 -0.5299 0.7422, 0.5039 -0.5199 0.7985, 0.5039 -0.5076 0.7394, 0.5039 -0.4863 0.7316, 0.5039 -0.4494 0.5046, 0.5039 -0.4547 0.4985, 0.5039 -0.462 0.4933, 0.5039 -0.4557 0.4348, 0.5039 -0.4702 0.4901, 0.5039 -0.4786 0.4319, 0.5039 -0.4796 0.4889, 0.5039 -0.4823 0.432, 0.5039 -0.4812 0.4889, 0.5039 -0.5047 0.4355, 0.5039 -0.4897 0.4903, 0.5039 -0.5266 0.4447, 0.5039 -0.4983 0.494, 0.5039 -0.5056 0.4995, 0.5039 -0.4449 0.5388, 0.5039 -0.4428 0.53, 0.5039 -0.4428 0.5219, 0.5039 -0.445 0.5128, 0.5039 -0.1143 0.5373, 0.5039 -0.1585 0.5749, 0.5039 -0.1401 0.5154, 0.5039 -0.1725 0.5635, 0.5039 -0.1691 0.5012, 0.5039 -0.1893 0.5557, 0.5039 -0.2006 0.4946, 0.5039 -0.2063 0.5524, 0.5039 -0.2566 0.4946, 0.5039 -0.249 0.5524, 0.5039 -0.262 0.4954, 0.5039 -0.516 0.5324, 0.5039 -0.5132 0.5413, 0.5039 -0.5574 0.5804, 0.5039 -0.5083 0.5492, 0.5039 -0.5417 0.5983, 0.5039 -0.5046 0.5531, 0.5039 -0.5223 0.6118, 0.5039 -0.4972 0.5584, 0.5039 -0.5013 0.6198, 0.5039 -0.4889 0.5617, 0.5039 -0.4786 0.6226, 0.5039 -0.4796 0.5629, 0.5039 -0.4671 0.622, 0.5039 -0.4714 0.5619, 0.5039 -0.4442 0.6163, 0.5039 -0.4626 0.5587, 0.5039 -0.4241 0.6055, 0.5039 -0.455 0.5535, 0.5039 -0.449 0.5466, 0.5039 -0.1627 0.6816, 0.5039 -0.1518 0.6694, 0.5039 -0.0951 0.6873, 0.5039 -0.143 0.653, 0.5039 -0.0835 0.6584, 0.5039 -0.1385 0.6348, 0.5039 -0.0792 0.6274, 0.5039 -0.138 0.6264, 0.5039 -0.0835 0.5935, 0.5039 -0.1403 0.608, 0.5039 -0.0955 0.5635, 0.5039 -0.1468 0.591, 0.5039 -0.1573 0.5762, 0.5039 -0.2244 0.8266, 0.5039 -0.2615 0.783, 0.5039 -0.1925 0.7896, 0.5039 -0.2401 0.7575, 0.5039 -0.2254 0.7269, 0.5039 -0.6219 0.6703, 0.5039 -0.6843 0.6545, 0.5039 -0.6248 0.6473, 0.5039 -0.6845 0.6454, 0.5039 -0.6236 0.6327, 0.5039 -0.6799 0.6083, 0.5039 -0.6168 0.6094, 0.5039 -0.6664 0.5729, 0.5039 -0.6055 0.5902, 0.5039 -0.6447 0.542, 0.5039 -0.6151 0.5167, 0.5039 -0.3979 0.8708, 0.5039 -0.3874 0.8145, 0.5039 -0.3534 0.876, 0.5039 -0.3525 0.819, 0.5039 -0.3102 0.871, 0.5039 -0.3203 0.8151, 0.5039 -0.263 0.8532, 0.5039 -0.2905 0.8037, 0.5039 -0.2639 0.7852, 0.5039 -0.6034 0.7809, 0.5039 -0.6335 0.7596, 0.5039 -0.6006 0.7103, 0.5039 -0.6399 0.7536, 0.5039 -0.6138 0.6915, 0.5039 -0.6628 0.7243, 0.5039 -0.6779 0.6902, 0.5039 -0.2538 0.5533, 0.5039 -0.2766 0.5045, 0.5039 -0.2744 0.5023, 0.5039 -0.251 0.5527, 0.5039 -0.2682 0.4979, 0.5039 -0.2841 0.524, 0.5039 -0.2832 0.5169, 0.5039 -0.2807 0.5105, 0.5039 -0.2621 0.5524, 0.5039 -0.2686 0.5499, 0.5039 -0.2839 0.5277, 0.5039 -0.2744 0.5457, 0.5039 -0.2783 0.5414, 0.5039 -0.282 0.5349, 0.5039 -0.2547 0.5534, 0.5 -0.1082 0.7056, 0.5 -0.0951 0.6873, 0.5 -0.0868 0.6665, 0.5 -0.0835 0.6584, 0.5 -0.0792 0.6274, 0.5 -0.1145 0.7143, 0.5 -0.1402 0.7361, 0.5 -0.1685 0.7501, 0.5 -0.1731 0.7517, 0.5 -0.1925 0.7896, 0.5 -0.2244 0.8266, 0.5 -0.2457 0.8413, 0.5 -0.263 0.8532, 0.5 -0.3102 0.871, 0.5 -0.3534 0.876, 0.5 -0.3979 0.8708, 0.5 -0.4418 0.8545, 0.5 -0.4635 0.8413, 0.5 -0.4673 0.839, 0.5 -0.4896 0.8199, 0.5 -0.509 0.7972, 0.5 -0.5199 0.7985, 0.5 -0.5308 0.7991, 0.5 -0.5682 0.7945, 0.5 -0.6034 0.7809, 0.5 -0.6335 0.7596, 0.5 -0.6399 0.7536, 0.5 -0.6845 0.6454, 0.5 -0.6628 0.7243, 0.5 -0.6711 0.7056, 0.5 -0.6779 0.6902, 0.5 -0.6821 0.6665, 0.5 -0.6843 0.6545, 0.5 -0.6799 0.6083, 0.5 -0.6664 0.5729, 0.5 -0.6447 0.542, 0.5 -0.6151 0.5167, 0.5 -0.5808 0.5, 0.5 -0.5688 0.4965, 0.5 -0.5676 0.4939, 0.5 -0.5593 0.4761, 0.5 -0.5451 0.4587, 0.5 -0.5266 0.4447, 0.5 -0.5179 0.441, 0.5 -0.5047 0.4355, 0.5 -0.4823 0.432, 0.5 -0.4786 0.4319, 0.5 -0.3838 0.5268, 0.5 -0.4557 0.4348, 0.5 -0.4394 0.441, 0.5 -0.4345 0.4429, 0.5 -0.4156 0.456, 0.5 -0.4011 0.4723, 0.5 -0.3898 0.4935, 0.5 -0.3897 0.4939, 0.5 -0.3843 0.5169, 0.5 -0.3838 0.5363, 0.5 -0.2509 0.6065, 0.5 -0.2803 0.6568, 0.5 -0.4075 0.5904, 0.5 -0.4241 0.6055, 0.5 -0.4442 0.6163, 0.5 -0.4671 0.622, 0.5 -0.4786 0.6226, 0.5 -0.5013 0.6198, 0.5 -0.5223 0.6118, 0.5 -0.5417 0.5983, 0.5 -0.5574 0.5804, 0.5 -0.5678 0.56, 0.5 -0.5885 0.5728, 0.5 -0.6055 0.5902, 0.5 -0.6168 0.6094, 0.5 -0.6236 0.6327, 0.5 -0.6248 0.6473, 0.5 -0.6224 0.6665, 0.5 -0.6219 0.6703, 0.5 -0.6138 0.6915, 0.5 -0.604 0.7056, 0.5 -0.6006 0.7103, 0.5 -0.5843 0.7249, 0.5 -0.5632 0.7361, 0.5 -0.5398 0.7417, 0.5 -0.5299 0.7422, 0.5 -0.5076 0.7394, 0.5 -0.4863 0.7316, 0.5 -0.4796 0.728, 0.5 -0.4651 0.758, 0.5 -0.4438 0.7834, 0.5 -0.4184 0.802, 0.5 -0.3874 0.8145, 0.5 -0.3525 0.819, 0.5 -0.3203 0.8151, 0.5 -0.2905 0.8037, 0.5 -0.2639 0.7852, 0.5 -0.2615 0.783, 0.5 -0.2401 0.7575, 0.5 -0.2254 0.7269, 0.5 -0.2208 0.7056, 0.5 -0.2196 0.7004, 0.5 -0.212 0.7004, 0.5 -0.194 0.6982, 0.5 -0.1774 0.6918, 0.5 -0.1627 0.6816, 0.5 -0.1518 0.6694, 0.5 -0.1502 0.6665, 0.5 -0.143 0.653, 0.5 -0.1385 0.6348, 0.5 -0.138 0.6264, 0.5 -0.1403 0.608, 0.5 -0.1468 0.591, 0.5 -0.1573 0.5762, 0.5 -0.1585 0.5749, 0.5 -0.1725 0.5635, 0.5 -0.1893 0.5557, 0.5 -0.2063 0.5524, 0.5 -0.249 0.5524, 0.5 -0.251 0.5527, 0.5 -0.2538 0.5533, 0.5 -0.2547 0.5534, 0.5 -0.2621 0.5524, 0.5 -0.2686 0.5499, 0.5 -0.2744 0.5457, 0.5 -0.2783 0.5414, 0.5 -0.282 0.5349, 0.5 -0.2839 0.5277, 0.5 -0.2841 0.524, 0.5 -0.2832 0.5169, 0.5 -0.2807 0.5105, 0.5 -0.2766 0.5045, 0.5 -0.2744 0.5023, 0.5 -0.2682 0.4979, 0.5 -0.262 0.4954, 0.5 -0.2566 0.4946, 0.5 -0.2006 0.4946, 0.5 -0.1691 0.5012, 0.5 -0.1401 0.5154, 0.5 -0.1143 0.5373, 0.5 -0.0955 0.5635, 0.5 -0.0835 0.5935, 0.5 -0.4796 0.5629, 0.5 -0.4714 0.5619, 0.5 -0.4626 0.5587, 0.5 -0.455 0.5535, 0.5 -0.449 0.5466, 0.5 -0.4449 0.5388, 0.5 -0.4428 0.53, 0.5 -0.4428 0.5219, 0.5 -0.445 0.5128, 0.5 -0.4494 0.5046, 0.5 -0.4547 0.4985, 0.5 -0.462 0.4933, 0.5 -0.4702 0.4901, 0.5 -0.4796 0.4889, 0.5 -0.4812 0.4889, 0.5 -0.4897 0.4903, 0.5 -0.4983 0.494, 0.5 -0.5056 0.4995, 0.5 -0.511 0.5063, 0.5 -0.5147 0.5142, 0.5 -0.5165 0.5231, 0.5 -0.516 0.5324, 0.5 -0.5132 0.5413, 0.5 -0.5083 0.5492, 0.5 -0.5046 0.5531, 0.5 -0.4972 0.5584, 0.5 -0.4889 0.5617, 0.5 -0.4889 0.5617
            ]
        }
        coordIndex [
            0,1,2,-1,3,4,5,-1,6,7,8,-1,9,10,11,-1,12,11,13,-1,13,11,14,-1,2,1,15,-1,16,17,18,-1,18,17,19,-1,18,19,20,-1,20,19,21,-1,20,21,5,-1,5,21,22,-1,5,22,3,-1,23,9,24,-1,24,9,11,-1,24,11,25,-1,25,11,12,-1,26,27,28,-1,28,27,29,-1,28,29,30,-1,30,29,31,-1,30,31,32,-1,32,31,33,-1,6,8,34,-1,34,8,35,-1,34,35,36,-1,36,35,37,-1,36,37,38,-1,1,39,15,-1,15,39,40,-1,15,40,41,-1,41,40,42,-1,41,42,6,-1,6,42,43,-1,6,43,7,-1,44,45,21,-1,21,45,46,-1,21,46,47,-1,47,46,48,-1,47,48,49,-1,49,48,50,-1,49,50,51,-1,51,50,52,-1,51,52,53,-1,53,52,54,-1,53,54,55,-1,55,54,56,-1,55,56,24,-1,24,56,57,-1,24,57,23,-1,58,59,19,-1,19,59,60,-1,19,60,21,-1,21,60,61,-1,21,61,44,-1,62,63,64,-1,64,63,65,-1,64,65,66,-1,66,65,67,-1,66,67,68,-1,68,67,69,-1,68,69,70,-1,70,69,71,-1,70,71,72,-1,10,73,11,-1,11,73,74,-1,11,74,75,-1,75,74,76,-1,75,76,77,-1,77,76,78,-1,77,78,79,-1,79,78,80,-1,79,80,81,-1,81,80,82,-1,81,82,83,-1,83,82,84,-1,83,84,85,-1,85,84,86,-1,85,86,87,-1,87,86,88,-1,87,88,89,-1,89,88,90,-1,89,90,19,-1,19,90,91,-1,19,91,58,-1,31,92,33,-1,33,92,93,-1,33,93,94,-1,94,93,95,-1,94,95,96,-1,96,95,97,-1,96,97,98,-1,98,97,99,-1,98,99,100,-1,100,99,101,-1,100,101,102,-1,102,101,103,-1,102,103,62,-1,62,103,104,-1,62,104,63,-1,105,106,107,-1,107,106,108,-1,107,108,28,-1,28,108,109,-1,28,109,26,-1,110,111,112,-1,112,111,113,-1,112,113,114,-1,114,113,115,-1,114,115,116,-1,116,115,117,-1,116,117,118,-1,118,117,119,-1,118,119,14,-1,14,119,120,-1,14,120,13,-1,38,37,121,-1,121,37,122,-1,121,122,123,-1,123,122,124,-1,123,124,125,-1,125,124,126,-1,125,126,127,-1,127,126,128,-1,127,128,105,-1,105,128,129,-1,105,129,106,-1,2,130,0,-1,0,130,131,-1,0,131,132,-1,132,131,133,-1,132,133,134,-1,134,133,135,-1,134,135,110,-1,110,135,136,-1,110,136,111,-1,137,138,139,-1,71,140,72,-1,72,140,137,-1,72,137,141,-1,141,137,139,-1,142,143,137,-1,137,143,144,-1,137,144,138,-1,145,146,147,-1,146,148,147,-1,147,148,149,-1,147,149,150,-1,142,137,147,-1,147,137,151,-1,147,151,145,-1,152,33,153,-1,153,33,94,-1,153,94,154,-1,154,94,96,-1,154,96,155,-1,155,96,98,-1,155,98,156,-1,152,157,33,-1,33,157,158,-1,33,158,32,-1,32,158,159,-1,32,159,30,-1,30,159,160,-1,30,160,28,-1,28,160,161,-1,28,161,107,-1,107,161,162,-1,107,162,105,-1,127,105,163,-1,163,105,162,-1,163,164,127,-1,127,164,165,-1,127,165,125,-1,125,165,166,-1,125,166,123,-1,123,166,167,-1,123,167,121,-1,121,167,168,-1,121,168,38,-1,38,168,36,-1,36,168,169,-1,36,169,170,-1,36,170,171,-1,36,171,34,-1,34,171,172,-1,34,172,6,-1,6,172,173,-1,6,173,41,-1,41,173,174,-1,41,174,15,-1,15,174,175,-1,15,175,2,-1,2,175,176,-1,2,176,130,-1,130,176,177,-1,130,177,131,-1,131,177,178,-1,131,178,133,-1,179,113,111,-1,133,178,180,-1,133,180,135,-1,135,180,181,-1,135,181,136,-1,181,182,136,-1,136,182,183,-1,136,183,111,-1,111,183,184,-1,111,184,179,-1,113,179,185,-1,113,185,115,-1,115,185,186,-1,115,186,117,-1,117,186,187,-1,117,187,119,-1,119,187,188,-1,119,188,120,-1,120,188,189,-1,120,189,13,-1,13,189,190,-1,13,190,12,-1,12,190,191,-1,12,191,25,-1,191,192,25,-1,25,192,193,-1,25,193,24,-1,24,193,194,-1,24,194,55,-1,55,194,195,-1,55,195,53,-1,195,196,53,-1,53,196,197,-1,53,197,51,-1,51,197,198,-1,51,198,49,-1,199,20,5,-1,49,198,200,-1,201,21,200,-1,200,21,47,-1,200,47,49,-1,201,202,21,-1,21,202,203,-1,21,203,22,-1,22,203,204,-1,22,204,3,-1,3,204,205,-1,3,205,4,-1,4,205,206,-1,4,206,5,-1,5,206,207,-1,5,207,199,-1,18,20,208,-1,208,20,199,-1,16,18,209,-1,209,18,208,-1,17,16,210,-1,210,16,209,-1,19,17,211,-1,211,17,210,-1,19,211,212,-1,19,212,89,-1,89,212,213,-1,89,213,87,-1,87,213,214,-1,87,214,85,-1,85,214,215,-1,85,215,83,-1,83,215,216,-1,83,216,81,-1,81,216,217,-1,81,217,79,-1,79,217,218,-1,79,218,77,-1,77,218,219,-1,77,219,75,-1,75,219,220,-1,75,220,11,-1,11,220,221,-1,11,221,14,-1,14,221,222,-1,14,222,118,-1,118,222,223,-1,118,223,116,-1,116,223,224,-1,116,224,114,-1,114,224,225,-1,114,225,112,-1,110,112,225,-1,225,226,110,-1,110,226,227,-1,110,227,228,-1,229,132,228,-1,228,132,134,-1,228,134,110,-1,229,230,132,-1,132,230,231,-1,132,231,0,-1,0,231,232,-1,0,232,1,-1,1,232,233,-1,1,233,39,-1,39,233,234,-1,39,234,40,-1,40,234,235,-1,40,235,42,-1,42,235,236,-1,42,236,43,-1,43,236,237,-1,43,237,7,-1,7,237,238,-1,7,238,8,-1,8,238,239,-1,8,239,35,-1,35,239,240,-1,35,240,37,-1,37,240,241,-1,37,241,122,-1,122,241,242,-1,122,242,124,-1,124,242,243,-1,124,243,126,-1,126,243,244,-1,126,244,128,-1,128,244,245,-1,128,245,129,-1,129,245,246,-1,129,246,106,-1,106,246,247,-1,106,247,108,-1,108,247,248,-1,108,248,109,-1,109,248,26,-1,26,248,249,-1,26,249,250,-1,27,26,251,-1,251,26,250,-1,27,251,252,-1,27,252,29,-1,29,252,253,-1,29,253,31,-1,31,253,254,-1,31,254,92,-1,92,254,255,-1,92,255,93,-1,93,255,256,-1,93,256,95,-1,256,257,95,-1,95,257,258,-1,95,258,97,-1,97,258,259,-1,97,259,99,-1,99,259,260,-1,99,260,101,-1,101,260,261,-1,101,261,103,-1,103,261,262,-1,103,262,104,-1,104,262,263,-1,104,263,63,-1,63,263,264,-1,63,264,65,-1,65,264,265,-1,65,265,67,-1,67,265,266,-1,67,266,69,-1,71,69,267,-1,267,69,266,-1,71,267,268,-1,71,268,140,-1,140,268,269,-1,140,269,137,-1,137,269,270,-1,137,270,151,-1,151,270,271,-1,151,271,145,-1,145,271,272,-1,145,272,146,-1,146,272,273,-1,146,273,148,-1,148,273,274,-1,148,274,149,-1,149,274,275,-1,149,275,150,-1,150,275,276,-1,150,276,147,-1,147,276,277,-1,147,277,142,-1,142,277,278,-1,142,278,143,-1,143,278,279,-1,143,279,144,-1,144,279,280,-1,144,280,138,-1,138,280,281,-1,138,281,139,-1,139,281,282,-1,139,282,141,-1,141,282,283,-1,141,283,72,-1,72,283,284,-1,72,284,70,-1,68,70,285,-1,285,70,284,-1,68,285,286,-1,68,286,66,-1,66,286,287,-1,66,287,64,-1,64,287,288,-1,64,288,62,-1,62,288,289,-1,62,289,102,-1,102,289,290,-1,102,290,100,-1,100,290,156,-1,100,156,98,-1,84,291,292,-1,84,292,86,-1,86,292,293,-1,86,293,88,-1,88,293,294,-1,88,294,90,-1,90,294,295,-1,90,295,91,-1,91,295,296,-1,91,296,58,-1,58,296,297,-1,58,297,59,-1,59,297,298,-1,59,298,60,-1,60,298,299,-1,60,299,61,-1,61,299,300,-1,61,300,44,-1,44,300,301,-1,44,301,45,-1,45,301,302,-1,45,302,46,-1,46,302,303,-1,46,303,48,-1,48,303,304,-1,48,304,50,-1,50,304,305,-1,50,305,52,-1,52,305,306,-1,52,306,54,-1,54,306,307,-1,54,307,56,-1,56,307,308,-1,56,308,57,-1,57,308,309,-1,57,309,23,-1,23,309,310,-1,23,310,9,-1,9,310,311,-1,9,311,10,-1,10,311,312,-1,10,312,73,-1,73,312,313,-1,73,313,74,-1,74,313,314,-1,74,314,76,-1,76,314,315,-1,76,315,78,-1,78,315,316,-1,78,316,80,-1,80,316,317,-1,80,317,82,-1,82,317,291,-1,82,291,84,-1,
        ]
    }
}
Shape{
    appearance Appearance {
        material  Material 	{
            diffuseColor 0.25098039215686274 0.25098039215686274 0.25098039215686274
            specularColor 0.12549019607843137 0.12549019607843137 0.12549019607843137
            ambientIntensity 0.2
            transparency 0
            shininess 0.5
        }
    }
    geometry IndexedFaceSet {
        ccw TRUE
        solid FALSE
        coord DEF co Coordinate {
            point [
                0.5 -0.4812 0.4889, 0.5 -0.5046 0.5531, 0.5 -0.5083 0.5492, 0.5 -0.4796 0.5629, 0.5 -0.4889 0.5617, 0.5 -0.4972 0.5584, 0.5 -0.5147 0.5142, 0.5 -0.511 0.5063, 0.5 -0.5056 0.4995, 0.5 -0.4714 0.5619, 0.5 -0.4796 0.4889, 0.5 -0.4702 0.4901, 0.5 -0.462 0.4933, 0.5 -0.4547 0.4985, 0.5 -0.4494 0.5046, 0.5 -0.4428 0.53, 0.5 -0.4449 0.5388, 0.5 -0.449 0.5466, 0.5 -0.455 0.5535, 0.5 -0.4626 0.5587, 0.5 -0.5132 0.5413, 0.5 -0.516 0.5324, 0.5 -0.5165 0.5231, 0.5 -0.4983 0.494, 0.5 -0.4897 0.4903, 0.5 -0.445 0.5128, 0.5 -0.4428 0.5219, 0.5 -0.4428 0.5219
            ]
        }
        coordIndex [
            0,1,2,-1,3,4,0,-1,0,4,5,-1,0,5,1,-1,6,7,2,-1,2,7,8,-1,3,0,9,-1,9,0,10,-1,9,10,11,-1,11,12,9,-1,9,12,13,-1,9,13,14,-1,9,15,16,-1,16,17,9,-1,9,17,18,-1,9,18,19,-1,20,21,2,-1,2,21,22,-1,2,22,6,-1,8,23,2,-1,2,23,24,-1,2,24,0,-1,14,25,9,-1,9,25,26,-1,9,26,15,-1,
        ]
    }
}