#VRML V2.0 utf8
# 3D model generated by easyeda2kicad.py (https://github.com/uPesy/easyeda2kicad.py)

Shape{
    appearance Appearance {
        material  Material 	{
            diffuseColor 0.2235294117647059 0.2235294117647059 0.2235294117647059
            specularColor 0.11372549019607843 0.11372549019607843 0.11372549019607843
            ambientIntensity 0.2
            transparency 0
            shininess 0.5
        }
    }
    geometry IndexedFaceSet {
        ccw TRUE
        solid FALSE
        coord DEF co Coordinate {
            point [
                2.6181 -0.2483 -0.9843, 2.6181 0.361 -0.9843, 2.6181 0.361 -0.2047, 2.6181 -0.5994 -0.1512, 2.6181 -0.6048 -0.1519, 2.6181 -0.5715 -0.1519, 2.6181 -0.4576 -0.0173, 2.6181 -0.4154 -0.0173, 2.6181 -0.4154 0.0207, 2.6181 -0.9975 0.0903, 2.6181 -0.9718 0.0685, 2.6181 -0.8819 0.1955, 2.6181 -0.8819 0.0598, 2.6181 -1.1185 0.2064, 2.6181 -1.1028 0.1955, 2.6181 -1.0817 0.1809, 2.6181 -1.0487 0.1422, 2.6181 -1.0304 0.1059, 2.6181 -1.0258 0.1043, 2.6181 -1.1655 0.2247, 2.6181 -0.8819 0.9843, 2.6181 -1.2107 0.2302, 2.6181 -1.2533 0.2255, 2.6181 -1.2973 0.2096, 2.6181 -2.5 0.9843, 2.6181 -1.3207 0.1955, 2.6181 -2.5 0.1955, 2.6181 -1.3246 0.1932, 2.6181 -2.5 0.0598, 2.6181 -1.5284 0.0598, 2.6181 -1.5201 0.0786, 2.6181 -1.4973 0.1078, 2.6181 -1.4255 0.1487, 2.6181 -1.3881 0.1533, 2.6181 -1.3469 0.1741, 2.6181 -1.3772 0.1528, 2.6181 -1.3663 0.1515, 2.6181 -1.4908 0.1139, 2.6181 -1.4607 0.1351, 2.6181 -1.4724 -0.129, 2.6181 -1.502 -0.1038, 2.6181 -2.5 -0.1519, 2.6181 -1.4381 -0.1457, 2.6181 -1.5237 -0.0728, 2.6181 -1.5373 -0.0375, 2.6181 -2.5 0.0207, 2.6181 -1.5418 -0.0004, 2.6181 -1.5416 0.0088, 2.6181 -1.5394 0.0207, 2.6181 -1.5352 0.0444, 2.6181 -1.4261 -0.1493, 2.6181 -1.4249 -0.1519, 2.6181 -1.4166 -0.1697, 2.6181 -1.4025 -0.1871, 2.6181 -0.8819 -0.9843, 2.6181 -0.8819 -0.2047, 2.6181 -1.2967 -0.2047, 2.6181 -1.313 -0.211, 2.6181 -1.336 -0.2138, 2.6181 -2.5 -0.9843, 2.6181 -1.3396 -0.2138, 2.6181 -1.362 -0.2103, 2.6181 -2.5 -0.2047, 2.6181 -1.3752 -0.2047, 2.6181 -1.3839 -0.2011, 2.6181 -0.8819 -0.1519, 2.6181 -1.247 -0.1519, 2.6181 -1.2471 -0.1522, 2.6181 -1.2584 -0.1734, 2.6181 -1.2729 -0.1897, 2.6181 -1.2918 -0.2029, 2.6181 -0.9408 0.0126, 2.6181 -0.9365 -0.0184, 2.6181 -0.8819 0.0207, 2.6181 -1.1259 -0.0959, 2.6181 -1.1194 -0.0933, 2.6181 -1.1082 -0.0393, 2.6181 -0.9716 -0.1085, 2.6181 -0.9974 -0.1304, 2.6181 -1.2648 -0.0554, 2.6181 -1.1377 0.011, 2.6181 -1.2814 -0.0403, 2.6181 -1.3015 -0.0295, 2.6181 -1.1317 -0.1, 2.6181 -0.9528 -0.0823, 2.6181 -0.9958 -0.011, 2.6181 -1.0002 0.0072, 2.6181 -1.0075 0.0207, 2.6181 -1.4797 0.0207, 2.6181 -0.9409 -0.0523, 2.6181 -1.112 -0.0924, 2.6181 -1.1111 -0.0925, 2.6181 -1.1083 -0.0931, 2.6181 -1.4741 -0.0363, 2.6181 -1.4628 -0.0555, 2.6181 -1.4146 -0.0653, 2.6181 -1.4458 -0.073, 2.6181 -1.4251 -0.0858, 2.6181 -1.3796 -0.0339, 2.6181 -1.399 -0.0474, 2.6181 -1.4821 0.0015, 2.6181 -1.4809 -0.0131, 2.6181 -1.3586 -0.0259, 2.6181 -1.336 -0.0231, 2.6181 -1.3244 -0.0238, 2.6181 -1.1414 -0.1218, 2.6181 -1.1412 -0.1181, 2.6181 -1.2411 -0.1095, 2.6181 -1.1393 -0.1108, 2.6181 -1.1357 -0.1044, 2.6181 -1.0146 -0.0695, 2.6181 -1.0041 -0.0547, 2.6181 -0.9976 -0.0378, 2.6181 -0.9953 -0.0193, 2.6181 -1.1193 -0.1504, 2.6181 -1.1256 -0.1479, 2.6181 -1.1317 -0.1435, 2.6181 -1.1339 -0.1413, 2.6181 -1.138 -0.1353, 2.6181 -1.1405 -0.1289, 2.6181 -1.2416 -0.1288, 2.6181 -1.2411 -0.119, 2.6181 -1.0264 -0.1445, 2.6181 -1.058 -0.1512, 2.6181 -1.1139 -0.1512, 2.6181 -1.1063 -0.0933, 2.6181 -1.0636 -0.0933, 2.6181 -1.0466 -0.0901, 2.6181 -1.0299 -0.0823, 2.6181 -1.0159 -0.0709, 2.6181 -1.0769 0.0547, 2.6181 -1.4711 0.0457, 2.6181 -1.4792 0.0245, 2.6181 -1.0693 0.0547, 2.6181 -1.0091 0.0236, 2.6181 -1.02 0.0358, 2.6181 -1.0347 0.0461, 2.6181 -1.0513 0.0524, 2.6181 -1.0974 0.1116, 2.6181 -1.1188 0.1372, 2.6181 -1.3369 0.0822, 2.6181 -1.1212 0.1394, 2.6181 -1.1478 0.1579, 2.6181 -1.3224 0.1122, 2.6181 -1.4613 0.0598, 2.6181 -1.3437 0.0859, 2.6181 -1.0781 0.0598, 2.6181 -1.0827 0.0811, 2.6181 -1.365 0.0937, 2.6181 -1.3872 0.0964, 2.6181 -1.397 0.0959, 2.6181 -1.3011 0.1376, 2.6181 -1.1776 0.1693, 2.6181 -1.2757 0.1562, 2.6181 -1.2098 0.1733, 2.6181 -1.2447 0.1688, 2.6181 -1.4205 0.0904, 2.6181 -1.4416 0.0791, 2.6181 -1.458 0.0646, 2.6181 -0.9655 0.0598, 2.6181 -0.9524 0.0415, 2.6181 -0.9441 0.0207, 2.6181 -0.3859 -0.1355, 2.6181 -0.3859 -0.1508, 2.6181 -0.3733 -0.1519, 2.6181 -0.3733 0.0207, 2.6181 -0.3889 -0.0173, 2.6181 -0.3889 -0.0327, 2.6181 -0.4404 -0.0907, 2.6181 -0.4404 -0.1355, 2.6181 -0.4154 -0.0907, 2.6181 -0.4154 -0.1355, 2.6181 -0.3927 -0.0907, 2.6181 -0.3927 -0.0754, 2.6181 -0.4404 -0.0327, 2.6181 -0.4404 -0.0754, 2.6181 -0.4154 -0.0327, 2.6181 -0.4154 -0.0754, 2.6181 -0.4154 -0.1519, 2.6181 -0.4154 -0.1508, 2.6181 -0.4576 -0.1508, 2.6181 -0.5235 -0.1271, 2.6181 -0.5215 -0.1349, 2.6181 -0.5211 -0.1349, 2.6181 -0.4756 -0.0554, 2.6181 -0.5404 0.0207, 2.6181 -0.493 -0.0554, 2.6181 -0.5404 -0.0787, 2.6181 -0.519 -0.1272, 2.6181 -0.5203 -0.1317, 2.6181 -0.6402 -0.1302, 2.6181 -0.6572 0.0207, 2.6181 -0.6572 -0.1519, 2.6181 -0.6334 -0.1343, 2.6181 -0.6325 -0.1347, 2.6181 -0.6325 -0.0992, 2.6181 -0.6354 -0.0962, 2.6181 -0.6375 -0.0928, 2.6181 -0.6394 -0.0877, 2.6181 -0.6401 -0.0812, 2.6181 -0.6394 -0.0752, 2.6181 -0.6326 -0.0991, 2.6181 -0.6239 -0.1519, 2.6181 -0.6301 -0.1512, 2.6181 -0.6325 -0.1519, 2.6181 -0.6325 -0.1503, 2.6181 -0.6402 -0.1474, 2.6181 -0.5804 -0.0575, 2.6181 -0.5804 -0.0737, 2.6181 -0.6294 -0.0608, 2.6181 -0.6239 -0.0576, 2.6181 -0.6325 0.0207, 2.6181 -0.6375 -0.0698, 2.6181 -0.6343 -0.0653, 2.6181 -0.6325 -0.0636, 2.6181 -0.5766 -0.1315, 2.6181 -0.5787 -0.1368, 2.6181 -0.5818 -0.1413, 2.6181 -0.6146 -0.0544, 2.6181 -0.603 -0.0533, 2.6181 -0.5715 0.0207, 2.6181 -0.5913 -0.0543, 2.6181 -0.5814 -0.1091, 2.6181 -0.5783 -0.1137, 2.6181 -0.5765 -0.1186, 2.6181 -0.5758 -0.1248, 2.6181 -0.5866 -0.1454, 2.6181 -0.5906 -0.1479, 2.6181 -0.6046 -0.0668, 2.6181 -0.6096 -0.0672, 2.6181 -0.6229 -0.0797, 2.6181 -0.614 -0.0684, 2.6181 -0.6178 -0.0704, 2.6181 -0.6227 -0.0819, 2.6181 -0.6221 -0.0845, 2.6181 -0.6209 -0.0867, 2.6181 -0.6192 -0.0885, 2.6181 -0.6133 -0.0922, 2.6181 -0.594 -0.068, 2.6181 -0.603 -0.0967, 2.6181 -0.5845 -0.0714, 2.6181 -0.5965 -0.0993, 2.6181 -0.5854 -0.1055, 2.6181 -0.6203 -0.0726, 2.6181 -0.6217 -0.0747, 2.6181 -0.6226 -0.077, 2.6181 -0.6229 -0.1382, 2.6181 -0.6148 -0.1089, 2.6181 -0.6248 -0.1043, 2.6181 -0.6127 -0.1394, 2.6181 -0.612 -0.1394, 2.6181 -0.6038 -0.1135, 2.6181 -0.6034 -0.1384, 2.6181 -0.593 -0.1265, 2.6181 -0.5932 -0.1244, 2.6181 -0.5991 -0.1368, 2.6181 -0.5976 -0.1359, 2.6181 -0.5956 -0.1342, 2.6181 -0.5942 -0.132, 2.6181 -0.5933 -0.1297, 2.6181 -0.5939 -0.1218, 2.6181 -0.5952 -0.1196, 2.6181 -0.5973 -0.1174, 2.6181 -0.2483 0.0598, 2.6181 -0.2916 0.0609, 2.6181 -0.3107 0.0609, 2.6181 -0.3243 0.0974, 2.6181 -0.3733 0.0974, 2.6181 -0.3733 0.0598, 2.6181 -0.3425 0.1944, 2.6181 -0.2483 0.1955, 2.6181 -0.3733 0.1955, 2.6181 -0.3799 0.0974, 2.6181 -0.3927 0.0609, 2.6181 -0.4154 0.0598, 2.6181 -0.4117 0.0609, 2.6181 -0.4154 0.1955, 2.6181 -0.3733 0.1619, 2.6181 -0.3609 0.1944, 2.6181 -0.556 0.179, 2.6181 -0.5404 0.1955, 2.6181 -0.556 0.1944, 2.6181 -0.5715 0.1955, 2.6181 -0.5715 0.1944, 2.6181 -0.553 0.0762, 2.6181 -0.5598 0.1211, 2.6181 -0.5715 0.0762, 2.6181 -0.5715 0.1211, 2.6181 -0.6075 0.0762, 2.6181 -0.6075 0.1211, 2.6181 -0.6075 0.179, 2.6181 -0.6075 0.1363, 2.6181 -0.5715 0.179, 2.6181 -0.5715 0.1363, 2.6181 -0.5598 0.1363, 2.6181 -0.6248 0.0609, 2.6181 -0.6325 0.0598, 2.6181 -0.5715 0.0598, 2.6181 -0.6248 0.1944, 2.6181 -0.6325 0.1955, 2.6181 -0.5404 0.0598, 2.6181 -0.553 0.0609, 2.6181 -0.5715 0.0609, 2.6181 0.8465 0.7874, 2.6181 0.8465 0.9843, 2.6181 0.7677 0.7874, 2.6181 0.361 0.9843, 2.6181 0.7677 0.1955, 2.6181 0.8465 -0.9843, 2.6181 0.8465 -0.7874, 2.6181 0.7677 -0.7874, 2.6181 -0.6829 0.1811, 2.6181 -0.6893 0.1808, 2.6181 -0.6572 0.0804, 2.6181 -0.6665 0.1791, 2.6181 -0.6515 0.1732, 2.6181 -0.6515 0.083, 2.6181 -0.6529 0.174, 2.6181 -0.6572 0.1756, 2.6181 -0.7007 0.1783, 2.6181 -0.7111 0.1732, 2.6181 -0.7193 0.1663, 2.6181 -0.7202 0.1653, 2.6181 -0.7266 0.156, 2.6181 -0.7311 0.1445, 2.6181 -0.7333 0.1262, 2.6181 -0.7331 0.12, 2.6181 -0.6646 0.0771, 2.6181 -0.6797 0.0743, 2.6181 -0.6859 0.074, 2.6181 -0.7308 0.107, 2.6181 -0.7263 0.0964, 2.6181 -0.7202 0.0881, 2.6181 -0.7164 0.0845, 2.6181 -0.6975 0.0752, 2.6181 -0.7073 0.0786, 2.6181 -0.6688 0.1955, 2.6181 -0.6656 0.1953, 2.6181 -0.6572 0.1955, 2.6181 -0.6572 0.1928, 2.6181 -0.6515 0.1912, 2.6181 -0.6831 0.1966, 2.6181 -0.6572 0.9843, 2.6181 -0.6924 0.1955, 2.6181 -0.7454 0.9843, 2.6181 -0.7454 0.1955, 2.6181 -0.7418 0.1644, 2.6181 -0.7321 0.177, 2.6181 -0.7288 0.1801, 2.6181 -0.7163 0.1889, 2.6181 -0.7024 0.1943, 2.6181 -0.7534 0.1955, 2.6181 -0.7481 0.1495, 2.6181 -0.7454 0.1559, 2.6181 -0.7454 0.0949, 2.6181 -0.7488 0.1034, 2.6181 -0.7534 0.0598, 2.6181 -0.7514 0.1251, 2.6181 -0.7511 0.1321, 2.6181 -0.7109 0.0621, 2.6181 -0.7235 0.068, 2.6181 -0.7454 0.0598, 2.6181 -0.7343 0.0769, 2.6181 -0.7354 0.0781, 2.6181 -0.7433 0.0895, 2.6181 -0.7001 0.0598, 2.6181 -0.7454 0.0207, 2.6181 -0.6965 0.0591, 2.6181 -0.6884 0.0587, 2.6181 -0.6766 0.0598, 2.6181 -0.6515 0.0665, 2.6181 -0.6537 0.0653, 2.6181 -0.6572 0.0598, 2.6181 -0.6572 0.0642, 2.6181 -0.6681 0.0606, 2.6181 -0.7324 -0.105, 2.6181 -0.7301 -0.0784, 2.6181 -0.7358 -0.1098, 2.6181 -0.7382 -0.1156, 2.6181 -0.6796 -0.1508, 2.6181 -0.6796 -0.136, 2.6181 -0.68 -0.136, 2.6181 -0.7454 -0.1519, 2.6181 -0.7366 -0.1385, 2.6181 -0.7386 -0.1329, 2.6181 -0.6843 -0.142, 2.6181 -0.6898 -0.1471, 2.6181 -0.6931 -0.1492, 2.6181 -0.7272 -0.1006, 2.6181 -0.7198 -0.097, 2.6181 -0.7204 -0.072, 2.6181 -0.7078 -0.0941, 2.6181 -0.6932 -0.0674, 2.6181 -0.6989 -0.0668, 2.6181 -0.7099 -0.0681, 2.6181 -0.7454 -0.2047, 2.6181 -0.7189 -0.1519, 2.6181 -0.7192 -0.1518, 2.6181 -0.7256 -0.1494, 2.6181 -0.6869 -0.0542, 2.6181 -0.6799 -0.0564, 2.6181 -0.7313 -0.1455, 2.6181 -0.7331 -0.1436, 2.6181 -0.6744 -0.0596, 2.6181 -0.67 -0.064, 2.6181 -0.6666 -0.0695, 2.6181 -0.7301 -0.0621, 2.6181 -0.7267 -0.0601, 2.6181 -0.7142 -0.0553, 2.6181 -0.6973 -0.0533, 2.6181 -0.6796 -0.0902, 2.6181 -0.6802 -0.0828, 2.6181 -0.6819 -0.0768, 2.6181 -0.6838 -0.0734, 2.6181 -0.7394 -0.1252, 2.6181 -0.7394 -0.1227, 2.6181 -0.664 -0.0772, 2.6181 -0.6629 -0.0894, 2.6181 -0.6629 -0.1508, 2.6181 -0.6864 -0.0707, 2.6181 -0.6893 -0.0688, 2.6181 -0.6572 -0.2047, 2.6181 -0.7001 -0.1519, 2.6181 -0.7092 -0.153, 2.6181 -0.5404 -0.1519, 2.6181 -0.5404 -0.1235, 2.6181 -0.5671 -0.0554, 2.6181 -0.5484 -0.0554, 2.6181 -0.5297 -0.1506, 2.6181 -0.5303 -0.1519, 2.6181 -0.5371 -0.1679, 2.6181 -0.5715 -0.2047, 2.6181 -0.5637 -0.1943, 2.6181 -0.5637 -0.1794, 2.6181 -0.5435 -0.1774, 2.6181 -0.5404 -0.174, 2.6181 -0.5404 -0.1739, 2.6181 -0.6143 -0.153, 2.6181 -0.6325 -0.2047, 2.6181 -0.5603 -0.1805, 2.6181 -0.5542 -0.1813, 2.6181 -0.5404 -0.1927, 2.6181 -0.5462 -0.1949, 2.6181 -0.5404 -0.2047, 2.6181 -0.5529 -0.1957, 2.6181 -0.5566 -0.1955, 2.6181 -0.55 -0.1808, 2.6181 -0.5463 -0.1794, 2.6181 -0.5189 -0.1652, 2.6181 -0.5265 -0.1799, 2.6181 -0.4154 -0.2047, 2.6181 -0.5137 -0.1519, 2.6181 -0.5326 -0.1872, 2.6181 -0.5337 -0.1883, 2.6181 -0.5396 -0.1924, 2.6181 -0.3733 -0.9843, 2.6181 -0.3733 -0.2047, 2.6181 -0.4154 -0.9843, 2.6181 -0.5404 -0.9843, 2.6181 -0.5715 -0.9843, 2.6181 -0.6325 -0.9843, 2.6181 -0.6572 -0.9843, 2.6181 -0.7454 -0.9843, 2.6181 -0.6998 -0.1518, 2.6181 -0.2483 -0.2047, 2.6181 0.361 -0.1519, 2.6181 -0.2483 -0.1519, 2.6181 -0.81 -0.0907, 2.6181 -0.81 -0.1355, 2.6181 -0.7623 -0.0907, 2.6181 -0.7554 -0.1355, 2.6181 -0.7623 -0.0754, 2.6181 -0.8272 -0.0173, 2.6181 -0.8272 -0.1508, 2.6181 -0.7534 -0.1519, 2.6181 -0.7534 -0.2047, 2.6181 -0.7534 -0.9843, 2.6181 -0.7585 -0.0173, 2.6181 -0.7534 0.0207, 2.6181 -0.7585 -0.0327, 2.6181 -0.81 -0.0327, 2.6181 -0.81 -0.0754, 2.6181 -0.7554 -0.1508, 2.6181 -0.3239 -0.1508, 2.6181 -0.3607 -0.1508, 2.6181 -0.2556 -0.1065, 2.6181 -0.2622 -0.1203, 2.6181 -0.2721 -0.1321, 2.6181 -0.2861 -0.1421, 2.6181 -0.3013 -0.148, 2.6181 -0.3607 -0.0173, 2.6181 -0.3226 -0.0173, 2.6181 -0.2483 0.0207, 2.6181 -0.3022 -0.0196, 2.6181 -0.2861 -0.0254, 2.6181 -0.2721 -0.035, 2.6181 -0.2674 -0.0396, 2.6181 -0.2592 -0.0512, 2.6181 -0.2542 -0.064, 2.6181 -0.252 -0.0823, 2.6181 -0.2524 -0.0908, 2.6181 -0.2256 -0.1508, 2.6181 -0.2446 -0.1508, 2.6181 -0.1436 -0.1508, 2.6181 -0.1572 -0.1143, 2.6181 -0.2127 -0.1143, 2.6181 -0.1938 -0.0173, 2.6181 -0.1754 -0.0173, 2.6181 -0.81 0.1944, 2.6181 -0.81 0.0762, 2.6181 -0.7568 0.0762, 2.6181 -0.7568 0.0609, 2.6181 -0.8272 0.0609, 2.6181 -0.8272 0.1944, 2.6181 -0.4228 0.1052, 2.6181 -0.4293 0.0914, 2.6181 -0.4392 0.0796, 2.6181 -0.4532 0.0696, 2.6181 -0.4897 0.1944, 2.6181 -0.4693 0.1921, 2.6181 -0.4532 0.1863, 2.6181 -0.4684 0.0637, 2.6181 -0.4911 0.0609, 2.6181 -0.5278 0.0609, 2.6181 -0.5278 0.1944, 2.6181 -0.4392 0.1767, 2.6181 -0.4345 0.1721, 2.6181 -0.4263 0.1605, 2.6181 -0.4213 0.1477, 2.6181 -0.4191 0.1294, 2.6181 -0.4195 0.1209, 2.6181 -0.1245 -0.1508, 2.6181 0.361 0.0207, 2.6181 0.361 0.0598, 2.6181 0.361 0.1955, 2.6181 -0.7534 0.9843, 2.6181 0.7677 -0.2047, 2.6181 0.7677 -0.1519, 2.6181 0.7677 0.0207, 2.6181 0.7677 0.0598, 2.6181 -0.2483 0.9843, 2.6181 -0.3733 0.9843, 2.6181 -0.4154 0.9843, 2.6181 -0.5404 0.9843, 2.6181 -0.5715 0.9843, 2.6181 -0.6325 0.9843, 2.6181 -2.5 -0.9291, 1.5 -2.5 -0.9291, 1.626 -2.5 0.874, 1.5 -2.5 0.9843, 1.626 -2.5 0.126, 1.5 -2.5 -0.0, 2.374 -2.5 0.126, 2.6181 -2.5 -0.0, 2.374 -2.5 0.874, 0.626 -2.5 0.874, 0.5 -2.5 0.9843, 0.626 -2.5 0.126, 0.5 -2.5 -0.0, 1.374 -2.5 0.126, 1.374 -2.5 0.874, 0.374 -2.5 0.874, -0.374 -2.5 0.874, -0.5 -2.5 0.9843, -0.374 -2.5 0.126, -0.5 -2.5 -0.0, 0.374 -2.5 0.126, -1.374 -2.5 0.874, -1.5 -2.5 0.9843, -1.374 -2.5 0.126, -1.5 -2.5 -0.0, -0.626 -2.5 0.126, -0.626 -2.5 0.874, -2.374 -2.5 0.874, -2.4961 -2.5 0.9843, -2.374 -2.5 0.126, -2.4961 -2.5 -0.0, -1.626 -2.5 0.126, -1.626 -2.5 0.874, 2.374 -2.5 -0.126, 1.626 -2.5 -0.126, 1.626 -2.5 -0.874, 2.374 -2.5 -0.874, 1.374 -2.5 -0.126, 0.626 -2.5 -0.126, 0.626 -2.5 -0.874, 0.5 -2.5 -0.9291, 1.374 -2.5 -0.874, -0.374 -2.5 -0.126, -0.374 -2.5 -0.874, -0.5 -2.5 -0.9291, 0.374 -2.5 -0.874, 0.374 -2.5 -0.126, -0.626 -2.5 -0.126, -1.374 -2.5 -0.126, -1.374 -2.5 -0.874, -1.5 -2.5 -0.9291, -0.626 -2.5 -0.874, -1.626 -2.5 -0.126, -2.374 -2.5 -0.126, -2.374 -2.5 -0.874, -2.4961 -2.5 -0.9291, -1.626 -2.5 -0.874, -2.6181 -2.5 0.9843, -2.6181 -2.5 -0.0, -2.6181 -2.5 -0.9291, 1.5 -2.5 -0.9843, 0.5 -2.5 -0.9843, -0.5 -2.5 -0.9843, -1.5 -2.5 -0.9843, -2.4961 -2.5 -0.9843, -2.6181 -2.5 -0.9843, -2.6181 0.8465 -0.7874, -2.6181 0.8465 -0.9843, -2.6181 0.8465 0.9843, -2.6181 0.8465 0.7874, -2.6181 0.7677 0.7874, -2.6181 0.7677 -0.7874, -2.6181 0.7677 -0.6831, -2.6181 0.7677 -0.0, 0.5 0.7677 -0.7874, -0.5 0.7677 -0.7874, -1.5 0.7677 -0.7874, 1.5 0.7677 -0.7874, 2.372 0.7677 -0.7874, -1.5 0.7677 0.7874, 2.372 0.7677 0.7874, 1.5 0.7677 0.7874, 0.5 0.7677 0.7874, -0.5 0.7677 0.7874, -1.5 0.7677 -0.6831, -2.126 0.7677 0.4213, -2.126 0.7677 0.5787, -1.874 0.7677 0.5787, -1.874 0.7677 0.4213, -1.5 0.7677 -0.0, -1.126 0.7677 0.4213, -1.126 0.7677 0.5787, -0.874 0.7677 0.5787, -0.874 0.7677 0.4213, -0.5 0.7677 -0.0, -0.126 0.7677 0.4213, -0.126 0.7677 0.5787, 0.126 0.7677 0.5787, 0.126 0.7677 0.4213, 0.5 0.7677 -0.0, 0.874 0.7677 0.4213, 0.874 0.7677 0.5787, 1.126 0.7677 0.5787, 1.126 0.7677 0.4213, 1.5 0.7677 -0.0, 1.874 0.7677 0.4213, 1.874 0.7677 0.5787, 2.126 0.7677 0.5787, 2.126 0.7677 0.4213, 2.372 0.7677 -0.0, -2.126 0.7677 -0.5787, -2.126 0.7677 -0.4213, -1.874 0.7677 -0.4213, -1.874 0.7677 -0.5787, -0.874 0.7677 -0.5787, -0.5 0.7677 -0.6831, -0.874 0.7677 -0.4213, -1.126 0.7677 -0.4213, -1.126 0.7677 -0.5787, -0.126 0.7677 -0.5787, -0.126 0.7677 -0.4213, 0.126 0.7677 -0.4213, 0.126 0.7677 -0.5787, 0.5 0.7677 -0.6831, 0.874 0.7677 -0.5787, 0.874 0.7677 -0.4213, 1.126 0.7677 -0.4213, 1.126 0.7677 -0.5787, 1.5 0.7677 -0.6831, 1.874 0.7677 -0.5787, 1.874 0.7677 -0.4213, 2.126 0.7677 -0.4213, 2.126 0.7677 -0.5787, 2.372 0.7677 -0.6831, 2.6181 0.7677 -0.0, 2.6181 0.7677 -0.6831, -0.2559 -2.3819 -0.7559, -0.2559 -1.3189 -0.7559, -0.2559 -2.3819 -0.2441, -0.2559 -1.3189 -0.2441, 0.2559 -2.3819 -0.2441, 0.2559 -1.3189 -0.2441, 0.2559 -2.3819 -0.7559, 0.2559 -1.3189 -0.7559, 0.2559 -2.3819 0.7559, 0.2559 -1.3189 0.7559, 0.2559 -2.3819 0.2441, 0.2559 -1.3189 0.2441, -0.2559 -2.3819 0.2441, -0.2559 -1.3189 0.2441, -0.2559 -2.3819 0.7559, -0.2559 -1.3189 0.7559, 1.2559 -2.3819 0.2441, 1.2559 -1.3189 0.2441, 0.7441 -2.3819 0.2441, 0.7441 -1.3189 0.2441, 1.2559 -2.3819 0.7559, 1.2559 -1.3189 0.7559, 0.7441 -2.3819 0.7559, 0.7441 -1.3189 0.7559, 2.2559 -2.3819 0.2441, 2.2559 -1.3189 0.2441, 1.7441 -2.3819 0.2441, 1.7441 -1.3189 0.2441, 2.2559 -2.3819 0.7559, 2.2559 -1.3189 0.7559, 1.7441 -2.3819 0.7559, 1.7441 -1.3189 0.7559, -0.7441 -2.3819 0.2441, -0.7441 -1.3189 0.2441, -1.2559 -2.3819 0.2441, -1.2559 -1.3189 0.2441, -0.7441 -2.3819 0.7559, -0.7441 -1.3189 0.7559, -1.2559 -2.3819 0.7559, -1.2559 -1.3189 0.7559, -1.7441 -2.3819 0.2441, -1.7441 -1.3189 0.2441, -2.2559 -2.3819 0.2441, -2.2559 -1.3189 0.2441, -1.7441 -2.3819 0.7559, -1.7441 -1.3189 0.7559, -2.2559 -2.3819 0.7559, -2.2559 -1.3189 0.7559, 0.7441 -2.3819 -0.7559, 0.7441 -1.3189 -0.7559, 0.7441 -2.3819 -0.2441, 0.7441 -1.3189 -0.2441, 1.2559 -2.3819 -0.2441, 1.2559 -1.3189 -0.2441, 1.2559 -2.3819 -0.7559, 1.2559 -1.3189 -0.7559, 1.7441 -2.3819 -0.7559, 1.7441 -1.3189 -0.7559, 1.7441 -2.3819 -0.2441, 1.7441 -1.3189 -0.2441, 2.2559 -2.3819 -0.2441, 2.2559 -1.3189 -0.2441, 2.2559 -2.3819 -0.7559, 2.2559 -1.3189 -0.7559, -1.2559 -2.3819 -0.7559, -1.2559 -1.3189 -0.7559, -1.2559 -2.3819 -0.2441, -1.2559 -1.3189 -0.2441, -0.7441 -2.3819 -0.2441, -0.7441 -1.3189 -0.2441, -0.7441 -2.3819 -0.7559, -0.7441 -1.3189 -0.7559, -2.2559 -2.3819 -0.7559, -2.2559 -1.3189 -0.7559, -2.2559 -2.3819 -0.2441, -2.2559 -1.3189 -0.2441, -1.7441 -2.3819 -0.2441, -1.7441 -1.3189 -0.2441, -1.7441 -2.3819 -0.7559, -1.7441 -1.3189 -0.7559, -1.7441 -1.3189 -0.7559
            ]
        }
        coordIndex [
            0,1,2,-1,3,4,5,-1,6,7,8,-1,9,10,11,-1,11,10,12,-1,13,14,11,-1,11,14,15,-1,11,15,16,-1,16,17,11,-1,11,17,18,-1,11,18,9,-1,19,20,21,-1,21,20,22,-1,22,20,23,-1,23,20,24,-1,23,24,25,-1,25,24,26,-1,25,26,27,-1,28,29,26,-1,26,29,30,-1,26,30,31,-1,26,32,27,-1,27,32,33,-1,27,33,34,-1,34,33,35,-1,34,35,36,-1,31,37,26,-1,26,37,38,-1,26,38,32,-1,39,40,41,-1,39,41,42,-1,40,43,41,-1,41,43,44,-1,41,44,45,-1,45,44,46,-1,46,47,45,-1,45,47,48,-1,45,48,28,-1,28,48,49,-1,28,49,29,-1,50,42,51,-1,51,42,41,-1,51,41,52,-1,52,41,53,-1,54,55,56,-1,56,57,54,-1,54,57,58,-1,54,58,59,-1,58,60,59,-1,59,60,61,-1,59,61,62,-1,62,61,63,-1,62,63,41,-1,41,63,64,-1,41,64,53,-1,65,66,55,-1,55,66,67,-1,55,67,68,-1,68,69,55,-1,55,69,70,-1,55,70,56,-1,71,72,73,-1,74,75,76,-1,77,78,65,-1,79,80,81,-1,81,80,82,-1,74,76,83,-1,77,65,84,-1,85,86,80,-1,80,86,87,-1,80,87,88,-1,73,72,65,-1,65,72,89,-1,65,89,84,-1,75,90,76,-1,76,90,91,-1,76,91,92,-1,93,94,95,-1,95,94,96,-1,95,96,97,-1,98,88,99,-1,99,88,100,-1,99,100,95,-1,95,100,101,-1,95,101,93,-1,98,102,88,-1,88,102,103,-1,88,103,80,-1,80,103,104,-1,80,104,82,-1,105,106,107,-1,107,106,108,-1,107,108,76,-1,76,108,109,-1,76,109,83,-1,110,111,76,-1,76,111,112,-1,76,112,80,-1,80,112,113,-1,80,113,85,-1,114,115,66,-1,66,115,116,-1,66,116,117,-1,117,118,66,-1,66,118,119,-1,66,119,120,-1,120,119,105,-1,120,105,121,-1,121,105,107,-1,78,122,65,-1,65,122,123,-1,65,123,66,-1,66,123,124,-1,66,124,114,-1,92,125,76,-1,76,125,126,-1,76,126,127,-1,127,128,76,-1,76,128,129,-1,76,129,110,-1,130,131,132,-1,132,88,130,-1,130,88,87,-1,130,87,133,-1,133,87,134,-1,134,135,133,-1,133,135,136,-1,133,136,137,-1,138,139,140,-1,139,141,140,-1,140,141,142,-1,140,142,143,-1,144,140,145,-1,131,130,144,-1,144,130,146,-1,144,146,140,-1,140,146,147,-1,140,147,138,-1,145,148,144,-1,144,148,149,-1,144,149,150,-1,143,142,151,-1,151,142,152,-1,151,152,153,-1,153,152,154,-1,153,154,155,-1,156,157,150,-1,150,157,158,-1,150,158,144,-1,10,159,12,-1,12,159,160,-1,12,160,73,-1,73,160,161,-1,73,161,71,-1,162,163,164,-1,8,7,165,-1,165,7,166,-1,165,166,167,-1,168,169,170,-1,170,169,171,-1,170,171,172,-1,172,171,162,-1,172,162,173,-1,174,175,176,-1,176,175,177,-1,176,177,167,-1,164,163,178,-1,178,163,179,-1,178,179,180,-1,181,182,183,-1,184,185,186,-1,186,185,187,-1,186,187,188,-1,188,187,181,-1,188,181,189,-1,189,181,183,-1,190,191,192,-1,193,194,195,-1,196,197,190,-1,197,198,190,-1,190,198,199,-1,190,199,191,-1,191,199,200,-1,193,195,190,-1,190,195,201,-1,190,201,196,-1,202,203,204,-1,204,203,205,-1,204,205,192,-1,192,205,206,-1,192,206,190,-1,207,208,5,-1,209,210,211,-1,200,212,191,-1,191,212,213,-1,191,213,211,-1,211,213,214,-1,211,214,209,-1,215,216,5,-1,5,216,217,-1,210,218,211,-1,211,218,219,-1,211,219,220,-1,220,219,221,-1,220,221,207,-1,222,223,208,-1,208,223,224,-1,208,224,5,-1,5,224,225,-1,5,225,215,-1,217,226,5,-1,5,226,227,-1,5,227,3,-1,228,229,230,-1,230,229,231,-1,230,231,232,-1,230,233,228,-1,228,233,234,-1,228,234,235,-1,235,236,228,-1,228,236,237,-1,228,237,238,-1,238,237,239,-1,238,239,240,-1,240,239,241,-1,240,241,208,-1,208,241,242,-1,208,242,222,-1,243,244,232,-1,232,244,245,-1,232,245,230,-1,246,247,194,-1,194,247,248,-1,194,248,195,-1,246,249,247,-1,247,249,250,-1,247,250,251,-1,251,250,252,-1,251,253,254,-1,252,255,251,-1,251,255,256,-1,251,256,257,-1,257,258,251,-1,251,258,259,-1,251,259,253,-1,254,260,251,-1,251,260,261,-1,251,261,262,-1,263,264,265,-1,266,267,265,-1,265,267,268,-1,265,268,263,-1,264,263,269,-1,269,263,270,-1,269,270,271,-1,267,272,268,-1,268,272,273,-1,268,273,274,-1,274,273,275,-1,274,275,276,-1,276,275,277,-1,276,277,271,-1,271,277,278,-1,271,278,269,-1,279,280,281,-1,281,280,282,-1,281,282,283,-1,284,285,286,-1,286,285,287,-1,286,287,288,-1,288,287,289,-1,290,291,292,-1,292,291,293,-1,292,293,279,-1,279,293,294,-1,279,294,280,-1,295,296,297,-1,283,282,298,-1,298,282,299,-1,298,299,295,-1,294,285,280,-1,280,285,284,-1,280,284,300,-1,300,284,301,-1,300,301,297,-1,297,301,302,-1,297,302,295,-1,303,304,305,-1,305,304,306,-1,305,306,307,-1,308,309,1,-1,1,309,310,-1,1,310,2,-1,311,312,313,-1,311,313,314,-1,295,299,296,-1,296,299,315,-1,296,315,316,-1,316,315,317,-1,316,317,313,-1,313,317,318,-1,313,318,314,-1,312,319,313,-1,313,319,320,-1,313,320,321,-1,321,322,313,-1,313,322,323,-1,313,323,324,-1,324,325,313,-1,313,325,326,-1,313,326,327,-1,327,326,328,-1,328,326,329,-1,329,326,330,-1,329,330,331,-1,331,332,329,-1,329,332,333,-1,329,333,334,-1,334,333,335,-1,336,337,338,-1,338,337,339,-1,338,339,299,-1,299,339,340,-1,299,340,315,-1,341,342,343,-1,343,342,344,-1,345,346,347,-1,347,348,345,-1,345,348,349,-1,345,349,350,-1,351,352,345,-1,345,352,353,-1,345,353,346,-1,354,355,356,-1,356,355,357,-1,356,357,351,-1,351,357,358,-1,351,358,352,-1,359,360,361,-1,361,360,362,-1,362,363,361,-1,361,363,364,-1,361,364,354,-1,359,361,365,-1,365,361,366,-1,365,366,367,-1,367,366,368,-1,368,366,191,-1,368,191,369,-1,316,370,296,-1,296,370,371,-1,296,371,372,-1,372,371,373,-1,372,373,374,-1,375,376,377,-1,377,376,378,-1,379,380,381,-1,382,383,384,-1,381,385,379,-1,379,385,386,-1,379,386,387,-1,375,388,376,-1,376,388,389,-1,376,389,390,-1,390,389,391,-1,392,393,391,-1,391,393,394,-1,391,394,390,-1,395,396,382,-1,382,396,397,-1,382,397,398,-1,399,400,191,-1,398,401,382,-1,382,401,402,-1,382,402,383,-1,400,403,191,-1,191,403,404,-1,191,404,405,-1,406,407,366,-1,366,407,408,-1,366,408,191,-1,191,408,409,-1,191,409,399,-1,410,411,391,-1,391,411,412,-1,391,412,413,-1,384,414,382,-1,382,414,415,-1,382,415,366,-1,366,415,378,-1,366,378,406,-1,406,378,376,-1,405,416,191,-1,191,416,417,-1,191,417,192,-1,192,417,418,-1,192,418,379,-1,413,419,391,-1,391,419,420,-1,391,420,392,-1,421,422,395,-1,395,422,423,-1,395,423,396,-1,424,425,5,-1,5,425,426,-1,207,5,220,-1,220,5,426,-1,220,426,185,-1,185,426,427,-1,185,427,187,-1,428,425,429,-1,429,425,424,-1,429,424,430,-1,431,432,433,-1,434,435,424,-1,424,435,436,-1,424,436,430,-1,437,438,4,-1,4,438,431,-1,4,431,5,-1,5,431,433,-1,5,433,424,-1,424,433,439,-1,424,439,440,-1,441,442,443,-1,443,442,444,-1,443,444,431,-1,431,444,445,-1,431,445,432,-1,440,446,424,-1,424,446,447,-1,424,447,434,-1,448,449,450,-1,448,450,451,-1,449,452,450,-1,450,452,453,-1,450,453,443,-1,443,453,454,-1,443,454,441,-1,455,456,457,-1,457,456,450,-1,457,450,458,-1,458,450,443,-1,458,443,459,-1,459,443,431,-1,459,431,460,-1,460,431,438,-1,460,438,461,-1,461,438,421,-1,461,421,462,-1,462,421,395,-1,437,202,438,-1,438,202,204,-1,438,204,421,-1,421,204,192,-1,421,192,422,-1,422,192,379,-1,422,379,463,-1,463,379,387,-1,456,164,450,-1,450,164,178,-1,450,178,451,-1,451,178,180,-1,451,180,184,-1,184,180,6,-1,184,6,185,-1,185,6,8,-1,0,2,464,-1,464,2,465,-1,464,465,466,-1,467,468,469,-1,469,468,470,-1,469,470,471,-1,472,73,473,-1,473,73,65,-1,473,65,474,-1,474,65,55,-1,474,55,475,-1,475,55,54,-1,475,54,476,-1,472,477,478,-1,478,477,479,-1,480,481,479,-1,479,481,471,-1,479,471,478,-1,478,471,470,-1,478,470,474,-1,474,470,482,-1,474,482,473,-1,483,164,466,-1,466,164,456,-1,466,456,464,-1,464,456,455,-1,464,455,0,-1,483,484,164,-1,164,484,165,-1,164,165,162,-1,162,165,167,-1,162,167,173,-1,173,167,177,-1,485,486,466,-1,466,486,487,-1,487,488,466,-1,466,488,489,-1,466,489,483,-1,484,490,165,-1,165,490,491,-1,165,491,492,-1,492,491,493,-1,492,493,494,-1,494,495,492,-1,492,495,496,-1,492,496,497,-1,497,498,492,-1,492,498,499,-1,492,499,466,-1,466,499,500,-1,466,500,485,-1,501,502,466,-1,503,504,505,-1,466,502,492,-1,492,502,506,-1,492,506,507,-1,354,356,361,-1,361,356,478,-1,361,478,366,-1,366,478,474,-1,366,474,382,-1,382,474,475,-1,382,475,395,-1,395,475,476,-1,395,476,462,-1,492,263,165,-1,165,263,268,-1,165,268,8,-1,8,268,274,-1,8,274,185,-1,185,274,300,-1,185,300,220,-1,220,300,297,-1,220,297,211,-1,211,297,296,-1,211,296,191,-1,191,296,372,-1,191,372,369,-1,369,372,374,-1,508,509,510,-1,11,508,351,-1,351,508,510,-1,351,510,356,-1,356,510,511,-1,356,511,512,-1,472,478,73,-1,73,478,356,-1,73,356,12,-1,12,356,512,-1,12,512,11,-1,11,512,513,-1,11,513,508,-1,514,515,274,-1,274,515,516,-1,274,516,517,-1,280,518,276,-1,276,518,519,-1,276,519,520,-1,517,521,274,-1,274,521,522,-1,274,522,300,-1,300,522,523,-1,300,523,280,-1,280,523,524,-1,280,524,518,-1,520,525,276,-1,276,525,526,-1,276,526,527,-1,527,528,276,-1,276,528,529,-1,276,529,274,-1,274,529,530,-1,274,530,514,-1,505,501,503,-1,503,501,466,-1,503,466,531,-1,531,466,465,-1,531,465,507,-1,507,465,532,-1,507,532,492,-1,492,532,533,-1,492,533,263,-1,263,533,534,-1,263,534,270,-1,350,343,345,-1,345,343,344,-1,345,344,351,-1,351,344,535,-1,351,535,11,-1,11,535,20,-1,11,20,13,-1,13,20,19,-1,310,536,2,-1,2,536,537,-1,2,537,465,-1,465,537,538,-1,465,538,532,-1,532,538,539,-1,532,539,533,-1,533,539,307,-1,533,307,534,-1,534,307,306,-1,534,306,270,-1,270,306,540,-1,270,540,271,-1,271,540,541,-1,271,541,276,-1,276,541,542,-1,276,542,280,-1,280,542,543,-1,280,543,282,-1,282,543,544,-1,282,544,299,-1,299,544,545,-1,299,545,338,-1,338,545,342,-1,338,342,336,-1,336,342,341,-1,59,546,547,-1,548,549,550,-1,550,549,551,-1,550,551,552,-1,552,551,553,-1,552,553,554,-1,554,553,24,-1,554,24,548,-1,548,24,549,-1,555,556,557,-1,557,556,558,-1,557,558,559,-1,559,558,551,-1,559,551,560,-1,560,551,549,-1,560,549,555,-1,555,549,556,-1,561,556,562,-1,562,556,563,-1,562,563,564,-1,564,563,565,-1,564,565,566,-1,566,565,558,-1,566,558,561,-1,561,558,556,-1,567,568,569,-1,569,568,570,-1,569,570,571,-1,571,570,565,-1,571,565,572,-1,572,565,563,-1,572,563,567,-1,567,563,568,-1,573,574,575,-1,575,574,576,-1,575,576,577,-1,577,576,570,-1,577,570,578,-1,578,570,568,-1,578,568,573,-1,573,568,574,-1,579,553,580,-1,580,553,551,-1,580,551,581,-1,581,551,547,-1,581,547,582,-1,582,547,546,-1,582,546,579,-1,579,546,553,-1,583,551,584,-1,584,551,558,-1,584,558,585,-1,585,558,586,-1,585,586,587,-1,587,586,547,-1,587,547,583,-1,583,547,551,-1,588,565,589,-1,589,565,590,-1,589,590,591,-1,591,590,586,-1,591,586,592,-1,592,586,558,-1,592,558,588,-1,588,558,565,-1,593,565,594,-1,594,565,570,-1,594,570,595,-1,595,570,596,-1,595,596,597,-1,597,596,590,-1,597,590,593,-1,593,590,565,-1,598,570,599,-1,599,570,576,-1,599,576,600,-1,600,576,601,-1,600,601,602,-1,602,601,596,-1,602,596,598,-1,598,596,570,-1,574,603,576,-1,576,603,604,-1,576,604,601,-1,601,604,605,-1,59,547,606,-1,606,547,586,-1,606,586,607,-1,607,586,590,-1,607,590,608,-1,608,590,596,-1,608,596,609,-1,609,596,601,-1,609,601,610,-1,610,601,605,-1,610,605,611,-1,309,308,612,-1,612,308,613,-1,549,24,304,-1,614,603,574,-1,574,568,614,-1,614,568,563,-1,614,563,304,-1,304,563,556,-1,304,556,549,-1,614,615,616,-1,612,613,617,-1,617,613,611,-1,617,611,618,-1,618,611,605,-1,618,605,619,-1,619,605,604,-1,619,604,616,-1,616,604,603,-1,616,603,614,-1,59,606,308,-1,308,606,607,-1,308,607,613,-1,613,607,608,-1,608,609,613,-1,613,609,610,-1,613,610,611,-1,615,614,303,-1,303,614,304,-1,620,309,621,-1,621,309,612,-1,621,612,622,-1,622,612,617,-1,620,623,309,-1,309,623,624,-1,309,624,310,-1,625,616,615,-1,303,305,626,-1,626,627,303,-1,303,627,628,-1,303,628,615,-1,615,628,629,-1,615,629,625,-1,617,618,630,-1,631,619,632,-1,632,619,616,-1,632,616,633,-1,633,616,625,-1,633,625,634,-1,634,625,635,-1,634,635,631,-1,631,635,619,-1,636,635,637,-1,637,635,625,-1,637,625,638,-1,638,625,629,-1,638,629,639,-1,639,629,640,-1,639,640,636,-1,636,640,635,-1,641,640,642,-1,642,640,629,-1,642,629,643,-1,643,629,628,-1,643,628,644,-1,644,628,645,-1,644,645,641,-1,641,645,640,-1,646,645,647,-1,647,645,628,-1,647,628,648,-1,648,628,627,-1,648,627,649,-1,649,627,650,-1,649,650,646,-1,646,650,645,-1,651,650,652,-1,652,650,627,-1,652,627,653,-1,653,627,626,-1,653,626,654,-1,654,626,655,-1,654,655,651,-1,651,655,650,-1,656,618,657,-1,657,618,619,-1,657,619,658,-1,658,619,635,-1,658,635,659,-1,659,635,630,-1,659,630,656,-1,656,630,618,-1,660,661,630,-1,661,660,640,-1,640,660,662,-1,640,662,635,-1,635,662,663,-1,635,663,630,-1,630,663,664,-1,630,664,660,-1,665,661,666,-1,666,661,640,-1,666,640,667,-1,667,640,645,-1,667,645,668,-1,668,645,669,-1,668,669,665,-1,665,669,661,-1,670,669,671,-1,671,669,645,-1,671,645,672,-1,672,645,650,-1,672,650,673,-1,673,650,674,-1,673,674,670,-1,670,674,669,-1,675,674,676,-1,676,674,650,-1,676,650,677,-1,677,650,655,-1,677,655,678,-1,678,655,679,-1,678,679,675,-1,675,679,674,-1,626,305,655,-1,655,305,680,-1,655,680,679,-1,679,680,681,-1,617,630,622,-1,622,630,661,-1,622,661,621,-1,621,661,669,-1,621,669,620,-1,620,669,674,-1,620,674,623,-1,623,674,679,-1,623,679,624,-1,624,679,681,-1,624,681,310,-1,682,683,684,-1,684,683,685,-1,684,685,686,-1,686,685,687,-1,686,687,688,-1,688,687,689,-1,688,689,682,-1,682,689,683,-1,689,687,683,-1,683,687,685,-1,690,691,692,-1,692,691,693,-1,692,693,694,-1,694,693,695,-1,694,695,696,-1,696,695,697,-1,696,697,690,-1,690,697,691,-1,697,695,691,-1,691,695,693,-1,588,684,592,-1,592,684,686,-1,589,682,588,-1,588,682,684,-1,688,591,686,-1,686,591,592,-1,591,688,589,-1,589,688,682,-1,564,694,562,-1,562,694,696,-1,566,692,564,-1,564,692,694,-1,690,561,696,-1,696,561,562,-1,561,690,566,-1,566,690,692,-1,698,699,700,-1,700,699,701,-1,702,703,698,-1,698,703,699,-1,704,705,702,-1,702,705,703,-1,705,701,703,-1,703,701,699,-1,700,701,704,-1,704,701,705,-1,559,698,557,-1,557,698,700,-1,557,700,555,-1,555,700,704,-1,702,560,704,-1,704,560,555,-1,560,702,559,-1,559,702,698,-1,706,707,708,-1,708,707,709,-1,710,711,706,-1,706,711,707,-1,712,713,710,-1,710,713,711,-1,713,709,711,-1,711,709,707,-1,708,709,712,-1,712,709,713,-1,552,706,550,-1,550,706,708,-1,550,708,548,-1,548,708,712,-1,710,554,712,-1,712,554,548,-1,554,710,552,-1,552,710,706,-1,714,715,716,-1,716,715,717,-1,718,719,714,-1,714,719,715,-1,720,721,718,-1,718,721,719,-1,721,717,719,-1,719,717,715,-1,716,717,720,-1,720,717,721,-1,571,714,569,-1,569,714,716,-1,569,716,567,-1,567,716,720,-1,718,572,720,-1,720,572,567,-1,572,718,571,-1,571,718,714,-1,722,723,724,-1,724,723,725,-1,726,727,722,-1,722,727,723,-1,728,729,726,-1,726,729,727,-1,729,725,727,-1,727,725,723,-1,724,725,728,-1,728,725,729,-1,577,722,575,-1,575,722,724,-1,575,724,573,-1,573,724,728,-1,726,578,728,-1,728,578,573,-1,578,726,577,-1,577,726,722,-1,730,731,732,-1,732,731,733,-1,732,733,734,-1,734,733,735,-1,734,735,736,-1,736,735,737,-1,737,735,731,-1,731,735,733,-1,736,737,730,-1,730,737,731,-1,585,730,584,-1,584,730,732,-1,584,732,583,-1,583,732,734,-1,736,587,734,-1,734,587,583,-1,587,736,585,-1,585,736,730,-1,738,739,740,-1,740,739,741,-1,740,741,742,-1,742,741,743,-1,742,743,744,-1,744,743,745,-1,745,743,739,-1,739,743,741,-1,744,745,738,-1,738,745,739,-1,581,738,580,-1,580,738,740,-1,580,740,579,-1,579,740,742,-1,744,582,742,-1,742,582,579,-1,582,744,581,-1,581,744,738,-1,746,747,748,-1,748,747,749,-1,748,749,750,-1,750,749,751,-1,750,751,752,-1,752,751,753,-1,753,751,747,-1,747,751,749,-1,752,753,746,-1,746,753,747,-1,595,746,594,-1,594,746,748,-1,594,748,593,-1,593,748,750,-1,752,597,750,-1,750,597,593,-1,597,752,595,-1,595,752,746,-1,754,755,756,-1,756,755,757,-1,756,757,758,-1,758,757,759,-1,758,759,760,-1,760,759,761,-1,761,759,755,-1,755,759,757,-1,760,761,754,-1,754,761,755,-1,600,754,599,-1,599,754,756,-1,599,756,598,-1,598,756,758,-1,760,602,758,-1,758,602,598,-1,602,760,600,-1,600,760,754,-1,
        ]
    }
}
Shape{
    appearance Appearance {
        material  Material 	{
            diffuseColor 0.9686274509803922 0.8784313725490196 0.6
            specularColor 0.6784313725490196 0.615686274509804 0.4196078431372549
            ambientIntensity 0.2
            transparency 0
            shininess 0.5
        }
    }
    geometry IndexedFaceSet {
        ccw TRUE
        solid FALSE
        coord DEF co Coordinate {
            point [
                0.126 1.4213 -0.6181, -0.126 1.4213 -0.6181, 0.126 1.4213 -2.0472, -0.126 1.4213 -2.0472, 0.0543 1.4213 -2.2441, -0.0543 1.4213 -2.2441, -0.0543 1.5787 -2.2441, 0.0543 1.5787 -2.2441, 0.126 1.5787 -2.0472, -0.126 1.5787 -2.0472, 0.126 1.5787 -0.6181, -0.126 1.5787 -0.6181, -0.126 1.572 -0.5672, 0.126 1.572 -0.5672, -0.126 1.5524 -0.5197, 0.126 1.5524 -0.5197, -0.126 1.5211 -0.4789, 0.126 1.5211 -0.4789, -0.126 1.4803 -0.4476, 0.126 1.4803 -0.4476, -0.126 1.4328 -0.428, 0.126 1.4328 -0.428, -0.126 1.3819 -0.4213, 0.126 1.3819 -0.4213, 0.126 0.7677 -0.4213, -0.126 0.7677 -0.4213, 0.126 1.3819 -0.5787, 0.126 0.7677 -0.5787, -0.126 1.3819 -0.5787, -0.126 0.7677 -0.5787, 0.126 1.3921 -0.5801, -0.126 1.3921 -0.5801, 0.126 1.4016 -0.584, -0.126 1.4016 -0.584, 0.126 1.4097 -0.5903, -0.126 1.4097 -0.5903, 0.126 1.416 -0.5984, -0.126 1.416 -0.5984, 0.126 1.4199 -0.6079, -0.126 1.4199 -0.6079, 0.126 2.4213 0.3819, -0.126 2.4213 0.3819, 0.126 2.4213 -2.0472, -0.126 2.4213 -2.0472, 0.0543 2.4213 -2.2441, -0.0543 2.4213 -2.2441, -0.0543 2.5787 -2.2441, 0.0543 2.5787 -2.2441, 0.126 2.5787 -2.0472, -0.126 2.5787 -2.0472, 0.126 2.5787 0.3819, -0.126 2.5787 0.3819, -0.126 2.572 0.4328, 0.126 2.572 0.4328, -0.126 2.5524 0.4803, 0.126 2.5524 0.4803, -0.126 2.5211 0.5211, 0.126 2.5211 0.5211, -0.126 2.4803 0.5524, 0.126 2.4803 0.5524, -0.126 2.4328 0.572, 0.126 2.4328 0.572, -0.126 2.3819 0.5787, 0.126 2.3819 0.5787, 0.126 0.7677 0.5787, -0.126 0.7677 0.5787, 0.126 2.3819 0.4213, 0.126 0.7677 0.4213, -0.126 2.3819 0.4213, -0.126 0.7677 0.4213, 0.126 2.3921 0.4199, -0.126 2.3921 0.4199, 0.126 2.4016 0.416, -0.126 2.4016 0.416, 0.126 2.4097 0.4097, -0.126 2.4097 0.4097, 0.126 2.416 0.4016, -0.126 2.416 0.4016, 0.126 2.4199 0.3921, -0.126 2.4199 0.3921, 0.9457 1.4213 -2.2441, 1.0543 1.4213 -2.2441, 0.874 1.4213 -2.0472, 1.126 1.4213 -2.0472, 0.874 1.4213 -0.6181, 1.126 1.4213 -0.6181, 0.9457 1.5787 -2.2441, 1.0543 1.5787 -2.2441, 0.874 1.5787 -0.6181, 1.126 1.5787 -0.6181, 0.874 1.5787 -2.0472, 1.126 1.5787 -2.0472, 0.874 1.572 -0.5672, 1.126 1.572 -0.5672, 0.874 1.5524 -0.5197, 1.126 1.5524 -0.5197, 0.874 1.5211 -0.4789, 1.126 1.5211 -0.4789, 0.874 1.4803 -0.4476, 1.126 1.4803 -0.4476, 0.874 1.4328 -0.428, 1.126 1.4328 -0.428, 0.874 1.3819 -0.4213, 1.126 1.3819 -0.4213, 1.126 0.7677 -0.4213, 0.874 0.7677 -0.4213, 1.126 1.3819 -0.5787, 1.126 0.7677 -0.5787, 0.874 1.3819 -0.5787, 0.874 0.7677 -0.5787, 1.126 1.3921 -0.5801, 0.874 1.3921 -0.5801, 1.126 1.4016 -0.584, 0.874 1.4016 -0.584, 1.126 1.4097 -0.5903, 0.874 1.4097 -0.5903, 1.126 1.416 -0.5984, 0.874 1.416 -0.5984, 1.126 1.4199 -0.6079, 0.874 1.4199 -0.6079, 0.9457 2.4213 -2.2441, 1.0543 2.4213 -2.2441, 0.874 2.4213 -2.0472, 1.126 2.4213 -2.0472, 0.874 2.4213 0.3819, 1.126 2.4213 0.3819, 0.9457 2.5787 -2.2441, 1.0543 2.5787 -2.2441, 0.874 2.5787 0.3819, 1.126 2.5787 0.3819, 0.874 2.5787 -2.0472, 1.126 2.5787 -2.0472, 0.874 2.572 0.4328, 1.126 2.572 0.4328, 0.874 2.5524 0.4803, 1.126 2.5524 0.4803, 0.874 2.5211 0.5211, 1.126 2.5211 0.5211, 0.874 2.4803 0.5524, 1.126 2.4803 0.5524, 0.874 2.4328 0.572, 1.126 2.4328 0.572, 0.874 2.3819 0.5787, 1.126 2.3819 0.5787, 1.126 0.7677 0.5787, 0.874 0.7677 0.5787, 1.126 2.3819 0.4213, 1.126 0.7677 0.4213, 0.874 2.3819 0.4213, 0.874 0.7677 0.4213, 1.126 2.3921 0.4199, 0.874 2.3921 0.4199, 1.126 2.4016 0.416, 0.874 2.4016 0.416, 1.126 2.4097 0.4097, 0.874 2.4097 0.4097, 1.126 2.416 0.4016, 0.874 2.416 0.4016, 1.126 2.4199 0.3921, 0.874 2.4199 0.3921, 1.9457 1.4213 -2.2441, 2.0543 1.4213 -2.2441, 1.874 1.4213 -2.0472, 2.126 1.4213 -2.0472, 1.874 1.4213 -0.6181, 2.126 1.4213 -0.6181, 1.9457 1.5787 -2.2441, 2.0543 1.5787 -2.2441, 1.874 1.5787 -0.6181, 2.126 1.5787 -0.6181, 1.874 1.5787 -2.0472, 2.126 1.5787 -2.0472, 1.874 1.572 -0.5672, 2.126 1.572 -0.5672, 1.874 1.5524 -0.5197, 2.126 1.5524 -0.5197, 1.874 1.5211 -0.4789, 2.126 1.5211 -0.4789, 1.874 1.4803 -0.4476, 2.126 1.4803 -0.4476, 1.874 1.4328 -0.428, 2.126 1.4328 -0.428, 1.874 1.3819 -0.4213, 2.126 1.3819 -0.4213, 2.126 0.7677 -0.4213, 1.874 0.7677 -0.4213, 2.126 1.3819 -0.5787, 2.126 0.7677 -0.5787, 1.874 1.3819 -0.5787, 1.874 0.7677 -0.5787, 2.126 1.3921 -0.5801, 1.874 1.3921 -0.5801, 2.126 1.4016 -0.584, 1.874 1.4016 -0.584, 2.126 1.4097 -0.5903, 1.874 1.4097 -0.5903, 2.126 1.416 -0.5984, 1.874 1.416 -0.5984, 2.126 1.4199 -0.6079, 1.874 1.4199 -0.6079, 1.9457 2.4213 -2.2441, 2.0543 2.4213 -2.2441, 1.874 2.4213 -2.0472, 2.126 2.4213 -2.0472, 1.874 2.4213 0.3819, 2.126 2.4213 0.3819, 1.9457 2.5787 -2.2441, 2.0543 2.5787 -2.2441, 1.874 2.5787 0.3819, 2.126 2.5787 0.3819, 1.874 2.5787 -2.0472, 2.126 2.5787 -2.0472, 1.874 2.572 0.4328, 2.126 2.572 0.4328, 1.874 2.5524 0.4803, 2.126 2.5524 0.4803, 1.874 2.5211 0.5211, 2.126 2.5211 0.5211, 1.874 2.4803 0.5524, 2.126 2.4803 0.5524, 1.874 2.4328 0.572, 2.126 2.4328 0.572, 1.874 2.3819 0.5787, 2.126 2.3819 0.5787, 2.126 0.7677 0.5787, 1.874 0.7677 0.5787, 2.126 2.3819 0.4213, 2.126 0.7677 0.4213, 1.874 2.3819 0.4213, 1.874 0.7677 0.4213, 2.126 2.3921 0.4199, 1.874 2.3921 0.4199, 2.126 2.4016 0.416, 1.874 2.4016 0.416, 2.126 2.4097 0.4097, 1.874 2.4097 0.4097, 2.126 2.416 0.4016, 1.874 2.416 0.4016, 2.126 2.4199 0.3921, 1.874 2.4199 0.3921, -1.0543 1.4213 -2.2441, -0.9457 1.4213 -2.2441, -1.126 1.4213 -2.0472, -0.874 1.4213 -2.0472, -1.126 1.4213 -0.6181, -0.874 1.4213 -0.6181, -1.0543 1.5787 -2.2441, -0.9457 1.5787 -2.2441, -1.126 1.5787 -0.6181, -0.874 1.5787 -0.6181, -1.126 1.5787 -2.0472, -0.874 1.5787 -2.0472, -1.126 1.572 -0.5672, -0.874 1.572 -0.5672, -1.126 1.5524 -0.5197, -0.874 1.5524 -0.5197, -1.126 1.5211 -0.4789, -0.874 1.5211 -0.4789, -1.126 1.4803 -0.4476, -0.874 1.4803 -0.4476, -1.126 1.4328 -0.428, -0.874 1.4328 -0.428, -1.126 1.3819 -0.4213, -0.874 1.3819 -0.4213, -0.874 0.7677 -0.4213, -1.126 0.7677 -0.4213, -0.874 1.3819 -0.5787, -0.874 0.7677 -0.5787, -1.126 1.3819 -0.5787, -1.126 0.7677 -0.5787, -0.874 1.3921 -0.5801, -1.126 1.3921 -0.5801, -0.874 1.4016 -0.584, -1.126 1.4016 -0.584, -0.874 1.4097 -0.5903, -1.126 1.4097 -0.5903, -0.874 1.416 -0.5984, -1.126 1.416 -0.5984, -0.874 1.4199 -0.6079, -1.126 1.4199 -0.6079, -1.0543 2.4213 -2.2441, -0.9457 2.4213 -2.2441, -1.126 2.4213 -2.0472, -0.874 2.4213 -2.0472, -1.126 2.4213 0.3819, -0.874 2.4213 0.3819, -1.0543 2.5787 -2.2441, -0.9457 2.5787 -2.2441, -1.126 2.5787 0.3819, -0.874 2.5787 0.3819, -1.126 2.5787 -2.0472, -0.874 2.5787 -2.0472, -1.126 2.572 0.4328, -0.874 2.572 0.4328, -1.126 2.5524 0.4803, -0.874 2.5524 0.4803, -1.126 2.5211 0.5211, -0.874 2.5211 0.5211, -1.126 2.4803 0.5524, -0.874 2.4803 0.5524, -1.126 2.4328 0.572, -0.874 2.4328 0.572, -1.126 2.3819 0.5787, -0.874 2.3819 0.5787, -0.874 0.7677 0.5787, -1.126 0.7677 0.5787, -0.874 2.3819 0.4213, -0.874 0.7677 0.4213, -1.126 2.3819 0.4213, -1.126 0.7677 0.4213, -0.874 2.3921 0.4199, -1.126 2.3921 0.4199, -0.874 2.4016 0.416, -1.126 2.4016 0.416, -0.874 2.4097 0.4097, -1.126 2.4097 0.4097, -0.874 2.416 0.4016, -1.126 2.416 0.4016, -0.874 2.4199 0.3921, -1.126 2.4199 0.3921, -2.0543 1.4213 -2.2441, -1.9457 1.4213 -2.2441, -2.126 1.4213 -2.0472, -1.874 1.4213 -2.0472, -2.126 1.4213 -0.6181, -1.874 1.4213 -0.6181, -2.0543 1.5787 -2.2441, -1.9457 1.5787 -2.2441, -2.126 1.5787 -0.6181, -1.874 1.5787 -0.6181, -2.126 1.5787 -2.0472, -1.874 1.5787 -2.0472, -2.126 1.572 -0.5672, -1.874 1.572 -0.5672, -2.126 1.5524 -0.5197, -1.874 1.5524 -0.5197, -2.126 1.5211 -0.4789, -1.874 1.5211 -0.4789, -2.126 1.4803 -0.4476, -1.874 1.4803 -0.4476, -2.126 1.4328 -0.428, -1.874 1.4328 -0.428, -2.126 1.3819 -0.4213, -1.874 1.3819 -0.4213, -1.874 0.7677 -0.4213, -2.126 0.7677 -0.4213, -1.874 1.3819 -0.5787, -1.874 0.7677 -0.5787, -2.126 1.3819 -0.5787, -2.126 0.7677 -0.5787, -1.874 1.3921 -0.5801, -2.126 1.3921 -0.5801, -1.874 1.4016 -0.584, -2.126 1.4016 -0.584, -1.874 1.4097 -0.5903, -2.126 1.4097 -0.5903, -1.874 1.416 -0.5984, -2.126 1.416 -0.5984, -1.874 1.4199 -0.6079, -2.126 1.4199 -0.6079, -2.0543 2.4213 -2.2441, -1.9457 2.4213 -2.2441, -2.126 2.4213 -2.0472, -1.874 2.4213 -2.0472, -2.126 2.4213 0.3819, -1.874 2.4213 0.3819, -2.0543 2.5787 -2.2441, -1.9457 2.5787 -2.2441, -2.126 2.5787 0.3819, -1.874 2.5787 0.3819, -2.126 2.5787 -2.0472, -1.874 2.5787 -2.0472, -2.126 2.572 0.4328, -1.874 2.572 0.4328, -2.126 2.5524 0.4803, -1.874 2.5524 0.4803, -2.126 2.5211 0.5211, -1.874 2.5211 0.5211, -2.126 2.4803 0.5524, -1.874 2.4803 0.5524, -2.126 2.4328 0.572, -1.874 2.4328 0.572, -2.126 2.3819 0.5787, -1.874 2.3819 0.5787, -1.874 0.7677 0.5787, -2.126 0.7677 0.5787, -1.874 2.3819 0.4213, -1.874 0.7677 0.4213, -2.126 2.3819 0.4213, -2.126 0.7677 0.4213, -1.874 2.3921 0.4199, -2.126 2.3921 0.4199, -1.874 2.4016 0.416, -2.126 2.4016 0.416, -1.874 2.4097 0.4097, -2.126 2.4097 0.4097, -1.874 2.416 0.4016, -2.126 2.416 0.4016, -1.874 2.4199 0.3921, -2.126 2.4199 0.3921, -2.126 2.4199 0.3921
            ]
        }
        coordIndex [
            0,1,2,-1,2,1,3,-1,2,3,4,-1,4,3,5,-1,6,7,5,-1,5,7,4,-1,7,6,8,-1,8,6,9,-1,8,9,10,-1,10,9,11,-1,10,11,12,-1,10,12,13,-1,13,12,14,-1,13,14,15,-1,15,14,16,-1,15,16,17,-1,17,16,18,-1,17,18,19,-1,19,18,20,-1,19,20,21,-1,21,20,22,-1,21,22,23,-1,24,23,25,-1,25,23,22,-1,26,27,28,-1,28,27,29,-1,26,28,30,-1,30,28,31,-1,30,31,32,-1,32,31,33,-1,32,33,34,-1,34,33,35,-1,34,35,36,-1,36,35,37,-1,36,37,38,-1,38,37,39,-1,38,39,0,-1,0,39,1,-1,2,8,0,-1,0,8,10,-1,0,10,38,-1,38,10,13,-1,38,13,36,-1,36,13,15,-1,36,15,34,-1,34,15,17,-1,34,17,32,-1,32,17,19,-1,32,19,30,-1,30,19,21,-1,30,21,26,-1,26,21,23,-1,26,23,27,-1,27,23,24,-1,29,25,28,-1,28,25,22,-1,28,22,31,-1,31,22,20,-1,31,20,33,-1,33,20,18,-1,33,18,35,-1,35,18,16,-1,35,16,37,-1,37,16,14,-1,37,14,39,-1,39,14,12,-1,39,12,1,-1,1,12,11,-1,1,11,3,-1,3,11,9,-1,40,41,42,-1,42,41,43,-1,42,43,44,-1,44,43,45,-1,46,47,45,-1,45,47,44,-1,47,46,48,-1,48,46,49,-1,48,49,50,-1,50,49,51,-1,50,51,52,-1,50,52,53,-1,53,52,54,-1,53,54,55,-1,55,54,56,-1,55,56,57,-1,57,56,58,-1,57,58,59,-1,59,58,60,-1,59,60,61,-1,61,60,62,-1,61,62,63,-1,64,63,65,-1,65,63,62,-1,66,67,68,-1,68,67,69,-1,66,68,70,-1,70,68,71,-1,70,71,72,-1,72,71,73,-1,72,73,74,-1,74,73,75,-1,74,75,76,-1,76,75,77,-1,76,77,78,-1,78,77,79,-1,78,79,40,-1,40,79,41,-1,42,48,40,-1,40,48,50,-1,40,50,78,-1,78,50,53,-1,78,53,76,-1,76,53,55,-1,76,55,74,-1,74,55,57,-1,74,57,72,-1,72,57,59,-1,72,59,70,-1,70,59,61,-1,70,61,66,-1,66,61,63,-1,66,63,67,-1,67,63,64,-1,69,65,68,-1,68,65,62,-1,68,62,71,-1,71,62,60,-1,71,60,73,-1,73,60,58,-1,73,58,75,-1,75,58,56,-1,75,56,77,-1,77,56,54,-1,77,54,79,-1,79,54,52,-1,79,52,41,-1,41,52,51,-1,41,51,43,-1,43,51,49,-1,5,3,6,-1,6,3,9,-1,45,43,46,-1,46,43,49,-1,42,44,48,-1,48,44,47,-1,2,4,8,-1,8,4,7,-1,80,81,82,-1,82,81,83,-1,82,83,84,-1,84,83,85,-1,86,87,80,-1,80,87,81,-1,88,89,90,-1,90,89,91,-1,90,91,86,-1,86,91,87,-1,89,88,92,-1,89,92,93,-1,93,92,94,-1,93,94,95,-1,95,94,96,-1,95,96,97,-1,97,96,98,-1,97,98,99,-1,99,98,100,-1,99,100,101,-1,101,100,102,-1,101,102,103,-1,104,103,105,-1,105,103,102,-1,106,107,108,-1,108,107,109,-1,106,108,110,-1,110,108,111,-1,110,111,112,-1,112,111,113,-1,112,113,114,-1,114,113,115,-1,114,115,116,-1,116,115,117,-1,116,117,118,-1,118,117,119,-1,118,119,85,-1,85,119,84,-1,83,91,85,-1,85,91,89,-1,85,89,118,-1,118,89,93,-1,118,93,116,-1,116,93,95,-1,116,95,114,-1,114,95,97,-1,114,97,112,-1,112,97,99,-1,112,99,110,-1,110,99,101,-1,110,101,106,-1,106,101,103,-1,106,103,107,-1,107,103,104,-1,109,105,108,-1,108,105,102,-1,108,102,111,-1,111,102,100,-1,111,100,113,-1,113,100,98,-1,113,98,115,-1,115,98,96,-1,115,96,117,-1,117,96,94,-1,117,94,119,-1,119,94,92,-1,119,92,84,-1,84,92,88,-1,84,88,82,-1,82,88,90,-1,120,121,122,-1,122,121,123,-1,122,123,124,-1,124,123,125,-1,126,127,120,-1,120,127,121,-1,128,129,130,-1,130,129,131,-1,130,131,126,-1,126,131,127,-1,129,128,132,-1,129,132,133,-1,133,132,134,-1,133,134,135,-1,135,134,136,-1,135,136,137,-1,137,136,138,-1,137,138,139,-1,139,138,140,-1,139,140,141,-1,141,140,142,-1,141,142,143,-1,144,143,145,-1,145,143,142,-1,146,147,148,-1,148,147,149,-1,146,148,150,-1,150,148,151,-1,150,151,152,-1,152,151,153,-1,152,153,154,-1,154,153,155,-1,154,155,156,-1,156,155,157,-1,156,157,158,-1,158,157,159,-1,158,159,125,-1,125,159,124,-1,123,131,125,-1,125,131,129,-1,125,129,158,-1,158,129,133,-1,158,133,156,-1,156,133,135,-1,156,135,154,-1,154,135,137,-1,154,137,152,-1,152,137,139,-1,152,139,150,-1,150,139,141,-1,150,141,146,-1,146,141,143,-1,146,143,147,-1,147,143,144,-1,149,145,148,-1,148,145,142,-1,148,142,151,-1,151,142,140,-1,151,140,153,-1,153,140,138,-1,153,138,155,-1,155,138,136,-1,155,136,157,-1,157,136,134,-1,157,134,159,-1,159,134,132,-1,159,132,124,-1,124,132,128,-1,124,128,122,-1,122,128,130,-1,160,161,162,-1,162,161,163,-1,162,163,164,-1,164,163,165,-1,166,167,160,-1,160,167,161,-1,168,169,170,-1,170,169,171,-1,170,171,166,-1,166,171,167,-1,169,168,172,-1,169,172,173,-1,173,172,174,-1,173,174,175,-1,175,174,176,-1,175,176,177,-1,177,176,178,-1,177,178,179,-1,179,178,180,-1,179,180,181,-1,181,180,182,-1,181,182,183,-1,184,183,185,-1,185,183,182,-1,186,187,188,-1,188,187,189,-1,186,188,190,-1,190,188,191,-1,190,191,192,-1,192,191,193,-1,192,193,194,-1,194,193,195,-1,194,195,196,-1,196,195,197,-1,196,197,198,-1,198,197,199,-1,198,199,165,-1,165,199,164,-1,163,171,165,-1,165,171,169,-1,165,169,198,-1,198,169,173,-1,198,173,196,-1,196,173,175,-1,196,175,194,-1,194,175,177,-1,194,177,192,-1,192,177,179,-1,192,179,190,-1,190,179,181,-1,190,181,186,-1,186,181,183,-1,186,183,187,-1,187,183,184,-1,189,185,188,-1,188,185,182,-1,188,182,191,-1,191,182,180,-1,191,180,193,-1,193,180,178,-1,193,178,195,-1,195,178,176,-1,195,176,197,-1,197,176,174,-1,197,174,199,-1,199,174,172,-1,199,172,164,-1,164,172,168,-1,164,168,162,-1,162,168,170,-1,200,201,202,-1,202,201,203,-1,202,203,204,-1,204,203,205,-1,206,207,200,-1,200,207,201,-1,208,209,210,-1,210,209,211,-1,210,211,206,-1,206,211,207,-1,209,208,212,-1,209,212,213,-1,213,212,214,-1,213,214,215,-1,215,214,216,-1,215,216,217,-1,217,216,218,-1,217,218,219,-1,219,218,220,-1,219,220,221,-1,221,220,222,-1,221,222,223,-1,224,223,225,-1,225,223,222,-1,226,227,228,-1,228,227,229,-1,226,228,230,-1,230,228,231,-1,230,231,232,-1,232,231,233,-1,232,233,234,-1,234,233,235,-1,234,235,236,-1,236,235,237,-1,236,237,238,-1,238,237,239,-1,238,239,205,-1,205,239,204,-1,203,211,205,-1,205,211,209,-1,205,209,238,-1,238,209,213,-1,238,213,236,-1,236,213,215,-1,236,215,234,-1,234,215,217,-1,234,217,232,-1,232,217,219,-1,232,219,230,-1,230,219,221,-1,230,221,226,-1,226,221,223,-1,226,223,227,-1,227,223,224,-1,229,225,228,-1,228,225,222,-1,228,222,231,-1,231,222,220,-1,231,220,233,-1,233,220,218,-1,233,218,235,-1,235,218,216,-1,235,216,237,-1,237,216,214,-1,237,214,239,-1,239,214,212,-1,239,212,204,-1,204,212,208,-1,204,208,202,-1,202,208,210,-1,240,241,242,-1,242,241,243,-1,242,243,244,-1,244,243,245,-1,246,247,240,-1,240,247,241,-1,248,249,250,-1,250,249,251,-1,250,251,246,-1,246,251,247,-1,249,248,252,-1,249,252,253,-1,253,252,254,-1,253,254,255,-1,255,254,256,-1,255,256,257,-1,257,256,258,-1,257,258,259,-1,259,258,260,-1,259,260,261,-1,261,260,262,-1,261,262,263,-1,264,263,265,-1,265,263,262,-1,266,267,268,-1,268,267,269,-1,266,268,270,-1,270,268,271,-1,270,271,272,-1,272,271,273,-1,272,273,274,-1,274,273,275,-1,274,275,276,-1,276,275,277,-1,276,277,278,-1,278,277,279,-1,278,279,245,-1,245,279,244,-1,243,251,245,-1,245,251,249,-1,245,249,278,-1,278,249,253,-1,278,253,276,-1,276,253,255,-1,276,255,274,-1,274,255,257,-1,274,257,272,-1,272,257,259,-1,272,259,270,-1,270,259,261,-1,270,261,266,-1,266,261,263,-1,266,263,267,-1,267,263,264,-1,269,265,268,-1,268,265,262,-1,268,262,271,-1,271,262,260,-1,271,260,273,-1,273,260,258,-1,273,258,275,-1,275,258,256,-1,275,256,277,-1,277,256,254,-1,277,254,279,-1,279,254,252,-1,279,252,244,-1,244,252,248,-1,244,248,242,-1,242,248,250,-1,280,281,282,-1,282,281,283,-1,282,283,284,-1,284,283,285,-1,286,287,280,-1,280,287,281,-1,288,289,290,-1,290,289,291,-1,290,291,286,-1,286,291,287,-1,289,288,292,-1,289,292,293,-1,293,292,294,-1,293,294,295,-1,295,294,296,-1,295,296,297,-1,297,296,298,-1,297,298,299,-1,299,298,300,-1,299,300,301,-1,301,300,302,-1,301,302,303,-1,304,303,305,-1,305,303,302,-1,306,307,308,-1,308,307,309,-1,306,308,310,-1,310,308,311,-1,310,311,312,-1,312,311,313,-1,312,313,314,-1,314,313,315,-1,314,315,316,-1,316,315,317,-1,316,317,318,-1,318,317,319,-1,318,319,285,-1,285,319,284,-1,283,291,285,-1,285,291,289,-1,285,289,318,-1,318,289,293,-1,318,293,316,-1,316,293,295,-1,316,295,314,-1,314,295,297,-1,314,297,312,-1,312,297,299,-1,312,299,310,-1,310,299,301,-1,310,301,306,-1,306,301,303,-1,306,303,307,-1,307,303,304,-1,309,305,308,-1,308,305,302,-1,308,302,311,-1,311,302,300,-1,311,300,313,-1,313,300,298,-1,313,298,315,-1,315,298,296,-1,315,296,317,-1,317,296,294,-1,317,294,319,-1,319,294,292,-1,319,292,284,-1,284,292,288,-1,284,288,282,-1,282,288,290,-1,320,321,322,-1,322,321,323,-1,322,323,324,-1,324,323,325,-1,326,327,320,-1,320,327,321,-1,328,329,330,-1,330,329,331,-1,330,331,326,-1,326,331,327,-1,329,328,332,-1,329,332,333,-1,333,332,334,-1,333,334,335,-1,335,334,336,-1,335,336,337,-1,337,336,338,-1,337,338,339,-1,339,338,340,-1,339,340,341,-1,341,340,342,-1,341,342,343,-1,344,343,345,-1,345,343,342,-1,346,347,348,-1,348,347,349,-1,346,348,350,-1,350,348,351,-1,350,351,352,-1,352,351,353,-1,352,353,354,-1,354,353,355,-1,354,355,356,-1,356,355,357,-1,356,357,358,-1,358,357,359,-1,358,359,325,-1,325,359,324,-1,323,331,325,-1,325,331,329,-1,325,329,358,-1,358,329,333,-1,358,333,356,-1,356,333,335,-1,356,335,354,-1,354,335,337,-1,354,337,352,-1,352,337,339,-1,352,339,350,-1,350,339,341,-1,350,341,346,-1,346,341,343,-1,346,343,347,-1,347,343,344,-1,349,345,348,-1,348,345,342,-1,348,342,351,-1,351,342,340,-1,351,340,353,-1,353,340,338,-1,353,338,355,-1,355,338,336,-1,355,336,357,-1,357,336,334,-1,357,334,359,-1,359,334,332,-1,359,332,324,-1,324,332,328,-1,324,328,322,-1,322,328,330,-1,360,361,362,-1,362,361,363,-1,362,363,364,-1,364,363,365,-1,366,367,360,-1,360,367,361,-1,368,369,370,-1,370,369,371,-1,370,371,366,-1,366,371,367,-1,369,368,372,-1,369,372,373,-1,373,372,374,-1,373,374,375,-1,375,374,376,-1,375,376,377,-1,377,376,378,-1,377,378,379,-1,379,378,380,-1,379,380,381,-1,381,380,382,-1,381,382,383,-1,384,383,385,-1,385,383,382,-1,386,387,388,-1,388,387,389,-1,386,388,390,-1,390,388,391,-1,390,391,392,-1,392,391,393,-1,392,393,394,-1,394,393,395,-1,394,395,396,-1,396,395,397,-1,396,397,398,-1,398,397,399,-1,398,399,365,-1,365,399,364,-1,363,371,365,-1,365,371,369,-1,365,369,398,-1,398,369,373,-1,398,373,396,-1,396,373,375,-1,396,375,394,-1,394,375,377,-1,394,377,392,-1,392,377,379,-1,392,379,390,-1,390,379,381,-1,390,381,386,-1,386,381,383,-1,386,383,387,-1,387,383,384,-1,389,385,388,-1,388,385,382,-1,388,382,391,-1,391,382,380,-1,391,380,393,-1,393,380,378,-1,393,378,395,-1,395,378,376,-1,395,376,397,-1,397,376,374,-1,397,374,399,-1,399,374,372,-1,399,372,364,-1,364,372,368,-1,364,368,362,-1,362,368,370,-1,80,82,86,-1,86,82,90,-1,120,122,126,-1,126,122,130,-1,123,121,131,-1,131,121,127,-1,83,81,91,-1,91,81,87,-1,160,162,166,-1,166,162,170,-1,200,202,206,-1,206,202,210,-1,203,201,211,-1,211,201,207,-1,163,161,171,-1,171,161,167,-1,240,242,246,-1,246,242,250,-1,280,282,286,-1,286,282,290,-1,283,281,291,-1,291,281,287,-1,243,241,251,-1,251,241,247,-1,320,322,326,-1,326,322,330,-1,360,362,366,-1,366,362,370,-1,363,361,371,-1,371,361,367,-1,323,321,331,-1,331,321,327,-1,
        ]
    }
}
Shape{
    appearance Appearance {
        material  Material 	{
            diffuseColor 1.0 1.0 1.0
            specularColor 0.5019607843137255 0.5019607843137255 0.5019607843137255
            ambientIntensity 0.2
            transparency 0
            shininess 0.5
        }
    }
    geometry IndexedFaceSet {
        ccw TRUE
        solid FALSE
        coord DEF co Coordinate {
            point [
                2.622 -0.7568 0.0762, 2.622 -0.7568 0.0609, 2.6181 -0.7568 0.0762, 2.6181 -0.7568 0.0609, 2.622 -0.81 0.0762, 2.6181 -0.81 0.0762, 2.622 -0.81 0.1944, 2.6181 -0.81 0.1944, 2.622 -0.8272 0.1944, 2.6181 -0.8272 0.1944, 2.622 -0.8272 0.0609, 2.6181 -0.8272 0.0609, 2.622 -0.6681 0.0606, 2.622 -0.6884 0.0587, 2.6181 -0.6884 0.0587, 2.6181 -0.6766 0.0598, 2.6181 -0.6681 0.0606, 2.622 -0.6537 0.0653, 2.6181 -0.6572 0.0642, 2.6181 -0.6537 0.0653, 2.6181 -0.6515 0.0665, 2.622 -0.6515 0.0665, 2.622 -0.6515 0.083, 2.6181 -0.6515 0.083, 2.6181 -0.6572 0.0804, 2.622 -0.6646 0.0771, 2.6181 -0.6646 0.0771, 2.6181 -0.6797 0.0743, 2.622 -0.6797 0.0743, 2.6181 -0.6859 0.074, 2.622 -0.6859 0.074, 2.6181 -0.6975 0.0752, 2.622 -0.6975 0.0752, 2.6181 -0.7073 0.0786, 2.622 -0.7073 0.0786, 2.6181 -0.7164 0.0845, 2.622 -0.7164 0.0845, 2.6181 -0.7202 0.0881, 2.622 -0.7202 0.0881, 2.6181 -0.7263 0.0964, 2.622 -0.7263 0.0964, 2.6181 -0.7308 0.107, 2.622 -0.7308 0.107, 2.6181 -0.7331 0.12, 2.622 -0.7331 0.12, 2.6181 -0.7333 0.1262, 2.622 -0.7333 0.1262, 2.6181 -0.7311 0.1445, 2.622 -0.7311 0.1445, 2.6181 -0.7266 0.156, 2.622 -0.7266 0.156, 2.6181 -0.7202 0.1653, 2.622 -0.7202 0.1653, 2.6181 -0.7193 0.1663, 2.622 -0.7193 0.1663, 2.6181 -0.7111 0.1732, 2.622 -0.7111 0.1732, 2.6181 -0.7007 0.1783, 2.622 -0.7007 0.1783, 2.6181 -0.6893 0.1808, 2.622 -0.6893 0.1808, 2.6181 -0.6829 0.1811, 2.622 -0.6829 0.1811, 2.6181 -0.6665 0.1791, 2.6181 -0.6572 0.1756, 2.622 -0.6529 0.174, 2.622 -0.6665 0.1791, 2.6181 -0.6529 0.174, 2.6181 -0.6515 0.1732, 2.622 -0.6515 0.1732, 2.622 -0.6515 0.1912, 2.6181 -0.6515 0.1912, 2.6181 -0.6572 0.1928, 2.622 -0.6656 0.1953, 2.6181 -0.6831 0.1966, 2.622 -0.6831 0.1966, 2.6181 -0.6688 0.1955, 2.6181 -0.6656 0.1953, 2.6181 -0.6924 0.1955, 2.622 -0.7024 0.1943, 2.6181 -0.7024 0.1943, 2.6181 -0.7163 0.1889, 2.622 -0.7163 0.1889, 2.6181 -0.7288 0.1801, 2.622 -0.7288 0.1801, 2.6181 -0.7321 0.177, 2.622 -0.7321 0.177, 2.6181 -0.7418 0.1644, 2.6181 -0.7454 0.1559, 2.622 -0.7481 0.1495, 2.622 -0.7418 0.1644, 2.6181 -0.7481 0.1495, 2.6181 -0.7511 0.1321, 2.622 -0.7511 0.1321, 2.6181 -0.7514 0.1251, 2.622 -0.7514 0.1251, 2.6181 -0.7488 0.1034, 2.6181 -0.7454 0.0949, 2.622 -0.7433 0.0895, 2.622 -0.7488 0.1034, 2.6181 -0.7433 0.0895, 2.6181 -0.7354 0.0781, 2.622 -0.7354 0.0781, 2.6181 -0.7343 0.0769, 2.622 -0.7343 0.0769, 2.6181 -0.7109 0.0621, 2.622 -0.7235 0.068, 2.6181 -0.7235 0.068, 2.6181 -0.7001 0.0598, 2.622 -0.6965 0.0591, 2.622 -0.7109 0.0621, 2.6181 -0.6965 0.0591, 2.622 -0.553 0.0762, 2.622 -0.553 0.0609, 2.6181 -0.553 0.0762, 2.6181 -0.553 0.0609, 2.6181 -0.6075 0.0762, 2.622 -0.6075 0.0762, 2.6181 -0.5715 0.0762, 2.622 -0.6075 0.1211, 2.6181 -0.6075 0.1211, 2.622 -0.5598 0.1211, 2.6181 -0.5715 0.1211, 2.6181 -0.5598 0.1211, 2.622 -0.5598 0.1363, 2.6181 -0.5598 0.1363, 2.6181 -0.6075 0.1363, 2.622 -0.6075 0.1363, 2.6181 -0.5715 0.1363, 2.622 -0.6075 0.179, 2.6181 -0.6075 0.179, 2.6181 -0.556 0.179, 2.622 -0.556 0.179, 2.6181 -0.5715 0.179, 2.622 -0.556 0.1944, 2.6181 -0.556 0.1944, 2.6181 -0.6248 0.1944, 2.622 -0.6248 0.1944, 2.6181 -0.5715 0.1944, 2.622 -0.6248 0.0609, 2.6181 -0.6248 0.0609, 2.6181 -0.5715 0.0609, 2.622 -0.4392 0.0796, 2.622 -0.4531 0.0886, 2.622 -0.4532 0.0696, 2.622 -0.4617 0.0826, 2.622 -0.4684 0.0637, 2.622 -0.4727 0.0784, 2.622 -0.4911 0.0609, 2.622 -0.4912 0.0762, 2.622 -0.5278 0.0609, 2.622 -0.5105 0.0762, 2.622 -0.5278 0.1944, 2.622 -0.5105 0.179, 2.622 -0.4897 0.1944, 2.622 -0.4904 0.179, 2.622 -0.4889 0.179, 2.622 -0.4693 0.1921, 2.622 -0.4719 0.1768, 2.622 -0.4532 0.1863, 2.622 -0.4605 0.1724, 2.622 -0.4392 0.1767, 2.622 -0.4519 0.1665, 2.622 -0.4345 0.1721, 2.622 -0.4481 0.1628, 2.622 -0.4263 0.1605, 2.622 -0.443 0.1553, 2.622 -0.4213 0.1477, 2.622 -0.4392 0.1456, 2.622 -0.4191 0.1294, 2.622 -0.4372 0.1289, 2.622 -0.4195 0.1209, 2.622 -0.4378 0.1197, 2.622 -0.4228 0.1052, 2.622 -0.4405 0.1076, 2.622 -0.4293 0.0914, 2.622 -0.4452 0.0978, 2.622 -0.4515 0.0901, 2.6181 -0.4911 0.0609, 2.6181 -0.5278 0.0609, 2.6181 -0.4684 0.0637, 2.6181 -0.4532 0.0696, 2.6181 -0.4392 0.0796, 2.6181 -0.4293 0.0914, 2.6181 -0.4228 0.1052, 2.6181 -0.4195 0.1209, 2.6181 -0.4191 0.1294, 2.6181 -0.4213 0.1477, 2.6181 -0.4263 0.1605, 2.6181 -0.4345 0.1721, 2.6181 -0.4392 0.1767, 2.6181 -0.4532 0.1863, 2.6181 -0.4693 0.1921, 2.6181 -0.4897 0.1944, 2.6181 -0.5278 0.1944, 2.6181 -0.4904 0.179, 2.6181 -0.5105 0.179, 2.6181 -0.5105 0.0762, 2.6181 -0.4912 0.0762, 2.6181 -0.4515 0.0901, 2.6181 -0.4531 0.0886, 2.6181 -0.4617 0.0826, 2.6181 -0.4727 0.0784, 2.6181 -0.4372 0.1289, 2.6181 -0.4378 0.1197, 2.6181 -0.4405 0.1076, 2.6181 -0.4452 0.0978, 2.6181 -0.4519 0.1665, 2.6181 -0.4481 0.1628, 2.6181 -0.443 0.1553, 2.6181 -0.4392 0.1456, 2.6181 -0.4889 0.179, 2.6181 -0.4719 0.1768, 2.6181 -0.4605 0.1724, 2.6181 -0.4605 0.1724
            ]
        }
        coordIndex [
            0,1,2,-1,2,1,3,-1,4,0,5,-1,5,0,2,-1,6,4,7,-1,7,4,5,-1,8,6,9,-1,9,6,7,-1,10,8,11,-1,11,8,9,-1,1,10,3,-1,3,10,11,-1,6,8,4,-1,4,8,10,-1,4,10,0,-1,0,10,1,-1,12,13,14,-1,14,15,12,-1,12,15,16,-1,12,16,17,-1,17,16,18,-1,18,19,17,-1,17,19,20,-1,17,20,21,-1,22,21,23,-1,23,21,20,-1,22,23,24,-1,22,24,25,-1,24,26,25,-1,25,26,27,-1,25,27,28,-1,28,27,29,-1,28,29,30,-1,30,29,31,-1,30,31,32,-1,32,31,33,-1,32,33,34,-1,34,33,35,-1,34,35,36,-1,36,35,37,-1,36,37,38,-1,38,37,39,-1,38,39,40,-1,40,39,41,-1,40,41,42,-1,42,41,43,-1,42,43,44,-1,44,43,45,-1,44,45,46,-1,46,45,47,-1,46,47,48,-1,48,47,49,-1,48,49,50,-1,50,49,51,-1,50,51,52,-1,52,51,53,-1,52,53,54,-1,54,53,55,-1,54,55,56,-1,56,55,57,-1,56,57,58,-1,58,57,59,-1,58,59,60,-1,60,59,61,-1,60,61,62,-1,62,61,63,-1,64,65,63,-1,63,65,66,-1,63,66,62,-1,64,67,65,-1,65,67,68,-1,65,68,69,-1,70,69,71,-1,71,69,68,-1,70,71,72,-1,70,72,73,-1,74,75,76,-1,76,75,73,-1,76,73,77,-1,77,73,72,-1,75,74,78,-1,75,78,79,-1,78,80,79,-1,79,80,81,-1,79,81,82,-1,82,81,83,-1,82,83,84,-1,84,83,85,-1,84,85,86,-1,86,85,87,-1,88,89,87,-1,87,89,90,-1,87,90,86,-1,88,91,89,-1,89,91,92,-1,89,92,93,-1,93,92,94,-1,93,94,95,-1,95,94,96,-1,97,98,96,-1,96,98,99,-1,96,99,95,-1,97,100,98,-1,98,100,101,-1,98,101,102,-1,102,101,103,-1,102,103,104,-1,105,106,107,-1,107,106,104,-1,107,104,103,-1,108,109,105,-1,105,109,110,-1,105,110,106,-1,108,111,109,-1,109,111,14,-1,109,14,13,-1,56,58,79,-1,48,50,90,-1,90,50,86,-1,79,58,75,-1,95,46,93,-1,93,46,48,-1,93,48,89,-1,89,48,90,-1,58,60,75,-1,75,60,62,-1,75,62,73,-1,73,62,66,-1,73,66,70,-1,70,66,65,-1,70,65,69,-1,21,22,17,-1,17,22,25,-1,17,25,12,-1,12,25,28,-1,12,28,13,-1,13,28,30,-1,13,30,109,-1,109,30,32,-1,109,32,110,-1,110,32,34,-1,110,34,106,-1,106,34,36,-1,106,36,104,-1,104,36,38,-1,104,38,102,-1,102,38,40,-1,102,40,98,-1,98,40,99,-1,99,40,42,-1,99,42,95,-1,95,42,44,-1,95,44,46,-1,50,52,86,-1,86,52,54,-1,86,54,84,-1,84,54,56,-1,84,56,82,-1,82,56,79,-1,112,113,114,-1,114,113,115,-1,116,117,118,-1,118,117,112,-1,118,112,114,-1,119,117,120,-1,120,117,116,-1,119,120,121,-1,121,120,122,-1,121,122,123,-1,124,121,125,-1,125,121,123,-1,126,127,128,-1,128,127,124,-1,128,124,125,-1,129,127,130,-1,130,127,126,-1,131,132,133,-1,133,132,129,-1,133,129,130,-1,134,132,135,-1,135,132,131,-1,136,137,138,-1,138,137,134,-1,138,134,135,-1,139,137,140,-1,140,137,136,-1,115,113,141,-1,141,113,139,-1,141,139,140,-1,139,113,112,-1,112,117,139,-1,139,117,119,-1,139,119,137,-1,132,134,129,-1,129,134,137,-1,129,137,127,-1,127,137,119,-1,127,119,124,-1,124,119,121,-1,142,143,144,-1,144,143,145,-1,144,145,146,-1,146,145,147,-1,146,147,148,-1,148,147,149,-1,148,149,150,-1,150,149,151,-1,150,151,152,-1,152,151,153,-1,152,153,154,-1,153,155,154,-1,154,155,156,-1,154,156,157,-1,157,156,158,-1,157,158,159,-1,159,158,160,-1,159,160,161,-1,161,160,162,-1,161,162,163,-1,163,162,164,-1,163,164,165,-1,165,164,166,-1,165,166,167,-1,167,166,168,-1,167,168,169,-1,169,168,170,-1,169,170,171,-1,171,170,172,-1,171,172,173,-1,173,172,174,-1,173,174,175,-1,175,174,176,-1,175,176,142,-1,142,176,177,-1,142,177,143,-1,148,150,178,-1,178,150,179,-1,148,178,180,-1,148,180,146,-1,146,180,181,-1,146,181,144,-1,144,181,182,-1,144,182,142,-1,142,182,183,-1,142,183,175,-1,175,183,184,-1,175,184,173,-1,173,184,185,-1,173,185,171,-1,171,185,186,-1,171,186,169,-1,169,186,187,-1,169,187,167,-1,167,187,188,-1,167,188,165,-1,165,188,189,-1,165,189,163,-1,163,189,190,-1,163,190,161,-1,161,190,191,-1,161,191,159,-1,159,191,192,-1,159,192,157,-1,157,192,193,-1,157,193,154,-1,152,154,194,-1,194,154,193,-1,150,152,179,-1,179,152,194,-1,155,153,195,-1,195,153,196,-1,153,151,196,-1,196,151,197,-1,151,149,197,-1,197,149,198,-1,177,199,200,-1,177,200,143,-1,143,200,201,-1,143,201,145,-1,145,201,202,-1,145,202,147,-1,147,202,198,-1,147,198,149,-1,170,203,204,-1,170,204,172,-1,172,204,205,-1,172,205,174,-1,174,205,206,-1,174,206,176,-1,176,206,199,-1,176,199,177,-1,162,207,208,-1,162,208,164,-1,164,208,209,-1,164,209,166,-1,166,209,210,-1,166,210,168,-1,168,210,203,-1,168,203,170,-1,155,195,211,-1,155,211,156,-1,156,211,212,-1,156,212,158,-1,158,212,213,-1,158,213,160,-1,160,213,207,-1,160,207,162,-1,
        ]
    }
}
Shape{
    appearance Appearance {
        material  Material 	{
            diffuseColor 0.2235294117647059 0.2235294117647059 0.2235294117647059
            specularColor 0.11372549019607843 0.11372549019607843 0.11372549019607843
            ambientIntensity 0.2
            transparency 0
            shininess 0.5
        }
    }
    geometry IndexedFaceSet {
        ccw TRUE
        solid FALSE
        coord DEF co Coordinate {
            point [
                2.6181 -0.4617 0.0826, 2.6181 -0.4531 0.0886, 2.6181 -0.4889 0.179, 2.6181 -0.5105 0.179, 2.6181 -0.5105 0.0762, 2.6181 -0.4904 0.179, 2.6181 -0.4912 0.0762, 2.6181 -0.4727 0.0784, 2.6181 -0.4515 0.0901, 2.6181 -0.4452 0.0978, 2.6181 -0.4405 0.1076, 2.6181 -0.4372 0.1289, 2.6181 -0.4519 0.1665, 2.6181 -0.4605 0.1724, 2.6181 -0.4392 0.1456, 2.6181 -0.443 0.1553, 2.6181 -0.4481 0.1628, 2.6181 -0.4378 0.1197, 2.6181 -0.4719 0.1768, 2.6181 -0.4719 0.1768
            ]
        }
        coordIndex [
            0,1,2,-1,3,4,5,-1,5,4,6,-1,5,6,2,-1,2,6,7,-1,2,7,0,-1,1,8,2,-1,2,8,9,-1,2,9,10,-1,11,12,13,-1,14,15,11,-1,11,15,16,-1,11,16,12,-1,10,17,2,-1,2,17,11,-1,2,11,18,-1,18,11,13,-1,
        ]
    }
}
Shape{
    appearance Appearance {
        material  Material 	{
            diffuseColor 1.0 1.0 1.0
            specularColor 0.5019607843137255 0.5019607843137255 0.5019607843137255
            ambientIntensity 0.2
            transparency 0
            shininess 0.5
        }
    }
    geometry IndexedFaceSet {
        ccw TRUE
        solid FALSE
        coord DEF co Coordinate {
            point [
                2.622 -0.3744 0.1125, 2.622 -0.3799 0.0974, 2.622 -0.3296 0.1125, 2.622 -0.3243 0.0974, 2.622 -0.3544 0.168, 2.622 -0.3609 0.1944, 2.622 -0.4117 0.0609, 2.622 -0.3927 0.0609, 2.622 -0.3533 0.172, 2.622 -0.3523 0.1773, 2.622 -0.3425 0.1944, 2.622 -0.3519 0.1773, 2.622 -0.3508 0.1717, 2.622 -0.3498 0.168, 2.622 -0.2916 0.0609, 2.622 -0.3107 0.0609, 2.6181 -0.3425 0.1944, 2.6181 -0.2916 0.0609, 2.6181 -0.3609 0.1944, 2.6181 -0.4117 0.0609, 2.6181 -0.3733 0.1619, 2.6181 -0.3927 0.0609, 2.6181 -0.3799 0.0974, 2.6181 -0.3243 0.0974, 2.6181 -0.3733 0.0974, 2.6181 -0.3107 0.0609, 2.6181 -0.3744 0.1125, 2.6181 -0.3296 0.1125, 2.6181 -0.3498 0.168, 2.6181 -0.3519 0.1773, 2.6181 -0.3508 0.1717, 2.6181 -0.3523 0.1773, 2.6181 -0.3544 0.168, 2.6181 -0.3533 0.172, 2.6181 -0.3533 0.172
            ]
        }
        coordIndex [
            0,1,2,-1,2,1,3,-1,4,5,0,-1,0,5,6,-1,0,6,1,-1,1,6,7,-1,4,8,5,-1,5,8,9,-1,5,9,10,-1,10,9,11,-1,10,11,12,-1,12,13,10,-1,10,13,2,-1,10,2,14,-1,14,2,3,-1,14,3,15,-1,10,14,16,-1,16,14,17,-1,5,10,18,-1,18,10,16,-1,19,6,20,-1,20,6,5,-1,20,5,18,-1,7,6,21,-1,21,6,19,-1,1,7,22,-1,22,7,21,-1,23,3,24,-1,24,3,1,-1,24,1,22,-1,15,3,25,-1,25,3,23,-1,14,15,17,-1,17,15,25,-1,0,2,26,-1,26,2,27,-1,2,13,27,-1,27,13,28,-1,11,29,30,-1,11,30,12,-1,12,30,28,-1,12,28,13,-1,11,9,29,-1,29,9,31,-1,4,32,33,-1,4,33,8,-1,8,33,31,-1,8,31,9,-1,4,0,32,-1,32,0,26,-1,
        ]
    }
}
Shape{
    appearance Appearance {
        material  Material 	{
            diffuseColor 0.2235294117647059 0.2235294117647059 0.2235294117647059
            specularColor 0.11372549019607843 0.11372549019607843 0.11372549019607843
            ambientIntensity 0.2
            transparency 0
            shininess 0.5
        }
    }
    geometry IndexedFaceSet {
        ccw TRUE
        solid FALSE
        coord DEF co Coordinate {
            point [
                2.6181 -0.3519 0.1773, 2.6181 -0.3523 0.1773, 2.6181 -0.3508 0.1717, 2.6181 -0.3533 0.172, 2.6181 -0.3498 0.168, 2.6181 -0.3544 0.168, 2.6181 -0.3296 0.1125, 2.6181 -0.3744 0.1125, 2.6181 -0.3744 0.1125
            ]
        }
        coordIndex [
            0,1,2,-1,2,1,3,-1,2,3,4,-1,4,3,5,-1,4,5,6,-1,6,5,7,-1,
        ]
    }
}
Shape{
    appearance Appearance {
        material  Material 	{
            diffuseColor 1.0 1.0 1.0
            specularColor 0.5019607843137255 0.5019607843137255 0.5019607843137255
            ambientIntensity 0.2
            transparency 0
            shininess 0.5
        }
    }
    geometry IndexedFaceSet {
        ccw TRUE
        solid FALSE
        coord DEF co Coordinate {
            point [
                2.622 -0.7554 -0.1355, 2.622 -0.7554 -0.1508, 2.6181 -0.7554 -0.1355, 2.6181 -0.7554 -0.1508, 2.622 -0.81 -0.1355, 2.6181 -0.81 -0.1355, 2.622 -0.81 -0.0907, 2.6181 -0.81 -0.0907, 2.622 -0.7623 -0.0907, 2.6181 -0.7623 -0.0907, 2.622 -0.7623 -0.0754, 2.6181 -0.7623 -0.0754, 2.622 -0.81 -0.0754, 2.6181 -0.81 -0.0754, 2.622 -0.81 -0.0327, 2.6181 -0.81 -0.0327, 2.622 -0.7585 -0.0327, 2.6181 -0.7585 -0.0327, 2.622 -0.7585 -0.0173, 2.6181 -0.7585 -0.0173, 2.622 -0.8272 -0.0173, 2.6181 -0.8272 -0.0173, 2.622 -0.8272 -0.1508, 2.6181 -0.8272 -0.1508, 2.622 -0.68 -0.136, 2.622 -0.6796 -0.136, 2.622 -0.6807 -0.1206, 2.622 -0.6796 -0.1132, 2.622 -0.6629 -0.0894, 2.622 -0.6796 -0.1121, 2.622 -0.6796 -0.1029, 2.622 -0.6796 -0.1508, 2.622 -0.6629 -0.1508, 2.622 -0.7223 -0.1212, 2.622 -0.7215 -0.1174, 2.622 -0.7358 -0.1098, 2.622 -0.6831 -0.1266, 2.622 -0.6867 -0.1315, 2.622 -0.6843 -0.142, 2.622 -0.6888 -0.1336, 2.622 -0.6898 -0.1471, 2.622 -0.6936 -0.1368, 2.622 -0.6931 -0.1492, 2.622 -0.6986 -0.1386, 2.622 -0.6998 -0.1518, 2.622 -0.7049 -0.1393, 2.622 -0.7092 -0.153, 2.622 -0.7105 -0.1387, 2.622 -0.7192 -0.1518, 2.622 -0.7143 -0.1373, 2.622 -0.7256 -0.1494, 2.622 -0.7176 -0.135, 2.622 -0.7313 -0.1455, 2.622 -0.7191 -0.1336, 2.622 -0.7324 -0.105, 2.622 -0.7201 -0.1143, 2.622 -0.7272 -0.1006, 2.622 -0.7181 -0.1118, 2.622 -0.7198 -0.097, 2.622 -0.7161 -0.1103, 2.622 -0.7122 -0.1084, 2.622 -0.7078 -0.0941, 2.622 -0.7019 -0.1059, 2.622 -0.6796 -0.0902, 2.622 -0.7382 -0.1156, 2.622 -0.7394 -0.1227, 2.622 -0.7225 -0.1239, 2.622 -0.7394 -0.1252, 2.622 -0.7221 -0.1277, 2.622 -0.7386 -0.1329, 2.622 -0.721 -0.1308, 2.622 -0.7366 -0.1385, 2.622 -0.7331 -0.1436, 2.622 -0.7301 -0.0621, 2.622 -0.7301 -0.0784, 2.622 -0.7267 -0.0601, 2.622 -0.7204 -0.072, 2.622 -0.7142 -0.0553, 2.622 -0.7099 -0.0681, 2.622 -0.6973 -0.0533, 2.622 -0.6989 -0.0668, 2.622 -0.6869 -0.0542, 2.622 -0.6932 -0.0674, 2.622 -0.6799 -0.0564, 2.622 -0.6893 -0.0688, 2.622 -0.6744 -0.0596, 2.622 -0.6864 -0.0707, 2.622 -0.67 -0.064, 2.622 -0.6838 -0.0734, 2.622 -0.6666 -0.0695, 2.622 -0.6819 -0.0768, 2.622 -0.664 -0.0772, 2.622 -0.6802 -0.0828, 2.6181 -0.6973 -0.0533, 2.6181 -0.7142 -0.0553, 2.6181 -0.7267 -0.0601, 2.6181 -0.7301 -0.0621, 2.6181 -0.7301 -0.0784, 2.6181 -0.7204 -0.072, 2.6181 -0.7099 -0.0681, 2.6181 -0.6989 -0.0668, 2.6181 -0.6932 -0.0674, 2.6181 -0.6893 -0.0688, 2.6181 -0.6864 -0.0707, 2.6181 -0.6838 -0.0734, 2.6181 -0.6819 -0.0768, 2.6181 -0.6802 -0.0828, 2.6181 -0.6796 -0.0902, 2.6181 -0.7078 -0.0941, 2.6181 -0.7198 -0.097, 2.6181 -0.7272 -0.1006, 2.6181 -0.7324 -0.105, 2.6181 -0.7358 -0.1098, 2.6181 -0.7382 -0.1156, 2.6181 -0.7394 -0.1227, 2.6181 -0.7394 -0.1252, 2.6181 -0.7386 -0.1329, 2.6181 -0.7366 -0.1385, 2.6181 -0.7331 -0.1436, 2.6181 -0.7313 -0.1455, 2.6181 -0.7092 -0.153, 2.6181 -0.7189 -0.1519, 2.6181 -0.7192 -0.1518, 2.6181 -0.7256 -0.1494, 2.6181 -0.7001 -0.1519, 2.6181 -0.6998 -0.1518, 2.6181 -0.6931 -0.1492, 2.6181 -0.6898 -0.1471, 2.6181 -0.6843 -0.142, 2.6181 -0.68 -0.136, 2.6181 -0.6796 -0.136, 2.6181 -0.6796 -0.1508, 2.6181 -0.6629 -0.1508, 2.6181 -0.6629 -0.0894, 2.6181 -0.664 -0.0772, 2.6181 -0.6666 -0.0695, 2.6181 -0.67 -0.064, 2.6181 -0.6744 -0.0596, 2.6181 -0.6799 -0.0564, 2.6181 -0.6869 -0.0542, 2.6181 -0.7181 -0.1118, 2.6181 -0.7161 -0.1103, 2.6181 -0.7122 -0.1084, 2.6181 -0.7019 -0.1059, 2.6181 -0.7225 -0.1239, 2.6181 -0.7223 -0.1212, 2.6181 -0.7215 -0.1174, 2.6181 -0.7201 -0.1143, 2.6181 -0.7176 -0.135, 2.6181 -0.7191 -0.1336, 2.6181 -0.721 -0.1308, 2.6181 -0.7221 -0.1277, 2.6181 -0.7049 -0.1393, 2.6181 -0.7105 -0.1387, 2.6181 -0.7143 -0.1373, 2.6181 -0.6867 -0.1315, 2.6181 -0.6888 -0.1336, 2.6181 -0.6936 -0.1368, 2.6181 -0.6986 -0.1386, 2.6181 -0.6796 -0.1121, 2.6181 -0.6796 -0.1132, 2.6181 -0.6807 -0.1206, 2.6181 -0.6831 -0.1266, 2.6181 -0.6796 -0.1029, 2.6181 -0.6796 -0.1029
            ]
        }
        coordIndex [
            0,1,2,-1,2,1,3,-1,4,0,5,-1,5,0,2,-1,6,4,7,-1,7,4,5,-1,8,6,9,-1,9,6,7,-1,10,8,11,-1,11,8,9,-1,12,10,13,-1,13,10,11,-1,14,12,15,-1,15,12,13,-1,16,14,17,-1,17,14,15,-1,18,16,19,-1,19,16,17,-1,20,18,21,-1,21,18,19,-1,22,20,23,-1,23,20,21,-1,1,22,3,-1,3,22,23,-1,22,1,0,-1,0,4,22,-1,22,4,6,-1,22,6,20,-1,16,18,14,-1,14,18,20,-1,14,20,12,-1,12,20,6,-1,12,6,10,-1,10,6,8,-1,24,25,26,-1,27,28,29,-1,29,28,30,-1,31,32,25,-1,25,32,28,-1,25,28,26,-1,26,28,27,-1,33,34,35,-1,26,36,24,-1,24,36,37,-1,24,37,38,-1,38,37,39,-1,38,39,40,-1,40,39,41,-1,40,41,42,-1,42,41,43,-1,42,43,44,-1,44,43,45,-1,44,45,46,-1,46,45,47,-1,46,47,48,-1,48,47,49,-1,48,49,50,-1,50,49,51,-1,50,51,52,-1,52,51,53,-1,35,34,54,-1,54,34,55,-1,54,55,56,-1,56,55,57,-1,56,57,58,-1,57,59,58,-1,58,59,60,-1,58,60,61,-1,61,60,62,-1,61,62,63,-1,35,64,33,-1,33,64,65,-1,33,65,66,-1,66,65,67,-1,66,67,68,-1,68,67,69,-1,68,69,70,-1,70,69,71,-1,70,71,53,-1,53,71,72,-1,53,72,52,-1,73,74,75,-1,75,74,76,-1,75,76,77,-1,77,76,78,-1,77,78,79,-1,79,78,80,-1,79,80,81,-1,81,80,82,-1,81,82,83,-1,83,82,84,-1,83,84,85,-1,85,84,86,-1,85,86,87,-1,87,86,88,-1,87,88,89,-1,89,88,90,-1,89,90,91,-1,91,90,92,-1,91,92,28,-1,28,92,63,-1,28,63,30,-1,30,63,62,-1,79,93,94,-1,79,94,77,-1,77,94,95,-1,77,95,75,-1,75,95,96,-1,75,96,73,-1,74,73,97,-1,97,73,96,-1,74,97,98,-1,74,98,76,-1,76,98,99,-1,76,99,78,-1,78,99,100,-1,78,100,80,-1,80,100,101,-1,80,101,82,-1,82,101,102,-1,82,102,84,-1,84,102,103,-1,84,103,86,-1,86,103,104,-1,86,104,88,-1,88,104,105,-1,88,105,90,-1,90,105,106,-1,90,106,92,-1,92,106,107,-1,92,107,63,-1,61,63,108,-1,108,63,107,-1,61,108,109,-1,61,109,58,-1,58,109,110,-1,58,110,56,-1,56,110,111,-1,56,111,54,-1,54,111,112,-1,54,112,35,-1,35,112,113,-1,35,113,64,-1,64,113,114,-1,64,114,65,-1,65,114,115,-1,65,115,67,-1,67,115,116,-1,67,116,69,-1,69,116,117,-1,69,117,71,-1,71,117,118,-1,71,118,72,-1,72,118,119,-1,72,119,52,-1,120,46,121,-1,121,46,48,-1,121,48,122,-1,122,48,50,-1,122,50,123,-1,123,50,52,-1,123,52,119,-1,120,124,46,-1,46,124,44,-1,124,125,44,-1,44,125,126,-1,44,126,42,-1,42,126,127,-1,42,127,40,-1,40,127,128,-1,40,128,38,-1,38,128,129,-1,38,129,24,-1,25,24,130,-1,130,24,129,-1,31,25,131,-1,131,25,130,-1,32,31,132,-1,132,31,131,-1,28,32,133,-1,133,32,132,-1,28,133,134,-1,28,134,91,-1,91,134,135,-1,91,135,89,-1,89,135,136,-1,89,136,87,-1,87,136,137,-1,87,137,85,-1,85,137,138,-1,85,138,83,-1,83,138,139,-1,83,139,81,-1,81,139,93,-1,81,93,79,-1,57,140,141,-1,57,141,59,-1,59,141,142,-1,59,142,60,-1,60,142,143,-1,60,143,62,-1,66,144,145,-1,66,145,33,-1,33,145,146,-1,33,146,34,-1,34,146,147,-1,34,147,55,-1,55,147,140,-1,55,140,57,-1,51,148,149,-1,51,149,53,-1,53,149,150,-1,53,150,70,-1,70,150,151,-1,70,151,68,-1,68,151,144,-1,68,144,66,-1,45,152,153,-1,45,153,47,-1,47,153,154,-1,47,154,49,-1,49,154,148,-1,49,148,51,-1,37,155,156,-1,37,156,39,-1,39,156,157,-1,39,157,41,-1,41,157,158,-1,41,158,43,-1,43,158,152,-1,43,152,45,-1,29,159,160,-1,29,160,27,-1,27,160,161,-1,27,161,26,-1,26,161,162,-1,26,162,36,-1,36,162,155,-1,36,155,37,-1,29,30,159,-1,159,30,163,-1,30,62,163,-1,163,62,143,-1,
        ]
    }
}
Shape{
    appearance Appearance {
        material  Material 	{
            diffuseColor 0.2235294117647059 0.2235294117647059 0.2235294117647059
            specularColor 0.11372549019607843 0.11372549019607843 0.11372549019607843
            ambientIntensity 0.2
            transparency 0
            shininess 0.5
        }
    }
    geometry IndexedFaceSet {
        ccw TRUE
        solid FALSE
        coord DEF co Coordinate {
            point [
                2.6181 -0.6796 -0.1132, 2.6181 -0.6796 -0.1121, 2.6181 -0.7181 -0.1118, 2.6181 -0.6796 -0.1029, 2.6181 -0.7019 -0.1059, 2.6181 -0.7122 -0.1084, 2.6181 -0.7161 -0.1103, 2.6181 -0.6807 -0.1206, 2.6181 -0.7201 -0.1143, 2.6181 -0.6831 -0.1266, 2.6181 -0.7191 -0.1336, 2.6181 -0.7176 -0.135, 2.6181 -0.6888 -0.1336, 2.6181 -0.721 -0.1308, 2.6181 -0.6936 -0.1368, 2.6181 -0.6986 -0.1386, 2.6181 -0.7049 -0.1393, 2.6181 -0.7215 -0.1174, 2.6181 -0.7223 -0.1212, 2.6181 -0.6867 -0.1315, 2.6181 -0.7225 -0.1239, 2.6181 -0.7221 -0.1277, 2.6181 -0.7143 -0.1373, 2.6181 -0.7105 -0.1387, 2.6181 -0.7105 -0.1387
            ]
        }
        coordIndex [
            0,1,2,-1,1,3,4,-1,4,5,1,-1,1,5,6,-1,1,6,2,-1,0,2,7,-1,7,2,8,-1,7,8,9,-1,10,11,12,-1,10,12,13,-1,14,12,15,-1,15,12,16,-1,8,17,9,-1,9,17,18,-1,9,18,19,-1,19,18,20,-1,19,20,12,-1,12,20,21,-1,12,21,13,-1,11,22,12,-1,12,22,23,-1,12,23,16,-1,
        ]
    }
}
Shape{
    appearance Appearance {
        material  Material 	{
            diffuseColor 1.0 1.0 1.0
            specularColor 0.5019607843137255 0.5019607843137255 0.5019607843137255
            ambientIntensity 0.2
            transparency 0
            shininess 0.5
        }
    }
    geometry IndexedFaceSet {
        ccw TRUE
        solid FALSE
        coord DEF co Coordinate {
            point [
                2.6181 -0.6402 -0.1302, 2.622 -0.6402 -0.1302, 2.622 -0.6334 -0.1343, 2.622 -0.6127 -0.1394, 2.6181 -0.6127 -0.1394, 2.6181 -0.6229 -0.1382, 2.622 -0.6229 -0.1382, 2.6181 -0.6325 -0.1347, 2.6181 -0.6334 -0.1343, 2.622 -0.6402 -0.1474, 2.6181 -0.6402 -0.1474, 2.622 -0.6301 -0.1512, 2.6181 -0.6325 -0.1503, 2.6181 -0.6143 -0.153, 2.622 -0.6143 -0.153, 2.6181 -0.6239 -0.1519, 2.6181 -0.6301 -0.1512, 2.622 -0.5994 -0.1512, 2.6181 -0.6048 -0.1519, 2.6181 -0.5994 -0.1512, 2.6181 -0.5906 -0.1479, 2.622 -0.5906 -0.1479, 2.6181 -0.5866 -0.1454, 2.622 -0.5866 -0.1454, 2.6181 -0.5818 -0.1413, 2.622 -0.5818 -0.1413, 2.6181 -0.5787 -0.1368, 2.622 -0.5787 -0.1368, 2.6181 -0.5766 -0.1315, 2.622 -0.5766 -0.1315, 2.6181 -0.5758 -0.1248, 2.622 -0.5758 -0.1248, 2.6181 -0.5765 -0.1186, 2.622 -0.5765 -0.1186, 2.6181 -0.5783 -0.1137, 2.622 -0.5783 -0.1137, 2.6181 -0.5814 -0.1091, 2.622 -0.5814 -0.1091, 2.6181 -0.5854 -0.1055, 2.622 -0.5854 -0.1055, 2.6181 -0.5965 -0.0993, 2.622 -0.5965 -0.0993, 2.6181 -0.603 -0.0967, 2.622 -0.603 -0.0967, 2.6181 -0.6133 -0.0922, 2.622 -0.6133 -0.0922, 2.6181 -0.6192 -0.0885, 2.622 -0.6192 -0.0885, 2.6181 -0.6209 -0.0867, 2.622 -0.6209 -0.0867, 2.6181 -0.6221 -0.0845, 2.622 -0.6221 -0.0845, 2.6181 -0.6227 -0.0819, 2.622 -0.6227 -0.0819, 2.6181 -0.6229 -0.0797, 2.622 -0.6229 -0.0797, 2.6181 -0.6226 -0.077, 2.622 -0.6226 -0.077, 2.6181 -0.6217 -0.0747, 2.622 -0.6217 -0.0747, 2.6181 -0.6203 -0.0726, 2.622 -0.6203 -0.0726, 2.6181 -0.6178 -0.0704, 2.622 -0.6178 -0.0704, 2.6181 -0.614 -0.0684, 2.622 -0.614 -0.0684, 2.6181 -0.6096 -0.0672, 2.622 -0.6096 -0.0672, 2.6181 -0.6046 -0.0668, 2.622 -0.6046 -0.0668, 2.6181 -0.594 -0.068, 2.622 -0.594 -0.068, 2.6181 -0.5845 -0.0714, 2.622 -0.5845 -0.0714, 2.6181 -0.5804 -0.0737, 2.622 -0.5804 -0.0737, 2.622 -0.5804 -0.0575, 2.6181 -0.5804 -0.0575, 2.6181 -0.5913 -0.0543, 2.622 -0.5913 -0.0543, 2.6181 -0.603 -0.0533, 2.622 -0.603 -0.0533, 2.6181 -0.6146 -0.0544, 2.622 -0.6146 -0.0544, 2.6181 -0.6239 -0.0576, 2.622 -0.6239 -0.0576, 2.6181 -0.6294 -0.0608, 2.622 -0.6294 -0.0608, 2.622 -0.6343 -0.0653, 2.6181 -0.6325 -0.0636, 2.6181 -0.6343 -0.0653, 2.6181 -0.6375 -0.0698, 2.622 -0.6375 -0.0698, 2.6181 -0.6394 -0.0752, 2.622 -0.6394 -0.0752, 2.6181 -0.6401 -0.0812, 2.622 -0.6401 -0.0812, 2.6181 -0.6394 -0.0877, 2.622 -0.6394 -0.0877, 2.6181 -0.6375 -0.0928, 2.622 -0.6375 -0.0928, 2.6181 -0.6354 -0.0962, 2.622 -0.6354 -0.0962, 2.6181 -0.6148 -0.1089, 2.622 -0.6148 -0.1089, 2.622 -0.6248 -0.1043, 2.6181 -0.6326 -0.0991, 2.622 -0.6326 -0.0991, 2.6181 -0.6325 -0.0992, 2.6181 -0.6248 -0.1043, 2.6181 -0.6038 -0.1135, 2.622 -0.6038 -0.1135, 2.6181 -0.5973 -0.1174, 2.622 -0.5973 -0.1174, 2.6181 -0.5952 -0.1196, 2.622 -0.5952 -0.1196, 2.6181 -0.5939 -0.1218, 2.622 -0.5939 -0.1218, 2.6181 -0.5932 -0.1244, 2.622 -0.5932 -0.1244, 2.6181 -0.593 -0.1265, 2.622 -0.593 -0.1265, 2.6181 -0.5933 -0.1297, 2.622 -0.5933 -0.1297, 2.6181 -0.5942 -0.132, 2.622 -0.5942 -0.132, 2.6181 -0.5956 -0.1342, 2.622 -0.5956 -0.1342, 2.6181 -0.5976 -0.1359, 2.622 -0.5976 -0.1359, 2.6181 -0.5991 -0.1368, 2.622 -0.5991 -0.1368, 2.6181 -0.6034 -0.1384, 2.622 -0.6034 -0.1384, 2.6181 -0.612 -0.1394, 2.622 -0.612 -0.1394, 2.622 -0.493 -0.0554, 2.622 -0.4756 -0.0554, 2.6181 -0.493 -0.0554, 2.6181 -0.4756 -0.0554, 2.622 -0.519 -0.1272, 2.6181 -0.519 -0.1272, 2.6181 -0.5203 -0.1317, 2.622 -0.5203 -0.1317, 2.6181 -0.5211 -0.1349, 2.622 -0.5211 -0.1349, 2.622 -0.5215 -0.1349, 2.6181 -0.5215 -0.1349, 2.622 -0.5235 -0.1271, 2.6181 -0.5235 -0.1271, 2.6181 -0.5484 -0.0554, 2.622 -0.5484 -0.0554, 2.6181 -0.5404 -0.0787, 2.622 -0.5671 -0.0554, 2.6181 -0.5671 -0.0554, 2.6181 -0.5297 -0.1506, 2.622 -0.5297 -0.1506, 2.6181 -0.5404 -0.1235, 2.6181 -0.5371 -0.1679, 2.622 -0.5371 -0.1679, 2.6181 -0.5303 -0.1519, 2.6181 -0.5404 -0.1739, 2.622 -0.5404 -0.174, 2.6181 -0.5404 -0.174, 2.6181 -0.5435 -0.1774, 2.622 -0.5435 -0.1774, 2.6181 -0.5463 -0.1794, 2.622 -0.5463 -0.1794, 2.6181 -0.55 -0.1808, 2.622 -0.55 -0.1808, 2.6181 -0.5542 -0.1813, 2.622 -0.5542 -0.1813, 2.6181 -0.5603 -0.1805, 2.622 -0.5603 -0.1805, 2.6181 -0.5637 -0.1794, 2.622 -0.5637 -0.1794, 2.622 -0.5637 -0.1943, 2.6181 -0.5637 -0.1943, 2.6181 -0.5566 -0.1955, 2.622 -0.5566 -0.1955, 2.6181 -0.5529 -0.1957, 2.622 -0.5529 -0.1957, 2.6181 -0.5462 -0.1949, 2.622 -0.5462 -0.1949, 2.6181 -0.5404 -0.1927, 2.622 -0.5396 -0.1924, 2.6181 -0.5396 -0.1924, 2.6181 -0.5337 -0.1883, 2.622 -0.5337 -0.1883, 2.6181 -0.5326 -0.1872, 2.622 -0.5326 -0.1872, 2.6181 -0.5265 -0.1799, 2.622 -0.5265 -0.1799, 2.6181 -0.5189 -0.1652, 2.622 -0.5189 -0.1652, 2.6181 -0.5137 -0.1519, 2.622 -0.3859 -0.1355, 2.622 -0.3859 -0.1508, 2.6181 -0.3859 -0.1355, 2.6181 -0.3859 -0.1508, 2.6181 -0.4404 -0.1355, 2.622 -0.4404 -0.1355, 2.6181 -0.4154 -0.1355, 2.622 -0.4404 -0.0907, 2.6181 -0.4404 -0.0907, 2.6181 -0.3927 -0.0907, 2.622 -0.3927 -0.0907, 2.6181 -0.4154 -0.0907, 2.622 -0.3927 -0.0754, 2.6181 -0.3927 -0.0754, 2.6181 -0.4404 -0.0754, 2.622 -0.4404 -0.0754, 2.6181 -0.4154 -0.0754, 2.622 -0.4404 -0.0327, 2.6181 -0.4404 -0.0327, 2.6181 -0.3889 -0.0327, 2.622 -0.3889 -0.0327, 2.6181 -0.4154 -0.0327, 2.622 -0.3889 -0.0173, 2.6181 -0.3889 -0.0173, 2.6181 -0.4576 -0.0173, 2.622 -0.4576 -0.0173, 2.6181 -0.4154 -0.0173, 2.622 -0.4576 -0.1508, 2.6181 -0.4576 -0.1508, 2.6181 -0.4154 -0.1508, 2.622 -0.2721 -0.1321, 2.622 -0.2859 -0.1231, 2.622 -0.2861 -0.1421, 2.622 -0.2946 -0.1291, 2.622 -0.3013 -0.148, 2.622 -0.3056 -0.1333, 2.622 -0.3239 -0.1508, 2.622 -0.324 -0.1355, 2.622 -0.3607 -0.1508, 2.622 -0.3434 -0.1355, 2.622 -0.3607 -0.0173, 2.622 -0.3434 -0.0327, 2.622 -0.3226 -0.0173, 2.622 -0.3233 -0.0327, 2.622 -0.3218 -0.0327, 2.622 -0.3022 -0.0196, 2.622 -0.3048 -0.0349, 2.622 -0.2861 -0.0254, 2.622 -0.2934 -0.0393, 2.622 -0.2721 -0.035, 2.622 -0.2848 -0.0452, 2.622 -0.2674 -0.0396, 2.622 -0.281 -0.0489, 2.622 -0.2592 -0.0512, 2.622 -0.2758 -0.0564, 2.622 -0.2542 -0.064, 2.622 -0.2721 -0.0661, 2.622 -0.252 -0.0823, 2.622 -0.2701 -0.0828, 2.622 -0.2524 -0.0908, 2.622 -0.2706 -0.092, 2.622 -0.2556 -0.1065, 2.622 -0.2734 -0.1041, 2.622 -0.2622 -0.1203, 2.622 -0.2781 -0.1139, 2.622 -0.2844 -0.1216, 2.6181 -0.3239 -0.1508, 2.6181 -0.3607 -0.1508, 2.6181 -0.3013 -0.148, 2.6181 -0.2861 -0.1421, 2.6181 -0.2721 -0.1321, 2.6181 -0.2622 -0.1203, 2.6181 -0.2556 -0.1065, 2.6181 -0.2524 -0.0908, 2.6181 -0.252 -0.0823, 2.6181 -0.2542 -0.064, 2.6181 -0.2592 -0.0512, 2.6181 -0.2674 -0.0396, 2.6181 -0.2721 -0.035, 2.6181 -0.2861 -0.0254, 2.6181 -0.3022 -0.0196, 2.6181 -0.3226 -0.0173, 2.6181 -0.3607 -0.0173, 2.6181 -0.3233 -0.0327, 2.6181 -0.3434 -0.0327, 2.6181 -0.3434 -0.1355, 2.6181 -0.324 -0.1355, 2.6181 -0.2844 -0.1216, 2.6181 -0.2859 -0.1231, 2.6181 -0.2946 -0.1291, 2.6181 -0.3056 -0.1333, 2.6181 -0.2701 -0.0828, 2.6181 -0.2706 -0.092, 2.6181 -0.2734 -0.1041, 2.6181 -0.2781 -0.1139, 2.6181 -0.2848 -0.0452, 2.6181 -0.281 -0.0489, 2.6181 -0.2758 -0.0564, 2.6181 -0.2721 -0.0661, 2.6181 -0.3218 -0.0327, 2.6181 -0.3048 -0.0349, 2.6181 -0.2934 -0.0393, 2.6181 -0.2934 -0.0393
            ]
        }
        coordIndex [
            0,1,2,-1,3,4,5,-1,3,5,6,-1,6,5,7,-1,6,7,2,-1,2,7,8,-1,2,8,0,-1,9,1,10,-1,10,1,0,-1,9,10,11,-1,11,10,12,-1,13,14,15,-1,15,14,11,-1,15,11,16,-1,16,11,12,-1,14,13,17,-1,17,13,18,-1,18,19,17,-1,17,19,20,-1,17,20,21,-1,21,20,22,-1,21,22,23,-1,23,22,24,-1,23,24,25,-1,25,24,26,-1,25,26,27,-1,27,26,28,-1,27,28,29,-1,29,28,30,-1,29,30,31,-1,31,30,32,-1,31,32,33,-1,33,32,34,-1,33,34,35,-1,35,34,36,-1,35,36,37,-1,37,36,38,-1,37,38,39,-1,39,38,40,-1,39,40,41,-1,41,40,42,-1,41,42,43,-1,43,42,44,-1,43,44,45,-1,45,44,46,-1,45,46,47,-1,47,46,48,-1,47,48,49,-1,49,48,50,-1,49,50,51,-1,51,50,52,-1,51,52,53,-1,53,52,54,-1,53,54,55,-1,55,54,56,-1,55,56,57,-1,57,56,58,-1,57,58,59,-1,59,58,60,-1,59,60,61,-1,61,60,62,-1,61,62,63,-1,63,62,64,-1,63,64,65,-1,65,64,66,-1,65,66,67,-1,67,66,68,-1,67,68,69,-1,69,68,70,-1,69,70,71,-1,71,70,72,-1,71,72,73,-1,73,72,74,-1,73,74,75,-1,76,75,77,-1,77,75,74,-1,76,77,78,-1,76,78,79,-1,79,78,80,-1,79,80,81,-1,81,80,82,-1,81,82,83,-1,83,82,84,-1,83,84,85,-1,85,84,86,-1,85,86,87,-1,87,86,88,-1,88,86,89,-1,89,90,88,-1,88,90,91,-1,88,91,92,-1,92,91,93,-1,92,93,94,-1,94,93,95,-1,94,95,96,-1,96,95,97,-1,96,97,98,-1,98,97,99,-1,98,99,100,-1,100,99,101,-1,100,101,102,-1,103,104,105,-1,102,101,106,-1,102,106,107,-1,107,106,108,-1,107,108,105,-1,105,108,109,-1,105,109,103,-1,104,103,110,-1,104,110,111,-1,111,110,112,-1,111,112,113,-1,113,112,114,-1,113,114,115,-1,115,114,116,-1,115,116,117,-1,117,116,118,-1,117,118,119,-1,119,118,120,-1,119,120,121,-1,121,120,122,-1,121,122,123,-1,123,122,124,-1,123,124,125,-1,125,124,126,-1,125,126,127,-1,127,126,128,-1,127,128,129,-1,129,128,130,-1,129,130,131,-1,131,130,132,-1,131,132,133,-1,133,132,134,-1,133,134,135,-1,135,134,4,-1,135,4,3,-1,61,63,85,-1,85,63,83,-1,111,43,104,-1,104,43,45,-1,21,23,127,-1,127,23,25,-1,127,25,125,-1,125,25,27,-1,125,27,123,-1,123,27,29,-1,123,29,121,-1,121,29,31,-1,121,31,119,-1,119,31,33,-1,119,33,117,-1,117,33,35,-1,117,35,115,-1,115,35,37,-1,115,37,113,-1,113,37,39,-1,113,39,111,-1,111,39,41,-1,111,41,43,-1,14,3,11,-1,11,3,6,-1,11,6,9,-1,9,6,2,-1,9,2,1,-1,63,65,83,-1,83,65,67,-1,83,67,81,-1,81,67,69,-1,81,69,79,-1,79,69,71,-1,79,71,76,-1,76,71,73,-1,76,73,75,-1,127,129,21,-1,21,129,131,-1,21,131,17,-1,17,131,133,-1,17,133,14,-1,14,133,135,-1,14,135,3,-1,85,87,61,-1,61,87,88,-1,61,88,59,-1,59,88,92,-1,59,92,57,-1,57,92,94,-1,57,94,55,-1,55,94,96,-1,55,96,53,-1,53,96,98,-1,53,98,51,-1,51,98,100,-1,51,100,49,-1,49,100,102,-1,49,102,47,-1,47,102,107,-1,47,107,45,-1,45,107,105,-1,45,105,104,-1,136,137,138,-1,138,137,139,-1,140,136,141,-1,141,136,138,-1,140,141,142,-1,140,142,143,-1,143,142,144,-1,143,144,145,-1,146,145,147,-1,147,145,144,-1,148,146,149,-1,149,146,147,-1,150,151,152,-1,152,151,148,-1,152,148,149,-1,153,151,154,-1,154,151,150,-1,155,156,157,-1,157,156,153,-1,157,153,154,-1,158,159,160,-1,160,159,156,-1,160,156,155,-1,158,161,159,-1,159,161,162,-1,161,163,162,-1,162,163,164,-1,162,164,165,-1,165,164,166,-1,165,166,167,-1,167,166,168,-1,167,168,169,-1,169,168,170,-1,169,170,171,-1,171,170,172,-1,171,172,173,-1,173,172,174,-1,173,174,175,-1,176,175,177,-1,177,175,174,-1,176,177,178,-1,176,178,179,-1,179,178,180,-1,179,180,181,-1,181,180,182,-1,181,182,183,-1,183,182,184,-1,183,184,185,-1,184,186,185,-1,185,186,187,-1,185,187,188,-1,188,187,189,-1,188,189,190,-1,190,189,191,-1,190,191,192,-1,192,191,193,-1,192,193,194,-1,139,137,195,-1,195,137,194,-1,195,194,193,-1,143,145,194,-1,137,136,194,-1,194,136,140,-1,194,140,143,-1,151,153,148,-1,148,153,156,-1,148,156,146,-1,175,176,173,-1,173,176,179,-1,173,179,171,-1,171,179,181,-1,171,181,169,-1,169,181,183,-1,169,183,167,-1,167,183,185,-1,167,185,165,-1,145,146,194,-1,194,146,156,-1,194,156,192,-1,156,159,192,-1,192,159,162,-1,192,162,190,-1,190,162,165,-1,190,165,188,-1,188,165,185,-1,196,197,198,-1,198,197,199,-1,200,201,202,-1,202,201,196,-1,202,196,198,-1,203,201,204,-1,204,201,200,-1,205,206,207,-1,207,206,203,-1,207,203,204,-1,208,206,209,-1,209,206,205,-1,210,211,212,-1,212,211,208,-1,212,208,209,-1,213,211,214,-1,214,211,210,-1,215,216,217,-1,217,216,213,-1,217,213,214,-1,218,216,219,-1,219,216,215,-1,220,221,222,-1,222,221,218,-1,222,218,219,-1,223,221,224,-1,224,221,220,-1,199,197,225,-1,225,197,223,-1,225,223,224,-1,216,218,213,-1,213,218,221,-1,213,221,211,-1,197,196,223,-1,223,196,201,-1,223,201,203,-1,206,208,203,-1,203,208,211,-1,203,211,223,-1,223,211,221,-1,226,227,228,-1,228,227,229,-1,228,229,230,-1,230,229,231,-1,230,231,232,-1,232,231,233,-1,232,233,234,-1,234,233,235,-1,234,235,236,-1,236,235,237,-1,236,237,238,-1,237,239,238,-1,238,239,240,-1,238,240,241,-1,241,240,242,-1,241,242,243,-1,243,242,244,-1,243,244,245,-1,245,244,246,-1,245,246,247,-1,247,246,248,-1,247,248,249,-1,249,248,250,-1,249,250,251,-1,251,250,252,-1,251,252,253,-1,253,252,254,-1,253,254,255,-1,255,254,256,-1,255,256,257,-1,257,256,258,-1,257,258,259,-1,259,258,260,-1,259,260,226,-1,226,260,261,-1,226,261,227,-1,232,234,262,-1,262,234,263,-1,232,262,264,-1,232,264,230,-1,230,264,265,-1,230,265,228,-1,228,265,266,-1,228,266,226,-1,226,266,267,-1,226,267,259,-1,259,267,268,-1,259,268,257,-1,257,268,269,-1,257,269,255,-1,255,269,270,-1,255,270,253,-1,253,270,271,-1,253,271,251,-1,251,271,272,-1,251,272,249,-1,249,272,273,-1,249,273,247,-1,247,273,274,-1,247,274,245,-1,245,274,275,-1,245,275,243,-1,243,275,276,-1,243,276,241,-1,241,276,277,-1,241,277,238,-1,236,238,278,-1,278,238,277,-1,234,236,263,-1,263,236,278,-1,239,237,279,-1,279,237,280,-1,237,235,280,-1,280,235,281,-1,235,233,281,-1,281,233,282,-1,261,283,284,-1,261,284,227,-1,227,284,285,-1,227,285,229,-1,229,285,286,-1,229,286,231,-1,231,286,282,-1,231,282,233,-1,254,287,288,-1,254,288,256,-1,256,288,289,-1,256,289,258,-1,258,289,290,-1,258,290,260,-1,260,290,283,-1,260,283,261,-1,246,291,292,-1,246,292,248,-1,248,292,293,-1,248,293,250,-1,250,293,294,-1,250,294,252,-1,252,294,287,-1,252,287,254,-1,239,279,295,-1,239,295,240,-1,240,295,296,-1,240,296,242,-1,242,296,297,-1,242,297,244,-1,244,297,291,-1,244,291,246,-1,
        ]
    }
}
Shape{
    appearance Appearance {
        material  Material 	{
            diffuseColor 0.2235294117647059 0.2235294117647059 0.2235294117647059
            specularColor 0.11372549019607843 0.11372549019607843 0.11372549019607843
            ambientIntensity 0.2
            transparency 0
            shininess 0.5
        }
    }
    geometry IndexedFaceSet {
        ccw TRUE
        solid FALSE
        coord DEF co Coordinate {
            point [
                2.6181 -0.2946 -0.1291, 2.6181 -0.2859 -0.1231, 2.6181 -0.3218 -0.0327, 2.6181 -0.3434 -0.0327, 2.6181 -0.3434 -0.1355, 2.6181 -0.3233 -0.0327, 2.6181 -0.324 -0.1355, 2.6181 -0.3056 -0.1333, 2.6181 -0.2844 -0.1216, 2.6181 -0.2781 -0.1139, 2.6181 -0.2734 -0.1041, 2.6181 -0.2701 -0.0828, 2.6181 -0.2848 -0.0452, 2.6181 -0.2934 -0.0393, 2.6181 -0.2721 -0.0661, 2.6181 -0.2758 -0.0564, 2.6181 -0.281 -0.0489, 2.6181 -0.2706 -0.092, 2.6181 -0.3048 -0.0349, 2.6181 -0.3048 -0.0349
            ]
        }
        coordIndex [
            0,1,2,-1,3,4,5,-1,5,4,6,-1,5,6,2,-1,2,6,7,-1,2,7,0,-1,1,8,2,-1,2,8,9,-1,2,9,10,-1,11,12,13,-1,14,15,11,-1,11,15,16,-1,11,16,12,-1,10,17,2,-1,2,17,11,-1,2,11,18,-1,18,11,13,-1,
        ]
    }
}
Shape{
    appearance Appearance {
        material  Material 	{
            diffuseColor 1.0 1.0 1.0
            specularColor 0.5019607843137255 0.5019607843137255 0.5019607843137255
            ambientIntensity 0.2
            transparency 0
            shininess 0.5
        }
    }
    geometry IndexedFaceSet {
        ccw TRUE
        solid FALSE
        coord DEF co Coordinate {
            point [
                2.622 -0.2073 -0.0992, 2.622 -0.2127 -0.1143, 2.622 -0.1625 -0.0992, 2.622 -0.1572 -0.1143, 2.622 -0.1873 -0.0437, 2.622 -0.1938 -0.0173, 2.622 -0.2446 -0.1508, 2.622 -0.2256 -0.1508, 2.622 -0.1862 -0.0397, 2.622 -0.1851 -0.0344, 2.622 -0.1754 -0.0173, 2.622 -0.1847 -0.0344, 2.622 -0.1837 -0.04, 2.622 -0.1827 -0.0437, 2.622 -0.1245 -0.1508, 2.622 -0.1436 -0.1508, 2.6181 -0.1754 -0.0173, 2.6181 -0.1245 -0.1508, 2.6181 -0.1938 -0.0173, 2.6181 -0.2446 -0.1508, 2.6181 -0.2256 -0.1508, 2.6181 -0.2127 -0.1143, 2.6181 -0.1572 -0.1143, 2.6181 -0.1436 -0.1508, 2.6181 -0.2073 -0.0992, 2.6181 -0.1625 -0.0992, 2.6181 -0.1827 -0.0437, 2.6181 -0.1847 -0.0344, 2.6181 -0.1837 -0.04, 2.6181 -0.1851 -0.0344, 2.6181 -0.1873 -0.0437, 2.6181 -0.1862 -0.0397, 2.6181 -0.1862 -0.0397
            ]
        }
        coordIndex [
            0,1,2,-1,2,1,3,-1,4,5,0,-1,0,5,6,-1,0,6,1,-1,1,6,7,-1,4,8,5,-1,5,8,9,-1,5,9,10,-1,10,9,11,-1,10,11,12,-1,12,13,10,-1,10,13,2,-1,10,2,14,-1,14,2,3,-1,14,3,15,-1,10,14,16,-1,16,14,17,-1,5,10,18,-1,18,10,16,-1,6,5,19,-1,19,5,18,-1,7,6,20,-1,20,6,19,-1,1,7,21,-1,21,7,20,-1,3,1,22,-1,22,1,21,-1,15,3,23,-1,23,3,22,-1,14,15,17,-1,17,15,23,-1,0,2,24,-1,24,2,25,-1,2,13,25,-1,25,13,26,-1,11,27,28,-1,11,28,12,-1,12,28,26,-1,12,26,13,-1,11,9,27,-1,27,9,29,-1,4,30,31,-1,4,31,8,-1,8,31,29,-1,8,29,9,-1,4,0,30,-1,30,0,24,-1,
        ]
    }
}
Shape{
    appearance Appearance {
        material  Material 	{
            diffuseColor 0.2235294117647059 0.2235294117647059 0.2235294117647059
            specularColor 0.11372549019607843 0.11372549019607843 0.11372549019607843
            ambientIntensity 0.2
            transparency 0
            shininess 0.5
        }
    }
    geometry IndexedFaceSet {
        ccw TRUE
        solid FALSE
        coord DEF co Coordinate {
            point [
                2.6181 -0.1847 -0.0344, 2.6181 -0.1851 -0.0344, 2.6181 -0.1837 -0.04, 2.6181 -0.1862 -0.0397, 2.6181 -0.1827 -0.0437, 2.6181 -0.1873 -0.0437, 2.6181 -0.1625 -0.0992, 2.6181 -0.2073 -0.0992, 2.6181 -0.2073 -0.0992
            ]
        }
        coordIndex [
            0,1,2,-1,2,1,3,-1,2,3,4,-1,4,3,5,-1,4,5,6,-1,6,5,7,-1,
        ]
    }
}
Shape{
    appearance Appearance {
        material  Material 	{
            diffuseColor 1.0 1.0 1.0
            specularColor 0.5019607843137255 0.5019607843137255 0.5019607843137255
            ambientIntensity 0.2
            transparency 0
            shininess 0.5
        }
    }
    geometry IndexedFaceSet {
        ccw TRUE
        solid FALSE
        coord DEF co Coordinate {
            point [
                2.622 -1.4166 -0.1697, 2.622 -1.4025 -0.1871, 2.622 -1.4251 -0.0858, 2.622 -1.4416 0.0791, 2.622 -1.4205 0.0904, 2.622 -1.4255 0.1487, 2.622 -1.2584 -0.1734, 2.622 -1.2471 -0.1522, 2.622 -1.2416 -0.1288, 2.622 -1.3663 0.1515, 2.622 -1.3369 0.0822, 2.622 -1.3224 0.1122, 2.622 -1.4458 -0.073, 2.622 -1.4381 -0.1457, 2.622 -1.4261 -0.1493, 2.622 -1.3881 0.1533, 2.622 -1.1082 -0.0393, 2.622 -1.1377 0.011, 2.622 -1.2411 -0.1095, 2.622 -1.2648 -0.0554, 2.622 -1.2411 -0.119, 2.622 -1.2918 -0.2029, 2.622 -1.2729 -0.1897, 2.622 -1.3617 -0.1473, 2.622 -1.3542 -0.1526, 2.622 -1.3839 -0.2011, 2.622 -1.3455 -0.1559, 2.622 -1.3029 -0.1054, 2.622 -1.3004 -0.114, 2.622 -1.3 -0.1232, 2.622 -1.3021 -0.1324, 2.622 -1.3063 -0.1407, 2.622 -1.0769 0.0547, 2.622 -1.0693 0.0547, 2.622 -1.0304 0.1059, 2.622 -1.0513 0.0524, 2.622 -1.0258 0.1043, 2.622 -1.0347 0.0461, 2.622 -0.9975 0.0903, 2.622 -0.9718 0.0685, 2.622 -1.3469 0.1741, 2.622 -1.3011 0.1376, 2.622 -1.3246 0.1932, 2.622 -1.2757 0.1562, 2.622 -1.2973 0.2096, 2.622 -1.397 0.0959, 2.622 -1.3872 0.0964, 2.622 -1.3772 0.1528, 2.622 -1.365 0.0937, 2.622 -1.3437 0.0859, 2.622 -1.3737 -0.1237, 2.622 -1.3717 -0.1325, 2.622 -1.3677 -0.1404, 2.622 -1.362 -0.2103, 2.622 -1.3396 -0.2138, 2.622 -1.3369 -0.1569, 2.622 -1.336 -0.2138, 2.622 -1.3279 -0.1558, 2.622 -1.313 -0.211, 2.622 -1.3196 -0.1526, 2.622 -1.3123 -0.1476, 2.622 -0.9716 -0.1085, 2.622 -1.0159 -0.0709, 2.622 -0.9974 -0.1304, 2.622 -1.0299 -0.0823, 2.622 -1.0264 -0.1445, 2.622 -1.0466 -0.0901, 2.622 -1.058 -0.1512, 2.622 -1.0636 -0.0933, 2.622 -1.1139 -0.1512, 2.622 -1.1063 -0.0933, 2.622 -1.1193 -0.1504, 2.622 -1.02 0.0358, 2.622 -1.0091 0.0236, 2.622 -0.9524 0.0415, 2.622 -1.0002 0.0072, 2.622 -0.9408 0.0126, 2.622 -0.9958 -0.011, 2.622 -0.9365 -0.0184, 2.622 -0.9953 -0.0193, 2.622 -0.9409 -0.0523, 2.622 -0.9976 -0.0378, 2.622 -0.9528 -0.0823, 2.622 -1.0041 -0.0547, 2.622 -1.0146 -0.0695, 2.622 -1.0817 0.1809, 2.622 -1.1188 0.1372, 2.622 -1.0487 0.1422, 2.622 -1.0974 0.1116, 2.622 -1.0827 0.0811, 2.622 -1.4792 0.0245, 2.622 -1.5416 0.0088, 2.622 -1.4821 0.0015, 2.622 -1.5418 -0.0004, 2.622 -1.4809 -0.0131, 2.622 -1.5373 -0.0375, 2.622 -1.4741 -0.0363, 2.622 -1.5237 -0.0728, 2.622 -1.4628 -0.0555, 2.622 -1.502 -0.1038, 2.622 -1.4724 -0.129, 2.622 -1.3735 -0.1145, 2.622 -1.371 -0.1054, 2.622 -1.4146 -0.0653, 2.622 -1.3663 -0.0974, 2.622 -1.399 -0.0474, 2.622 -1.3616 -0.0924, 2.622 -1.3796 -0.0339, 2.622 -1.3542 -0.0872, 2.622 -1.3586 -0.0259, 2.622 -1.3459 -0.084, 2.622 -1.336 -0.0231, 2.622 -1.3369 -0.0829, 2.622 -1.3244 -0.0238, 2.622 -1.3304 -0.0835, 2.622 -1.3015 -0.0295, 2.622 -1.3215 -0.0863, 2.622 -1.2814 -0.0403, 2.622 -1.3136 -0.0912, 2.622 -1.3073 -0.0977, 2.622 -1.2533 0.2255, 2.622 -1.2447 0.1688, 2.622 -1.2107 0.2302, 2.622 -1.2098 0.1733, 2.622 -1.1655 0.2247, 2.622 -1.1776 0.1693, 2.622 -1.1185 0.2064, 2.622 -1.1478 0.1579, 2.622 -1.1212 0.1394, 2.622 -1.4607 0.1351, 2.622 -1.4908 0.1139, 2.622 -1.458 0.0646, 2.622 -1.4973 0.1078, 2.622 -1.4711 0.0457, 2.622 -1.5201 0.0786, 2.622 -1.5352 0.0444, 2.622 -1.1111 -0.0925, 2.622 -1.1339 -0.1413, 2.622 -1.1317 -0.1435, 2.622 -1.1083 -0.0931, 2.622 -1.1256 -0.1479, 2.622 -1.1414 -0.1218, 2.622 -1.1405 -0.1289, 2.622 -1.138 -0.1353, 2.622 -1.1194 -0.0933, 2.622 -1.1259 -0.0959, 2.622 -1.1412 -0.1181, 2.622 -1.1317 -0.1, 2.622 -1.1357 -0.1044, 2.622 -1.1393 -0.1108, 2.622 -1.112 -0.0924, 2.6181 -0.9655 0.0598, 2.6181 -0.9524 0.0415, 2.6181 -0.9441 0.0207, 2.6181 -0.9408 0.0126, 2.6181 -0.9365 -0.0184, 2.6181 -0.9718 0.0685, 2.6181 -0.9975 0.0903, 2.6181 -1.0258 0.1043, 2.6181 -1.0304 0.1059, 2.6181 -1.0487 0.1422, 2.6181 -1.0817 0.1809, 2.6181 -1.1028 0.1955, 2.6181 -1.1185 0.2064, 2.6181 -1.1655 0.2247, 2.6181 -1.2107 0.2302, 2.6181 -1.2533 0.2255, 2.6181 -1.2973 0.2096, 2.6181 -1.3207 0.1955, 2.6181 -1.3246 0.1932, 2.6181 -1.3469 0.1741, 2.6181 -1.3663 0.1515, 2.6181 -1.3772 0.1528, 2.6181 -1.3881 0.1533, 2.6181 -1.4255 0.1487, 2.6181 -1.4607 0.1351, 2.6181 -1.4908 0.1139, 2.6181 -1.4973 0.1078, 2.6181 -1.5394 0.0207, 2.6181 -1.5352 0.0444, 2.6181 -1.5284 0.0598, 2.6181 -1.5201 0.0786, 2.6181 -1.5416 0.0088, 2.6181 -1.5418 -0.0004, 2.6181 -1.5373 -0.0375, 2.6181 -1.5237 -0.0728, 2.6181 -1.502 -0.1038, 2.6181 -1.4724 -0.129, 2.6181 -1.4381 -0.1457, 2.6181 -1.4261 -0.1493, 2.6181 -1.4249 -0.1519, 2.6181 -1.4166 -0.1697, 2.6181 -1.4025 -0.1871, 2.6181 -1.3839 -0.2011, 2.6181 -1.3752 -0.2047, 2.6181 -1.362 -0.2103, 2.6181 -1.3396 -0.2138, 2.6181 -1.336 -0.2138, 2.6181 -1.2411 -0.119, 2.6181 -1.313 -0.211, 2.6181 -1.2967 -0.2047, 2.6181 -1.2918 -0.2029, 2.6181 -1.2729 -0.1897, 2.6181 -1.2584 -0.1734, 2.6181 -1.2471 -0.1522, 2.6181 -1.247 -0.1519, 2.6181 -1.2416 -0.1288, 2.6181 -1.2411 -0.1095, 2.6181 -1.1082 -0.0393, 2.6181 -1.1377 0.011, 2.6181 -1.2648 -0.0554, 2.6181 -1.2814 -0.0403, 2.6181 -1.3015 -0.0295, 2.6181 -1.3244 -0.0238, 2.6181 -1.336 -0.0231, 2.6181 -1.3586 -0.0259, 2.6181 -1.3796 -0.0339, 2.6181 -1.399 -0.0474, 2.6181 -1.4146 -0.0653, 2.6181 -1.4251 -0.0858, 2.6181 -1.4458 -0.073, 2.6181 -1.4628 -0.0555, 2.6181 -1.4741 -0.0363, 2.6181 -1.4809 -0.0131, 2.6181 -1.4821 0.0015, 2.6181 -1.4797 0.0207, 2.6181 -1.4792 0.0245, 2.6181 -1.4711 0.0457, 2.6181 -1.4613 0.0598, 2.6181 -1.458 0.0646, 2.6181 -1.4416 0.0791, 2.6181 -1.4205 0.0904, 2.6181 -1.397 0.0959, 2.6181 -1.3872 0.0964, 2.6181 -1.365 0.0937, 2.6181 -1.3437 0.0859, 2.6181 -1.3369 0.0822, 2.6181 -1.3224 0.1122, 2.6181 -1.3011 0.1376, 2.6181 -1.2757 0.1562, 2.6181 -1.2447 0.1688, 2.6181 -1.2098 0.1733, 2.6181 -1.1776 0.1693, 2.6181 -1.1478 0.1579, 2.6181 -1.1212 0.1394, 2.6181 -1.1188 0.1372, 2.6181 -1.0974 0.1116, 2.6181 -1.0827 0.0811, 2.6181 -1.0781 0.0598, 2.6181 -1.0769 0.0547, 2.6181 -1.0693 0.0547, 2.6181 -1.0513 0.0524, 2.6181 -1.0347 0.0461, 2.6181 -1.02 0.0358, 2.6181 -1.0091 0.0236, 2.6181 -1.0075 0.0207, 2.6181 -1.0002 0.0072, 2.6181 -0.9958 -0.011, 2.6181 -0.9953 -0.0193, 2.6181 -0.9976 -0.0378, 2.6181 -1.0041 -0.0547, 2.6181 -1.0146 -0.0695, 2.6181 -1.0159 -0.0709, 2.6181 -1.0299 -0.0823, 2.6181 -1.0466 -0.0901, 2.6181 -1.0636 -0.0933, 2.6181 -1.1063 -0.0933, 2.6181 -1.1083 -0.0931, 2.6181 -1.1111 -0.0925, 2.6181 -1.112 -0.0924, 2.6181 -1.1194 -0.0933, 2.6181 -1.1259 -0.0959, 2.6181 -1.1317 -0.1, 2.6181 -1.1357 -0.1044, 2.6181 -1.1393 -0.1108, 2.6181 -1.1412 -0.1181, 2.6181 -1.1414 -0.1218, 2.6181 -1.1405 -0.1289, 2.6181 -1.138 -0.1353, 2.6181 -1.1339 -0.1413, 2.6181 -1.1317 -0.1435, 2.6181 -1.1256 -0.1479, 2.6181 -1.1193 -0.1504, 2.6181 -1.1139 -0.1512, 2.6181 -1.058 -0.1512, 2.6181 -1.0264 -0.1445, 2.6181 -0.9974 -0.1304, 2.6181 -0.9716 -0.1085, 2.6181 -0.9528 -0.0823, 2.6181 -0.9409 -0.0523, 2.6181 -1.3369 -0.0829, 2.6181 -1.3304 -0.0835, 2.6181 -1.3215 -0.0863, 2.6181 -1.3136 -0.0912, 2.6181 -1.3073 -0.0977, 2.6181 -1.3029 -0.1054, 2.6181 -1.3004 -0.114, 2.6181 -1.3 -0.1232, 2.6181 -1.3021 -0.1324, 2.6181 -1.3063 -0.1407, 2.6181 -1.3123 -0.1476, 2.6181 -1.3196 -0.1526, 2.6181 -1.3279 -0.1558, 2.6181 -1.3369 -0.1569, 2.6181 -1.3455 -0.1559, 2.6181 -1.3542 -0.1526, 2.6181 -1.3617 -0.1473, 2.6181 -1.3677 -0.1404, 2.6181 -1.3717 -0.1325, 2.6181 -1.3737 -0.1237, 2.6181 -1.3735 -0.1145, 2.6181 -1.371 -0.1054, 2.6181 -1.3663 -0.0974, 2.6181 -1.3616 -0.0924, 2.6181 -1.3542 -0.0872, 2.6181 -1.3459 -0.084, 2.6181 -1.3459 -0.084
            ]
        }
        coordIndex [
            0,1,2,-1,3,4,5,-1,6,7,8,-1,9,10,11,-1,12,13,2,-1,2,13,14,-1,2,14,0,-1,5,4,15,-1,16,17,18,-1,18,17,19,-1,18,19,20,-1,20,19,21,-1,20,21,8,-1,8,21,22,-1,8,22,6,-1,23,1,24,-1,24,1,25,-1,24,25,26,-1,27,28,19,-1,19,28,29,-1,19,29,21,-1,21,29,30,-1,21,30,31,-1,32,33,34,-1,34,33,35,-1,34,35,36,-1,36,35,37,-1,36,37,38,-1,38,37,39,-1,9,11,40,-1,40,11,41,-1,40,41,42,-1,42,41,43,-1,42,43,44,-1,4,45,15,-1,15,45,46,-1,15,46,47,-1,47,46,48,-1,47,48,9,-1,9,48,49,-1,9,49,10,-1,50,2,51,-1,51,2,1,-1,51,1,52,-1,52,1,23,-1,25,53,26,-1,26,53,54,-1,26,54,55,-1,55,54,56,-1,55,56,57,-1,57,56,58,-1,57,58,59,-1,59,58,21,-1,59,21,60,-1,60,21,31,-1,61,62,63,-1,63,62,64,-1,63,64,65,-1,65,64,66,-1,65,66,67,-1,67,66,68,-1,67,68,69,-1,69,68,70,-1,69,70,71,-1,37,72,39,-1,39,72,73,-1,39,73,74,-1,74,73,75,-1,74,75,76,-1,76,75,77,-1,76,77,78,-1,78,77,79,-1,78,79,80,-1,80,79,81,-1,80,81,82,-1,82,81,83,-1,82,83,61,-1,61,83,84,-1,61,84,62,-1,85,86,87,-1,87,86,88,-1,87,88,34,-1,34,88,89,-1,34,89,32,-1,90,91,92,-1,92,91,93,-1,92,93,94,-1,94,93,95,-1,94,95,96,-1,96,95,97,-1,96,97,98,-1,98,97,99,-1,98,99,12,-1,12,99,100,-1,12,100,13,-1,50,101,2,-1,2,101,102,-1,2,102,103,-1,103,102,104,-1,103,104,105,-1,105,104,106,-1,105,106,107,-1,107,106,108,-1,107,108,109,-1,109,108,110,-1,109,110,111,-1,111,110,112,-1,111,112,113,-1,113,112,114,-1,113,114,115,-1,115,114,116,-1,115,116,117,-1,117,116,118,-1,117,118,19,-1,19,118,119,-1,19,119,27,-1,44,43,120,-1,120,43,121,-1,120,121,122,-1,122,121,123,-1,122,123,124,-1,124,123,125,-1,124,125,126,-1,126,125,127,-1,126,127,85,-1,85,127,128,-1,85,128,86,-1,5,129,3,-1,3,129,130,-1,3,130,131,-1,131,130,132,-1,131,132,133,-1,133,132,134,-1,133,134,90,-1,90,134,135,-1,90,135,91,-1,136,137,138,-1,70,139,71,-1,71,139,136,-1,71,136,140,-1,140,136,138,-1,141,142,136,-1,136,142,143,-1,136,143,137,-1,144,145,146,-1,145,147,146,-1,146,147,148,-1,146,148,149,-1,141,136,146,-1,146,136,150,-1,146,150,144,-1,151,39,152,-1,152,39,74,-1,152,74,153,-1,153,74,76,-1,153,76,154,-1,154,76,78,-1,154,78,155,-1,151,156,39,-1,39,156,157,-1,39,157,38,-1,38,157,158,-1,38,158,36,-1,36,158,159,-1,36,159,34,-1,34,159,160,-1,34,160,87,-1,87,160,161,-1,87,161,85,-1,126,85,162,-1,162,85,161,-1,162,163,126,-1,126,163,164,-1,126,164,124,-1,124,164,165,-1,124,165,122,-1,122,165,166,-1,122,166,120,-1,120,166,167,-1,120,167,44,-1,44,167,42,-1,42,167,168,-1,42,168,169,-1,42,169,170,-1,42,170,40,-1,40,170,171,-1,40,171,9,-1,9,171,172,-1,9,172,47,-1,47,172,173,-1,47,173,15,-1,15,173,174,-1,15,174,5,-1,5,174,175,-1,5,175,129,-1,129,175,176,-1,129,176,130,-1,130,176,177,-1,130,177,132,-1,178,91,179,-1,179,91,135,-1,179,135,180,-1,180,135,134,-1,180,134,181,-1,181,134,132,-1,181,132,177,-1,178,182,91,-1,91,182,183,-1,91,183,93,-1,93,183,184,-1,93,184,95,-1,95,184,185,-1,95,185,97,-1,97,185,186,-1,97,186,99,-1,99,186,187,-1,99,187,100,-1,100,187,188,-1,100,188,13,-1,13,188,189,-1,13,189,14,-1,14,189,190,-1,14,190,0,-1,190,191,0,-1,0,191,192,-1,0,192,1,-1,1,192,193,-1,1,193,25,-1,25,193,194,-1,25,194,53,-1,194,195,53,-1,53,195,196,-1,53,196,54,-1,54,196,197,-1,54,197,56,-1,198,20,8,-1,56,197,199,-1,200,21,199,-1,199,21,58,-1,199,58,56,-1,200,201,21,-1,21,201,202,-1,21,202,22,-1,22,202,203,-1,22,203,6,-1,6,203,204,-1,6,204,7,-1,7,204,205,-1,7,205,8,-1,8,205,206,-1,8,206,198,-1,18,20,207,-1,207,20,198,-1,16,18,208,-1,208,18,207,-1,17,16,209,-1,209,16,208,-1,19,17,210,-1,210,17,209,-1,19,210,211,-1,19,211,117,-1,117,211,212,-1,117,212,115,-1,115,212,213,-1,115,213,113,-1,113,213,214,-1,113,214,111,-1,111,214,215,-1,111,215,109,-1,109,215,216,-1,109,216,107,-1,107,216,217,-1,107,217,105,-1,105,217,218,-1,105,218,103,-1,103,218,219,-1,103,219,2,-1,2,219,220,-1,2,220,12,-1,12,220,221,-1,12,221,98,-1,98,221,222,-1,98,222,96,-1,96,222,223,-1,96,223,94,-1,94,223,224,-1,94,224,92,-1,90,92,224,-1,224,225,90,-1,90,225,226,-1,90,226,227,-1,228,131,227,-1,227,131,133,-1,227,133,90,-1,228,229,131,-1,131,229,230,-1,131,230,3,-1,3,230,231,-1,3,231,4,-1,4,231,232,-1,4,232,45,-1,45,232,233,-1,45,233,46,-1,46,233,234,-1,46,234,48,-1,48,234,235,-1,48,235,49,-1,49,235,236,-1,49,236,10,-1,10,236,237,-1,10,237,11,-1,11,237,238,-1,11,238,41,-1,41,238,239,-1,41,239,43,-1,43,239,240,-1,43,240,121,-1,121,240,241,-1,121,241,123,-1,123,241,242,-1,123,242,125,-1,125,242,243,-1,125,243,127,-1,127,243,244,-1,127,244,128,-1,128,244,245,-1,128,245,86,-1,86,245,246,-1,86,246,88,-1,88,246,247,-1,88,247,89,-1,89,247,32,-1,32,247,248,-1,32,248,249,-1,33,32,250,-1,250,32,249,-1,33,250,251,-1,33,251,35,-1,35,251,252,-1,35,252,37,-1,37,252,253,-1,37,253,72,-1,72,253,254,-1,72,254,73,-1,73,254,255,-1,73,255,75,-1,255,256,75,-1,75,256,257,-1,75,257,77,-1,77,257,258,-1,77,258,79,-1,79,258,259,-1,79,259,81,-1,81,259,260,-1,81,260,83,-1,83,260,261,-1,83,261,84,-1,84,261,262,-1,84,262,62,-1,62,262,263,-1,62,263,64,-1,64,263,264,-1,64,264,66,-1,66,264,265,-1,66,265,68,-1,70,68,266,-1,266,68,265,-1,70,266,267,-1,70,267,139,-1,139,267,268,-1,139,268,136,-1,136,268,269,-1,136,269,150,-1,150,269,270,-1,150,270,144,-1,144,270,271,-1,144,271,145,-1,145,271,272,-1,145,272,147,-1,147,272,273,-1,147,273,148,-1,148,273,274,-1,148,274,149,-1,149,274,275,-1,149,275,146,-1,146,275,276,-1,146,276,141,-1,141,276,277,-1,141,277,142,-1,142,277,278,-1,142,278,143,-1,143,278,279,-1,143,279,137,-1,137,279,280,-1,137,280,138,-1,138,280,281,-1,138,281,140,-1,140,281,282,-1,140,282,71,-1,71,282,283,-1,71,283,69,-1,67,69,284,-1,284,69,283,-1,67,284,285,-1,67,285,65,-1,65,285,286,-1,65,286,63,-1,63,286,287,-1,63,287,61,-1,61,287,288,-1,61,288,82,-1,82,288,289,-1,82,289,80,-1,80,289,155,-1,80,155,78,-1,112,290,291,-1,112,291,114,-1,114,291,292,-1,114,292,116,-1,116,292,293,-1,116,293,118,-1,118,293,294,-1,118,294,119,-1,119,294,295,-1,119,295,27,-1,27,295,296,-1,27,296,28,-1,28,296,297,-1,28,297,29,-1,29,297,298,-1,29,298,30,-1,30,298,299,-1,30,299,31,-1,31,299,300,-1,31,300,60,-1,60,300,301,-1,60,301,59,-1,59,301,302,-1,59,302,57,-1,57,302,303,-1,57,303,55,-1,55,303,304,-1,55,304,26,-1,26,304,305,-1,26,305,24,-1,24,305,306,-1,24,306,23,-1,23,306,307,-1,23,307,52,-1,52,307,308,-1,52,308,51,-1,51,308,309,-1,51,309,50,-1,50,309,310,-1,50,310,101,-1,101,310,311,-1,101,311,102,-1,102,311,312,-1,102,312,104,-1,104,312,313,-1,104,313,106,-1,106,313,314,-1,106,314,108,-1,108,314,315,-1,108,315,110,-1,110,315,290,-1,110,290,112,-1,
        ]
    }
}
Shape{
    appearance Appearance {
        material  Material 	{
            diffuseColor 0.2235294117647059 0.2235294117647059 0.2235294117647059
            specularColor 0.11372549019607843 0.11372549019607843 0.11372549019607843
            ambientIntensity 0.2
            transparency 0
            shininess 0.5
        }
    }
    geometry IndexedFaceSet {
        ccw TRUE
        solid FALSE
        coord DEF co Coordinate {
            point [
                2.6181 -1.3369 -0.1569, 2.6181 -1.3616 -0.0924, 2.6181 -1.3663 -0.0974, 2.6181 -1.3369 -0.0829, 2.6181 -1.3304 -0.0835, 2.6181 -1.3279 -0.1558, 2.6181 -1.3459 -0.084, 2.6181 -1.3542 -0.0872, 2.6181 -1.3123 -0.1476, 2.6181 -1.3073 -0.0977, 2.6181 -1.3136 -0.0912, 2.6181 -1.3717 -0.1325, 2.6181 -1.3677 -0.1404, 2.6181 -1.3617 -0.1473, 2.6181 -1.3196 -0.1526, 2.6181 -1.3215 -0.0863, 2.6181 -1.371 -0.1054, 2.6181 -1.3735 -0.1145, 2.6181 -1.3737 -0.1237, 2.6181 -1.3542 -0.1526, 2.6181 -1.3455 -0.1559, 2.6181 -1.3021 -0.1324, 2.6181 -1.3 -0.1232, 2.6181 -1.3063 -0.1407, 2.6181 -1.3004 -0.114, 2.6181 -1.3029 -0.1054, 2.6181 -1.3029 -0.1054
            ]
        }
        coordIndex [
            0,1,2,-1,3,0,4,-1,4,0,5,-1,3,6,0,-1,0,6,7,-1,0,7,1,-1,8,9,10,-1,11,12,2,-1,2,12,13,-1,5,14,4,-1,4,14,8,-1,4,8,15,-1,15,8,10,-1,16,17,2,-1,2,17,18,-1,2,18,11,-1,13,19,2,-1,2,19,20,-1,2,20,0,-1,21,22,23,-1,23,22,24,-1,23,24,8,-1,8,24,25,-1,8,25,9,-1,
        ]
    }
}