#VRML V2.0 utf8
# 3D model generated by easyeda2kicad.py (https://github.com/uPesy/easyeda2kicad.py)

Shape{
    appearance Appearance {
        material  Material 	{
            diffuseColor 0.9686274509803922 0.8784313725490196 0.6
            specularColor 0.6784313725490196 0.615686274509804 0.4196078431372549
            ambientIntensity 0.2
            transparency 0
            shininess 0.5
        }
    }
    geometry IndexedFaceSet {
        ccw TRUE
        solid FALSE
        coord DEF co Coordinate {
            point [
                -3.3386 0.7075 0.2362, -3.3386 0.7869 0.2362, -3.3351 0.7066 0.2362, -3.3147 0.7827 0.2362, -3.3209 0.7007 0.2362, -3.2815 0.7689 0.2362, -3.3086 0.6914 0.2362, -3.253 0.747 0.2362, -3.2993 0.6791 0.2362, -3.2311 0.7185 0.2362, -3.2934 0.6649 0.2362, -3.2173 0.6853 0.2362, -3.2913 0.6496 0.2362, -3.2126 0.6496 0.2362, -3.2913 0.2717 0.2362, -3.2126 0.2717 0.2362, -3.5984 0.7087 0.6299, -3.5984 0.7874 0.6299, -3.6496 0.7087 0.6299, -3.6496 0.7874 0.6299, -3.6649 0.7066 0.6299, -3.6853 0.7827 0.6299, -3.6791 0.7007 0.6299, -3.7185 0.7689 0.6299, -3.6914 0.6914 0.6299, -3.747 0.747 0.6299, -3.7007 0.6791 0.6299, -3.7689 0.7185 0.6299, -3.7066 0.6649 0.6299, -3.7827 0.6853 0.6299, -3.7087 0.6496 0.6299, -3.7874 0.6496 0.6299, -3.7087 0.5984 0.6299, -3.7874 0.5984 0.6299, -3.2913 0.4016 0.6299, -3.2913 0.2126 0.6299, -3.2126 0.4016 0.6299, -3.2126 0.2126 0.6299, -3.2913 0.5984 0.6299, -3.2126 0.5984 0.6299, -3.2913 0.6496 0.6299, -3.2126 0.6496 0.6299, -3.2934 0.6649 0.6299, -3.2173 0.6853 0.6299, -3.2993 0.6791 0.6299, -3.2311 0.7185 0.6299, -3.3086 0.6914 0.6299, -3.253 0.747 0.6299, -3.3209 0.7007 0.6299, -3.2815 0.7689 0.6299, -3.3351 0.7066 0.6299, -3.3147 0.7827 0.6299, -3.3504 0.7087 0.6299, -3.3504 0.7874 0.6299, -3.4016 0.7087 0.6299, -3.4016 0.7874 0.6299, -3.2126 0.2126 0.2953, -3.2913 0.2126 0.2953, -3.2126 0.2146 0.28, -3.2126 0.2205 0.2657, -3.2126 0.2299 0.2535, -3.2126 0.2421 0.2441, -3.2126 0.2564 0.2382, -3.3504 0.7874 0.235, -3.3539 0.7874 0.2342, -3.3681 0.7874 0.2283, -3.3803 0.7874 0.2189, -3.6496 0.7874 0.235, -3.3897 0.7874 0.2067, -3.6461 0.7874 0.2342, -3.6319 0.7874 0.2283, -3.3976 0.7874 0.1772, -3.3976 0.7874 0.0394, -3.6024 0.7874 0.0394, -3.6024 0.7874 0.1772, -3.6044 0.7874 0.1925, -3.3956 0.7874 0.1925, -3.6103 0.7874 0.2067, -3.6197 0.7874 0.2189, -3.6614 0.7869 0.2362, -3.6853 0.7827 0.2362, -3.7185 0.7689 0.2362, -3.747 0.747 0.2362, -3.7689 0.7185 0.2362, -3.7827 0.6853 0.2362, -3.7874 0.6496 0.2362, -3.7874 0.2126 0.2953, -3.7874 0.2126 0.6299, -3.7874 0.4016 0.6299, -3.7874 0.2205 0.2657, -3.7874 0.2146 0.28, -3.7874 0.2299 0.2535, -3.7874 0.2421 0.2441, -3.7874 0.2717 0.2362, -3.7874 0.2564 0.2382, -3.7087 0.2126 0.2953, -3.7087 0.2126 0.6299, -3.7087 0.6496 0.2362, -3.7087 0.2717 0.2362, -3.7087 0.4016 0.6299, -3.7087 0.2205 0.2657, -3.7087 0.2299 0.2535, -3.7087 0.2421 0.2441, -3.7087 0.2146 0.28, -3.7087 0.2564 0.2382, -3.6555 0.7084 0.2359, -3.6496 0.7087 0.235, -3.7066 0.6649 0.2362, -3.7007 0.6791 0.2362, -3.6914 0.6914 0.2362, -3.6791 0.7007 0.2362, -3.6649 0.7066 0.2362, -3.6614 0.7075 0.2362, -3.6461 0.7087 0.2342, -3.6319 0.7087 0.2283, -3.6197 0.7087 0.2189, -3.3504 0.7087 0.235, -3.6103 0.7087 0.2067, -3.3539 0.7087 0.2342, -3.3681 0.7087 0.2283, -3.6024 0.7087 0.1772, -3.6024 0.7087 0.0394, -3.3976 0.7087 0.0394, -3.3976 0.7087 0.1772, -3.3956 0.7087 0.1925, -3.6044 0.7087 0.1925, -3.3897 0.7087 0.2067, -3.3803 0.7087 0.2189, -3.3445 0.7084 0.2359, -3.2913 0.2146 0.28, -3.2913 0.2421 0.2441, -3.2913 0.2299 0.2535, -3.2913 0.2205 0.2657, -3.2913 0.2564 0.2382, -3.5984 0.671 1.5469, -3.5984 0.6435 1.4566, -3.4016 0.671 1.5469, -3.4016 0.6435 1.4566, -3.5984 0.7463 1.524, -3.4016 0.7463 1.524, -3.5984 0.7188 1.4337, -3.4016 0.7188 1.4337, -3.5984 0.7127 1.403, -3.4016 0.7127 1.403, -3.5984 0.7128 1.3717, -3.4016 0.7128 1.3717, -3.5984 0.7855 0.6662, -3.4016 0.7855 0.6662, -3.5984 0.7072 0.6582, -3.4016 0.7072 0.6582, -3.5984 0.6345 1.3636, -3.4016 0.6345 1.3636, -3.4016 0.6344 1.4105, -3.5984 0.6344 1.4105, -3.329 0.5984 1.5469, -3.3565 0.5984 1.4566, -3.329 0.4016 1.5469, -3.3565 0.4016 1.4566, -3.2537 0.5984 1.524, -3.2537 0.4016 1.524, -3.2812 0.5984 1.4337, -3.2812 0.4016 1.4337, -3.2873 0.5984 1.403, -3.2873 0.4016 1.403, -3.2872 0.5984 1.3717, -3.2872 0.4016 1.3717, -3.2145 0.5984 0.6662, -3.2145 0.4016 0.6662, -3.2928 0.5984 0.6582, -3.2928 0.4016 0.6582, -3.3655 0.5984 1.3636, -3.3655 0.4016 1.3636, -3.3656 0.4016 1.4105, -3.3656 0.5984 1.4105, -3.671 0.4016 1.5469, -3.6435 0.4016 1.4566, -3.671 0.5984 1.5469, -3.6435 0.5984 1.4566, -3.7463 0.4016 1.524, -3.7463 0.5984 1.524, -3.7188 0.4016 1.4337, -3.7188 0.5984 1.4337, -3.7127 0.4016 1.403, -3.7127 0.5984 1.403, -3.7128 0.4016 1.3717, -3.7128 0.5984 1.3717, -3.7855 0.4016 0.6662, -3.7855 0.5984 0.6662, -3.7072 0.4016 0.6582, -3.7072 0.5984 0.6582, -3.6345 0.4016 1.3636, -3.6345 0.5984 1.3636, -3.6344 0.5984 1.4105, -3.6344 0.4016 1.4105, -3.6024 0.8661 -0.0394, -3.4961 1.4567 -0.0394, -3.6024 1.3583 -0.0394, -3.5039 1.4567 -0.0394, -3.3976 0.8661 -0.0394, -3.3976 1.3583 -0.0394, -3.401 1.3837 -0.0394, -3.4108 1.4075 -0.0394, -3.4265 1.4279 -0.0394, -3.4706 1.4533 -0.0394, -3.4469 1.4435 -0.0394, -3.5531 1.4435 -0.0394, -3.5735 1.4279 -0.0394, -3.5294 1.4533 -0.0394, -3.5892 1.4075 -0.0394, -3.599 1.3837 -0.0394, -3.4961 1.4567 -0.1181, -3.5039 1.4567 -0.1181, -3.3976 0.8661 -0.1181, -3.6024 0.8661 -0.1181, -3.3976 1.3583 -0.1181, -3.6024 1.3583 -0.1181, -3.599 1.3837 -0.1181, -3.5892 1.4075 -0.1181, -3.5735 1.4279 -0.1181, -3.5531 1.4435 -0.1181, -3.5294 1.4533 -0.1181, -3.4469 1.4435 -0.1181, -3.4265 1.4279 -0.1181, -3.4706 1.4533 -0.1181, -3.4108 1.4075 -0.1181, -3.401 1.3837 -0.1181, -3.3976 0.8311 -0.1142, -3.6024 0.8311 -0.1142, -3.3976 0.7978 -0.1025, -3.6024 0.7978 -0.1025, -3.3976 0.768 -0.0838, -3.6024 0.768 -0.0838, -3.3976 0.743 -0.0588, -3.6024 0.743 -0.0588, -3.3976 0.7243 -0.029, -3.6024 0.7243 -0.029, -3.3976 0.7126 0.0043, -3.6024 0.7126 0.0043, -3.6024 0.7901 0.019, -3.3976 0.7901 0.019, -3.6024 0.798 0.0, -3.3976 0.798 0.0, -3.6024 0.8105 -0.0163, -3.3976 0.8105 -0.0163, -3.6024 0.8268 -0.0288, -3.3976 0.8268 -0.0288, -3.6024 0.8458 -0.0367, -3.3976 0.8458 -0.0367, -3.2913 -0.2717 0.2362, -3.2126 -0.2717 0.2362, -3.2913 -0.6496 0.2362, -3.2126 -0.6496 0.2362, -3.2934 -0.6649 0.2362, -3.2173 -0.6853 0.2362, -3.2993 -0.6791 0.2362, -3.2311 -0.7185 0.2362, -3.3086 -0.6914 0.2362, -3.253 -0.747 0.2362, -3.3209 -0.7007 0.2362, -3.2815 -0.7689 0.2362, -3.3351 -0.7066 0.2362, -3.3147 -0.7827 0.2362, -3.3386 -0.7075 0.2362, -3.3386 -0.7869 0.2362, -3.7087 -0.5984 0.6299, -3.7874 -0.5984 0.6299, -3.7087 -0.6496 0.6299, -3.7874 -0.6496 0.6299, -3.7066 -0.6649 0.6299, -3.7827 -0.6853 0.6299, -3.7007 -0.6791 0.6299, -3.7689 -0.7185 0.6299, -3.6914 -0.6914 0.6299, -3.747 -0.747 0.6299, -3.6791 -0.7007 0.6299, -3.7185 -0.7689 0.6299, -3.6649 -0.7066 0.6299, -3.6853 -0.7827 0.6299, -3.6496 -0.7087 0.6299, -3.6496 -0.7874 0.6299, -3.5984 -0.7087 0.6299, -3.5984 -0.7874 0.6299, -3.2913 -0.2126 0.6299, -3.2913 -0.4016 0.6299, -3.2126 -0.2126 0.6299, -3.2126 -0.4016 0.6299, -3.4016 -0.7087 0.6299, -3.4016 -0.7874 0.6299, -3.3504 -0.7087 0.6299, -3.3504 -0.7874 0.6299, -3.3351 -0.7066 0.6299, -3.3147 -0.7827 0.6299, -3.3209 -0.7007 0.6299, -3.2815 -0.7689 0.6299, -3.3086 -0.6914 0.6299, -3.253 -0.747 0.6299, -3.2993 -0.6791 0.6299, -3.2311 -0.7185 0.6299, -3.2934 -0.6649 0.6299, -3.2173 -0.6853 0.6299, -3.2913 -0.6496 0.6299, -3.2126 -0.6496 0.6299, -3.2913 -0.5984 0.6299, -3.2126 -0.5984 0.6299, -3.2126 -0.2126 0.2953, -3.2913 -0.2126 0.2953, -3.2126 -0.2146 0.28, -3.2126 -0.2205 0.2657, -3.2126 -0.2299 0.2535, -3.2126 -0.2564 0.2382, -3.2126 -0.2421 0.2441, -3.3504 -0.7874 0.235, -3.6496 -0.7874 0.235, -3.6461 -0.7874 0.2342, -3.6319 -0.7874 0.2283, -3.6197 -0.7874 0.2189, -3.6103 -0.7874 0.2067, -3.3539 -0.7874 0.2342, -3.3681 -0.7874 0.2283, -3.6024 -0.7874 0.1772, -3.6024 -0.7874 0.0394, -3.3976 -0.7874 0.0394, -3.3976 -0.7874 0.1772, -3.3956 -0.7874 0.1925, -3.6044 -0.7874 0.1925, -3.3897 -0.7874 0.2067, -3.3803 -0.7874 0.2189, -3.6614 -0.7869 0.2362, -3.6853 -0.7827 0.2362, -3.7185 -0.7689 0.2362, -3.747 -0.747 0.2362, -3.7689 -0.7185 0.2362, -3.7827 -0.6853 0.2362, -3.7874 -0.6496 0.2362, -3.7874 -0.4016 0.6299, -3.7874 -0.2717 0.2362, -3.7874 -0.2126 0.6299, -3.7874 -0.2126 0.2953, -3.7874 -0.2146 0.28, -3.7874 -0.2205 0.2657, -3.7874 -0.2299 0.2535, -3.7874 -0.2564 0.2382, -3.7874 -0.2421 0.2441, -3.7087 -0.2126 0.6299, -3.7087 -0.2126 0.2953, -3.7087 -0.6496 0.2362, -3.7087 -0.2717 0.2362, -3.7087 -0.4016 0.6299, -3.7087 -0.2421 0.2441, -3.7087 -0.2299 0.2535, -3.7087 -0.2564 0.2382, -3.7087 -0.2205 0.2657, -3.7087 -0.2146 0.28, -3.6496 -0.7087 0.235, -3.6555 -0.7084 0.2359, -3.6614 -0.7075 0.2362, -3.6649 -0.7066 0.2362, -3.6791 -0.7007 0.2362, -3.6914 -0.6914 0.2362, -3.7007 -0.6791 0.2362, -3.7066 -0.6649 0.2362, -3.3504 -0.7087 0.235, -3.3539 -0.7087 0.2342, -3.3681 -0.7087 0.2283, -3.3803 -0.7087 0.2189, -3.3897 -0.7087 0.2067, -3.6461 -0.7087 0.2342, -3.6319 -0.7087 0.2283, -3.3976 -0.7087 0.1772, -3.3976 -0.7087 0.0394, -3.6024 -0.7087 0.0394, -3.6024 -0.7087 0.1772, -3.6044 -0.7087 0.1925, -3.3956 -0.7087 0.1925, -3.6103 -0.7087 0.2067, -3.6197 -0.7087 0.2189, -3.3445 -0.7084 0.2359, -3.2913 -0.2146 0.28, -3.2913 -0.2205 0.2657, -3.2913 -0.2299 0.2535, -3.2913 -0.2421 0.2441, -3.2913 -0.2564 0.2382, -3.5984 -0.6435 1.4566, -3.5984 -0.671 1.5469, -3.4016 -0.6435 1.4566, -3.4016 -0.671 1.5469, -3.5984 -0.7463 1.524, -3.4016 -0.7463 1.524, -3.5984 -0.7188 1.4337, -3.4016 -0.7188 1.4337, -3.5984 -0.7128 1.3717, -3.4016 -0.7128 1.3717, -3.5984 -0.7127 1.403, -3.4016 -0.7127 1.403, -3.5984 -0.7855 0.6662, -3.4016 -0.7855 0.6662, -3.5984 -0.7072 0.6582, -3.4016 -0.7072 0.6582, -3.5984 -0.6345 1.3636, -3.4016 -0.6345 1.3636, -3.4016 -0.6344 1.4105, -3.5984 -0.6344 1.4105, -3.3565 -0.5984 1.4566, -3.329 -0.5984 1.5469, -3.3565 -0.4016 1.4566, -3.329 -0.4016 1.5469, -3.2537 -0.5984 1.524, -3.2537 -0.4016 1.524, -3.2812 -0.5984 1.4337, -3.2812 -0.4016 1.4337, -3.2872 -0.5984 1.3717, -3.2872 -0.4016 1.3717, -3.2873 -0.5984 1.403, -3.2873 -0.4016 1.403, -3.2145 -0.5984 0.6662, -3.2145 -0.4016 0.6662, -3.2928 -0.5984 0.6582, -3.2928 -0.4016 0.6582, -3.3655 -0.5984 1.3636, -3.3655 -0.4016 1.3636, -3.3656 -0.4016 1.4105, -3.3656 -0.5984 1.4105, -3.6435 -0.4016 1.4566, -3.671 -0.4016 1.5469, -3.6435 -0.5984 1.4566, -3.671 -0.5984 1.5469, -3.7463 -0.4016 1.524, -3.7463 -0.5984 1.524, -3.7188 -0.4016 1.4337, -3.7188 -0.5984 1.4337, -3.7128 -0.4016 1.3717, -3.7128 -0.5984 1.3717, -3.7127 -0.4016 1.403, -3.7127 -0.5984 1.403, -3.7855 -0.4016 0.6662, -3.7855 -0.5984 0.6662, -3.7072 -0.4016 0.6582, -3.7072 -0.5984 0.6582, -3.6345 -0.4016 1.3636, -3.6345 -0.5984 1.3636, -3.6344 -0.5984 1.4105, -3.6344 -0.4016 1.4105, -3.6024 -0.8661 -0.0394, -3.6024 -1.3583 -0.0394, -3.5039 -1.4567 -0.0394, -3.4961 -1.4567 -0.0394, -3.3976 -1.3583 -0.0394, -3.3976 -0.8661 -0.0394, -3.599 -1.3837 -0.0394, -3.5892 -1.4075 -0.0394, -3.5294 -1.4533 -0.0394, -3.5735 -1.4279 -0.0394, -3.5531 -1.4435 -0.0394, -3.4469 -1.4435 -0.0394, -3.4265 -1.4279 -0.0394, -3.4706 -1.4533 -0.0394, -3.4108 -1.4075 -0.0394, -3.401 -1.3837 -0.0394, -3.5039 -1.4567 -0.1181, -3.4961 -1.4567 -0.1181, -3.6024 -0.8661 -0.1181, -3.3976 -0.8661 -0.1181, -3.6024 -1.3583 -0.1181, -3.3976 -1.3583 -0.1181, -3.401 -1.3837 -0.1181, -3.4108 -1.4075 -0.1181, -3.4265 -1.4279 -0.1181, -3.4469 -1.4435 -0.1181, -3.4706 -1.4533 -0.1181, -3.5531 -1.4435 -0.1181, -3.5735 -1.4279 -0.1181, -3.5294 -1.4533 -0.1181, -3.5892 -1.4075 -0.1181, -3.599 -1.3837 -0.1181, -3.3976 -0.7126 0.0043, -3.6024 -0.7126 0.0043, -3.3976 -0.7243 -0.029, -3.6024 -0.7243 -0.029, -3.3976 -0.743 -0.0588, -3.6024 -0.743 -0.0588, -3.3976 -0.768 -0.0838, -3.6024 -0.768 -0.0838, -3.3976 -0.7978 -0.1025, -3.6024 -0.7978 -0.1025, -3.3976 -0.8311 -0.1142, -3.6024 -0.8311 -0.1142, -3.6024 -0.8458 -0.0367, -3.3976 -0.8458 -0.0367, -3.6024 -0.8268 -0.0288, -3.3976 -0.8268 -0.0288, -3.6024 -0.8105 -0.0163, -3.3976 -0.8105 -0.0163, -3.6024 -0.798 0.0, -3.3976 -0.798 0.0, -3.6024 -0.7901 0.019, -3.3976 -0.7901 0.019, -2.3386 0.7075 0.2362, -2.3386 0.7869 0.2362, -2.3351 0.7066 0.2362, -2.3147 0.7827 0.2362, -2.3209 0.7007 0.2362, -2.2815 0.7689 0.2362, -2.3086 0.6914 0.2362, -2.253 0.747 0.2362, -2.2993 0.6791 0.2362, -2.2311 0.7185 0.2362, -2.2934 0.6649 0.2362, -2.2173 0.6853 0.2362, -2.2913 0.6496 0.2362, -2.2126 0.6496 0.2362, -2.2913 0.2717 0.2362, -2.2126 0.2717 0.2362, -2.5984 0.7087 0.6299, -2.5984 0.7874 0.6299, -2.6496 0.7087 0.6299, -2.6496 0.7874 0.6299, -2.6649 0.7066 0.6299, -2.6853 0.7827 0.6299, -2.6791 0.7007 0.6299, -2.7185 0.7689 0.6299, -2.6914 0.6914 0.6299, -2.747 0.747 0.6299, -2.7007 0.6791 0.6299, -2.7689 0.7185 0.6299, -2.7066 0.6649 0.6299, -2.7827 0.6853 0.6299, -2.7087 0.6496 0.6299, -2.7874 0.6496 0.6299, -2.7087 0.5984 0.6299, -2.7874 0.5984 0.6299, -2.2913 0.4016 0.6299, -2.2913 0.2126 0.6299, -2.2126 0.4016 0.6299, -2.2126 0.2126 0.6299, -2.2913 0.5984 0.6299, -2.2126 0.5984 0.6299, -2.2913 0.6496 0.6299, -2.2126 0.6496 0.6299, -2.2934 0.6649 0.6299, -2.2173 0.6853 0.6299, -2.2993 0.6791 0.6299, -2.2311 0.7185 0.6299, -2.3086 0.6914 0.6299, -2.253 0.747 0.6299, -2.3209 0.7007 0.6299, -2.2815 0.7689 0.6299, -2.3351 0.7066 0.6299, -2.3147 0.7827 0.6299, -2.3504 0.7087 0.6299, -2.3504 0.7874 0.6299, -2.4016 0.7087 0.6299, -2.4016 0.7874 0.6299, -2.2126 0.2126 0.2953, -2.2913 0.2126 0.2953, -2.2126 0.2146 0.28, -2.2126 0.2205 0.2657, -2.2126 0.2299 0.2535, -2.2126 0.2421 0.2441, -2.2126 0.2564 0.2382, -2.3504 0.7874 0.235, -2.3681 0.7874 0.2283, -2.3803 0.7874 0.2189, -2.6044 0.7874 0.1925, -2.3897 0.7874 0.2067, -2.6496 0.7874 0.235, -2.6461 0.7874 0.2342, -2.6319 0.7874 0.2283, -2.6197 0.7874 0.2189, -2.6103 0.7874 0.2067, -2.3539 0.7874 0.2342, -2.3976 0.7874 0.1772, -2.3976 0.7874 0.0394, -2.6024 0.7874 0.0394, -2.3956 0.7874 0.1925, -2.6024 0.7874 0.1772, -2.6614 0.7869 0.2362, -2.6853 0.7827 0.2362, -2.7185 0.7689 0.2362, -2.747 0.747 0.2362, -2.7689 0.7185 0.2362, -2.7827 0.6853 0.2362, -2.7874 0.6496 0.2362, -2.7874 0.2126 0.2953, -2.7874 0.2126 0.6299, -2.7874 0.4016 0.6299, -2.7874 0.2717 0.2362, -2.7874 0.2421 0.2441, -2.7874 0.2299 0.2535, -2.7874 0.2205 0.2657, -2.7874 0.2564 0.2382, -2.7874 0.2146 0.28, -2.7087 0.2126 0.2953, -2.7087 0.2126 0.6299, -2.7087 0.6496 0.2362, -2.7087 0.2717 0.2362, -2.7087 0.4016 0.6299, -2.7087 0.2205 0.2657, -2.7087 0.2299 0.2535, -2.7087 0.2421 0.2441, -2.7087 0.2146 0.28, -2.7087 0.2564 0.2382, -2.6555 0.7084 0.2359, -2.6496 0.7087 0.235, -2.7066 0.6649 0.2362, -2.7007 0.6791 0.2362, -2.6914 0.6914 0.2362, -2.6791 0.7007 0.2362, -2.6649 0.7066 0.2362, -2.6614 0.7075 0.2362, -2.6319 0.7087 0.2283, -2.6197 0.7087 0.2189, -2.3956 0.7087 0.1925, -2.6103 0.7087 0.2067, -2.3504 0.7087 0.235, -2.3539 0.7087 0.2342, -2.3681 0.7087 0.2283, -2.3803 0.7087 0.2189, -2.3897 0.7087 0.2067, -2.6461 0.7087 0.2342, -2.6024 0.7087 0.1772, -2.6024 0.7087 0.0394, -2.3976 0.7087 0.0394, -2.6044 0.7087 0.1925, -2.3976 0.7087 0.1772, -2.3445 0.7084 0.2359, -2.2913 0.2146 0.28, -2.2913 0.2564 0.2382, -2.2913 0.2421 0.2441, -2.2913 0.2299 0.2535, -2.2913 0.2205 0.2657, -2.5984 0.671 1.5469, -2.5984 0.6435 1.4566, -2.4016 0.671 1.5469, -2.4016 0.6435 1.4566, -2.5984 0.7463 1.524, -2.4016 0.7463 1.524, -2.5984 0.7188 1.4337, -2.4016 0.7188 1.4337, -2.5984 0.7127 1.403, -2.4016 0.7127 1.403, -2.5984 0.7128 1.3717, -2.4016 0.7128 1.3717, -2.5984 0.7855 0.6662, -2.4016 0.7855 0.6662, -2.5984 0.7072 0.6582, -2.4016 0.7072 0.6582, -2.5984 0.6345 1.3636, -2.4016 0.6345 1.3636, -2.4016 0.6344 1.4105, -2.5984 0.6344 1.4105, -2.329 0.5984 1.5469, -2.3565 0.5984 1.4566, -2.329 0.4016 1.5469, -2.3565 0.4016 1.4566, -2.2537 0.5984 1.524, -2.2537 0.4016 1.524, -2.2812 0.5984 1.4337, -2.2812 0.4016 1.4337, -2.2873 0.5984 1.403, -2.2873 0.4016 1.403, -2.2872 0.5984 1.3717, -2.2872 0.4016 1.3717, -2.2145 0.5984 0.6662, -2.2145 0.4016 0.6662, -2.2928 0.5984 0.6582, -2.2928 0.4016 0.6582, -2.3655 0.5984 1.3636, -2.3655 0.4016 1.3636, -2.3656 0.4016 1.4105, -2.3656 0.5984 1.4105, -2.671 0.4016 1.5469, -2.6435 0.4016 1.4566, -2.671 0.5984 1.5469, -2.6435 0.5984 1.4566, -2.7463 0.4016 1.524, -2.7463 0.5984 1.524, -2.7188 0.4016 1.4337, -2.7188 0.5984 1.4337, -2.7127 0.4016 1.403, -2.7127 0.5984 1.403, -2.7128 0.4016 1.3717, -2.7128 0.5984 1.3717, -2.7855 0.4016 0.6662, -2.7855 0.5984 0.6662, -2.7072 0.4016 0.6582, -2.7072 0.5984 0.6582, -2.6345 0.4016 1.3636, -2.6345 0.5984 1.3636, -2.6344 0.5984 1.4105, -2.6344 0.4016 1.4105, -2.3976 0.8661 -0.0394, -2.4961 1.4567 -0.0394, -2.6024 0.8661 -0.0394, -2.5039 1.4567 -0.0394, -2.6024 1.3583 -0.0394, -2.3976 1.3583 -0.0394, -2.401 1.3837 -0.0394, -2.4108 1.4075 -0.0394, -2.4265 1.4279 -0.0394, -2.4469 1.4435 -0.0394, -2.4706 1.4533 -0.0394, -2.5735 1.4279 -0.0394, -2.5531 1.4435 -0.0394, -2.5294 1.4533 -0.0394, -2.5892 1.4075 -0.0394, -2.599 1.3837 -0.0394, -2.4961 1.4567 -0.1181, -2.5039 1.4567 -0.1181, -2.6024 0.8661 -0.1181, -2.3976 1.3583 -0.1181, -2.3976 0.8661 -0.1181, -2.4265 1.4279 -0.1181, -2.4469 1.4435 -0.1181, -2.4706 1.4533 -0.1181, -2.4108 1.4075 -0.1181, -2.401 1.3837 -0.1181, -2.6024 1.3583 -0.1181, -2.599 1.3837 -0.1181, -2.5892 1.4075 -0.1181, -2.5735 1.4279 -0.1181, -2.5531 1.4435 -0.1181, -2.5294 1.4533 -0.1181, -2.3976 0.8311 -0.1142, -2.6024 0.8311 -0.1142, -2.3976 0.7978 -0.1025, -2.6024 0.7978 -0.1025, -2.3976 0.768 -0.0838, -2.6024 0.768 -0.0838, -2.3976 0.743 -0.0588, -2.6024 0.743 -0.0588, -2.3976 0.7243 -0.029, -2.6024 0.7243 -0.029, -2.3976 0.7126 0.0043, -2.6024 0.7126 0.0043, -2.6024 0.7901 0.019, -2.3976 0.7901 0.019, -2.6024 0.798 0.0, -2.3976 0.798 0.0, -2.6024 0.8105 -0.0163, -2.3976 0.8105 -0.0163, -2.6024 0.8268 -0.0288, -2.3976 0.8268 -0.0288, -2.6024 0.8458 -0.0367, -2.3976 0.8458 -0.0367, -1.3386 0.7075 0.2362, -1.3386 0.7869 0.2362, -1.3351 0.7066 0.2362, -1.3147 0.7827 0.2362, -1.3209 0.7007 0.2362, -1.2815 0.7689 0.2362, -1.3086 0.6914 0.2362, -1.253 0.747 0.2362, -1.2993 0.6791 0.2362, -1.2311 0.7185 0.2362, -1.2934 0.6649 0.2362, -1.2173 0.6853 0.2362, -1.2913 0.6496 0.2362, -1.2126 0.6496 0.2362, -1.2913 0.2717 0.2362, -1.2126 0.2717 0.2362, -1.5984 0.7087 0.6299, -1.5984 0.7874 0.6299, -1.6496 0.7087 0.6299, -1.6496 0.7874 0.6299, -1.6649 0.7066 0.6299, -1.6853 0.7827 0.6299, -1.6791 0.7007 0.6299, -1.7185 0.7689 0.6299, -1.6914 0.6914 0.6299, -1.747 0.747 0.6299, -1.7007 0.6791 0.6299, -1.7689 0.7185 0.6299, -1.7066 0.6649 0.6299, -1.7827 0.6853 0.6299, -1.7087 0.6496 0.6299, -1.7874 0.6496 0.6299, -1.7087 0.5984 0.6299, -1.7874 0.5984 0.6299, -1.2913 0.4016 0.6299, -1.2913 0.2126 0.6299, -1.2126 0.4016 0.6299, -1.2126 0.2126 0.6299, -1.2913 0.5984 0.6299, -1.2126 0.5984 0.6299, -1.2913 0.6496 0.6299, -1.2126 0.6496 0.6299, -1.2934 0.6649 0.6299, -1.2173 0.6853 0.6299, -1.2993 0.6791 0.6299, -1.2311 0.7185 0.6299, -1.3086 0.6914 0.6299, -1.253 0.747 0.6299, -1.3209 0.7007 0.6299, -1.2815 0.7689 0.6299, -1.3351 0.7066 0.6299, -1.3147 0.7827 0.6299, -1.3504 0.7087 0.6299, -1.3504 0.7874 0.6299, -1.4016 0.7087 0.6299, -1.4016 0.7874 0.6299, -1.2126 0.2126 0.2953, -1.2913 0.2126 0.2953, -1.2126 0.2146 0.28, -1.2126 0.2205 0.2657, -1.2126 0.2299 0.2535, -1.2126 0.2421 0.2441, -1.2126 0.2564 0.2382, -1.3504 0.7874 0.235, -1.3897 0.7874 0.2067, -1.6044 0.7874 0.1925, -1.3803 0.7874 0.2189, -1.3681 0.7874 0.2283, -1.6496 0.7874 0.235, -1.6461 0.7874 0.2342, -1.6319 0.7874 0.2283, -1.6197 0.7874 0.2189, -1.6103 0.7874 0.2067, -1.3539 0.7874 0.2342, -1.3976 0.7874 0.1772, -1.3976 0.7874 0.0394, -1.6024 0.7874 0.0394, -1.3956 0.7874 0.1925, -1.6024 0.7874 0.1772, -1.6614 0.7869 0.2362, -1.6853 0.7827 0.2362, -1.7185 0.7689 0.2362, -1.747 0.747 0.2362, -1.7689 0.7185 0.2362, -1.7827 0.6853 0.2362, -1.7874 0.6496 0.2362, -1.7874 0.2126 0.2953, -1.7874 0.2126 0.6299, -1.7874 0.4016 0.6299, -1.7874 0.2205 0.2657, -1.7874 0.2146 0.28, -1.7874 0.2299 0.2535, -1.7874 0.2421 0.2441, -1.7874 0.2717 0.2362, -1.7874 0.2564 0.2382, -1.7087 0.2126 0.2953, -1.7087 0.2126 0.6299, -1.7087 0.6496 0.2362, -1.7087 0.2717 0.2362, -1.7087 0.4016 0.6299, -1.7087 0.2205 0.2657, -1.7087 0.2299 0.2535, -1.7087 0.2421 0.2441, -1.7087 0.2146 0.28, -1.7087 0.2564 0.2382, -1.6555 0.7084 0.2359, -1.6496 0.7087 0.235, -1.7066 0.6649 0.2362, -1.7007 0.6791 0.2362, -1.6914 0.6914 0.2362, -1.6791 0.7007 0.2362, -1.6649 0.7066 0.2362, -1.6614 0.7075 0.2362, -1.6319 0.7087 0.2283, -1.6461 0.7087 0.2342, -1.3956 0.7087 0.1925, -1.3897 0.7087 0.2067, -1.6103 0.7087 0.2067, -1.6197 0.7087 0.2189, -1.3803 0.7087 0.2189, -1.3504 0.7087 0.235, -1.3539 0.7087 0.2342, -1.3681 0.7087 0.2283, -1.6024 0.7087 0.1772, -1.6024 0.7087 0.0394, -1.3976 0.7087 0.0394, -1.6044 0.7087 0.1925, -1.3976 0.7087 0.1772, -1.3445 0.7084 0.2359, -1.2913 0.2146 0.28, -1.2913 0.2421 0.2441, -1.2913 0.2299 0.2535, -1.2913 0.2205 0.2657, -1.2913 0.2564 0.2382, -1.5984 0.671 1.5469, -1.5984 0.6435 1.4566, -1.4016 0.671 1.5469, -1.4016 0.6435 1.4566, -1.5984 0.7463 1.524, -1.4016 0.7463 1.524, -1.5984 0.7188 1.4337, -1.4016 0.7188 1.4337, -1.5984 0.7127 1.403, -1.4016 0.7127 1.403, -1.5984 0.7128 1.3717, -1.4016 0.7128 1.3717, -1.5984 0.7855 0.6662, -1.4016 0.7855 0.6662, -1.5984 0.7072 0.6582, -1.4016 0.7072 0.6582, -1.5984 0.6345 1.3636, -1.4016 0.6345 1.3636, -1.4016 0.6344 1.4105, -1.5984 0.6344 1.4105, -1.329 0.5984 1.5469, -1.3565 0.5984 1.4566, -1.329 0.4016 1.5469, -1.3565 0.4016 1.4566, -1.2537 0.5984 1.524, -1.2537 0.4016 1.524, -1.2812 0.5984 1.4337, -1.2812 0.4016 1.4337, -1.2873 0.5984 1.403, -1.2873 0.4016 1.403, -1.2872 0.5984 1.3717, -1.2872 0.4016 1.3717, -1.2145 0.5984 0.6662, -1.2145 0.4016 0.6662, -1.2928 0.5984 0.6582, -1.2928 0.4016 0.6582, -1.3655 0.5984 1.3636, -1.3655 0.4016 1.3636, -1.3656 0.4016 1.4105, -1.3656 0.5984 1.4105, -1.671 0.4016 1.5469, -1.6435 0.4016 1.4566, -1.671 0.5984 1.5469, -1.6435 0.5984 1.4566, -1.7463 0.4016 1.524, -1.7463 0.5984 1.524, -1.7188 0.4016 1.4337, -1.7188 0.5984 1.4337, -1.7127 0.4016 1.403, -1.7127 0.5984 1.403, -1.7128 0.4016 1.3717, -1.7128 0.5984 1.3717, -1.7855 0.4016 0.6662, -1.7855 0.5984 0.6662, -1.7072 0.4016 0.6582, -1.7072 0.5984 0.6582, -1.6345 0.4016 1.3636, -1.6345 0.5984 1.3636, -1.6344 0.5984 1.4105, -1.6344 0.4016 1.4105, -1.4961 1.4567 -0.0394, -1.3976 1.3583 -0.0394, -1.401 1.3837 -0.0394, -1.599 1.3837 -0.0394, -1.6024 1.3583 -0.0394, -1.5039 1.4567 -0.0394, -1.6024 0.8661 -0.0394, -1.3976 0.8661 -0.0394, -1.4108 1.4075 -0.0394, -1.4265 1.4279 -0.0394, -1.4706 1.4533 -0.0394, -1.4469 1.4435 -0.0394, -1.5294 1.4533 -0.0394, -1.5531 1.4435 -0.0394, -1.5735 1.4279 -0.0394, -1.5892 1.4075 -0.0394, -1.4961 1.4567 -0.1181, -1.5039 1.4567 -0.1181, -1.3976 1.3583 -0.1181, -1.3976 0.8661 -0.1181, -1.6024 0.8661 -0.1181, -1.401 1.3837 -0.1181, -1.6024 1.3583 -0.1181, -1.599 1.3837 -0.1181, -1.4706 1.4533 -0.1181, -1.4469 1.4435 -0.1181, -1.4265 1.4279 -0.1181, -1.4108 1.4075 -0.1181, -1.5892 1.4075 -0.1181, -1.5735 1.4279 -0.1181, -1.5294 1.4533 -0.1181, -1.5531 1.4435 -0.1181, -1.3976 0.8311 -0.1142, -1.6024 0.8311 -0.1142, -1.3976 0.7978 -0.1025, -1.6024 0.7978 -0.1025, -1.3976 0.768 -0.0838, -1.6024 0.768 -0.0838, -1.3976 0.743 -0.0588, -1.6024 0.743 -0.0588, -1.3976 0.7243 -0.029, -1.6024 0.7243 -0.029, -1.3976 0.7126 0.0043, -1.6024 0.7126 0.0043, -1.6024 0.7901 0.019, -1.3976 0.7901 0.019, -1.6024 0.798 0.0, -1.3976 0.798 0.0, -1.6024 0.8105 -0.0163, -1.3976 0.8105 -0.0163, -1.6024 0.8268 -0.0288, -1.3976 0.8268 -0.0288, -1.6024 0.8458 -0.0367, -1.3976 0.8458 -0.0367, -0.3386 0.7075 0.2362, -0.3386 0.7869 0.2362, -0.3351 0.7066 0.2362, -0.3147 0.7827 0.2362, -0.3209 0.7007 0.2362, -0.2815 0.7689 0.2362, -0.3086 0.6914 0.2362, -0.253 0.747 0.2362, -0.2993 0.6791 0.2362, -0.2311 0.7185 0.2362, -0.2934 0.6649 0.2362, -0.2173 0.6853 0.2362, -0.2913 0.6496 0.2362, -0.2126 0.6496 0.2362, -0.2913 0.2717 0.2362, -0.2126 0.2717 0.2362, -0.5984 0.7087 0.6299, -0.5984 0.7874 0.6299, -0.6496 0.7087 0.6299, -0.6496 0.7874 0.6299, -0.6649 0.7066 0.6299, -0.6853 0.7827 0.6299, -0.6791 0.7007 0.6299, -0.7185 0.7689 0.6299, -0.6914 0.6914 0.6299, -0.747 0.747 0.6299, -0.7007 0.6791 0.6299, -0.7689 0.7185 0.6299, -0.7066 0.6649 0.6299, -0.7827 0.6853 0.6299, -0.7087 0.6496 0.6299, -0.7874 0.6496 0.6299, -0.7087 0.5984 0.6299, -0.7874 0.5984 0.6299, -0.2913 0.4016 0.6299, -0.2913 0.2126 0.6299, -0.2126 0.4016 0.6299, -0.2126 0.2126 0.6299, -0.2913 0.5984 0.6299, -0.2126 0.5984 0.6299, -0.2913 0.6496 0.6299, -0.2126 0.6496 0.6299, -0.2934 0.6649 0.6299, -0.2173 0.6853 0.6299, -0.2993 0.6791 0.6299, -0.2311 0.7185 0.6299, -0.3086 0.6914 0.6299, -0.253 0.747 0.6299, -0.3209 0.7007 0.6299, -0.2815 0.7689 0.6299, -0.3351 0.7066 0.6299, -0.3147 0.7827 0.6299, -0.3504 0.7087 0.6299, -0.3504 0.7874 0.6299, -0.4016 0.7087 0.6299, -0.4016 0.7874 0.6299, -0.2126 0.2126 0.2953, -0.2913 0.2126 0.2953, -0.2126 0.2146 0.28, -0.2126 0.2205 0.2657, -0.2126 0.2299 0.2535, -0.2126 0.2421 0.2441, -0.2126 0.2564 0.2382, -0.3504 0.7874 0.235, -0.3897 0.7874 0.2067, -0.6044 0.7874 0.1925, -0.3803 0.7874 0.2189, -0.3681 0.7874 0.2283, -0.6496 0.7874 0.235, -0.6461 0.7874 0.2342, -0.6319 0.7874 0.2283, -0.6197 0.7874 0.2189, -0.6103 0.7874 0.2067, -0.3539 0.7874 0.2342, -0.3976 0.7874 0.1772, -0.3976 0.7874 0.0394, -0.6024 0.7874 0.0394, -0.3956 0.7874 0.1925, -0.6024 0.7874 0.1772, -0.6614 0.7869 0.2362, -0.6853 0.7827 0.2362, -0.7185 0.7689 0.2362, -0.747 0.747 0.2362, -0.7689 0.7185 0.2362, -0.7827 0.6853 0.2362, -0.7874 0.6496 0.2362, -0.7874 0.2126 0.2953, -0.7874 0.2126 0.6299, -0.7874 0.4016 0.6299, -0.7874 0.2717 0.2362, -0.7874 0.2421 0.2441, -0.7874 0.2299 0.2535, -0.7874 0.2205 0.2657, -0.7874 0.2564 0.2382, -0.7874 0.2146 0.28, -0.7087 0.2126 0.2953, -0.7087 0.2126 0.6299, -0.7087 0.6496 0.2362, -0.7087 0.2717 0.2362, -0.7087 0.4016 0.6299, -0.7087 0.2205 0.2657, -0.7087 0.2299 0.2535, -0.7087 0.2421 0.2441, -0.7087 0.2146 0.28, -0.7087 0.2564 0.2382, -0.6555 0.7084 0.2359, -0.6496 0.7087 0.235, -0.7066 0.6649 0.2362, -0.7007 0.6791 0.2362, -0.6914 0.6914 0.2362, -0.6791 0.7007 0.2362, -0.6649 0.7066 0.2362, -0.6614 0.7075 0.2362, -0.3956 0.7087 0.1925, -0.3897 0.7087 0.2067, -0.6103 0.7087 0.2067, -0.6319 0.7087 0.2283, -0.6461 0.7087 0.2342, -0.6197 0.7087 0.2189, -0.3803 0.7087 0.2189, -0.3504 0.7087 0.235, -0.3539 0.7087 0.2342, -0.3681 0.7087 0.2283, -0.6024 0.7087 0.1772, -0.6024 0.7087 0.0394, -0.3976 0.7087 0.0394, -0.6044 0.7087 0.1925, -0.3976 0.7087 0.1772, -0.3445 0.7084 0.2359, -0.2913 0.2146 0.28, -0.2913 0.2564 0.2382, -0.2913 0.2421 0.2441, -0.2913 0.2299 0.2535, -0.2913 0.2205 0.2657, -0.5984 0.671 1.5469, -0.5984 0.6435 1.4566, -0.4016 0.671 1.5469, -0.4016 0.6435 1.4566, -0.5984 0.7463 1.524, -0.4016 0.7463 1.524, -0.5984 0.7188 1.4337, -0.4016 0.7188 1.4337, -0.5984 0.7127 1.403, -0.4016 0.7127 1.403, -0.5984 0.7128 1.3717, -0.4016 0.7128 1.3717, -0.5984 0.7855 0.6662, -0.4016 0.7855 0.6662, -0.5984 0.7072 0.6582, -0.4016 0.7072 0.6582, -0.5984 0.6345 1.3636, -0.4016 0.6345 1.3636, -0.4016 0.6344 1.4105, -0.5984 0.6344 1.4105, -0.329 0.5984 1.5469, -0.3565 0.5984 1.4566, -0.329 0.4016 1.5469, -0.3565 0.4016 1.4566, -0.2537 0.5984 1.524, -0.2537 0.4016 1.524, -0.2812 0.5984 1.4337, -0.2812 0.4016 1.4337, -0.2873 0.5984 1.403, -0.2873 0.4016 1.403, -0.2872 0.5984 1.3717, -0.2872 0.4016 1.3717, -0.2145 0.5984 0.6662, -0.2145 0.4016 0.6662, -0.2928 0.5984 0.6582, -0.2928 0.4016 0.6582, -0.3655 0.5984 1.3636, -0.3655 0.4016 1.3636, -0.3656 0.4016 1.4105, -0.3656 0.5984 1.4105, -0.671 0.4016 1.5469, -0.6435 0.4016 1.4566, -0.671 0.5984 1.5469, -0.6435 0.5984 1.4566, -0.7463 0.4016 1.524, -0.7463 0.5984 1.524, -0.7188 0.4016 1.4337, -0.7188 0.5984 1.4337, -0.7127 0.4016 1.403, -0.7127 0.5984 1.403, -0.7128 0.4016 1.3717, -0.7128 0.5984 1.3717, -0.7855 0.4016 0.6662, -0.7855 0.5984 0.6662, -0.7072 0.4016 0.6582, -0.7072 0.5984 0.6582, -0.6345 0.4016 1.3636, -0.6345 0.5984 1.3636, -0.6344 0.5984 1.4105, -0.6344 0.4016 1.4105, -0.4961 1.4567 -0.0394, -0.6024 0.8661 -0.0394, -0.3976 0.8661 -0.0394, -0.4265 1.4279 -0.0394, -0.4469 1.4435 -0.0394, -0.4706 1.4533 -0.0394, -0.6024 1.3583 -0.0394, -0.5039 1.4567 -0.0394, -0.5294 1.4533 -0.0394, -0.3976 1.3583 -0.0394, -0.401 1.3837 -0.0394, -0.4108 1.4075 -0.0394, -0.5531 1.4435 -0.0394, -0.5735 1.4279 -0.0394, -0.5892 1.4075 -0.0394, -0.599 1.3837 -0.0394, -0.4961 1.4567 -0.1181, -0.5039 1.4567 -0.1181, -0.3976 0.8661 -0.1181, -0.6024 0.8661 -0.1181, -0.3976 1.3583 -0.1181, -0.6024 1.3583 -0.1181, -0.4706 1.4533 -0.1181, -0.599 1.3837 -0.1181, -0.5892 1.4075 -0.1181, -0.5735 1.4279 -0.1181, -0.5531 1.4435 -0.1181, -0.5294 1.4533 -0.1181, -0.4469 1.4435 -0.1181, -0.4265 1.4279 -0.1181, -0.4108 1.4075 -0.1181, -0.401 1.3837 -0.1181, -0.3976 0.8311 -0.1142, -0.6024 0.8311 -0.1142, -0.3976 0.7978 -0.1025, -0.6024 0.7978 -0.1025, -0.3976 0.768 -0.0838, -0.6024 0.768 -0.0838, -0.3976 0.743 -0.0588, -0.6024 0.743 -0.0588, -0.3976 0.7243 -0.029, -0.6024 0.7243 -0.029, -0.3976 0.7126 0.0043, -0.6024 0.7126 0.0043, -0.6024 0.7901 0.019, -0.3976 0.7901 0.019, -0.6024 0.798 0.0, -0.3976 0.798 0.0, -0.6024 0.8105 -0.0163, -0.3976 0.8105 -0.0163, -0.6024 0.8268 -0.0288, -0.3976 0.8268 -0.0288, -0.6024 0.8458 -0.0367, -0.3976 0.8458 -0.0367, 0.6614 0.7075 0.2362, 0.6614 0.7869 0.2362, 0.6649 0.7066 0.2362, 0.6853 0.7827 0.2362, 0.6791 0.7007 0.2362, 0.7185 0.7689 0.2362, 0.6914 0.6914 0.2362, 0.747 0.747 0.2362, 0.7007 0.6791 0.2362, 0.7689 0.7185 0.2362, 0.7066 0.6649 0.2362, 0.7827 0.6853 0.2362, 0.7087 0.6496 0.2362, 0.7874 0.6496 0.2362, 0.7087 0.2717 0.2362, 0.7874 0.2717 0.2362, 0.4016 0.7087 0.6299, 0.4016 0.7874 0.6299, 0.3504 0.7087 0.6299, 0.3504 0.7874 0.6299, 0.3351 0.7066 0.6299, 0.3147 0.7827 0.6299, 0.3209 0.7007 0.6299, 0.2815 0.7689 0.6299, 0.3086 0.6914 0.6299, 0.253 0.747 0.6299, 0.2993 0.6791 0.6299, 0.2311 0.7185 0.6299, 0.2934 0.6649 0.6299, 0.2173 0.6853 0.6299, 0.2913 0.6496 0.6299, 0.2126 0.6496 0.6299, 0.2913 0.5984 0.6299, 0.2126 0.5984 0.6299, 0.7087 0.4016 0.6299, 0.7087 0.2126 0.6299, 0.7874 0.4016 0.6299, 0.7874 0.2126 0.6299, 0.7087 0.5984 0.6299, 0.7874 0.5984 0.6299, 0.7087 0.6496 0.6299, 0.7874 0.6496 0.6299, 0.7066 0.6649 0.6299, 0.7827 0.6853 0.6299, 0.7007 0.6791 0.6299, 0.7689 0.7185 0.6299, 0.6914 0.6914 0.6299, 0.747 0.747 0.6299, 0.6791 0.7007 0.6299, 0.7185 0.7689 0.6299, 0.6649 0.7066 0.6299, 0.6853 0.7827 0.6299, 0.6496 0.7087 0.6299, 0.6496 0.7874 0.6299, 0.5984 0.7087 0.6299, 0.5984 0.7874 0.6299, 0.7874 0.2126 0.2953, 0.7087 0.2126 0.2953, 0.7874 0.2146 0.28, 0.7874 0.2205 0.2657, 0.7874 0.2299 0.2535, 0.7874 0.2421 0.2441, 0.7874 0.2564 0.2382, 0.6496 0.7874 0.235, 0.6461 0.7874 0.2342, 0.6319 0.7874 0.2283, 0.3897 0.7874 0.2067, 0.6197 0.7874 0.2189, 0.6103 0.7874 0.2067, 0.3956 0.7874 0.1925, 0.3504 0.7874 0.235, 0.3539 0.7874 0.2342, 0.3681 0.7874 0.2283, 0.3803 0.7874 0.2189, 0.6024 0.7874 0.1772, 0.6024 0.7874 0.0394, 0.3976 0.7874 0.0394, 0.6044 0.7874 0.1925, 0.3976 0.7874 0.1772, 0.3386 0.7869 0.2362, 0.3147 0.7827 0.2362, 0.2815 0.7689 0.2362, 0.253 0.747 0.2362, 0.2311 0.7185 0.2362, 0.2173 0.6853 0.2362, 0.2126 0.6496 0.2362, 0.2126 0.2126 0.2953, 0.2126 0.2126 0.6299, 0.2126 0.4016 0.6299, 0.2126 0.2205 0.2657, 0.2126 0.2146 0.28, 0.2126 0.2299 0.2535, 0.2126 0.2421 0.2441, 0.2126 0.2717 0.2362, 0.2126 0.2564 0.2382, 0.2913 0.2126 0.2953, 0.2913 0.2126 0.6299, 0.2913 0.6496 0.2362, 0.2913 0.2717 0.2362, 0.2913 0.4016 0.6299, 0.2913 0.2205 0.2657, 0.2913 0.2299 0.2535, 0.2913 0.2421 0.2441, 0.2913 0.2146 0.28, 0.2913 0.2564 0.2382, 0.3445 0.7084 0.2359, 0.3504 0.7087 0.235, 0.2934 0.6649 0.2362, 0.2993 0.6791 0.2362, 0.3086 0.6914 0.2362, 0.3209 0.7007 0.2362, 0.3351 0.7066 0.2362, 0.3386 0.7075 0.2362, 0.3681 0.7087 0.2283, 0.3803 0.7087 0.2189, 0.6044 0.7087 0.1925, 0.3897 0.7087 0.2067, 0.6496 0.7087 0.235, 0.6461 0.7087 0.2342, 0.6319 0.7087 0.2283, 0.6197 0.7087 0.2189, 0.6103 0.7087 0.2067, 0.3539 0.7087 0.2342, 0.3976 0.7087 0.1772, 0.3976 0.7087 0.0394, 0.6024 0.7087 0.0394, 0.3956 0.7087 0.1925, 0.6024 0.7087 0.1772, 0.6555 0.7084 0.2359, 0.7087 0.2146 0.28, 0.7087 0.2421 0.2441, 0.7087 0.2299 0.2535, 0.7087 0.2205 0.2657, 0.7087 0.2564 0.2382, 0.4016 0.671 1.5469, 0.4016 0.6435 1.4566, 0.5984 0.671 1.5469, 0.5984 0.6435 1.4566, 0.4016 0.7463 1.524, 0.5984 0.7463 1.524, 0.4016 0.7188 1.4337, 0.5984 0.7188 1.4337, 0.4016 0.7127 1.403, 0.5984 0.7127 1.403, 0.4016 0.7128 1.3717, 0.5984 0.7128 1.3717, 0.4016 0.7855 0.6662, 0.5984 0.7855 0.6662, 0.4016 0.7072 0.6582, 0.5984 0.7072 0.6582, 0.4016 0.6345 1.3636, 0.5984 0.6345 1.3636, 0.5984 0.6344 1.4105, 0.4016 0.6344 1.4105, 0.671 0.5984 1.5469, 0.6435 0.5984 1.4566, 0.671 0.4016 1.5469, 0.6435 0.4016 1.4566, 0.7463 0.5984 1.524, 0.7463 0.4016 1.524, 0.7188 0.5984 1.4337, 0.7188 0.4016 1.4337, 0.7127 0.5984 1.403, 0.7127 0.4016 1.403, 0.7128 0.5984 1.3717, 0.7128 0.4016 1.3717, 0.7855 0.5984 0.6662, 0.7855 0.4016 0.6662, 0.7072 0.5984 0.6582, 0.7072 0.4016 0.6582, 0.6345 0.5984 1.3636, 0.6345 0.4016 1.3636, 0.6344 0.4016 1.4105, 0.6344 0.5984 1.4105, 0.329 0.4016 1.5469, 0.3565 0.4016 1.4566, 0.329 0.5984 1.5469, 0.3565 0.5984 1.4566, 0.2537 0.4016 1.524, 0.2537 0.5984 1.524, 0.2812 0.4016 1.4337, 0.2812 0.5984 1.4337, 0.2873 0.4016 1.403, 0.2873 0.5984 1.403, 0.2872 0.4016 1.3717, 0.2872 0.5984 1.3717, 0.2145 0.4016 0.6662, 0.2145 0.5984 0.6662, 0.2928 0.4016 0.6582, 0.2928 0.5984 0.6582, 0.3655 0.4016 1.3636, 0.3655 0.5984 1.3636, 0.3656 0.5984 1.4105, 0.3656 0.4016 1.4105, 0.6024 0.8661 -0.0394, 0.5039 1.4567 -0.0394, 0.3976 0.8661 -0.0394, 0.4961 1.4567 -0.0394, 0.5735 1.4279 -0.0394, 0.5531 1.4435 -0.0394, 0.5294 1.4533 -0.0394, 0.6024 1.3583 -0.0394, 0.599 1.3837 -0.0394, 0.5892 1.4075 -0.0394, 0.4706 1.4533 -0.0394, 0.4469 1.4435 -0.0394, 0.4265 1.4279 -0.0394, 0.4108 1.4075 -0.0394, 0.401 1.3837 -0.0394, 0.3976 1.3583 -0.0394, 0.5039 1.4567 -0.1181, 0.4961 1.4567 -0.1181, 0.3976 0.8661 -0.1181, 0.4265 1.4279 -0.1181, 0.4469 1.4435 -0.1181, 0.4706 1.4533 -0.1181, 0.5294 1.4533 -0.1181, 0.5531 1.4435 -0.1181, 0.5735 1.4279 -0.1181, 0.6024 0.8661 -0.1181, 0.6024 1.3583 -0.1181, 0.599 1.3837 -0.1181, 0.5892 1.4075 -0.1181, 0.3976 1.3583 -0.1181, 0.401 1.3837 -0.1181, 0.4108 1.4075 -0.1181, 0.6024 0.8311 -0.1142, 0.3976 0.8311 -0.1142, 0.6024 0.7978 -0.1025, 0.3976 0.7978 -0.1025, 0.6024 0.768 -0.0838, 0.3976 0.768 -0.0838, 0.6024 0.743 -0.0588, 0.3976 0.743 -0.0588, 0.6024 0.7243 -0.029, 0.3976 0.7243 -0.029, 0.6024 0.7126 0.0043, 0.3976 0.7126 0.0043, 0.3976 0.7901 0.019, 0.6024 0.7901 0.019, 0.3976 0.798 0.0, 0.6024 0.798 0.0, 0.3976 0.8105 -0.0163, 0.6024 0.8105 -0.0163, 0.3976 0.8268 -0.0288, 0.6024 0.8268 -0.0288, 0.3976 0.8458 -0.0367, 0.6024 0.8458 -0.0367, -2.2913 -0.2717 0.2362, -2.2126 -0.2717 0.2362, -2.2913 -0.6496 0.2362, -2.2126 -0.6496 0.2362, -2.2934 -0.6649 0.2362, -2.2173 -0.6853 0.2362, -2.2993 -0.6791 0.2362, -2.2311 -0.7185 0.2362, -2.3086 -0.6914 0.2362, -2.253 -0.747 0.2362, -2.3209 -0.7007 0.2362, -2.2815 -0.7689 0.2362, -2.3351 -0.7066 0.2362, -2.3147 -0.7827 0.2362, -2.3386 -0.7075 0.2362, -2.3386 -0.7869 0.2362, -2.7087 -0.5984 0.6299, -2.7874 -0.5984 0.6299, -2.7087 -0.6496 0.6299, -2.7874 -0.6496 0.6299, -2.7066 -0.6649 0.6299, -2.7827 -0.6853 0.6299, -2.7007 -0.6791 0.6299, -2.7689 -0.7185 0.6299, -2.6914 -0.6914 0.6299, -2.747 -0.747 0.6299, -2.6791 -0.7007 0.6299, -2.7185 -0.7689 0.6299, -2.6649 -0.7066 0.6299, -2.6853 -0.7827 0.6299, -2.6496 -0.7087 0.6299, -2.6496 -0.7874 0.6299, -2.5984 -0.7087 0.6299, -2.5984 -0.7874 0.6299, -2.2913 -0.2126 0.6299, -2.2913 -0.4016 0.6299, -2.2126 -0.2126 0.6299, -2.2126 -0.4016 0.6299, -2.4016 -0.7087 0.6299, -2.4016 -0.7874 0.6299, -2.3504 -0.7087 0.6299, -2.3504 -0.7874 0.6299, -2.3351 -0.7066 0.6299, -2.3147 -0.7827 0.6299, -2.3209 -0.7007 0.6299, -2.2815 -0.7689 0.6299, -2.3086 -0.6914 0.6299, -2.253 -0.747 0.6299, -2.2993 -0.6791 0.6299, -2.2311 -0.7185 0.6299, -2.2934 -0.6649 0.6299, -2.2173 -0.6853 0.6299, -2.2913 -0.6496 0.6299, -2.2126 -0.6496 0.6299, -2.2913 -0.5984 0.6299, -2.2126 -0.5984 0.6299, -2.2126 -0.2126 0.2953, -2.2913 -0.2126 0.2953, -2.2126 -0.2146 0.28, -2.2126 -0.2564 0.2382, -2.2126 -0.2421 0.2441, -2.2126 -0.2205 0.2657, -2.2126 -0.2299 0.2535, -2.3504 -0.7874 0.235, -2.6319 -0.7874 0.2283, -2.6197 -0.7874 0.2189, -2.3956 -0.7874 0.1925, -2.6103 -0.7874 0.2067, -2.6024 -0.7874 0.1772, -2.6024 -0.7874 0.0394, -2.3976 -0.7874 0.0394, -2.3539 -0.7874 0.2342, -2.3681 -0.7874 0.2283, -2.3803 -0.7874 0.2189, -2.3897 -0.7874 0.2067, -2.6496 -0.7874 0.235, -2.6461 -0.7874 0.2342, -2.6044 -0.7874 0.1925, -2.3976 -0.7874 0.1772, -2.6614 -0.7869 0.2362, -2.6853 -0.7827 0.2362, -2.7185 -0.7689 0.2362, -2.747 -0.747 0.2362, -2.7689 -0.7185 0.2362, -2.7827 -0.6853 0.2362, -2.7874 -0.6496 0.2362, -2.7874 -0.4016 0.6299, -2.7874 -0.2717 0.2362, -2.7874 -0.2126 0.6299, -2.7874 -0.2126 0.2953, -2.7874 -0.2146 0.28, -2.7874 -0.2421 0.2441, -2.7874 -0.2564 0.2382, -2.7874 -0.2299 0.2535, -2.7874 -0.2205 0.2657, -2.7087 -0.2126 0.6299, -2.7087 -0.2126 0.2953, -2.7087 -0.2146 0.28, -2.7087 -0.2717 0.2362, -2.7087 -0.2564 0.2382, -2.7087 -0.2421 0.2441, -2.7087 -0.2299 0.2535, -2.7087 -0.6496 0.2362, -2.7087 -0.4016 0.6299, -2.7087 -0.2205 0.2657, -2.6496 -0.7087 0.235, -2.6555 -0.7084 0.2359, -2.6614 -0.7075 0.2362, -2.6649 -0.7066 0.2362, -2.6791 -0.7007 0.2362, -2.6914 -0.6914 0.2362, -2.7007 -0.6791 0.2362, -2.7066 -0.6649 0.2362, -2.3681 -0.7087 0.2283, -2.3803 -0.7087 0.2189, -2.6044 -0.7087 0.1925, -2.3897 -0.7087 0.2067, -2.3976 -0.7087 0.1772, -2.3976 -0.7087 0.0394, -2.6024 -0.7087 0.0394, -2.6461 -0.7087 0.2342, -2.6319 -0.7087 0.2283, -2.6197 -0.7087 0.2189, -2.6103 -0.7087 0.2067, -2.3504 -0.7087 0.235, -2.3539 -0.7087 0.2342, -2.3956 -0.7087 0.1925, -2.6024 -0.7087 0.1772, -2.3445 -0.7084 0.2359, -2.2913 -0.2564 0.2382, -2.2913 -0.2205 0.2657, -2.2913 -0.2299 0.2535, -2.2913 -0.2421 0.2441, -2.2913 -0.2146 0.28, -2.5984 -0.6435 1.4566, -2.5984 -0.671 1.5469, -2.4016 -0.6435 1.4566, -2.4016 -0.671 1.5469, -2.5984 -0.7463 1.524, -2.4016 -0.7463 1.524, -2.5984 -0.7188 1.4337, -2.4016 -0.7188 1.4337, -2.5984 -0.7128 1.3717, -2.4016 -0.7128 1.3717, -2.5984 -0.7127 1.403, -2.4016 -0.7127 1.403, -2.5984 -0.7855 0.6662, -2.4016 -0.7855 0.6662, -2.5984 -0.7072 0.6582, -2.4016 -0.7072 0.6582, -2.5984 -0.6345 1.3636, -2.4016 -0.6345 1.3636, -2.4016 -0.6344 1.4105, -2.5984 -0.6344 1.4105, -2.3565 -0.5984 1.4566, -2.329 -0.5984 1.5469, -2.3565 -0.4016 1.4566, -2.329 -0.4016 1.5469, -2.2537 -0.5984 1.524, -2.2537 -0.4016 1.524, -2.2812 -0.5984 1.4337, -2.2812 -0.4016 1.4337, -2.2872 -0.5984 1.3717, -2.2872 -0.4016 1.3717, -2.2873 -0.5984 1.403, -2.2873 -0.4016 1.403, -2.2145 -0.5984 0.6662, -2.2145 -0.4016 0.6662, -2.2928 -0.5984 0.6582, -2.2928 -0.4016 0.6582, -2.3655 -0.5984 1.3636, -2.3655 -0.4016 1.3636, -2.3656 -0.4016 1.4105, -2.3656 -0.5984 1.4105, -2.6435 -0.4016 1.4566, -2.671 -0.4016 1.5469, -2.6435 -0.5984 1.4566, -2.671 -0.5984 1.5469, -2.7463 -0.4016 1.524, -2.7463 -0.5984 1.524, -2.7188 -0.4016 1.4337, -2.7188 -0.5984 1.4337, -2.7128 -0.4016 1.3717, -2.7128 -0.5984 1.3717, -2.7127 -0.4016 1.403, -2.7127 -0.5984 1.403, -2.7855 -0.4016 0.6662, -2.7855 -0.5984 0.6662, -2.7072 -0.4016 0.6582, -2.7072 -0.5984 0.6582, -2.6345 -0.4016 1.3636, -2.6345 -0.5984 1.3636, -2.6344 -0.5984 1.4105, -2.6344 -0.4016 1.4105, -2.6024 -0.8661 -0.0394, -2.5039 -1.4567 -0.0394, -2.3976 -0.8661 -0.0394, -2.4961 -1.4567 -0.0394, -2.5531 -1.4435 -0.0394, -2.599 -1.3837 -0.0394, -2.5735 -1.4279 -0.0394, -2.5892 -1.4075 -0.0394, -2.6024 -1.3583 -0.0394, -2.5294 -1.4533 -0.0394, -2.4706 -1.4533 -0.0394, -2.401 -1.3837 -0.0394, -2.3976 -1.3583 -0.0394, -2.4469 -1.4435 -0.0394, -2.4265 -1.4279 -0.0394, -2.4108 -1.4075 -0.0394, -2.5039 -1.4567 -0.1181, -2.4961 -1.4567 -0.1181, -2.3976 -0.8661 -0.1181, -2.6024 -0.8661 -0.1181, -2.6024 -1.3583 -0.1181, -2.599 -1.3837 -0.1181, -2.5294 -1.4533 -0.1181, -2.5531 -1.4435 -0.1181, -2.5735 -1.4279 -0.1181, -2.5892 -1.4075 -0.1181, -2.4469 -1.4435 -0.1181, -2.401 -1.3837 -0.1181, -2.4265 -1.4279 -0.1181, -2.4108 -1.4075 -0.1181, -2.3976 -1.3583 -0.1181, -2.4706 -1.4533 -0.1181, -2.3976 -0.7126 0.0043, -2.6024 -0.7126 0.0043, -2.3976 -0.7243 -0.029, -2.6024 -0.7243 -0.029, -2.3976 -0.743 -0.0588, -2.6024 -0.743 -0.0588, -2.3976 -0.768 -0.0838, -2.6024 -0.768 -0.0838, -2.3976 -0.7978 -0.1025, -2.6024 -0.7978 -0.1025, -2.3976 -0.8311 -0.1142, -2.6024 -0.8311 -0.1142, -2.6024 -0.8458 -0.0367, -2.3976 -0.8458 -0.0367, -2.6024 -0.8268 -0.0288, -2.3976 -0.8268 -0.0288, -2.6024 -0.8105 -0.0163, -2.3976 -0.8105 -0.0163, -2.6024 -0.798 0.0, -2.3976 -0.798 0.0, -2.6024 -0.7901 0.019, -2.3976 -0.7901 0.019, -1.2913 -0.2717 0.2362, -1.2126 -0.2717 0.2362, -1.2913 -0.6496 0.2362, -1.2126 -0.6496 0.2362, -1.2934 -0.6649 0.2362, -1.2173 -0.6853 0.2362, -1.2993 -0.6791 0.2362, -1.2311 -0.7185 0.2362, -1.3086 -0.6914 0.2362, -1.253 -0.747 0.2362, -1.3209 -0.7007 0.2362, -1.2815 -0.7689 0.2362, -1.3351 -0.7066 0.2362, -1.3147 -0.7827 0.2362, -1.3386 -0.7075 0.2362, -1.3386 -0.7869 0.2362, -1.7087 -0.5984 0.6299, -1.7874 -0.5984 0.6299, -1.7087 -0.6496 0.6299, -1.7874 -0.6496 0.6299, -1.7066 -0.6649 0.6299, -1.7827 -0.6853 0.6299, -1.7007 -0.6791 0.6299, -1.7689 -0.7185 0.6299, -1.6914 -0.6914 0.6299, -1.747 -0.747 0.6299, -1.6791 -0.7007 0.6299, -1.7185 -0.7689 0.6299, -1.6649 -0.7066 0.6299, -1.6853 -0.7827 0.6299, -1.6496 -0.7087 0.6299, -1.6496 -0.7874 0.6299, -1.5984 -0.7087 0.6299, -1.5984 -0.7874 0.6299, -1.2913 -0.2126 0.6299, -1.2913 -0.4016 0.6299, -1.2126 -0.2126 0.6299, -1.2126 -0.4016 0.6299, -1.4016 -0.7087 0.6299, -1.4016 -0.7874 0.6299, -1.3504 -0.7087 0.6299, -1.3504 -0.7874 0.6299, -1.3351 -0.7066 0.6299, -1.3147 -0.7827 0.6299, -1.3209 -0.7007 0.6299, -1.2815 -0.7689 0.6299, -1.3086 -0.6914 0.6299, -1.253 -0.747 0.6299, -1.2993 -0.6791 0.6299, -1.2311 -0.7185 0.6299, -1.2934 -0.6649 0.6299, -1.2173 -0.6853 0.6299, -1.2913 -0.6496 0.6299, -1.2126 -0.6496 0.6299, -1.2913 -0.5984 0.6299, -1.2126 -0.5984 0.6299, -1.2126 -0.2126 0.2953, -1.2913 -0.2126 0.2953, -1.2126 -0.2146 0.28, -1.2126 -0.2205 0.2657, -1.2126 -0.2299 0.2535, -1.2126 -0.2564 0.2382, -1.2126 -0.2421 0.2441, -1.3504 -0.7874 0.235, -1.3803 -0.7874 0.2189, -1.3681 -0.7874 0.2283, -1.3539 -0.7874 0.2342, -1.6496 -0.7874 0.235, -1.6461 -0.7874 0.2342, -1.6319 -0.7874 0.2283, -1.6197 -0.7874 0.2189, -1.6103 -0.7874 0.2067, -1.3956 -0.7874 0.1925, -1.3897 -0.7874 0.2067, -1.6024 -0.7874 0.1772, -1.6024 -0.7874 0.0394, -1.3976 -0.7874 0.0394, -1.6044 -0.7874 0.1925, -1.3976 -0.7874 0.1772, -1.6614 -0.7869 0.2362, -1.6853 -0.7827 0.2362, -1.7185 -0.7689 0.2362, -1.747 -0.747 0.2362, -1.7689 -0.7185 0.2362, -1.7827 -0.6853 0.2362, -1.7874 -0.6496 0.2362, -1.7874 -0.4016 0.6299, -1.7874 -0.2717 0.2362, -1.7874 -0.2126 0.6299, -1.7874 -0.2126 0.2953, -1.7874 -0.2146 0.28, -1.7874 -0.2205 0.2657, -1.7874 -0.2299 0.2535, -1.7874 -0.2564 0.2382, -1.7874 -0.2421 0.2441, -1.7087 -0.2126 0.6299, -1.7087 -0.2126 0.2953, -1.7087 -0.6496 0.2362, -1.7087 -0.2717 0.2362, -1.7087 -0.4016 0.6299, -1.7087 -0.2421 0.2441, -1.7087 -0.2299 0.2535, -1.7087 -0.2564 0.2382, -1.7087 -0.2205 0.2657, -1.7087 -0.2146 0.28, -1.6496 -0.7087 0.235, -1.6555 -0.7084 0.2359, -1.6614 -0.7075 0.2362, -1.6649 -0.7066 0.2362, -1.6791 -0.7007 0.2362, -1.6914 -0.6914 0.2362, -1.7007 -0.6791 0.2362, -1.7066 -0.6649 0.2362, -1.3897 -0.7087 0.2067, -1.6044 -0.7087 0.1925, -1.3803 -0.7087 0.2189, -1.3681 -0.7087 0.2283, -1.6461 -0.7087 0.2342, -1.6319 -0.7087 0.2283, -1.6197 -0.7087 0.2189, -1.6103 -0.7087 0.2067, -1.3504 -0.7087 0.235, -1.3539 -0.7087 0.2342, -1.3976 -0.7087 0.1772, -1.3976 -0.7087 0.0394, -1.6024 -0.7087 0.0394, -1.3956 -0.7087 0.1925, -1.6024 -0.7087 0.1772, -1.3445 -0.7084 0.2359, -1.2913 -0.2146 0.28, -1.2913 -0.2205 0.2657, -1.2913 -0.2299 0.2535, -1.2913 -0.2421 0.2441, -1.2913 -0.2564 0.2382, -1.5984 -0.6435 1.4566, -1.5984 -0.671 1.5469, -1.4016 -0.6435 1.4566, -1.4016 -0.671 1.5469, -1.5984 -0.7463 1.524, -1.4016 -0.7463 1.524, -1.5984 -0.7188 1.4337, -1.4016 -0.7188 1.4337, -1.5984 -0.7128 1.3717, -1.4016 -0.7128 1.3717, -1.5984 -0.7127 1.403, -1.4016 -0.7127 1.403, -1.5984 -0.7855 0.6662, -1.4016 -0.7855 0.6662, -1.5984 -0.7072 0.6582, -1.4016 -0.7072 0.6582, -1.5984 -0.6345 1.3636, -1.4016 -0.6345 1.3636, -1.4016 -0.6344 1.4105, -1.5984 -0.6344 1.4105, -1.3565 -0.5984 1.4566, -1.329 -0.5984 1.5469, -1.3565 -0.4016 1.4566, -1.329 -0.4016 1.5469, -1.2537 -0.5984 1.524, -1.2537 -0.4016 1.524, -1.2812 -0.5984 1.4337, -1.2812 -0.4016 1.4337, -1.2872 -0.5984 1.3717, -1.2872 -0.4016 1.3717, -1.2873 -0.5984 1.403, -1.2873 -0.4016 1.403, -1.2145 -0.5984 0.6662, -1.2145 -0.4016 0.6662, -1.2928 -0.5984 0.6582, -1.2928 -0.4016 0.6582, -1.3655 -0.5984 1.3636, -1.3655 -0.4016 1.3636, -1.3656 -0.4016 1.4105, -1.3656 -0.5984 1.4105, -1.6435 -0.4016 1.4566, -1.671 -0.4016 1.5469, -1.6435 -0.5984 1.4566, -1.671 -0.5984 1.5469, -1.7463 -0.4016 1.524, -1.7463 -0.5984 1.524, -1.7188 -0.4016 1.4337, -1.7188 -0.5984 1.4337, -1.7128 -0.4016 1.3717, -1.7128 -0.5984 1.3717, -1.7127 -0.4016 1.403, -1.7127 -0.5984 1.403, -1.7855 -0.4016 0.6662, -1.7855 -0.5984 0.6662, -1.7072 -0.4016 0.6582, -1.7072 -0.5984 0.6582, -1.6345 -0.4016 1.3636, -1.6345 -0.5984 1.3636, -1.6344 -0.5984 1.4105, -1.6344 -0.4016 1.4105, -1.6024 -0.8661 -0.0394, -1.5039 -1.4567 -0.0394, -1.3976 -0.8661 -0.0394, -1.4961 -1.4567 -0.0394, -1.5531 -1.4435 -0.0394, -1.599 -1.3837 -0.0394, -1.5735 -1.4279 -0.0394, -1.5892 -1.4075 -0.0394, -1.6024 -1.3583 -0.0394, -1.5294 -1.4533 -0.0394, -1.4706 -1.4533 -0.0394, -1.401 -1.3837 -0.0394, -1.3976 -1.3583 -0.0394, -1.4469 -1.4435 -0.0394, -1.4265 -1.4279 -0.0394, -1.4108 -1.4075 -0.0394, -1.5039 -1.4567 -0.1181, -1.4961 -1.4567 -0.1181, -1.3976 -0.8661 -0.1181, -1.6024 -0.8661 -0.1181, -1.6024 -1.3583 -0.1181, -1.599 -1.3837 -0.1181, -1.5294 -1.4533 -0.1181, -1.5531 -1.4435 -0.1181, -1.5735 -1.4279 -0.1181, -1.5892 -1.4075 -0.1181, -1.4469 -1.4435 -0.1181, -1.401 -1.3837 -0.1181, -1.4265 -1.4279 -0.1181, -1.4108 -1.4075 -0.1181, -1.3976 -1.3583 -0.1181, -1.4706 -1.4533 -0.1181, -1.3976 -0.7126 0.0043, -1.6024 -0.7126 0.0043, -1.3976 -0.7243 -0.029, -1.6024 -0.7243 -0.029, -1.3976 -0.743 -0.0588, -1.6024 -0.743 -0.0588, -1.3976 -0.768 -0.0838, -1.6024 -0.768 -0.0838, -1.3976 -0.7978 -0.1025, -1.6024 -0.7978 -0.1025, -1.3976 -0.8311 -0.1142, -1.6024 -0.8311 -0.1142, -1.6024 -0.8458 -0.0367, -1.3976 -0.8458 -0.0367, -1.6024 -0.8268 -0.0288, -1.3976 -0.8268 -0.0288, -1.6024 -0.8105 -0.0163, -1.3976 -0.8105 -0.0163, -1.6024 -0.798 0.0, -1.3976 -0.798 0.0, -1.6024 -0.7901 0.019, -1.3976 -0.7901 0.019, -0.2913 -0.2717 0.2362, -0.2126 -0.2717 0.2362, -0.2913 -0.6496 0.2362, -0.2126 -0.6496 0.2362, -0.2934 -0.6649 0.2362, -0.2173 -0.6853 0.2362, -0.2993 -0.6791 0.2362, -0.2311 -0.7185 0.2362, -0.3086 -0.6914 0.2362, -0.253 -0.747 0.2362, -0.3209 -0.7007 0.2362, -0.2815 -0.7689 0.2362, -0.3351 -0.7066 0.2362, -0.3147 -0.7827 0.2362, -0.3386 -0.7075 0.2362, -0.3386 -0.7869 0.2362, -0.7087 -0.5984 0.6299, -0.7874 -0.5984 0.6299, -0.7087 -0.6496 0.6299, -0.7874 -0.6496 0.6299, -0.7066 -0.6649 0.6299, -0.7827 -0.6853 0.6299, -0.7007 -0.6791 0.6299, -0.7689 -0.7185 0.6299, -0.6914 -0.6914 0.6299, -0.747 -0.747 0.6299, -0.6791 -0.7007 0.6299, -0.7185 -0.7689 0.6299, -0.6649 -0.7066 0.6299, -0.6853 -0.7827 0.6299, -0.6496 -0.7087 0.6299, -0.6496 -0.7874 0.6299, -0.5984 -0.7087 0.6299, -0.5984 -0.7874 0.6299, -0.2913 -0.2126 0.6299, -0.2913 -0.4016 0.6299, -0.2126 -0.2126 0.6299, -0.2126 -0.4016 0.6299, -0.4016 -0.7087 0.6299, -0.4016 -0.7874 0.6299, -0.3504 -0.7087 0.6299, -0.3504 -0.7874 0.6299, -0.3351 -0.7066 0.6299, -0.3147 -0.7827 0.6299, -0.3209 -0.7007 0.6299, -0.2815 -0.7689 0.6299, -0.3086 -0.6914 0.6299, -0.253 -0.747 0.6299, -0.2993 -0.6791 0.6299, -0.2311 -0.7185 0.6299, -0.2934 -0.6649 0.6299, -0.2173 -0.6853 0.6299, -0.2913 -0.6496 0.6299, -0.2126 -0.6496 0.6299, -0.2913 -0.5984 0.6299, -0.2126 -0.5984 0.6299, -0.2126 -0.2126 0.2953, -0.2913 -0.2126 0.2953, -0.2126 -0.2146 0.28, -0.2126 -0.2564 0.2382, -0.2126 -0.2421 0.2441, -0.2126 -0.2205 0.2657, -0.2126 -0.2299 0.2535, -0.3504 -0.7874 0.235, -0.3897 -0.7874 0.2067, -0.3803 -0.7874 0.2189, -0.6103 -0.7874 0.2067, -0.3956 -0.7874 0.1925, -0.3539 -0.7874 0.2342, -0.3681 -0.7874 0.2283, -0.6496 -0.7874 0.235, -0.6461 -0.7874 0.2342, -0.6319 -0.7874 0.2283, -0.6197 -0.7874 0.2189, -0.6024 -0.7874 0.1772, -0.6024 -0.7874 0.0394, -0.3976 -0.7874 0.0394, -0.6044 -0.7874 0.1925, -0.3976 -0.7874 0.1772, -0.6614 -0.7869 0.2362, -0.6853 -0.7827 0.2362, -0.7185 -0.7689 0.2362, -0.747 -0.747 0.2362, -0.7689 -0.7185 0.2362, -0.7827 -0.6853 0.2362, -0.7874 -0.6496 0.2362, -0.7874 -0.4016 0.6299, -0.7874 -0.2717 0.2362, -0.7874 -0.2126 0.6299, -0.7874 -0.2126 0.2953, -0.7874 -0.2146 0.28, -0.7874 -0.2421 0.2441, -0.7874 -0.2564 0.2382, -0.7874 -0.2299 0.2535, -0.7874 -0.2205 0.2657, -0.7087 -0.2126 0.6299, -0.7087 -0.2126 0.2953, -0.7087 -0.2146 0.28, -0.7087 -0.2717 0.2362, -0.7087 -0.2564 0.2382, -0.7087 -0.2421 0.2441, -0.7087 -0.2299 0.2535, -0.7087 -0.6496 0.2362, -0.7087 -0.4016 0.6299, -0.7087 -0.2205 0.2657, -0.6496 -0.7087 0.235, -0.6555 -0.7084 0.2359, -0.6614 -0.7075 0.2362, -0.6649 -0.7066 0.2362, -0.6791 -0.7007 0.2362, -0.6914 -0.6914 0.2362, -0.7007 -0.6791 0.2362, -0.7066 -0.6649 0.2362, -0.3897 -0.7087 0.2067, -0.6044 -0.7087 0.1925, -0.3803 -0.7087 0.2189, -0.6103 -0.7087 0.2067, -0.6197 -0.7087 0.2189, -0.6319 -0.7087 0.2283, -0.6461 -0.7087 0.2342, -0.3976 -0.7087 0.1772, -0.3976 -0.7087 0.0394, -0.6024 -0.7087 0.0394, -0.3681 -0.7087 0.2283, -0.3539 -0.7087 0.2342, -0.3504 -0.7087 0.235, -0.3956 -0.7087 0.1925, -0.6024 -0.7087 0.1772, -0.3445 -0.7084 0.2359, -0.2913 -0.2564 0.2382, -0.2913 -0.2205 0.2657, -0.2913 -0.2299 0.2535, -0.2913 -0.2421 0.2441, -0.2913 -0.2146 0.28, -0.5984 -0.6435 1.4566, -0.5984 -0.671 1.5469, -0.4016 -0.6435 1.4566, -0.4016 -0.671 1.5469, -0.5984 -0.7463 1.524, -0.4016 -0.7463 1.524, -0.5984 -0.7188 1.4337, -0.4016 -0.7188 1.4337, -0.5984 -0.7128 1.3717, -0.4016 -0.7128 1.3717, -0.5984 -0.7127 1.403, -0.4016 -0.7127 1.403, -0.5984 -0.7855 0.6662, -0.4016 -0.7855 0.6662, -0.5984 -0.7072 0.6582, -0.4016 -0.7072 0.6582, -0.5984 -0.6345 1.3636, -0.4016 -0.6345 1.3636, -0.4016 -0.6344 1.4105, -0.5984 -0.6344 1.4105, -0.3565 -0.5984 1.4566, -0.329 -0.5984 1.5469, -0.3565 -0.4016 1.4566, -0.329 -0.4016 1.5469, -0.2537 -0.5984 1.524, -0.2537 -0.4016 1.524, -0.2812 -0.5984 1.4337, -0.2812 -0.4016 1.4337, -0.2872 -0.5984 1.3717, -0.2872 -0.4016 1.3717, -0.2873 -0.5984 1.403, -0.2873 -0.4016 1.403, -0.2145 -0.5984 0.6662, -0.2145 -0.4016 0.6662, -0.2928 -0.5984 0.6582, -0.2928 -0.4016 0.6582, -0.3655 -0.5984 1.3636, -0.3655 -0.4016 1.3636, -0.3656 -0.4016 1.4105, -0.3656 -0.5984 1.4105, -0.6435 -0.4016 1.4566, -0.671 -0.4016 1.5469, -0.6435 -0.5984 1.4566, -0.671 -0.5984 1.5469, -0.7463 -0.4016 1.524, -0.7463 -0.5984 1.524, -0.7188 -0.4016 1.4337, -0.7188 -0.5984 1.4337, -0.7128 -0.4016 1.3717, -0.7128 -0.5984 1.3717, -0.7127 -0.4016 1.403, -0.7127 -0.5984 1.403, -0.7855 -0.4016 0.6662, -0.7855 -0.5984 0.6662, -0.7072 -0.4016 0.6582, -0.7072 -0.5984 0.6582, -0.6345 -0.4016 1.3636, -0.6345 -0.5984 1.3636, -0.6344 -0.5984 1.4105, -0.6344 -0.4016 1.4105, -0.3976 -1.3583 -0.0394, -0.3976 -0.8661 -0.0394, -0.5039 -1.4567 -0.0394, -0.6024 -0.8661 -0.0394, -0.6024 -1.3583 -0.0394, -0.599 -1.3837 -0.0394, -0.5892 -1.4075 -0.0394, -0.5735 -1.4279 -0.0394, -0.5294 -1.4533 -0.0394, -0.5531 -1.4435 -0.0394, -0.4961 -1.4567 -0.0394, -0.4706 -1.4533 -0.0394, -0.4469 -1.4435 -0.0394, -0.4265 -1.4279 -0.0394, -0.4108 -1.4075 -0.0394, -0.401 -1.3837 -0.0394, -0.5039 -1.4567 -0.1181, -0.4961 -1.4567 -0.1181, -0.6024 -0.8661 -0.1181, -0.3976 -0.8661 -0.1181, -0.6024 -1.3583 -0.1181, -0.3976 -1.3583 -0.1181, -0.401 -1.3837 -0.1181, -0.4108 -1.4075 -0.1181, -0.4265 -1.4279 -0.1181, -0.4469 -1.4435 -0.1181, -0.4706 -1.4533 -0.1181, -0.5294 -1.4533 -0.1181, -0.5531 -1.4435 -0.1181, -0.5735 -1.4279 -0.1181, -0.5892 -1.4075 -0.1181, -0.599 -1.3837 -0.1181, -0.3976 -0.7126 0.0043, -0.6024 -0.7126 0.0043, -0.3976 -0.7243 -0.029, -0.6024 -0.7243 -0.029, -0.3976 -0.743 -0.0588, -0.6024 -0.743 -0.0588, -0.3976 -0.768 -0.0838, -0.6024 -0.768 -0.0838, -0.3976 -0.7978 -0.1025, -0.6024 -0.7978 -0.1025, -0.3976 -0.8311 -0.1142, -0.6024 -0.8311 -0.1142, -0.6024 -0.8458 -0.0367, -0.3976 -0.8458 -0.0367, -0.6024 -0.8268 -0.0288, -0.3976 -0.8268 -0.0288, -0.6024 -0.8105 -0.0163, -0.3976 -0.8105 -0.0163, -0.6024 -0.798 0.0, -0.3976 -0.798 0.0, -0.6024 -0.7901 0.019, -0.3976 -0.7901 0.019, 0.7087 -0.2717 0.2362, 0.7874 -0.2717 0.2362, 0.7087 -0.6496 0.2362, 0.7874 -0.6496 0.2362, 0.7066 -0.6649 0.2362, 0.7827 -0.6853 0.2362, 0.7007 -0.6791 0.2362, 0.7689 -0.7185 0.2362, 0.6914 -0.6914 0.2362, 0.747 -0.747 0.2362, 0.6791 -0.7007 0.2362, 0.7185 -0.7689 0.2362, 0.6649 -0.7066 0.2362, 0.6853 -0.7827 0.2362, 0.6614 -0.7075 0.2362, 0.6614 -0.7869 0.2362, 0.2913 -0.5984 0.6299, 0.2126 -0.5984 0.6299, 0.2913 -0.6496 0.6299, 0.2126 -0.6496 0.6299, 0.2934 -0.6649 0.6299, 0.2173 -0.6853 0.6299, 0.2993 -0.6791 0.6299, 0.2311 -0.7185 0.6299, 0.3086 -0.6914 0.6299, 0.253 -0.747 0.6299, 0.3209 -0.7007 0.6299, 0.2815 -0.7689 0.6299, 0.3351 -0.7066 0.6299, 0.3147 -0.7827 0.6299, 0.3504 -0.7087 0.6299, 0.3504 -0.7874 0.6299, 0.4016 -0.7087 0.6299, 0.4016 -0.7874 0.6299, 0.7087 -0.2126 0.6299, 0.7087 -0.4016 0.6299, 0.7874 -0.2126 0.6299, 0.7874 -0.4016 0.6299, 0.5984 -0.7087 0.6299, 0.5984 -0.7874 0.6299, 0.6496 -0.7087 0.6299, 0.6496 -0.7874 0.6299, 0.6649 -0.7066 0.6299, 0.6853 -0.7827 0.6299, 0.6791 -0.7007 0.6299, 0.7185 -0.7689 0.6299, 0.6914 -0.6914 0.6299, 0.747 -0.747 0.6299, 0.7007 -0.6791 0.6299, 0.7689 -0.7185 0.6299, 0.7066 -0.6649 0.6299, 0.7827 -0.6853 0.6299, 0.7087 -0.6496 0.6299, 0.7874 -0.6496 0.6299, 0.7087 -0.5984 0.6299, 0.7874 -0.5984 0.6299, 0.7874 -0.2126 0.2953, 0.7087 -0.2126 0.2953, 0.7874 -0.2146 0.28, 0.7874 -0.2205 0.2657, 0.7874 -0.2299 0.2535, 0.7874 -0.2564 0.2382, 0.7874 -0.2421 0.2441, 0.6496 -0.7874 0.235, 0.3897 -0.7874 0.2067, 0.6044 -0.7874 0.1925, 0.3803 -0.7874 0.2189, 0.6103 -0.7874 0.2067, 0.6197 -0.7874 0.2189, 0.6319 -0.7874 0.2283, 0.6461 -0.7874 0.2342, 0.3976 -0.7874 0.1772, 0.3976 -0.7874 0.0394, 0.6024 -0.7874 0.0394, 0.3681 -0.7874 0.2283, 0.3539 -0.7874 0.2342, 0.3504 -0.7874 0.235, 0.3956 -0.7874 0.1925, 0.6024 -0.7874 0.1772, 0.3386 -0.7869 0.2362, 0.3147 -0.7827 0.2362, 0.2815 -0.7689 0.2362, 0.253 -0.747 0.2362, 0.2311 -0.7185 0.2362, 0.2173 -0.6853 0.2362, 0.2126 -0.6496 0.2362, 0.2126 -0.4016 0.6299, 0.2126 -0.2717 0.2362, 0.2126 -0.2126 0.6299, 0.2126 -0.2126 0.2953, 0.2126 -0.2146 0.28, 0.2126 -0.2205 0.2657, 0.2126 -0.2299 0.2535, 0.2126 -0.2564 0.2382, 0.2126 -0.2421 0.2441, 0.2913 -0.2126 0.6299, 0.2913 -0.2126 0.2953, 0.2913 -0.6496 0.2362, 0.2913 -0.2717 0.2362, 0.2913 -0.4016 0.6299, 0.2913 -0.2421 0.2441, 0.2913 -0.2299 0.2535, 0.2913 -0.2564 0.2382, 0.2913 -0.2205 0.2657, 0.2913 -0.2146 0.28, 0.3504 -0.7087 0.235, 0.3445 -0.7084 0.2359, 0.3386 -0.7075 0.2362, 0.3351 -0.7066 0.2362, 0.3209 -0.7007 0.2362, 0.3086 -0.6914 0.2362, 0.2993 -0.6791 0.2362, 0.2934 -0.6649 0.2362, 0.3897 -0.7087 0.2067, 0.3803 -0.7087 0.2189, 0.6103 -0.7087 0.2067, 0.3956 -0.7087 0.1925, 0.3539 -0.7087 0.2342, 0.3681 -0.7087 0.2283, 0.6496 -0.7087 0.235, 0.6461 -0.7087 0.2342, 0.6319 -0.7087 0.2283, 0.6197 -0.7087 0.2189, 0.6024 -0.7087 0.1772, 0.6024 -0.7087 0.0394, 0.3976 -0.7087 0.0394, 0.6044 -0.7087 0.1925, 0.3976 -0.7087 0.1772, 0.6555 -0.7084 0.2359, 0.7087 -0.2146 0.28, 0.7087 -0.2205 0.2657, 0.7087 -0.2299 0.2535, 0.7087 -0.2421 0.2441, 0.7087 -0.2564 0.2382, 0.4016 -0.6435 1.4566, 0.4016 -0.671 1.5469, 0.5984 -0.6435 1.4566, 0.5984 -0.671 1.5469, 0.4016 -0.7463 1.524, 0.5984 -0.7463 1.524, 0.4016 -0.7188 1.4337, 0.5984 -0.7188 1.4337, 0.4016 -0.7128 1.3717, 0.5984 -0.7128 1.3717, 0.4016 -0.7127 1.403, 0.5984 -0.7127 1.403, 0.4016 -0.7855 0.6662, 0.5984 -0.7855 0.6662, 0.4016 -0.7072 0.6582, 0.5984 -0.7072 0.6582, 0.4016 -0.6345 1.3636, 0.5984 -0.6345 1.3636, 0.5984 -0.6344 1.4105, 0.4016 -0.6344 1.4105, 0.6435 -0.5984 1.4566, 0.671 -0.5984 1.5469, 0.6435 -0.4016 1.4566, 0.671 -0.4016 1.5469, 0.7463 -0.5984 1.524, 0.7463 -0.4016 1.524, 0.7188 -0.5984 1.4337, 0.7188 -0.4016 1.4337, 0.7128 -0.5984 1.3717, 0.7128 -0.4016 1.3717, 0.7127 -0.5984 1.403, 0.7127 -0.4016 1.403, 0.7855 -0.5984 0.6662, 0.7855 -0.4016 0.6662, 0.7072 -0.5984 0.6582, 0.7072 -0.4016 0.6582, 0.6345 -0.5984 1.3636, 0.6345 -0.4016 1.3636, 0.6344 -0.4016 1.4105, 0.6344 -0.5984 1.4105, 0.3565 -0.4016 1.4566, 0.329 -0.4016 1.5469, 0.3565 -0.5984 1.4566, 0.329 -0.5984 1.5469, 0.2537 -0.4016 1.524, 0.2537 -0.5984 1.524, 0.2812 -0.4016 1.4337, 0.2812 -0.5984 1.4337, 0.2872 -0.4016 1.3717, 0.2872 -0.5984 1.3717, 0.2873 -0.4016 1.403, 0.2873 -0.5984 1.403, 0.2145 -0.4016 0.6662, 0.2145 -0.5984 0.6662, 0.2928 -0.4016 0.6582, 0.2928 -0.5984 0.6582, 0.3655 -0.4016 1.3636, 0.3655 -0.5984 1.3636, 0.3656 -0.5984 1.4105, 0.3656 -0.4016 1.4105, 0.6024 -1.3583 -0.0394, 0.6024 -0.8661 -0.0394, 0.3976 -0.8661 -0.0394, 0.4706 -1.4533 -0.0394, 0.4961 -1.4567 -0.0394, 0.3976 -1.3583 -0.0394, 0.401 -1.3837 -0.0394, 0.4108 -1.4075 -0.0394, 0.4265 -1.4279 -0.0394, 0.4469 -1.4435 -0.0394, 0.5039 -1.4567 -0.0394, 0.5294 -1.4533 -0.0394, 0.5531 -1.4435 -0.0394, 0.5735 -1.4279 -0.0394, 0.5892 -1.4075 -0.0394, 0.599 -1.3837 -0.0394, 0.4961 -1.4567 -0.1181, 0.5039 -1.4567 -0.1181, 0.3976 -1.3583 -0.1181, 0.3976 -0.8661 -0.1181, 0.6024 -0.8661 -0.1181, 0.5294 -1.4533 -0.1181, 0.6024 -1.3583 -0.1181, 0.599 -1.3837 -0.1181, 0.5892 -1.4075 -0.1181, 0.5735 -1.4279 -0.1181, 0.5531 -1.4435 -0.1181, 0.4469 -1.4435 -0.1181, 0.4265 -1.4279 -0.1181, 0.4108 -1.4075 -0.1181, 0.4706 -1.4533 -0.1181, 0.401 -1.3837 -0.1181, 0.6024 -0.7126 0.0043, 0.3976 -0.7126 0.0043, 0.6024 -0.7243 -0.029, 0.3976 -0.7243 -0.029, 0.6024 -0.743 -0.0588, 0.3976 -0.743 -0.0588, 0.6024 -0.768 -0.0838, 0.3976 -0.768 -0.0838, 0.6024 -0.7978 -0.1025, 0.3976 -0.7978 -0.1025, 0.6024 -0.8311 -0.1142, 0.3976 -0.8311 -0.1142, 0.3976 -0.8458 -0.0367, 0.6024 -0.8458 -0.0367, 0.3976 -0.8268 -0.0288, 0.6024 -0.8268 -0.0288, 0.3976 -0.8105 -0.0163, 0.6024 -0.8105 -0.0163, 0.3976 -0.798 0.0, 0.6024 -0.798 0.0, 0.3976 -0.7901 0.019, 0.6024 -0.7901 0.019, 0.6024 -0.7901 0.019
            ]
        }
        coordIndex [
            0,1,2,-1,2,1,3,-1,2,3,4,-1,4,3,5,-1,4,5,6,-1,6,5,7,-1,6,7,8,-1,8,7,9,-1,8,9,10,-1,10,9,11,-1,10,11,12,-1,12,11,13,-1,12,13,14,-1,14,13,15,-1,16,17,18,-1,18,17,19,-1,18,19,20,-1,20,19,21,-1,20,21,22,-1,22,21,23,-1,22,23,24,-1,24,23,25,-1,24,25,26,-1,26,25,27,-1,26,27,28,-1,28,27,29,-1,28,29,30,-1,30,29,31,-1,30,31,32,-1,32,31,33,-1,34,35,36,-1,36,35,37,-1,38,39,40,-1,40,39,41,-1,40,41,42,-1,42,41,43,-1,42,43,44,-1,44,43,45,-1,44,45,46,-1,46,45,47,-1,46,47,48,-1,48,47,49,-1,48,49,50,-1,50,49,51,-1,50,51,52,-1,52,51,53,-1,52,53,54,-1,54,53,55,-1,56,37,57,-1,57,37,35,-1,13,41,39,-1,13,39,15,-1,15,39,36,-1,15,36,37,-1,37,56,15,-1,15,56,58,-1,15,58,59,-1,59,60,15,-1,15,60,61,-1,15,61,62,-1,1,63,53,-1,1,53,3,-1,53,51,3,-1,3,51,49,-1,3,49,5,-1,5,49,47,-1,5,47,7,-1,7,47,45,-1,7,45,9,-1,9,45,43,-1,9,43,11,-1,11,43,41,-1,11,41,13,-1,53,63,55,-1,55,63,64,-1,55,64,17,-1,17,64,65,-1,17,65,19,-1,19,65,66,-1,19,66,67,-1,67,66,68,-1,67,68,69,-1,69,68,70,-1,71,72,73,-1,73,74,71,-1,71,74,75,-1,71,75,76,-1,76,75,77,-1,76,77,68,-1,68,77,78,-1,68,78,70,-1,19,67,79,-1,19,79,21,-1,79,80,21,-1,21,80,81,-1,21,81,23,-1,23,81,82,-1,23,82,25,-1,25,82,83,-1,25,83,27,-1,27,83,84,-1,27,84,29,-1,29,84,85,-1,29,85,31,-1,33,31,85,-1,86,87,88,-1,89,90,91,-1,91,90,86,-1,91,86,92,-1,33,85,88,-1,88,85,93,-1,88,93,86,-1,86,93,94,-1,86,94,92,-1,95,96,86,-1,86,96,87,-1,97,30,32,-1,97,32,98,-1,32,99,98,-1,98,99,96,-1,98,96,95,-1,100,101,102,-1,95,103,98,-1,98,103,100,-1,98,100,104,-1,104,100,102,-1,105,106,18,-1,30,97,28,-1,28,97,107,-1,28,107,26,-1,26,107,108,-1,26,108,24,-1,24,108,109,-1,24,109,22,-1,22,109,110,-1,22,110,20,-1,20,110,111,-1,20,111,18,-1,18,111,112,-1,18,112,105,-1,18,106,16,-1,16,106,113,-1,16,113,54,-1,54,113,114,-1,54,114,52,-1,52,114,115,-1,52,115,116,-1,116,115,117,-1,116,117,118,-1,118,117,119,-1,120,121,122,-1,122,123,120,-1,120,123,124,-1,120,124,125,-1,125,124,126,-1,125,126,117,-1,117,126,127,-1,117,127,119,-1,116,128,52,-1,52,128,0,-1,52,0,50,-1,50,0,2,-1,50,2,48,-1,48,2,4,-1,48,4,46,-1,46,4,6,-1,46,6,44,-1,44,6,8,-1,44,8,42,-1,42,8,10,-1,42,10,40,-1,40,10,12,-1,129,57,14,-1,130,131,132,-1,40,12,38,-1,38,12,14,-1,38,14,34,-1,34,14,57,-1,34,57,35,-1,129,14,132,-1,132,14,133,-1,132,133,130,-1,87,96,88,-1,88,96,99,-1,98,93,97,-1,97,93,85,-1,97,85,107,-1,107,85,84,-1,107,84,108,-1,108,84,83,-1,108,83,109,-1,109,83,82,-1,109,82,110,-1,110,82,81,-1,110,81,111,-1,111,81,80,-1,111,80,112,-1,112,80,79,-1,134,135,136,-1,136,135,137,-1,138,134,139,-1,139,134,136,-1,140,138,141,-1,141,138,139,-1,140,141,142,-1,142,141,143,-1,142,143,144,-1,144,143,145,-1,146,144,147,-1,147,144,145,-1,147,55,146,-1,146,55,17,-1,16,54,148,-1,148,54,149,-1,150,148,151,-1,151,148,149,-1,150,151,152,-1,150,152,153,-1,153,152,137,-1,153,137,135,-1,134,138,135,-1,135,138,140,-1,135,140,153,-1,153,140,142,-1,153,142,150,-1,150,142,144,-1,150,144,148,-1,148,144,146,-1,148,146,16,-1,16,146,17,-1,54,55,149,-1,149,55,147,-1,149,147,151,-1,151,147,145,-1,151,145,152,-1,152,145,143,-1,152,143,137,-1,137,143,141,-1,137,141,136,-1,136,141,139,-1,154,155,156,-1,156,155,157,-1,158,154,159,-1,159,154,156,-1,160,158,161,-1,161,158,159,-1,160,161,162,-1,162,161,163,-1,162,163,164,-1,164,163,165,-1,166,164,167,-1,167,164,165,-1,167,36,166,-1,166,36,39,-1,38,34,168,-1,168,34,169,-1,170,168,171,-1,171,168,169,-1,170,171,172,-1,170,172,173,-1,173,172,157,-1,173,157,155,-1,154,158,155,-1,155,158,160,-1,155,160,173,-1,173,160,162,-1,173,162,170,-1,170,162,164,-1,170,164,168,-1,168,164,166,-1,168,166,38,-1,38,166,39,-1,34,36,169,-1,169,36,167,-1,169,167,171,-1,171,167,165,-1,171,165,172,-1,172,165,163,-1,172,163,157,-1,157,163,161,-1,157,161,156,-1,156,161,159,-1,174,175,176,-1,176,175,177,-1,178,174,179,-1,179,174,176,-1,180,178,181,-1,181,178,179,-1,180,181,182,-1,182,181,183,-1,182,183,184,-1,184,183,185,-1,186,184,187,-1,187,184,185,-1,187,33,186,-1,186,33,88,-1,99,32,188,-1,188,32,189,-1,190,188,191,-1,191,188,189,-1,190,191,192,-1,190,192,193,-1,193,192,177,-1,193,177,175,-1,174,178,175,-1,175,178,180,-1,175,180,193,-1,193,180,182,-1,193,182,190,-1,190,182,184,-1,190,184,188,-1,188,184,186,-1,188,186,99,-1,99,186,88,-1,32,33,189,-1,189,33,187,-1,189,187,191,-1,191,187,185,-1,191,185,192,-1,192,185,183,-1,192,183,177,-1,177,183,181,-1,177,181,176,-1,176,181,179,-1,194,195,196,-1,196,195,197,-1,194,198,195,-1,195,198,199,-1,195,199,200,-1,200,201,195,-1,195,201,202,-1,195,202,203,-1,203,202,204,-1,205,206,207,-1,207,206,208,-1,207,208,197,-1,197,208,209,-1,197,209,196,-1,210,211,195,-1,195,211,197,-1,212,213,214,-1,214,213,215,-1,214,211,210,-1,215,216,214,-1,214,216,217,-1,214,217,218,-1,218,219,214,-1,214,219,220,-1,214,220,211,-1,221,222,223,-1,223,222,224,-1,223,224,210,-1,210,224,225,-1,210,225,214,-1,213,212,226,-1,213,226,227,-1,227,226,228,-1,227,228,229,-1,229,228,230,-1,229,230,231,-1,231,230,232,-1,231,232,233,-1,233,232,234,-1,233,234,235,-1,235,234,236,-1,235,236,237,-1,237,236,122,-1,237,122,121,-1,73,72,238,-1,238,72,239,-1,238,239,240,-1,240,239,241,-1,240,241,242,-1,242,241,243,-1,242,243,244,-1,244,243,245,-1,244,245,246,-1,246,245,247,-1,246,247,194,-1,194,247,198,-1,120,74,121,-1,121,74,73,-1,121,73,237,-1,237,73,238,-1,237,238,235,-1,235,238,240,-1,235,240,233,-1,233,240,242,-1,196,215,194,-1,194,215,213,-1,194,213,246,-1,246,213,227,-1,246,227,244,-1,244,227,229,-1,244,229,242,-1,242,229,231,-1,242,231,233,-1,71,123,72,-1,72,123,122,-1,72,122,239,-1,239,122,236,-1,239,236,241,-1,236,234,241,-1,241,234,232,-1,241,232,243,-1,243,232,230,-1,243,230,245,-1,245,230,228,-1,245,228,247,-1,247,228,226,-1,247,226,198,-1,198,226,212,-1,198,212,199,-1,199,212,214,-1,93,98,104,-1,93,104,94,-1,94,104,102,-1,94,102,92,-1,92,102,101,-1,92,101,91,-1,91,101,100,-1,91,100,89,-1,89,100,103,-1,89,103,90,-1,90,103,95,-1,90,95,86,-1,14,15,62,-1,14,62,133,-1,133,62,61,-1,133,61,130,-1,130,61,60,-1,130,60,131,-1,131,60,59,-1,131,59,132,-1,132,59,58,-1,132,58,129,-1,129,58,56,-1,129,56,57,-1,123,71,124,-1,124,71,76,-1,124,76,126,-1,126,76,68,-1,126,68,127,-1,127,68,66,-1,127,66,119,-1,119,66,65,-1,119,65,118,-1,118,65,64,-1,118,64,116,-1,116,64,63,-1,116,63,128,-1,128,63,1,-1,128,1,0,-1,74,120,75,-1,75,120,125,-1,75,125,77,-1,77,125,117,-1,77,117,78,-1,78,117,115,-1,78,115,70,-1,70,115,114,-1,70,114,69,-1,69,114,113,-1,69,113,67,-1,67,113,106,-1,67,106,79,-1,79,106,105,-1,79,105,112,-1,199,214,225,-1,199,225,200,-1,200,225,224,-1,200,224,201,-1,201,224,222,-1,201,222,202,-1,202,222,221,-1,202,221,204,-1,204,221,223,-1,204,223,203,-1,203,223,210,-1,203,210,195,-1,215,196,209,-1,215,209,216,-1,216,209,208,-1,216,208,217,-1,217,208,206,-1,217,206,218,-1,218,206,205,-1,218,205,219,-1,219,205,207,-1,219,207,220,-1,220,207,197,-1,220,197,211,-1,248,249,250,-1,250,249,251,-1,250,251,252,-1,252,251,253,-1,252,253,254,-1,254,253,255,-1,254,255,256,-1,256,255,257,-1,256,257,258,-1,258,257,259,-1,258,259,260,-1,260,259,261,-1,260,261,262,-1,262,261,263,-1,264,265,266,-1,266,265,267,-1,266,267,268,-1,268,267,269,-1,268,269,270,-1,270,269,271,-1,270,271,272,-1,272,271,273,-1,272,273,274,-1,274,273,275,-1,274,275,276,-1,276,275,277,-1,276,277,278,-1,278,277,279,-1,278,279,280,-1,280,279,281,-1,282,283,284,-1,284,283,285,-1,286,287,288,-1,288,287,289,-1,288,289,290,-1,290,289,291,-1,290,291,292,-1,292,291,293,-1,292,293,294,-1,294,293,295,-1,294,295,296,-1,296,295,297,-1,296,297,298,-1,298,297,299,-1,298,299,300,-1,300,299,301,-1,300,301,302,-1,302,301,303,-1,284,304,282,-1,282,304,305,-1,249,285,251,-1,251,285,303,-1,251,303,301,-1,284,285,304,-1,304,285,249,-1,304,249,306,-1,306,249,307,-1,307,249,308,-1,308,249,309,-1,308,309,310,-1,289,311,263,-1,289,263,291,-1,263,261,291,-1,291,261,259,-1,291,259,293,-1,293,259,257,-1,293,257,295,-1,295,257,255,-1,295,255,297,-1,297,255,253,-1,297,253,299,-1,299,253,251,-1,299,251,301,-1,279,312,281,-1,281,312,313,-1,281,313,287,-1,287,313,314,-1,287,314,289,-1,289,314,315,-1,289,315,311,-1,311,315,316,-1,311,316,317,-1,317,316,318,-1,319,320,321,-1,321,322,319,-1,319,322,323,-1,319,323,324,-1,324,323,325,-1,324,325,316,-1,316,325,326,-1,316,326,318,-1,327,312,279,-1,327,279,328,-1,279,277,328,-1,328,277,275,-1,328,275,329,-1,329,275,273,-1,329,273,330,-1,330,273,271,-1,330,271,331,-1,331,271,269,-1,331,269,332,-1,332,269,267,-1,332,267,333,-1,334,335,265,-1,265,335,333,-1,265,333,267,-1,334,336,335,-1,335,336,337,-1,335,337,338,-1,338,339,335,-1,335,339,340,-1,335,340,341,-1,341,340,342,-1,343,344,336,-1,336,344,337,-1,266,345,264,-1,264,345,346,-1,264,346,347,-1,347,346,344,-1,347,344,343,-1,348,349,350,-1,350,349,351,-1,350,351,346,-1,346,351,352,-1,346,352,344,-1,353,354,278,-1,278,354,355,-1,278,355,276,-1,276,355,356,-1,276,356,274,-1,274,356,357,-1,274,357,272,-1,272,357,358,-1,272,358,270,-1,270,358,359,-1,270,359,268,-1,268,359,360,-1,268,360,266,-1,266,360,345,-1,288,361,286,-1,286,361,362,-1,286,362,280,-1,280,362,363,-1,280,363,278,-1,278,363,364,-1,278,364,353,-1,353,364,365,-1,353,365,366,-1,366,365,367,-1,368,369,370,-1,370,371,368,-1,368,371,372,-1,368,372,373,-1,373,372,374,-1,373,374,365,-1,365,374,375,-1,365,375,367,-1,376,361,288,-1,300,250,298,-1,298,250,252,-1,298,252,296,-1,296,252,254,-1,296,254,294,-1,294,254,256,-1,294,256,292,-1,292,256,258,-1,292,258,290,-1,290,258,260,-1,290,260,288,-1,288,260,262,-1,288,262,376,-1,250,300,302,-1,250,302,248,-1,248,302,283,-1,248,283,282,-1,282,305,248,-1,248,305,377,-1,248,377,378,-1,378,379,248,-1,248,379,380,-1,248,380,381,-1,343,336,347,-1,347,336,334,-1,355,327,356,-1,356,327,328,-1,356,328,357,-1,357,328,329,-1,357,329,358,-1,358,329,330,-1,358,330,359,-1,359,330,331,-1,359,331,360,-1,360,331,332,-1,360,332,345,-1,345,332,333,-1,345,333,346,-1,346,333,335,-1,382,383,384,-1,384,383,385,-1,383,386,385,-1,385,386,387,-1,386,388,387,-1,387,388,389,-1,390,391,392,-1,392,391,393,-1,392,393,388,-1,388,393,389,-1,390,394,391,-1,391,394,395,-1,287,395,281,-1,281,395,394,-1,396,397,280,-1,280,397,286,-1,396,398,397,-1,397,398,399,-1,382,384,400,-1,382,400,401,-1,401,400,399,-1,401,399,398,-1,280,281,396,-1,396,281,394,-1,396,394,398,-1,398,394,390,-1,398,390,401,-1,401,390,392,-1,401,392,382,-1,382,392,388,-1,382,388,383,-1,383,388,386,-1,385,387,384,-1,384,387,389,-1,384,389,400,-1,400,389,393,-1,400,393,399,-1,399,393,391,-1,399,391,397,-1,397,391,395,-1,397,395,286,-1,286,395,287,-1,402,403,404,-1,404,403,405,-1,403,406,405,-1,405,406,407,-1,406,408,407,-1,407,408,409,-1,410,411,412,-1,412,411,413,-1,412,413,408,-1,408,413,409,-1,410,414,411,-1,411,414,415,-1,285,415,303,-1,303,415,414,-1,416,417,302,-1,302,417,283,-1,416,418,417,-1,417,418,419,-1,402,404,420,-1,402,420,421,-1,421,420,419,-1,421,419,418,-1,302,303,416,-1,416,303,414,-1,416,414,418,-1,418,414,410,-1,418,410,421,-1,421,410,412,-1,421,412,402,-1,402,412,408,-1,402,408,403,-1,403,408,406,-1,405,407,404,-1,404,407,409,-1,404,409,420,-1,420,409,413,-1,420,413,419,-1,419,413,411,-1,419,411,417,-1,417,411,415,-1,417,415,283,-1,283,415,285,-1,422,423,424,-1,424,423,425,-1,423,426,425,-1,425,426,427,-1,426,428,427,-1,427,428,429,-1,430,431,432,-1,432,431,433,-1,432,433,428,-1,428,433,429,-1,430,434,431,-1,431,434,435,-1,265,435,334,-1,334,435,434,-1,436,437,347,-1,347,437,264,-1,436,438,437,-1,437,438,439,-1,422,424,440,-1,422,440,441,-1,441,440,439,-1,441,439,438,-1,347,334,436,-1,436,334,434,-1,436,434,438,-1,438,434,430,-1,438,430,441,-1,441,430,432,-1,441,432,422,-1,422,432,428,-1,422,428,423,-1,423,428,426,-1,425,427,424,-1,424,427,429,-1,424,429,440,-1,440,429,433,-1,440,433,439,-1,439,433,431,-1,439,431,437,-1,437,431,435,-1,437,435,264,-1,264,435,265,-1,442,443,444,-1,445,446,444,-1,444,446,447,-1,444,447,442,-1,443,448,444,-1,444,448,449,-1,444,449,450,-1,450,449,451,-1,450,451,452,-1,453,454,455,-1,455,454,456,-1,455,456,445,-1,445,456,457,-1,445,457,446,-1,458,459,444,-1,444,459,445,-1,460,461,462,-1,462,461,463,-1,462,459,458,-1,463,464,462,-1,462,464,465,-1,462,465,466,-1,466,467,462,-1,462,467,468,-1,462,468,459,-1,469,470,471,-1,471,470,472,-1,471,472,458,-1,458,472,473,-1,458,473,462,-1,370,369,474,-1,370,474,475,-1,475,474,476,-1,475,476,477,-1,477,476,478,-1,477,478,479,-1,479,478,480,-1,479,480,481,-1,481,480,482,-1,481,482,483,-1,483,482,484,-1,483,484,485,-1,485,484,461,-1,485,461,460,-1,442,447,486,-1,486,447,487,-1,486,487,488,-1,488,487,489,-1,488,489,490,-1,490,489,491,-1,490,491,492,-1,492,491,493,-1,492,493,494,-1,494,493,495,-1,494,495,320,-1,320,495,321,-1,462,443,460,-1,460,443,442,-1,460,442,485,-1,485,442,486,-1,485,486,483,-1,483,486,488,-1,483,488,481,-1,481,488,490,-1,319,371,320,-1,320,371,370,-1,320,370,494,-1,494,370,475,-1,494,475,492,-1,492,475,477,-1,492,477,490,-1,490,477,479,-1,490,479,481,-1,446,463,447,-1,447,463,461,-1,447,461,487,-1,487,461,484,-1,487,484,489,-1,484,482,489,-1,489,482,480,-1,489,480,491,-1,491,480,478,-1,491,478,493,-1,493,478,476,-1,493,476,495,-1,495,476,474,-1,495,474,321,-1,321,474,369,-1,321,369,322,-1,322,369,368,-1,337,344,352,-1,337,352,338,-1,338,352,351,-1,338,351,339,-1,339,351,349,-1,339,349,340,-1,340,349,348,-1,340,348,342,-1,342,348,350,-1,342,350,341,-1,341,350,346,-1,341,346,335,-1,305,304,306,-1,305,306,377,-1,377,306,307,-1,377,307,378,-1,378,307,308,-1,378,308,379,-1,379,308,310,-1,379,310,380,-1,380,310,309,-1,380,309,381,-1,381,309,249,-1,381,249,248,-1,322,368,323,-1,323,368,373,-1,323,373,325,-1,325,373,365,-1,325,365,326,-1,326,365,364,-1,326,364,318,-1,318,364,363,-1,318,363,317,-1,317,363,362,-1,317,362,311,-1,311,362,361,-1,311,361,263,-1,263,361,376,-1,263,376,262,-1,371,319,372,-1,372,319,324,-1,372,324,374,-1,374,324,316,-1,374,316,375,-1,375,316,315,-1,375,315,367,-1,367,315,314,-1,367,314,366,-1,366,314,313,-1,366,313,353,-1,353,313,312,-1,353,312,354,-1,354,312,327,-1,354,327,355,-1,445,459,468,-1,445,468,455,-1,455,468,467,-1,455,467,453,-1,453,467,466,-1,453,466,454,-1,454,466,465,-1,454,465,456,-1,456,465,464,-1,456,464,457,-1,457,464,463,-1,457,463,446,-1,458,444,450,-1,458,450,471,-1,471,450,452,-1,471,452,469,-1,469,452,451,-1,469,451,470,-1,470,451,449,-1,470,449,472,-1,472,449,448,-1,472,448,473,-1,473,448,443,-1,473,443,462,-1,496,497,498,-1,498,497,499,-1,498,499,500,-1,500,499,501,-1,500,501,502,-1,502,501,503,-1,502,503,504,-1,504,503,505,-1,504,505,506,-1,506,505,507,-1,506,507,508,-1,508,507,509,-1,508,509,510,-1,510,509,511,-1,512,513,514,-1,514,513,515,-1,514,515,516,-1,516,515,517,-1,516,517,518,-1,518,517,519,-1,518,519,520,-1,520,519,521,-1,520,521,522,-1,522,521,523,-1,522,523,524,-1,524,523,525,-1,524,525,526,-1,526,525,527,-1,526,527,528,-1,528,527,529,-1,530,531,532,-1,532,531,533,-1,534,535,536,-1,536,535,537,-1,536,537,538,-1,538,537,539,-1,538,539,540,-1,540,539,541,-1,540,541,542,-1,542,541,543,-1,542,543,544,-1,544,543,545,-1,544,545,546,-1,546,545,547,-1,546,547,548,-1,548,547,549,-1,548,549,550,-1,550,549,551,-1,552,533,553,-1,553,533,531,-1,509,537,535,-1,509,535,511,-1,511,535,532,-1,511,532,533,-1,533,552,511,-1,511,552,554,-1,511,554,555,-1,555,556,511,-1,511,556,557,-1,511,557,558,-1,497,559,549,-1,497,549,499,-1,549,547,499,-1,499,547,545,-1,499,545,501,-1,501,545,543,-1,501,543,503,-1,503,543,541,-1,503,541,505,-1,505,541,539,-1,505,539,507,-1,507,539,537,-1,507,537,509,-1,560,561,562,-1,562,561,563,-1,564,515,565,-1,565,515,513,-1,565,513,566,-1,566,513,551,-1,566,551,567,-1,567,551,549,-1,567,549,568,-1,568,549,559,-1,568,559,562,-1,562,559,569,-1,562,569,560,-1,570,571,572,-1,563,573,562,-1,562,573,570,-1,562,570,574,-1,574,570,572,-1,515,564,575,-1,515,575,517,-1,575,576,517,-1,517,576,577,-1,517,577,519,-1,519,577,578,-1,519,578,521,-1,521,578,579,-1,521,579,523,-1,523,579,580,-1,523,580,525,-1,525,580,581,-1,525,581,527,-1,529,527,581,-1,582,583,584,-1,529,581,584,-1,584,581,585,-1,584,585,582,-1,586,587,588,-1,585,589,582,-1,582,589,586,-1,582,586,590,-1,590,586,588,-1,591,592,582,-1,582,592,583,-1,593,526,528,-1,593,528,594,-1,528,595,594,-1,594,595,592,-1,594,592,591,-1,596,597,598,-1,591,599,594,-1,594,599,596,-1,594,596,600,-1,600,596,598,-1,601,602,514,-1,526,593,524,-1,524,593,603,-1,524,603,522,-1,522,603,604,-1,522,604,520,-1,520,604,605,-1,520,605,518,-1,518,605,606,-1,518,606,516,-1,516,606,607,-1,516,607,514,-1,514,607,608,-1,514,608,601,-1,609,610,611,-1,611,610,612,-1,613,548,614,-1,614,548,550,-1,614,550,615,-1,615,550,512,-1,615,512,616,-1,616,512,514,-1,616,514,617,-1,617,514,602,-1,617,602,611,-1,611,602,618,-1,611,618,609,-1,619,620,621,-1,612,622,611,-1,611,622,619,-1,611,619,623,-1,623,619,621,-1,613,624,548,-1,548,624,496,-1,548,496,546,-1,546,496,498,-1,546,498,544,-1,544,498,500,-1,544,500,542,-1,542,500,502,-1,542,502,540,-1,540,502,504,-1,540,504,538,-1,538,504,506,-1,538,506,536,-1,536,506,508,-1,625,553,510,-1,536,508,534,-1,534,508,510,-1,534,510,530,-1,530,510,553,-1,530,553,531,-1,510,626,627,-1,627,628,510,-1,510,628,629,-1,510,629,625,-1,583,592,584,-1,584,592,595,-1,594,585,593,-1,593,585,581,-1,593,581,603,-1,603,581,580,-1,603,580,604,-1,604,580,579,-1,604,579,605,-1,605,579,578,-1,605,578,606,-1,606,578,577,-1,606,577,607,-1,607,577,576,-1,607,576,608,-1,608,576,575,-1,630,631,632,-1,632,631,633,-1,634,630,635,-1,635,630,632,-1,636,634,637,-1,637,634,635,-1,636,637,638,-1,638,637,639,-1,638,639,640,-1,640,639,641,-1,642,640,643,-1,643,640,641,-1,643,551,642,-1,642,551,513,-1,512,550,644,-1,644,550,645,-1,646,644,647,-1,647,644,645,-1,646,647,648,-1,646,648,649,-1,649,648,633,-1,649,633,631,-1,630,634,631,-1,631,634,636,-1,631,636,649,-1,649,636,638,-1,649,638,646,-1,646,638,640,-1,646,640,644,-1,644,640,642,-1,644,642,512,-1,512,642,513,-1,550,551,645,-1,645,551,643,-1,645,643,647,-1,647,643,641,-1,647,641,648,-1,648,641,639,-1,648,639,633,-1,633,639,637,-1,633,637,632,-1,632,637,635,-1,650,651,652,-1,652,651,653,-1,654,650,655,-1,655,650,652,-1,656,654,657,-1,657,654,655,-1,656,657,658,-1,658,657,659,-1,658,659,660,-1,660,659,661,-1,662,660,663,-1,663,660,661,-1,663,532,662,-1,662,532,535,-1,534,530,664,-1,664,530,665,-1,666,664,667,-1,667,664,665,-1,666,667,668,-1,666,668,669,-1,669,668,653,-1,669,653,651,-1,650,654,651,-1,651,654,656,-1,651,656,669,-1,669,656,658,-1,669,658,666,-1,666,658,660,-1,666,660,664,-1,664,660,662,-1,664,662,534,-1,534,662,535,-1,530,532,665,-1,665,532,663,-1,665,663,667,-1,667,663,661,-1,667,661,668,-1,668,661,659,-1,668,659,653,-1,653,659,657,-1,653,657,652,-1,652,657,655,-1,670,671,672,-1,672,671,673,-1,674,670,675,-1,675,670,672,-1,676,674,677,-1,677,674,675,-1,676,677,678,-1,678,677,679,-1,678,679,680,-1,680,679,681,-1,682,680,683,-1,683,680,681,-1,683,529,682,-1,682,529,584,-1,595,528,684,-1,684,528,685,-1,686,684,687,-1,687,684,685,-1,686,687,688,-1,686,688,689,-1,689,688,673,-1,689,673,671,-1,670,674,671,-1,671,674,676,-1,671,676,689,-1,689,676,678,-1,689,678,686,-1,686,678,680,-1,686,680,684,-1,684,680,682,-1,684,682,595,-1,595,682,584,-1,528,529,685,-1,685,529,683,-1,685,683,687,-1,687,683,681,-1,687,681,688,-1,688,681,679,-1,688,679,673,-1,673,679,677,-1,673,677,672,-1,672,677,675,-1,690,691,692,-1,692,691,693,-1,692,693,694,-1,690,695,691,-1,691,695,696,-1,691,696,697,-1,697,698,691,-1,691,698,699,-1,691,699,700,-1,701,693,702,-1,702,693,703,-1,701,704,693,-1,693,704,705,-1,693,705,694,-1,706,707,691,-1,691,707,693,-1,707,706,708,-1,708,706,709,-1,708,709,710,-1,711,706,712,-1,712,706,713,-1,711,714,706,-1,706,714,715,-1,706,715,709,-1,708,716,707,-1,707,716,717,-1,707,717,718,-1,718,719,707,-1,707,719,720,-1,707,720,721,-1,708,710,722,-1,708,722,723,-1,723,722,724,-1,723,724,725,-1,725,724,726,-1,725,726,727,-1,727,726,728,-1,727,728,729,-1,729,728,730,-1,729,730,731,-1,731,730,732,-1,731,732,733,-1,733,732,621,-1,733,621,620,-1,572,571,734,-1,734,571,735,-1,734,735,736,-1,736,735,737,-1,736,737,738,-1,738,737,739,-1,738,739,740,-1,740,739,741,-1,740,741,742,-1,742,741,743,-1,742,743,692,-1,692,743,690,-1,619,574,620,-1,620,574,572,-1,620,572,733,-1,733,572,734,-1,733,734,731,-1,731,734,736,-1,731,736,729,-1,729,736,738,-1,694,716,692,-1,692,716,708,-1,692,708,742,-1,742,708,723,-1,742,723,740,-1,740,723,725,-1,740,725,738,-1,738,725,727,-1,738,727,729,-1,570,623,571,-1,571,623,621,-1,571,621,735,-1,735,621,732,-1,735,732,737,-1,732,730,737,-1,737,730,728,-1,737,728,739,-1,739,728,726,-1,739,726,741,-1,741,726,724,-1,741,724,743,-1,743,724,722,-1,743,722,690,-1,690,722,710,-1,690,710,695,-1,695,710,709,-1,585,594,600,-1,585,600,589,-1,589,600,598,-1,589,598,586,-1,586,598,597,-1,586,597,587,-1,587,597,596,-1,587,596,588,-1,588,596,599,-1,588,599,590,-1,590,599,591,-1,590,591,582,-1,510,511,558,-1,510,558,626,-1,626,558,557,-1,626,557,627,-1,627,557,556,-1,627,556,628,-1,628,556,555,-1,628,555,629,-1,629,555,554,-1,629,554,625,-1,625,554,552,-1,625,552,553,-1,623,570,611,-1,611,570,573,-1,611,573,617,-1,617,573,563,-1,617,563,616,-1,616,563,561,-1,616,561,615,-1,615,561,560,-1,615,560,614,-1,614,560,569,-1,614,569,613,-1,613,569,559,-1,613,559,624,-1,624,559,497,-1,624,497,496,-1,574,619,562,-1,562,619,622,-1,562,622,568,-1,568,622,612,-1,568,612,567,-1,567,612,610,-1,567,610,566,-1,566,610,609,-1,566,609,565,-1,565,609,618,-1,565,618,564,-1,564,618,602,-1,564,602,575,-1,575,602,601,-1,575,601,608,-1,695,709,715,-1,695,715,696,-1,696,715,714,-1,696,714,697,-1,697,714,711,-1,697,711,698,-1,698,711,712,-1,698,712,699,-1,699,712,713,-1,699,713,700,-1,700,713,706,-1,700,706,691,-1,716,694,705,-1,716,705,717,-1,717,705,704,-1,717,704,718,-1,718,704,701,-1,718,701,719,-1,719,701,702,-1,719,702,720,-1,720,702,703,-1,720,703,721,-1,721,703,693,-1,721,693,707,-1,744,745,746,-1,746,745,747,-1,746,747,748,-1,748,747,749,-1,748,749,750,-1,750,749,751,-1,750,751,752,-1,752,751,753,-1,752,753,754,-1,754,753,755,-1,754,755,756,-1,756,755,757,-1,756,757,758,-1,758,757,759,-1,760,761,762,-1,762,761,763,-1,762,763,764,-1,764,763,765,-1,764,765,766,-1,766,765,767,-1,766,767,768,-1,768,767,769,-1,768,769,770,-1,770,769,771,-1,770,771,772,-1,772,771,773,-1,772,773,774,-1,774,773,775,-1,774,775,776,-1,776,775,777,-1,778,779,780,-1,780,779,781,-1,782,783,784,-1,784,783,785,-1,784,785,786,-1,786,785,787,-1,786,787,788,-1,788,787,789,-1,788,789,790,-1,790,789,791,-1,790,791,792,-1,792,791,793,-1,792,793,794,-1,794,793,795,-1,794,795,796,-1,796,795,797,-1,796,797,798,-1,798,797,799,-1,800,781,801,-1,801,781,779,-1,757,785,783,-1,757,783,759,-1,759,783,780,-1,759,780,781,-1,781,800,759,-1,759,800,802,-1,759,802,803,-1,803,804,759,-1,759,804,805,-1,759,805,806,-1,745,807,797,-1,745,797,747,-1,797,795,747,-1,747,795,793,-1,747,793,749,-1,749,793,791,-1,749,791,751,-1,751,791,789,-1,751,789,753,-1,753,789,787,-1,753,787,755,-1,755,787,785,-1,755,785,757,-1,808,809,810,-1,810,809,811,-1,812,763,813,-1,813,763,761,-1,813,761,814,-1,814,761,799,-1,814,799,815,-1,815,799,797,-1,815,797,816,-1,816,797,807,-1,816,807,809,-1,809,807,817,-1,809,817,811,-1,818,819,820,-1,808,821,809,-1,809,821,818,-1,809,818,822,-1,822,818,820,-1,763,812,823,-1,763,823,765,-1,823,824,765,-1,765,824,825,-1,765,825,767,-1,767,825,826,-1,767,826,769,-1,769,826,827,-1,769,827,771,-1,771,827,828,-1,771,828,773,-1,773,828,829,-1,773,829,775,-1,777,775,829,-1,830,831,832,-1,833,834,835,-1,835,834,830,-1,835,830,836,-1,777,829,832,-1,832,829,837,-1,832,837,830,-1,830,837,838,-1,830,838,836,-1,839,840,830,-1,830,840,831,-1,841,774,776,-1,841,776,842,-1,776,843,842,-1,842,843,840,-1,842,840,839,-1,844,845,846,-1,839,847,842,-1,842,847,844,-1,842,844,848,-1,848,844,846,-1,849,850,762,-1,774,841,772,-1,772,841,851,-1,772,851,770,-1,770,851,852,-1,770,852,768,-1,768,852,853,-1,768,853,766,-1,766,853,854,-1,766,854,764,-1,764,854,855,-1,764,855,762,-1,762,855,856,-1,762,856,849,-1,857,798,858,-1,858,798,760,-1,858,760,850,-1,850,760,762,-1,859,860,861,-1,861,860,862,-1,863,798,860,-1,860,798,857,-1,860,857,862,-1,864,796,865,-1,865,796,798,-1,865,798,866,-1,866,798,863,-1,867,868,869,-1,861,870,859,-1,859,870,867,-1,859,867,871,-1,871,867,869,-1,864,872,796,-1,796,872,744,-1,796,744,794,-1,794,744,746,-1,794,746,792,-1,792,746,748,-1,792,748,790,-1,790,748,750,-1,790,750,788,-1,788,750,752,-1,788,752,786,-1,786,752,754,-1,786,754,784,-1,784,754,756,-1,873,801,758,-1,874,875,876,-1,784,756,782,-1,782,756,758,-1,782,758,778,-1,778,758,801,-1,778,801,779,-1,873,758,876,-1,876,758,877,-1,876,877,874,-1,831,840,832,-1,832,840,843,-1,842,837,841,-1,841,837,829,-1,841,829,851,-1,851,829,828,-1,851,828,852,-1,852,828,827,-1,852,827,853,-1,853,827,826,-1,853,826,854,-1,854,826,825,-1,854,825,855,-1,855,825,824,-1,855,824,856,-1,856,824,823,-1,878,879,880,-1,880,879,881,-1,882,878,883,-1,883,878,880,-1,884,882,885,-1,885,882,883,-1,884,885,886,-1,886,885,887,-1,886,887,888,-1,888,887,889,-1,890,888,891,-1,891,888,889,-1,891,799,890,-1,890,799,761,-1,760,798,892,-1,892,798,893,-1,894,892,895,-1,895,892,893,-1,894,895,896,-1,894,896,897,-1,897,896,881,-1,897,881,879,-1,878,882,879,-1,879,882,884,-1,879,884,897,-1,897,884,886,-1,897,886,894,-1,894,886,888,-1,894,888,892,-1,892,888,890,-1,892,890,760,-1,760,890,761,-1,798,799,893,-1,893,799,891,-1,893,891,895,-1,895,891,889,-1,895,889,896,-1,896,889,887,-1,896,887,881,-1,881,887,885,-1,881,885,880,-1,880,885,883,-1,898,899,900,-1,900,899,901,-1,902,898,903,-1,903,898,900,-1,904,902,905,-1,905,902,903,-1,904,905,906,-1,906,905,907,-1,906,907,908,-1,908,907,909,-1,910,908,911,-1,911,908,909,-1,911,780,910,-1,910,780,783,-1,782,778,912,-1,912,778,913,-1,914,912,915,-1,915,912,913,-1,914,915,916,-1,914,916,917,-1,917,916,901,-1,917,901,899,-1,898,902,899,-1,899,902,904,-1,899,904,917,-1,917,904,906,-1,917,906,914,-1,914,906,908,-1,914,908,912,-1,912,908,910,-1,912,910,782,-1,782,910,783,-1,778,780,913,-1,913,780,911,-1,913,911,915,-1,915,911,909,-1,915,909,916,-1,916,909,907,-1,916,907,901,-1,901,907,905,-1,901,905,900,-1,900,905,903,-1,918,919,920,-1,920,919,921,-1,922,918,923,-1,923,918,920,-1,924,922,925,-1,925,922,923,-1,924,925,926,-1,926,925,927,-1,926,927,928,-1,928,927,929,-1,930,928,931,-1,931,928,929,-1,931,777,930,-1,930,777,832,-1,843,776,932,-1,932,776,933,-1,934,932,935,-1,935,932,933,-1,934,935,936,-1,934,936,937,-1,937,936,921,-1,937,921,919,-1,918,922,919,-1,919,922,924,-1,919,924,937,-1,937,924,926,-1,937,926,934,-1,934,926,928,-1,934,928,932,-1,932,928,930,-1,932,930,843,-1,843,930,832,-1,776,777,933,-1,933,777,931,-1,933,931,935,-1,935,931,929,-1,935,929,936,-1,936,929,927,-1,936,927,921,-1,921,927,925,-1,921,925,920,-1,920,925,923,-1,938,939,940,-1,941,942,943,-1,943,942,944,-1,943,944,938,-1,938,944,945,-1,938,945,939,-1,940,946,938,-1,938,946,947,-1,938,947,948,-1,948,947,949,-1,950,951,952,-1,950,952,943,-1,943,952,953,-1,943,953,941,-1,954,955,938,-1,938,955,943,-1,956,957,958,-1,959,956,954,-1,954,956,958,-1,954,958,955,-1,955,958,960,-1,955,960,961,-1,962,963,964,-1,962,964,954,-1,954,964,965,-1,954,965,959,-1,961,966,955,-1,955,966,967,-1,955,967,968,-1,968,967,969,-1,958,957,970,-1,958,970,971,-1,971,970,972,-1,971,972,973,-1,973,972,974,-1,973,974,975,-1,975,974,976,-1,975,976,977,-1,977,976,978,-1,977,978,979,-1,979,978,980,-1,979,980,981,-1,981,980,869,-1,981,869,868,-1,820,819,982,-1,982,819,983,-1,982,983,984,-1,984,983,985,-1,984,985,986,-1,986,985,987,-1,986,987,988,-1,988,987,989,-1,988,989,990,-1,990,989,991,-1,990,991,944,-1,944,991,945,-1,867,822,868,-1,868,822,820,-1,868,820,981,-1,981,820,982,-1,981,982,979,-1,979,982,984,-1,979,984,977,-1,977,984,986,-1,942,960,944,-1,944,960,958,-1,944,958,990,-1,990,958,971,-1,990,971,988,-1,988,971,973,-1,988,973,986,-1,986,973,975,-1,986,975,977,-1,818,871,819,-1,819,871,869,-1,819,869,983,-1,983,869,980,-1,983,980,985,-1,980,978,985,-1,985,978,976,-1,985,976,987,-1,987,976,974,-1,987,974,989,-1,989,974,972,-1,989,972,991,-1,991,972,970,-1,991,970,945,-1,945,970,957,-1,945,957,939,-1,939,957,956,-1,837,842,848,-1,837,848,838,-1,838,848,846,-1,838,846,836,-1,836,846,845,-1,836,845,835,-1,835,845,844,-1,835,844,833,-1,833,844,847,-1,833,847,834,-1,834,847,839,-1,834,839,830,-1,758,759,806,-1,758,806,877,-1,877,806,805,-1,877,805,874,-1,874,805,804,-1,874,804,875,-1,875,804,803,-1,875,803,876,-1,876,803,802,-1,876,802,873,-1,873,802,800,-1,873,800,801,-1,871,818,859,-1,859,818,821,-1,859,821,860,-1,860,821,808,-1,860,808,863,-1,863,808,810,-1,863,810,866,-1,866,810,811,-1,866,811,865,-1,865,811,817,-1,865,817,864,-1,864,817,807,-1,864,807,872,-1,872,807,745,-1,872,745,744,-1,822,867,809,-1,809,867,870,-1,809,870,816,-1,816,870,861,-1,816,861,815,-1,815,861,862,-1,815,862,814,-1,814,862,857,-1,814,857,813,-1,813,857,858,-1,813,858,812,-1,812,858,850,-1,812,850,823,-1,823,850,849,-1,823,849,856,-1,939,956,959,-1,939,959,940,-1,940,959,965,-1,940,965,946,-1,946,965,964,-1,946,964,947,-1,947,964,963,-1,947,963,949,-1,949,963,962,-1,949,962,948,-1,948,962,954,-1,948,954,938,-1,960,942,941,-1,960,941,961,-1,961,941,953,-1,961,953,966,-1,966,953,952,-1,966,952,967,-1,967,952,951,-1,967,951,969,-1,969,951,950,-1,969,950,968,-1,968,950,943,-1,968,943,955,-1,992,993,994,-1,994,993,995,-1,994,995,996,-1,996,995,997,-1,996,997,998,-1,998,997,999,-1,998,999,1000,-1,1000,999,1001,-1,1000,1001,1002,-1,1002,1001,1003,-1,1002,1003,1004,-1,1004,1003,1005,-1,1004,1005,1006,-1,1006,1005,1007,-1,1008,1009,1010,-1,1010,1009,1011,-1,1010,1011,1012,-1,1012,1011,1013,-1,1012,1013,1014,-1,1014,1013,1015,-1,1014,1015,1016,-1,1016,1015,1017,-1,1016,1017,1018,-1,1018,1017,1019,-1,1018,1019,1020,-1,1020,1019,1021,-1,1020,1021,1022,-1,1022,1021,1023,-1,1022,1023,1024,-1,1024,1023,1025,-1,1026,1027,1028,-1,1028,1027,1029,-1,1030,1031,1032,-1,1032,1031,1033,-1,1032,1033,1034,-1,1034,1033,1035,-1,1034,1035,1036,-1,1036,1035,1037,-1,1036,1037,1038,-1,1038,1037,1039,-1,1038,1039,1040,-1,1040,1039,1041,-1,1040,1041,1042,-1,1042,1041,1043,-1,1042,1043,1044,-1,1044,1043,1045,-1,1044,1045,1046,-1,1046,1045,1047,-1,1048,1029,1049,-1,1049,1029,1027,-1,1005,1033,1031,-1,1005,1031,1007,-1,1007,1031,1028,-1,1007,1028,1029,-1,1029,1048,1007,-1,1007,1048,1050,-1,1007,1050,1051,-1,1051,1052,1007,-1,1007,1052,1053,-1,1007,1053,1054,-1,993,1055,1045,-1,993,1045,995,-1,1045,1043,995,-1,995,1043,1041,-1,995,1041,997,-1,997,1041,1039,-1,997,1039,999,-1,999,1039,1037,-1,999,1037,1001,-1,1001,1037,1035,-1,1001,1035,1003,-1,1003,1035,1033,-1,1003,1033,1005,-1,1056,1057,1058,-1,1058,1057,1059,-1,1060,1011,1061,-1,1061,1011,1009,-1,1061,1009,1062,-1,1062,1009,1047,-1,1062,1047,1063,-1,1063,1047,1045,-1,1063,1045,1064,-1,1064,1045,1055,-1,1064,1055,1057,-1,1057,1055,1065,-1,1057,1065,1059,-1,1066,1067,1068,-1,1056,1069,1057,-1,1057,1069,1066,-1,1057,1066,1070,-1,1070,1066,1068,-1,1011,1060,1071,-1,1011,1071,1013,-1,1071,1072,1013,-1,1013,1072,1073,-1,1013,1073,1015,-1,1015,1073,1074,-1,1015,1074,1017,-1,1017,1074,1075,-1,1017,1075,1019,-1,1019,1075,1076,-1,1019,1076,1021,-1,1021,1076,1077,-1,1021,1077,1023,-1,1025,1023,1077,-1,1078,1079,1080,-1,1025,1077,1080,-1,1080,1077,1081,-1,1080,1081,1078,-1,1082,1083,1084,-1,1081,1085,1078,-1,1078,1085,1082,-1,1078,1082,1086,-1,1086,1082,1084,-1,1087,1088,1078,-1,1078,1088,1079,-1,1089,1022,1024,-1,1089,1024,1090,-1,1024,1091,1090,-1,1090,1091,1088,-1,1090,1088,1087,-1,1092,1093,1094,-1,1087,1095,1090,-1,1090,1095,1092,-1,1090,1092,1096,-1,1096,1092,1094,-1,1097,1098,1010,-1,1022,1089,1020,-1,1020,1089,1099,-1,1020,1099,1018,-1,1018,1099,1100,-1,1018,1100,1016,-1,1016,1100,1101,-1,1016,1101,1014,-1,1014,1101,1102,-1,1014,1102,1012,-1,1012,1102,1103,-1,1012,1103,1010,-1,1010,1103,1104,-1,1010,1104,1097,-1,1105,1106,1107,-1,1108,1046,1109,-1,1109,1046,1008,-1,1109,1008,1098,-1,1098,1008,1010,-1,1107,1106,1110,-1,1111,1046,1106,-1,1106,1046,1108,-1,1106,1108,1110,-1,1112,1044,1113,-1,1113,1044,1046,-1,1113,1046,1114,-1,1114,1046,1111,-1,1115,1116,1117,-1,1107,1118,1105,-1,1105,1118,1115,-1,1105,1115,1119,-1,1119,1115,1117,-1,1112,1120,1044,-1,1044,1120,992,-1,1044,992,1042,-1,1042,992,994,-1,1042,994,1040,-1,1040,994,996,-1,1040,996,1038,-1,1038,996,998,-1,1038,998,1036,-1,1036,998,1000,-1,1036,1000,1034,-1,1034,1000,1002,-1,1034,1002,1032,-1,1032,1002,1004,-1,1121,1049,1006,-1,1032,1004,1030,-1,1030,1004,1006,-1,1030,1006,1026,-1,1026,1006,1049,-1,1026,1049,1027,-1,1006,1122,1123,-1,1123,1124,1006,-1,1006,1124,1125,-1,1006,1125,1121,-1,1079,1088,1080,-1,1080,1088,1091,-1,1090,1081,1089,-1,1089,1081,1077,-1,1089,1077,1099,-1,1099,1077,1076,-1,1099,1076,1100,-1,1100,1076,1075,-1,1100,1075,1101,-1,1101,1075,1074,-1,1101,1074,1102,-1,1102,1074,1073,-1,1102,1073,1103,-1,1103,1073,1072,-1,1103,1072,1104,-1,1104,1072,1071,-1,1126,1127,1128,-1,1128,1127,1129,-1,1130,1126,1131,-1,1131,1126,1128,-1,1132,1130,1133,-1,1133,1130,1131,-1,1132,1133,1134,-1,1134,1133,1135,-1,1134,1135,1136,-1,1136,1135,1137,-1,1138,1136,1139,-1,1139,1136,1137,-1,1139,1047,1138,-1,1138,1047,1009,-1,1008,1046,1140,-1,1140,1046,1141,-1,1142,1140,1143,-1,1143,1140,1141,-1,1142,1143,1144,-1,1142,1144,1145,-1,1145,1144,1129,-1,1145,1129,1127,-1,1126,1130,1127,-1,1127,1130,1132,-1,1127,1132,1145,-1,1145,1132,1134,-1,1145,1134,1142,-1,1142,1134,1136,-1,1142,1136,1140,-1,1140,1136,1138,-1,1140,1138,1008,-1,1008,1138,1009,-1,1046,1047,1141,-1,1141,1047,1139,-1,1141,1139,1143,-1,1143,1139,1137,-1,1143,1137,1144,-1,1144,1137,1135,-1,1144,1135,1129,-1,1129,1135,1133,-1,1129,1133,1128,-1,1128,1133,1131,-1,1146,1147,1148,-1,1148,1147,1149,-1,1150,1146,1151,-1,1151,1146,1148,-1,1152,1150,1153,-1,1153,1150,1151,-1,1152,1153,1154,-1,1154,1153,1155,-1,1154,1155,1156,-1,1156,1155,1157,-1,1158,1156,1159,-1,1159,1156,1157,-1,1159,1028,1158,-1,1158,1028,1031,-1,1030,1026,1160,-1,1160,1026,1161,-1,1162,1160,1163,-1,1163,1160,1161,-1,1162,1163,1164,-1,1162,1164,1165,-1,1165,1164,1149,-1,1165,1149,1147,-1,1146,1150,1147,-1,1147,1150,1152,-1,1147,1152,1165,-1,1165,1152,1154,-1,1165,1154,1162,-1,1162,1154,1156,-1,1162,1156,1160,-1,1160,1156,1158,-1,1160,1158,1030,-1,1030,1158,1031,-1,1026,1028,1161,-1,1161,1028,1159,-1,1161,1159,1163,-1,1163,1159,1157,-1,1163,1157,1164,-1,1164,1157,1155,-1,1164,1155,1149,-1,1149,1155,1153,-1,1149,1153,1148,-1,1148,1153,1151,-1,1166,1167,1168,-1,1168,1167,1169,-1,1170,1166,1171,-1,1171,1166,1168,-1,1172,1170,1173,-1,1173,1170,1171,-1,1172,1173,1174,-1,1174,1173,1175,-1,1174,1175,1176,-1,1176,1175,1177,-1,1178,1176,1179,-1,1179,1176,1177,-1,1179,1025,1178,-1,1178,1025,1080,-1,1091,1024,1180,-1,1180,1024,1181,-1,1182,1180,1183,-1,1183,1180,1181,-1,1182,1183,1184,-1,1182,1184,1185,-1,1185,1184,1169,-1,1185,1169,1167,-1,1166,1170,1167,-1,1167,1170,1172,-1,1167,1172,1185,-1,1185,1172,1174,-1,1185,1174,1182,-1,1182,1174,1176,-1,1182,1176,1180,-1,1180,1176,1178,-1,1180,1178,1091,-1,1091,1178,1080,-1,1024,1025,1181,-1,1181,1025,1179,-1,1181,1179,1183,-1,1183,1179,1177,-1,1183,1177,1184,-1,1184,1177,1175,-1,1184,1175,1169,-1,1169,1175,1173,-1,1169,1173,1168,-1,1168,1173,1171,-1,1186,1187,1188,-1,1189,1190,1191,-1,1187,1186,1192,-1,1192,1186,1193,-1,1192,1193,1194,-1,1188,1195,1186,-1,1186,1195,1196,-1,1186,1196,1191,-1,1191,1196,1197,-1,1191,1197,1189,-1,1194,1198,1199,-1,1199,1200,1194,-1,1194,1200,1201,-1,1194,1201,1192,-1,1202,1203,1186,-1,1186,1203,1193,-1,1204,1205,1206,-1,1206,1205,1207,-1,1203,1202,1206,-1,1206,1202,1208,-1,1207,1209,1206,-1,1206,1209,1210,-1,1206,1210,1211,-1,1211,1212,1206,-1,1206,1212,1213,-1,1206,1213,1203,-1,1208,1214,1215,-1,1215,1216,1208,-1,1208,1216,1217,-1,1208,1217,1206,-1,1205,1204,1218,-1,1205,1218,1219,-1,1219,1218,1220,-1,1219,1220,1221,-1,1221,1220,1222,-1,1221,1222,1223,-1,1223,1222,1224,-1,1223,1224,1225,-1,1225,1224,1226,-1,1225,1226,1227,-1,1227,1226,1228,-1,1227,1228,1229,-1,1229,1228,1117,-1,1229,1117,1116,-1,1068,1067,1230,-1,1230,1067,1231,-1,1230,1231,1232,-1,1232,1231,1233,-1,1232,1233,1234,-1,1234,1233,1235,-1,1234,1235,1236,-1,1236,1235,1237,-1,1236,1237,1238,-1,1238,1237,1239,-1,1238,1239,1187,-1,1187,1239,1188,-1,1115,1070,1116,-1,1116,1070,1068,-1,1116,1068,1229,-1,1229,1068,1230,-1,1229,1230,1227,-1,1227,1230,1232,-1,1227,1232,1225,-1,1225,1232,1234,-1,1192,1207,1187,-1,1187,1207,1205,-1,1187,1205,1238,-1,1238,1205,1219,-1,1238,1219,1236,-1,1236,1219,1221,-1,1236,1221,1234,-1,1234,1221,1223,-1,1234,1223,1225,-1,1066,1119,1067,-1,1067,1119,1117,-1,1067,1117,1231,-1,1231,1117,1228,-1,1231,1228,1233,-1,1228,1226,1233,-1,1233,1226,1224,-1,1233,1224,1235,-1,1235,1224,1222,-1,1235,1222,1237,-1,1237,1222,1220,-1,1237,1220,1239,-1,1239,1220,1218,-1,1239,1218,1188,-1,1188,1218,1204,-1,1188,1204,1195,-1,1195,1204,1206,-1,1081,1090,1096,-1,1081,1096,1085,-1,1085,1096,1094,-1,1085,1094,1082,-1,1082,1094,1093,-1,1082,1093,1083,-1,1083,1093,1092,-1,1083,1092,1084,-1,1084,1092,1095,-1,1084,1095,1086,-1,1086,1095,1087,-1,1086,1087,1078,-1,1006,1007,1054,-1,1006,1054,1122,-1,1122,1054,1053,-1,1122,1053,1123,-1,1123,1053,1052,-1,1123,1052,1124,-1,1124,1052,1051,-1,1124,1051,1125,-1,1125,1051,1050,-1,1125,1050,1121,-1,1121,1050,1048,-1,1121,1048,1049,-1,1119,1066,1105,-1,1105,1066,1069,-1,1105,1069,1106,-1,1106,1069,1056,-1,1106,1056,1111,-1,1111,1056,1058,-1,1111,1058,1114,-1,1114,1058,1059,-1,1114,1059,1113,-1,1113,1059,1065,-1,1113,1065,1112,-1,1112,1065,1055,-1,1112,1055,1120,-1,1120,1055,993,-1,1120,993,992,-1,1070,1115,1057,-1,1057,1115,1118,-1,1057,1118,1064,-1,1064,1118,1107,-1,1064,1107,1063,-1,1063,1107,1110,-1,1063,1110,1062,-1,1062,1110,1108,-1,1062,1108,1061,-1,1061,1108,1109,-1,1061,1109,1060,-1,1060,1109,1098,-1,1060,1098,1071,-1,1071,1098,1097,-1,1071,1097,1104,-1,1195,1206,1217,-1,1195,1217,1196,-1,1196,1217,1216,-1,1196,1216,1197,-1,1197,1216,1215,-1,1197,1215,1189,-1,1189,1215,1214,-1,1189,1214,1190,-1,1190,1214,1208,-1,1190,1208,1191,-1,1191,1208,1202,-1,1191,1202,1186,-1,1207,1192,1201,-1,1207,1201,1209,-1,1209,1201,1200,-1,1209,1200,1210,-1,1210,1200,1199,-1,1210,1199,1211,-1,1211,1199,1198,-1,1211,1198,1212,-1,1212,1198,1194,-1,1212,1194,1213,-1,1213,1194,1193,-1,1213,1193,1203,-1,1240,1241,1242,-1,1242,1241,1243,-1,1242,1243,1244,-1,1244,1243,1245,-1,1244,1245,1246,-1,1246,1245,1247,-1,1246,1247,1248,-1,1248,1247,1249,-1,1248,1249,1250,-1,1250,1249,1251,-1,1250,1251,1252,-1,1252,1251,1253,-1,1252,1253,1254,-1,1254,1253,1255,-1,1256,1257,1258,-1,1258,1257,1259,-1,1258,1259,1260,-1,1260,1259,1261,-1,1260,1261,1262,-1,1262,1261,1263,-1,1262,1263,1264,-1,1264,1263,1265,-1,1264,1265,1266,-1,1266,1265,1267,-1,1266,1267,1268,-1,1268,1267,1269,-1,1268,1269,1270,-1,1270,1269,1271,-1,1270,1271,1272,-1,1272,1271,1273,-1,1274,1275,1276,-1,1276,1275,1277,-1,1278,1279,1280,-1,1280,1279,1281,-1,1280,1281,1282,-1,1282,1281,1283,-1,1282,1283,1284,-1,1284,1283,1285,-1,1284,1285,1286,-1,1286,1285,1287,-1,1286,1287,1288,-1,1288,1287,1289,-1,1288,1289,1290,-1,1290,1289,1291,-1,1290,1291,1292,-1,1292,1291,1293,-1,1292,1293,1294,-1,1294,1293,1295,-1,1296,1277,1297,-1,1297,1277,1275,-1,1253,1281,1279,-1,1253,1279,1255,-1,1255,1279,1276,-1,1255,1276,1277,-1,1277,1296,1255,-1,1255,1296,1298,-1,1255,1298,1299,-1,1299,1300,1255,-1,1255,1300,1301,-1,1255,1301,1302,-1,1241,1303,1293,-1,1241,1293,1243,-1,1293,1291,1243,-1,1243,1291,1289,-1,1243,1289,1245,-1,1245,1289,1287,-1,1245,1287,1247,-1,1247,1287,1285,-1,1247,1285,1249,-1,1249,1285,1283,-1,1249,1283,1251,-1,1251,1283,1281,-1,1251,1281,1253,-1,1304,1305,1306,-1,1305,1307,1306,-1,1306,1307,1308,-1,1306,1308,1309,-1,1310,1259,1311,-1,1311,1259,1257,-1,1311,1257,1312,-1,1312,1257,1295,-1,1312,1295,1313,-1,1313,1295,1293,-1,1313,1293,1306,-1,1306,1293,1303,-1,1306,1303,1304,-1,1314,1315,1316,-1,1308,1317,1309,-1,1309,1317,1314,-1,1309,1314,1318,-1,1318,1314,1316,-1,1259,1310,1319,-1,1259,1319,1261,-1,1319,1320,1261,-1,1261,1320,1321,-1,1261,1321,1263,-1,1263,1321,1322,-1,1263,1322,1265,-1,1265,1322,1323,-1,1265,1323,1267,-1,1267,1323,1324,-1,1267,1324,1269,-1,1269,1324,1325,-1,1269,1325,1271,-1,1273,1271,1325,-1,1326,1327,1328,-1,1329,1330,1331,-1,1331,1330,1326,-1,1331,1326,1332,-1,1273,1325,1328,-1,1328,1325,1333,-1,1328,1333,1326,-1,1326,1333,1334,-1,1326,1334,1332,-1,1335,1336,1326,-1,1326,1336,1327,-1,1337,1270,1272,-1,1337,1272,1338,-1,1272,1339,1338,-1,1338,1339,1336,-1,1338,1336,1335,-1,1340,1341,1342,-1,1335,1343,1338,-1,1338,1343,1340,-1,1338,1340,1344,-1,1344,1340,1342,-1,1345,1346,1258,-1,1270,1337,1268,-1,1268,1337,1347,-1,1268,1347,1266,-1,1266,1347,1348,-1,1266,1348,1264,-1,1264,1348,1349,-1,1264,1349,1262,-1,1262,1349,1350,-1,1262,1350,1260,-1,1260,1350,1351,-1,1260,1351,1258,-1,1258,1351,1352,-1,1258,1352,1345,-1,1353,1354,1355,-1,1355,1354,1356,-1,1357,1292,1358,-1,1358,1292,1294,-1,1358,1294,1359,-1,1359,1294,1256,-1,1359,1256,1360,-1,1360,1256,1258,-1,1360,1258,1361,-1,1361,1258,1346,-1,1361,1346,1355,-1,1355,1346,1362,-1,1355,1362,1353,-1,1363,1364,1365,-1,1356,1366,1355,-1,1355,1366,1363,-1,1355,1363,1367,-1,1367,1363,1365,-1,1357,1368,1292,-1,1292,1368,1240,-1,1292,1240,1290,-1,1290,1240,1242,-1,1290,1242,1288,-1,1288,1242,1244,-1,1288,1244,1286,-1,1286,1244,1246,-1,1286,1246,1284,-1,1284,1246,1248,-1,1284,1248,1282,-1,1282,1248,1250,-1,1282,1250,1280,-1,1280,1250,1252,-1,1369,1297,1254,-1,1370,1371,1372,-1,1280,1252,1278,-1,1278,1252,1254,-1,1278,1254,1274,-1,1274,1254,1297,-1,1274,1297,1275,-1,1369,1254,1372,-1,1372,1254,1373,-1,1372,1373,1370,-1,1327,1336,1328,-1,1328,1336,1339,-1,1338,1333,1337,-1,1337,1333,1325,-1,1337,1325,1347,-1,1347,1325,1324,-1,1347,1324,1348,-1,1348,1324,1323,-1,1348,1323,1349,-1,1349,1323,1322,-1,1349,1322,1350,-1,1350,1322,1321,-1,1350,1321,1351,-1,1351,1321,1320,-1,1351,1320,1352,-1,1352,1320,1319,-1,1374,1375,1376,-1,1376,1375,1377,-1,1378,1374,1379,-1,1379,1374,1376,-1,1380,1378,1381,-1,1381,1378,1379,-1,1380,1381,1382,-1,1382,1381,1383,-1,1382,1383,1384,-1,1384,1383,1385,-1,1386,1384,1387,-1,1387,1384,1385,-1,1387,1295,1386,-1,1386,1295,1257,-1,1256,1294,1388,-1,1388,1294,1389,-1,1390,1388,1391,-1,1391,1388,1389,-1,1390,1391,1392,-1,1390,1392,1393,-1,1393,1392,1377,-1,1393,1377,1375,-1,1374,1378,1375,-1,1375,1378,1380,-1,1375,1380,1393,-1,1393,1380,1382,-1,1393,1382,1390,-1,1390,1382,1384,-1,1390,1384,1388,-1,1388,1384,1386,-1,1388,1386,1256,-1,1256,1386,1257,-1,1294,1295,1389,-1,1389,1295,1387,-1,1389,1387,1391,-1,1391,1387,1385,-1,1391,1385,1392,-1,1392,1385,1383,-1,1392,1383,1377,-1,1377,1383,1381,-1,1377,1381,1376,-1,1376,1381,1379,-1,1394,1395,1396,-1,1396,1395,1397,-1,1398,1394,1399,-1,1399,1394,1396,-1,1400,1398,1401,-1,1401,1398,1399,-1,1400,1401,1402,-1,1402,1401,1403,-1,1402,1403,1404,-1,1404,1403,1405,-1,1406,1404,1407,-1,1407,1404,1405,-1,1407,1276,1406,-1,1406,1276,1279,-1,1278,1274,1408,-1,1408,1274,1409,-1,1410,1408,1411,-1,1411,1408,1409,-1,1410,1411,1412,-1,1410,1412,1413,-1,1413,1412,1397,-1,1413,1397,1395,-1,1394,1398,1395,-1,1395,1398,1400,-1,1395,1400,1413,-1,1413,1400,1402,-1,1413,1402,1410,-1,1410,1402,1404,-1,1410,1404,1408,-1,1408,1404,1406,-1,1408,1406,1278,-1,1278,1406,1279,-1,1274,1276,1409,-1,1409,1276,1407,-1,1409,1407,1411,-1,1411,1407,1405,-1,1411,1405,1412,-1,1412,1405,1403,-1,1412,1403,1397,-1,1397,1403,1401,-1,1397,1401,1396,-1,1396,1401,1399,-1,1414,1415,1416,-1,1416,1415,1417,-1,1418,1414,1419,-1,1419,1414,1416,-1,1420,1418,1421,-1,1421,1418,1419,-1,1420,1421,1422,-1,1422,1421,1423,-1,1422,1423,1424,-1,1424,1423,1425,-1,1426,1424,1427,-1,1427,1424,1425,-1,1427,1273,1426,-1,1426,1273,1328,-1,1339,1272,1428,-1,1428,1272,1429,-1,1430,1428,1431,-1,1431,1428,1429,-1,1430,1431,1432,-1,1430,1432,1433,-1,1433,1432,1417,-1,1433,1417,1415,-1,1414,1418,1415,-1,1415,1418,1420,-1,1415,1420,1433,-1,1433,1420,1422,-1,1433,1422,1430,-1,1430,1422,1424,-1,1430,1424,1428,-1,1428,1424,1426,-1,1428,1426,1339,-1,1339,1426,1328,-1,1272,1273,1429,-1,1429,1273,1427,-1,1429,1427,1431,-1,1431,1427,1425,-1,1431,1425,1432,-1,1432,1425,1423,-1,1432,1423,1417,-1,1417,1423,1421,-1,1417,1421,1416,-1,1416,1421,1419,-1,1434,1435,1436,-1,1436,1435,1437,-1,1438,1439,1440,-1,1434,1441,1435,-1,1435,1441,1442,-1,1435,1442,1440,-1,1440,1442,1443,-1,1440,1443,1438,-1,1444,1445,1446,-1,1446,1447,1444,-1,1444,1447,1448,-1,1444,1448,1437,-1,1437,1448,1449,-1,1437,1449,1436,-1,1450,1451,1435,-1,1435,1451,1437,-1,1451,1450,1452,-1,1453,1454,1455,-1,1456,1457,1458,-1,1459,1452,1460,-1,1460,1452,1450,-1,1460,1450,1461,-1,1461,1450,1456,-1,1461,1456,1462,-1,1462,1456,1458,-1,1452,1463,1451,-1,1451,1463,1464,-1,1451,1464,1455,-1,1455,1464,1465,-1,1455,1465,1453,-1,1452,1459,1466,-1,1452,1466,1467,-1,1467,1466,1468,-1,1467,1468,1469,-1,1469,1468,1470,-1,1469,1470,1471,-1,1471,1470,1472,-1,1471,1472,1473,-1,1473,1472,1474,-1,1473,1474,1475,-1,1475,1474,1476,-1,1475,1476,1477,-1,1477,1476,1365,-1,1477,1365,1364,-1,1316,1315,1478,-1,1478,1315,1479,-1,1478,1479,1480,-1,1480,1479,1481,-1,1480,1481,1482,-1,1482,1481,1483,-1,1482,1483,1484,-1,1484,1483,1485,-1,1484,1485,1486,-1,1486,1485,1487,-1,1486,1487,1436,-1,1436,1487,1434,-1,1363,1318,1364,-1,1364,1318,1316,-1,1364,1316,1477,-1,1477,1316,1478,-1,1477,1478,1475,-1,1475,1478,1480,-1,1475,1480,1473,-1,1473,1480,1482,-1,1449,1463,1436,-1,1436,1463,1452,-1,1436,1452,1486,-1,1486,1452,1467,-1,1486,1467,1484,-1,1484,1467,1469,-1,1484,1469,1482,-1,1482,1469,1471,-1,1482,1471,1473,-1,1314,1367,1315,-1,1315,1367,1365,-1,1315,1365,1479,-1,1479,1365,1476,-1,1479,1476,1481,-1,1476,1474,1481,-1,1481,1474,1472,-1,1481,1472,1483,-1,1483,1472,1470,-1,1483,1470,1485,-1,1485,1470,1468,-1,1485,1468,1487,-1,1487,1468,1466,-1,1487,1466,1434,-1,1434,1466,1459,-1,1434,1459,1441,-1,1441,1459,1460,-1,1333,1338,1344,-1,1333,1344,1334,-1,1334,1344,1342,-1,1334,1342,1332,-1,1332,1342,1341,-1,1332,1341,1331,-1,1331,1341,1340,-1,1331,1340,1329,-1,1329,1340,1343,-1,1329,1343,1330,-1,1330,1343,1335,-1,1330,1335,1326,-1,1254,1255,1302,-1,1254,1302,1373,-1,1373,1302,1301,-1,1373,1301,1370,-1,1370,1301,1300,-1,1370,1300,1371,-1,1371,1300,1299,-1,1371,1299,1372,-1,1372,1299,1298,-1,1372,1298,1369,-1,1369,1298,1296,-1,1369,1296,1297,-1,1367,1314,1355,-1,1355,1314,1317,-1,1355,1317,1361,-1,1361,1317,1308,-1,1361,1308,1360,-1,1360,1308,1307,-1,1360,1307,1359,-1,1359,1307,1305,-1,1359,1305,1358,-1,1358,1305,1304,-1,1358,1304,1357,-1,1357,1304,1303,-1,1357,1303,1368,-1,1368,1303,1241,-1,1368,1241,1240,-1,1318,1363,1309,-1,1309,1363,1366,-1,1309,1366,1306,-1,1306,1366,1356,-1,1306,1356,1313,-1,1313,1356,1354,-1,1313,1354,1312,-1,1312,1354,1353,-1,1312,1353,1311,-1,1311,1353,1362,-1,1311,1362,1310,-1,1310,1362,1346,-1,1310,1346,1319,-1,1319,1346,1345,-1,1319,1345,1352,-1,1441,1460,1461,-1,1441,1461,1442,-1,1442,1461,1462,-1,1442,1462,1443,-1,1443,1462,1458,-1,1443,1458,1438,-1,1438,1458,1457,-1,1438,1457,1439,-1,1439,1457,1456,-1,1439,1456,1440,-1,1440,1456,1450,-1,1440,1450,1435,-1,1463,1449,1448,-1,1463,1448,1464,-1,1464,1448,1447,-1,1464,1447,1465,-1,1465,1447,1446,-1,1465,1446,1453,-1,1453,1446,1445,-1,1453,1445,1454,-1,1454,1445,1444,-1,1454,1444,1455,-1,1455,1444,1437,-1,1455,1437,1451,-1,1488,1489,1490,-1,1490,1489,1491,-1,1490,1491,1492,-1,1492,1491,1493,-1,1492,1493,1494,-1,1494,1493,1495,-1,1494,1495,1496,-1,1496,1495,1497,-1,1496,1497,1498,-1,1498,1497,1499,-1,1498,1499,1500,-1,1500,1499,1501,-1,1500,1501,1502,-1,1502,1501,1503,-1,1504,1505,1506,-1,1506,1505,1507,-1,1506,1507,1508,-1,1508,1507,1509,-1,1508,1509,1510,-1,1510,1509,1511,-1,1510,1511,1512,-1,1512,1511,1513,-1,1512,1513,1514,-1,1514,1513,1515,-1,1514,1515,1516,-1,1516,1515,1517,-1,1516,1517,1518,-1,1518,1517,1519,-1,1518,1519,1520,-1,1520,1519,1521,-1,1522,1523,1524,-1,1524,1523,1525,-1,1526,1527,1528,-1,1528,1527,1529,-1,1528,1529,1530,-1,1530,1529,1531,-1,1530,1531,1532,-1,1532,1531,1533,-1,1532,1533,1534,-1,1534,1533,1535,-1,1534,1535,1536,-1,1536,1535,1537,-1,1536,1537,1538,-1,1538,1537,1539,-1,1538,1539,1540,-1,1540,1539,1541,-1,1540,1541,1542,-1,1542,1541,1543,-1,1524,1544,1522,-1,1522,1544,1545,-1,1544,1524,1525,-1,1546,1544,1489,-1,1489,1544,1525,-1,1489,1525,1491,-1,1491,1525,1543,-1,1491,1543,1541,-1,1489,1547,1546,-1,1546,1547,1548,-1,1546,1548,1549,-1,1549,1548,1550,-1,1529,1551,1503,-1,1529,1503,1531,-1,1503,1501,1531,-1,1531,1501,1499,-1,1531,1499,1533,-1,1533,1499,1497,-1,1533,1497,1535,-1,1535,1497,1495,-1,1535,1495,1537,-1,1537,1495,1493,-1,1537,1493,1539,-1,1539,1493,1491,-1,1539,1491,1541,-1,1552,1553,1554,-1,1554,1553,1555,-1,1556,1557,1558,-1,1551,1529,1559,-1,1559,1529,1527,-1,1559,1527,1560,-1,1560,1527,1521,-1,1560,1521,1561,-1,1561,1521,1519,-1,1561,1519,1562,-1,1562,1519,1563,-1,1562,1563,1554,-1,1554,1563,1564,-1,1554,1564,1552,-1,1555,1565,1554,-1,1554,1565,1556,-1,1554,1556,1566,-1,1566,1556,1558,-1,1567,1563,1519,-1,1567,1519,1568,-1,1519,1517,1568,-1,1568,1517,1515,-1,1568,1515,1569,-1,1569,1515,1513,-1,1569,1513,1570,-1,1570,1513,1511,-1,1570,1511,1571,-1,1571,1511,1509,-1,1571,1509,1572,-1,1572,1509,1507,-1,1572,1507,1573,-1,1574,1575,1505,-1,1505,1575,1573,-1,1505,1573,1507,-1,1574,1576,1575,-1,1575,1576,1577,-1,1575,1577,1578,-1,1579,1580,1581,-1,1581,1580,1575,-1,1581,1575,1582,-1,1582,1575,1578,-1,1583,1584,1576,-1,1576,1584,1577,-1,1585,1584,1586,-1,1587,1588,1589,-1,1506,1590,1504,-1,1504,1590,1586,-1,1504,1586,1591,-1,1591,1586,1584,-1,1591,1584,1583,-1,1587,1589,1586,-1,1586,1589,1592,-1,1586,1592,1585,-1,1593,1594,1518,-1,1518,1594,1595,-1,1518,1595,1516,-1,1516,1595,1596,-1,1516,1596,1514,-1,1514,1596,1597,-1,1514,1597,1512,-1,1512,1597,1598,-1,1512,1598,1510,-1,1510,1598,1599,-1,1510,1599,1508,-1,1508,1599,1600,-1,1508,1600,1506,-1,1506,1600,1590,-1,1601,1602,1603,-1,1603,1602,1604,-1,1605,1606,1607,-1,1593,1518,1608,-1,1608,1518,1520,-1,1608,1520,1609,-1,1609,1520,1526,-1,1609,1526,1610,-1,1610,1526,1528,-1,1610,1528,1611,-1,1611,1528,1612,-1,1611,1612,1603,-1,1603,1612,1613,-1,1603,1613,1601,-1,1604,1614,1603,-1,1603,1614,1605,-1,1603,1605,1615,-1,1615,1605,1607,-1,1616,1612,1528,-1,1540,1490,1538,-1,1538,1490,1492,-1,1538,1492,1536,-1,1536,1492,1494,-1,1536,1494,1534,-1,1534,1494,1496,-1,1534,1496,1532,-1,1532,1496,1498,-1,1532,1498,1530,-1,1530,1498,1500,-1,1530,1500,1528,-1,1528,1500,1502,-1,1528,1502,1616,-1,1523,1488,1542,-1,1542,1488,1490,-1,1542,1490,1540,-1,1523,1522,1488,-1,1488,1522,1545,-1,1488,1545,1617,-1,1618,1619,1620,-1,1617,1545,1620,-1,1620,1545,1621,-1,1620,1621,1618,-1,1583,1576,1591,-1,1591,1576,1574,-1,1595,1567,1596,-1,1596,1567,1568,-1,1596,1568,1597,-1,1597,1568,1569,-1,1597,1569,1598,-1,1598,1569,1570,-1,1598,1570,1599,-1,1599,1570,1571,-1,1599,1571,1600,-1,1600,1571,1572,-1,1600,1572,1590,-1,1590,1572,1573,-1,1590,1573,1586,-1,1586,1573,1575,-1,1622,1623,1624,-1,1624,1623,1625,-1,1623,1626,1625,-1,1625,1626,1627,-1,1626,1628,1627,-1,1627,1628,1629,-1,1630,1631,1632,-1,1632,1631,1633,-1,1632,1633,1628,-1,1628,1633,1629,-1,1630,1634,1631,-1,1631,1634,1635,-1,1527,1635,1521,-1,1521,1635,1634,-1,1636,1637,1520,-1,1520,1637,1526,-1,1636,1638,1637,-1,1637,1638,1639,-1,1622,1624,1640,-1,1622,1640,1641,-1,1641,1640,1639,-1,1641,1639,1638,-1,1520,1521,1636,-1,1636,1521,1634,-1,1636,1634,1638,-1,1638,1634,1630,-1,1638,1630,1641,-1,1641,1630,1632,-1,1641,1632,1622,-1,1622,1632,1628,-1,1622,1628,1623,-1,1623,1628,1626,-1,1625,1627,1624,-1,1624,1627,1629,-1,1624,1629,1640,-1,1640,1629,1633,-1,1640,1633,1639,-1,1639,1633,1631,-1,1639,1631,1637,-1,1637,1631,1635,-1,1637,1635,1526,-1,1526,1635,1527,-1,1642,1643,1644,-1,1644,1643,1645,-1,1643,1646,1645,-1,1645,1646,1647,-1,1646,1648,1647,-1,1647,1648,1649,-1,1650,1651,1652,-1,1652,1651,1653,-1,1652,1653,1648,-1,1648,1653,1649,-1,1650,1654,1651,-1,1651,1654,1655,-1,1525,1655,1543,-1,1543,1655,1654,-1,1656,1657,1542,-1,1542,1657,1523,-1,1656,1658,1657,-1,1657,1658,1659,-1,1642,1644,1660,-1,1642,1660,1661,-1,1661,1660,1659,-1,1661,1659,1658,-1,1542,1543,1656,-1,1656,1543,1654,-1,1656,1654,1658,-1,1658,1654,1650,-1,1658,1650,1661,-1,1661,1650,1652,-1,1661,1652,1642,-1,1642,1652,1648,-1,1642,1648,1643,-1,1643,1648,1646,-1,1645,1647,1644,-1,1644,1647,1649,-1,1644,1649,1660,-1,1660,1649,1653,-1,1660,1653,1659,-1,1659,1653,1651,-1,1659,1651,1657,-1,1657,1651,1655,-1,1657,1655,1523,-1,1523,1655,1525,-1,1662,1663,1664,-1,1664,1663,1665,-1,1663,1666,1665,-1,1665,1666,1667,-1,1666,1668,1667,-1,1667,1668,1669,-1,1670,1671,1672,-1,1672,1671,1673,-1,1672,1673,1668,-1,1668,1673,1669,-1,1670,1674,1671,-1,1671,1674,1675,-1,1505,1675,1574,-1,1574,1675,1674,-1,1676,1677,1591,-1,1591,1677,1504,-1,1676,1678,1677,-1,1677,1678,1679,-1,1662,1664,1680,-1,1662,1680,1681,-1,1681,1680,1679,-1,1681,1679,1678,-1,1591,1574,1676,-1,1676,1574,1674,-1,1676,1674,1678,-1,1678,1674,1670,-1,1678,1670,1681,-1,1681,1670,1672,-1,1681,1672,1662,-1,1662,1672,1668,-1,1662,1668,1663,-1,1663,1668,1666,-1,1665,1667,1664,-1,1664,1667,1669,-1,1664,1669,1680,-1,1680,1669,1673,-1,1680,1673,1679,-1,1679,1673,1671,-1,1679,1671,1677,-1,1677,1671,1675,-1,1677,1675,1504,-1,1504,1675,1505,-1,1682,1683,1684,-1,1684,1683,1685,-1,1686,1687,1688,-1,1688,1687,1689,-1,1682,1690,1683,-1,1683,1690,1687,-1,1683,1687,1691,-1,1691,1687,1686,-1,1692,1693,1685,-1,1685,1693,1694,-1,1685,1694,1684,-1,1692,1695,1693,-1,1693,1695,1696,-1,1693,1696,1697,-1,1698,1699,1683,-1,1683,1699,1685,-1,1699,1698,1700,-1,1701,1700,1702,-1,1702,1700,1698,-1,1702,1698,1703,-1,1703,1698,1704,-1,1704,1705,1703,-1,1703,1705,1706,-1,1703,1706,1707,-1,1708,1709,1710,-1,1710,1709,1711,-1,1700,1712,1699,-1,1699,1712,1709,-1,1699,1709,1713,-1,1713,1709,1708,-1,1607,1606,1714,-1,1607,1714,1715,-1,1715,1714,1716,-1,1715,1716,1717,-1,1717,1716,1718,-1,1717,1718,1719,-1,1719,1718,1720,-1,1719,1720,1721,-1,1721,1720,1722,-1,1721,1722,1723,-1,1723,1722,1724,-1,1723,1724,1725,-1,1725,1724,1700,-1,1725,1700,1701,-1,1682,1684,1726,-1,1726,1684,1727,-1,1726,1727,1728,-1,1728,1727,1729,-1,1728,1729,1730,-1,1730,1729,1731,-1,1730,1731,1732,-1,1732,1731,1733,-1,1732,1733,1734,-1,1734,1733,1735,-1,1734,1735,1557,-1,1557,1735,1558,-1,1556,1615,1557,-1,1557,1615,1607,-1,1557,1607,1734,-1,1734,1607,1715,-1,1734,1715,1732,-1,1715,1717,1732,-1,1732,1717,1719,-1,1732,1719,1730,-1,1730,1719,1721,-1,1730,1721,1728,-1,1728,1721,1723,-1,1728,1723,1726,-1,1726,1723,1725,-1,1726,1725,1682,-1,1682,1725,1701,-1,1682,1701,1690,-1,1690,1701,1702,-1,1605,1566,1606,-1,1606,1566,1558,-1,1606,1558,1714,-1,1714,1558,1735,-1,1714,1735,1716,-1,1716,1735,1733,-1,1716,1733,1718,-1,1718,1733,1731,-1,1694,1712,1684,-1,1684,1712,1700,-1,1684,1700,1727,-1,1727,1700,1724,-1,1727,1724,1729,-1,1729,1724,1722,-1,1729,1722,1731,-1,1731,1722,1720,-1,1731,1720,1718,-1,1577,1584,1585,-1,1577,1585,1578,-1,1578,1585,1592,-1,1578,1592,1582,-1,1582,1592,1589,-1,1582,1589,1581,-1,1581,1589,1588,-1,1581,1588,1579,-1,1579,1588,1587,-1,1579,1587,1580,-1,1580,1587,1586,-1,1580,1586,1575,-1,1545,1544,1546,-1,1545,1546,1621,-1,1621,1546,1549,-1,1621,1549,1618,-1,1618,1549,1550,-1,1618,1550,1619,-1,1619,1550,1548,-1,1619,1548,1620,-1,1620,1548,1547,-1,1620,1547,1617,-1,1617,1547,1489,-1,1617,1489,1488,-1,1566,1605,1554,-1,1554,1605,1614,-1,1554,1614,1562,-1,1562,1614,1604,-1,1562,1604,1561,-1,1561,1604,1602,-1,1561,1602,1560,-1,1560,1602,1601,-1,1560,1601,1559,-1,1559,1601,1613,-1,1559,1613,1551,-1,1551,1613,1612,-1,1551,1612,1503,-1,1503,1612,1616,-1,1503,1616,1502,-1,1615,1556,1603,-1,1603,1556,1565,-1,1603,1565,1611,-1,1611,1565,1555,-1,1611,1555,1610,-1,1610,1555,1553,-1,1610,1553,1609,-1,1609,1553,1552,-1,1609,1552,1608,-1,1608,1552,1564,-1,1608,1564,1593,-1,1593,1564,1563,-1,1593,1563,1594,-1,1594,1563,1567,-1,1594,1567,1595,-1,1685,1699,1713,-1,1685,1713,1692,-1,1692,1713,1708,-1,1692,1708,1695,-1,1695,1708,1710,-1,1695,1710,1696,-1,1696,1710,1711,-1,1696,1711,1697,-1,1697,1711,1709,-1,1697,1709,1693,-1,1693,1709,1712,-1,1693,1712,1694,-1,1698,1683,1691,-1,1698,1691,1704,-1,1704,1691,1686,-1,1704,1686,1705,-1,1705,1686,1688,-1,1705,1688,1706,-1,1706,1688,1689,-1,1706,1689,1707,-1,1707,1689,1687,-1,1707,1687,1703,-1,1703,1687,1690,-1,1703,1690,1702,-1,1736,1737,1738,-1,1738,1737,1739,-1,1738,1739,1740,-1,1740,1739,1741,-1,1740,1741,1742,-1,1742,1741,1743,-1,1742,1743,1744,-1,1744,1743,1745,-1,1744,1745,1746,-1,1746,1745,1747,-1,1746,1747,1748,-1,1748,1747,1749,-1,1748,1749,1750,-1,1750,1749,1751,-1,1752,1753,1754,-1,1754,1753,1755,-1,1754,1755,1756,-1,1756,1755,1757,-1,1756,1757,1758,-1,1758,1757,1759,-1,1758,1759,1760,-1,1760,1759,1761,-1,1760,1761,1762,-1,1762,1761,1763,-1,1762,1763,1764,-1,1764,1763,1765,-1,1764,1765,1766,-1,1766,1765,1767,-1,1766,1767,1768,-1,1768,1767,1769,-1,1770,1771,1772,-1,1772,1771,1773,-1,1774,1775,1776,-1,1776,1775,1777,-1,1776,1777,1778,-1,1778,1777,1779,-1,1778,1779,1780,-1,1780,1779,1781,-1,1780,1781,1782,-1,1782,1781,1783,-1,1782,1783,1784,-1,1784,1783,1785,-1,1784,1785,1786,-1,1786,1785,1787,-1,1786,1787,1788,-1,1788,1787,1789,-1,1788,1789,1790,-1,1790,1789,1791,-1,1772,1792,1770,-1,1770,1792,1793,-1,1737,1773,1739,-1,1739,1773,1791,-1,1739,1791,1789,-1,1772,1773,1792,-1,1792,1773,1737,-1,1792,1737,1794,-1,1794,1737,1795,-1,1795,1737,1796,-1,1796,1737,1797,-1,1796,1797,1798,-1,1777,1799,1751,-1,1777,1751,1779,-1,1751,1749,1779,-1,1779,1749,1747,-1,1779,1747,1781,-1,1781,1747,1745,-1,1781,1745,1783,-1,1783,1745,1743,-1,1783,1743,1785,-1,1785,1743,1741,-1,1785,1741,1787,-1,1787,1741,1739,-1,1787,1739,1789,-1,1800,1801,1777,-1,1777,1801,1802,-1,1777,1802,1799,-1,1767,1803,1769,-1,1769,1803,1804,-1,1769,1804,1775,-1,1775,1804,1805,-1,1775,1805,1777,-1,1777,1805,1806,-1,1777,1806,1800,-1,1807,1808,1806,-1,1806,1808,1809,-1,1806,1809,1800,-1,1810,1811,1812,-1,1807,1813,1808,-1,1808,1813,1810,-1,1808,1810,1814,-1,1814,1810,1812,-1,1815,1803,1767,-1,1815,1767,1816,-1,1767,1765,1816,-1,1816,1765,1763,-1,1816,1763,1817,-1,1817,1763,1761,-1,1817,1761,1818,-1,1818,1761,1759,-1,1818,1759,1819,-1,1819,1759,1757,-1,1819,1757,1820,-1,1820,1757,1755,-1,1820,1755,1821,-1,1822,1823,1753,-1,1753,1823,1821,-1,1753,1821,1755,-1,1822,1824,1823,-1,1823,1824,1825,-1,1823,1825,1826,-1,1826,1827,1823,-1,1823,1827,1828,-1,1823,1828,1829,-1,1829,1828,1830,-1,1831,1832,1824,-1,1824,1832,1825,-1,1754,1833,1752,-1,1752,1833,1834,-1,1752,1834,1835,-1,1835,1834,1832,-1,1835,1832,1831,-1,1836,1837,1838,-1,1838,1837,1839,-1,1838,1839,1834,-1,1834,1839,1840,-1,1834,1840,1832,-1,1841,1842,1766,-1,1766,1842,1843,-1,1766,1843,1764,-1,1764,1843,1844,-1,1764,1844,1762,-1,1762,1844,1845,-1,1762,1845,1760,-1,1760,1845,1846,-1,1760,1846,1758,-1,1758,1846,1847,-1,1758,1847,1756,-1,1756,1847,1848,-1,1756,1848,1754,-1,1754,1848,1833,-1,1849,1850,1851,-1,1851,1850,1852,-1,1841,1766,1853,-1,1853,1766,1768,-1,1853,1768,1854,-1,1854,1768,1774,-1,1854,1774,1855,-1,1855,1774,1776,-1,1855,1776,1856,-1,1856,1776,1857,-1,1856,1857,1850,-1,1850,1857,1858,-1,1850,1858,1852,-1,1859,1860,1861,-1,1849,1862,1850,-1,1850,1862,1859,-1,1850,1859,1863,-1,1863,1859,1861,-1,1864,1857,1776,-1,1788,1738,1786,-1,1786,1738,1740,-1,1786,1740,1784,-1,1784,1740,1742,-1,1784,1742,1782,-1,1782,1742,1744,-1,1782,1744,1780,-1,1780,1744,1746,-1,1780,1746,1778,-1,1778,1746,1748,-1,1778,1748,1776,-1,1776,1748,1750,-1,1776,1750,1864,-1,1738,1788,1790,-1,1738,1790,1736,-1,1736,1790,1771,-1,1736,1771,1770,-1,1770,1793,1736,-1,1736,1793,1865,-1,1736,1865,1866,-1,1866,1867,1736,-1,1736,1867,1868,-1,1736,1868,1869,-1,1831,1824,1835,-1,1835,1824,1822,-1,1843,1815,1844,-1,1844,1815,1816,-1,1844,1816,1845,-1,1845,1816,1817,-1,1845,1817,1846,-1,1846,1817,1818,-1,1846,1818,1847,-1,1847,1818,1819,-1,1847,1819,1848,-1,1848,1819,1820,-1,1848,1820,1833,-1,1833,1820,1821,-1,1833,1821,1834,-1,1834,1821,1823,-1,1870,1871,1872,-1,1872,1871,1873,-1,1871,1874,1873,-1,1873,1874,1875,-1,1874,1876,1875,-1,1875,1876,1877,-1,1878,1879,1880,-1,1880,1879,1881,-1,1880,1881,1876,-1,1876,1881,1877,-1,1878,1882,1879,-1,1879,1882,1883,-1,1775,1883,1769,-1,1769,1883,1882,-1,1884,1885,1768,-1,1768,1885,1774,-1,1884,1886,1885,-1,1885,1886,1887,-1,1870,1872,1888,-1,1870,1888,1889,-1,1889,1888,1887,-1,1889,1887,1886,-1,1768,1769,1884,-1,1884,1769,1882,-1,1884,1882,1886,-1,1886,1882,1878,-1,1886,1878,1889,-1,1889,1878,1880,-1,1889,1880,1870,-1,1870,1880,1876,-1,1870,1876,1871,-1,1871,1876,1874,-1,1873,1875,1872,-1,1872,1875,1877,-1,1872,1877,1888,-1,1888,1877,1881,-1,1888,1881,1887,-1,1887,1881,1879,-1,1887,1879,1885,-1,1885,1879,1883,-1,1885,1883,1774,-1,1774,1883,1775,-1,1890,1891,1892,-1,1892,1891,1893,-1,1891,1894,1893,-1,1893,1894,1895,-1,1894,1896,1895,-1,1895,1896,1897,-1,1898,1899,1900,-1,1900,1899,1901,-1,1900,1901,1896,-1,1896,1901,1897,-1,1898,1902,1899,-1,1899,1902,1903,-1,1773,1903,1791,-1,1791,1903,1902,-1,1904,1905,1790,-1,1790,1905,1771,-1,1904,1906,1905,-1,1905,1906,1907,-1,1890,1892,1908,-1,1890,1908,1909,-1,1909,1908,1907,-1,1909,1907,1906,-1,1790,1791,1904,-1,1904,1791,1902,-1,1904,1902,1906,-1,1906,1902,1898,-1,1906,1898,1909,-1,1909,1898,1900,-1,1909,1900,1890,-1,1890,1900,1896,-1,1890,1896,1891,-1,1891,1896,1894,-1,1893,1895,1892,-1,1892,1895,1897,-1,1892,1897,1908,-1,1908,1897,1901,-1,1908,1901,1907,-1,1907,1901,1899,-1,1907,1899,1905,-1,1905,1899,1903,-1,1905,1903,1771,-1,1771,1903,1773,-1,1910,1911,1912,-1,1912,1911,1913,-1,1911,1914,1913,-1,1913,1914,1915,-1,1914,1916,1915,-1,1915,1916,1917,-1,1918,1919,1920,-1,1920,1919,1921,-1,1920,1921,1916,-1,1916,1921,1917,-1,1918,1922,1919,-1,1919,1922,1923,-1,1753,1923,1822,-1,1822,1923,1922,-1,1924,1925,1835,-1,1835,1925,1752,-1,1924,1926,1925,-1,1925,1926,1927,-1,1910,1912,1928,-1,1910,1928,1929,-1,1929,1928,1927,-1,1929,1927,1926,-1,1835,1822,1924,-1,1924,1822,1922,-1,1924,1922,1926,-1,1926,1922,1918,-1,1926,1918,1929,-1,1929,1918,1920,-1,1929,1920,1910,-1,1910,1920,1916,-1,1910,1916,1911,-1,1911,1916,1914,-1,1913,1915,1912,-1,1912,1915,1917,-1,1912,1917,1928,-1,1928,1917,1921,-1,1928,1921,1927,-1,1927,1921,1919,-1,1927,1919,1925,-1,1925,1919,1923,-1,1925,1923,1752,-1,1752,1923,1753,-1,1930,1931,1932,-1,1932,1931,1933,-1,1934,1935,1936,-1,1936,1935,1937,-1,1930,1938,1931,-1,1931,1938,1935,-1,1931,1935,1939,-1,1939,1935,1934,-1,1940,1941,1933,-1,1933,1941,1942,-1,1933,1942,1932,-1,1940,1943,1941,-1,1941,1943,1944,-1,1941,1944,1945,-1,1946,1947,1931,-1,1931,1947,1933,-1,1947,1946,1948,-1,1949,1948,1950,-1,1950,1948,1946,-1,1950,1946,1951,-1,1951,1946,1952,-1,1952,1953,1951,-1,1951,1953,1954,-1,1951,1954,1955,-1,1956,1957,1958,-1,1958,1957,1959,-1,1948,1960,1947,-1,1947,1960,1957,-1,1947,1957,1961,-1,1961,1957,1956,-1,1861,1860,1962,-1,1861,1962,1963,-1,1963,1962,1964,-1,1963,1964,1965,-1,1965,1964,1966,-1,1965,1966,1967,-1,1967,1966,1968,-1,1967,1968,1969,-1,1969,1968,1970,-1,1969,1970,1971,-1,1971,1970,1972,-1,1971,1972,1973,-1,1973,1972,1948,-1,1973,1948,1949,-1,1930,1932,1974,-1,1974,1932,1975,-1,1974,1975,1976,-1,1976,1975,1977,-1,1976,1977,1978,-1,1978,1977,1979,-1,1978,1979,1980,-1,1980,1979,1981,-1,1980,1981,1982,-1,1982,1981,1983,-1,1982,1983,1811,-1,1811,1983,1812,-1,1810,1863,1811,-1,1811,1863,1861,-1,1811,1861,1982,-1,1982,1861,1963,-1,1982,1963,1980,-1,1963,1965,1980,-1,1980,1965,1967,-1,1980,1967,1978,-1,1978,1967,1969,-1,1978,1969,1976,-1,1976,1969,1971,-1,1976,1971,1974,-1,1974,1971,1973,-1,1974,1973,1930,-1,1930,1973,1949,-1,1930,1949,1938,-1,1938,1949,1950,-1,1859,1814,1860,-1,1860,1814,1812,-1,1860,1812,1962,-1,1962,1812,1983,-1,1962,1983,1964,-1,1964,1983,1981,-1,1964,1981,1966,-1,1966,1981,1979,-1,1942,1960,1932,-1,1932,1960,1948,-1,1932,1948,1975,-1,1975,1948,1972,-1,1975,1972,1977,-1,1977,1972,1970,-1,1977,1970,1979,-1,1979,1970,1968,-1,1979,1968,1966,-1,1825,1832,1840,-1,1825,1840,1826,-1,1826,1840,1839,-1,1826,1839,1827,-1,1827,1839,1837,-1,1827,1837,1828,-1,1828,1837,1836,-1,1828,1836,1830,-1,1830,1836,1838,-1,1830,1838,1829,-1,1829,1838,1834,-1,1829,1834,1823,-1,1793,1792,1794,-1,1793,1794,1865,-1,1865,1794,1795,-1,1865,1795,1866,-1,1866,1795,1796,-1,1866,1796,1867,-1,1867,1796,1798,-1,1867,1798,1868,-1,1868,1798,1797,-1,1868,1797,1869,-1,1869,1797,1737,-1,1869,1737,1736,-1,1814,1859,1808,-1,1808,1859,1862,-1,1808,1862,1809,-1,1809,1862,1849,-1,1809,1849,1800,-1,1800,1849,1851,-1,1800,1851,1801,-1,1801,1851,1852,-1,1801,1852,1802,-1,1802,1852,1858,-1,1802,1858,1799,-1,1799,1858,1857,-1,1799,1857,1751,-1,1751,1857,1864,-1,1751,1864,1750,-1,1863,1810,1850,-1,1850,1810,1813,-1,1850,1813,1856,-1,1856,1813,1807,-1,1856,1807,1855,-1,1855,1807,1806,-1,1855,1806,1854,-1,1854,1806,1805,-1,1854,1805,1853,-1,1853,1805,1804,-1,1853,1804,1841,-1,1841,1804,1803,-1,1841,1803,1842,-1,1842,1803,1815,-1,1842,1815,1843,-1,1933,1947,1961,-1,1933,1961,1940,-1,1940,1961,1956,-1,1940,1956,1943,-1,1943,1956,1958,-1,1943,1958,1944,-1,1944,1958,1959,-1,1944,1959,1945,-1,1945,1959,1957,-1,1945,1957,1941,-1,1941,1957,1960,-1,1941,1960,1942,-1,1946,1931,1939,-1,1946,1939,1952,-1,1952,1939,1934,-1,1952,1934,1953,-1,1953,1934,1936,-1,1953,1936,1954,-1,1954,1936,1937,-1,1954,1937,1955,-1,1955,1937,1935,-1,1955,1935,1951,-1,1951,1935,1938,-1,1951,1938,1950,-1,1984,1985,1986,-1,1986,1985,1987,-1,1986,1987,1988,-1,1988,1987,1989,-1,1988,1989,1990,-1,1990,1989,1991,-1,1990,1991,1992,-1,1992,1991,1993,-1,1992,1993,1994,-1,1994,1993,1995,-1,1994,1995,1996,-1,1996,1995,1997,-1,1996,1997,1998,-1,1998,1997,1999,-1,2000,2001,2002,-1,2002,2001,2003,-1,2002,2003,2004,-1,2004,2003,2005,-1,2004,2005,2006,-1,2006,2005,2007,-1,2006,2007,2008,-1,2008,2007,2009,-1,2008,2009,2010,-1,2010,2009,2011,-1,2010,2011,2012,-1,2012,2011,2013,-1,2012,2013,2014,-1,2014,2013,2015,-1,2014,2015,2016,-1,2016,2015,2017,-1,2018,2019,2020,-1,2020,2019,2021,-1,2022,2023,2024,-1,2024,2023,2025,-1,2024,2025,2026,-1,2026,2025,2027,-1,2026,2027,2028,-1,2028,2027,2029,-1,2028,2029,2030,-1,2030,2029,2031,-1,2030,2031,2032,-1,2032,2031,2033,-1,2032,2033,2034,-1,2034,2033,2035,-1,2034,2035,2036,-1,2036,2035,2037,-1,2036,2037,2038,-1,2038,2037,2039,-1,2020,2040,2018,-1,2018,2040,2041,-1,2040,2020,2021,-1,2042,2040,1985,-1,1985,2040,2021,-1,1985,2021,1987,-1,1987,2021,2039,-1,1987,2039,2037,-1,1985,2043,2042,-1,2042,2043,2044,-1,2042,2044,2045,-1,2045,2044,2046,-1,2025,2047,1999,-1,2025,1999,2027,-1,1999,1997,2027,-1,2027,1997,1995,-1,2027,1995,2029,-1,2029,1995,1993,-1,2029,1993,2031,-1,2031,1993,1991,-1,2031,1991,2033,-1,2033,1991,1989,-1,2033,1989,2035,-1,2035,1989,1987,-1,2035,1987,2037,-1,2048,2049,2050,-1,2048,2050,2051,-1,2047,2025,2052,-1,2052,2025,2023,-1,2052,2023,2053,-1,2053,2023,2017,-1,2053,2017,2049,-1,2049,2017,2015,-1,2054,2055,2015,-1,2015,2055,2056,-1,2015,2056,2049,-1,2049,2056,2057,-1,2049,2057,2050,-1,2058,2059,2060,-1,2050,2061,2051,-1,2051,2061,2058,-1,2051,2058,2062,-1,2062,2058,2060,-1,2063,2054,2015,-1,2063,2015,2064,-1,2015,2013,2064,-1,2064,2013,2011,-1,2064,2011,2065,-1,2065,2011,2009,-1,2065,2009,2066,-1,2066,2009,2007,-1,2066,2007,2067,-1,2067,2007,2005,-1,2067,2005,2068,-1,2068,2005,2003,-1,2068,2003,2069,-1,2070,2071,2001,-1,2001,2071,2069,-1,2001,2069,2003,-1,2070,2072,2071,-1,2071,2072,2073,-1,2071,2073,2074,-1,2075,2076,2077,-1,2077,2076,2071,-1,2077,2071,2078,-1,2078,2071,2074,-1,2079,2080,2072,-1,2072,2080,2073,-1,2081,2080,2082,-1,2083,2084,2085,-1,2002,2086,2000,-1,2000,2086,2082,-1,2000,2082,2087,-1,2087,2082,2080,-1,2087,2080,2079,-1,2083,2085,2082,-1,2082,2085,2088,-1,2082,2088,2081,-1,2089,2090,2014,-1,2014,2090,2091,-1,2014,2091,2012,-1,2012,2091,2092,-1,2012,2092,2010,-1,2010,2092,2093,-1,2010,2093,2008,-1,2008,2093,2094,-1,2008,2094,2006,-1,2006,2094,2095,-1,2006,2095,2004,-1,2004,2095,2096,-1,2004,2096,2002,-1,2002,2096,2086,-1,2097,2098,2099,-1,2099,2098,2100,-1,2101,2102,2014,-1,2014,2102,2103,-1,2014,2103,2089,-1,2104,2105,2106,-1,2100,2101,2099,-1,2099,2101,2014,-1,2099,2014,2107,-1,2107,2014,2016,-1,2107,2016,2108,-1,2108,2016,2022,-1,2108,2022,2109,-1,2109,2022,2024,-1,2097,2110,2098,-1,2098,2110,2104,-1,2098,2104,2111,-1,2111,2104,2106,-1,2112,2109,2024,-1,2036,1986,2034,-1,2034,1986,1988,-1,2034,1988,2032,-1,2032,1988,1990,-1,2032,1990,2030,-1,2030,1990,1992,-1,2030,1992,2028,-1,2028,1992,1994,-1,2028,1994,2026,-1,2026,1994,1996,-1,2026,1996,2024,-1,2024,1996,1998,-1,2024,1998,2112,-1,2019,1984,2038,-1,2038,1984,1986,-1,2038,1986,2036,-1,2019,2018,1984,-1,1984,2018,2041,-1,1984,2041,2113,-1,2114,2115,2116,-1,2113,2041,2116,-1,2116,2041,2117,-1,2116,2117,2114,-1,2079,2072,2087,-1,2087,2072,2070,-1,2091,2063,2092,-1,2092,2063,2064,-1,2092,2064,2093,-1,2093,2064,2065,-1,2093,2065,2094,-1,2094,2065,2066,-1,2094,2066,2095,-1,2095,2066,2067,-1,2095,2067,2096,-1,2096,2067,2068,-1,2096,2068,2086,-1,2086,2068,2069,-1,2086,2069,2082,-1,2082,2069,2071,-1,2118,2119,2120,-1,2120,2119,2121,-1,2119,2122,2121,-1,2121,2122,2123,-1,2122,2124,2123,-1,2123,2124,2125,-1,2126,2127,2128,-1,2128,2127,2129,-1,2128,2129,2124,-1,2124,2129,2125,-1,2126,2130,2127,-1,2127,2130,2131,-1,2023,2131,2017,-1,2017,2131,2130,-1,2132,2133,2016,-1,2016,2133,2022,-1,2132,2134,2133,-1,2133,2134,2135,-1,2118,2120,2136,-1,2118,2136,2137,-1,2137,2136,2135,-1,2137,2135,2134,-1,2016,2017,2132,-1,2132,2017,2130,-1,2132,2130,2134,-1,2134,2130,2126,-1,2134,2126,2137,-1,2137,2126,2128,-1,2137,2128,2118,-1,2118,2128,2124,-1,2118,2124,2119,-1,2119,2124,2122,-1,2121,2123,2120,-1,2120,2123,2125,-1,2120,2125,2136,-1,2136,2125,2129,-1,2136,2129,2135,-1,2135,2129,2127,-1,2135,2127,2133,-1,2133,2127,2131,-1,2133,2131,2022,-1,2022,2131,2023,-1,2138,2139,2140,-1,2140,2139,2141,-1,2139,2142,2141,-1,2141,2142,2143,-1,2142,2144,2143,-1,2143,2144,2145,-1,2146,2147,2148,-1,2148,2147,2149,-1,2148,2149,2144,-1,2144,2149,2145,-1,2146,2150,2147,-1,2147,2150,2151,-1,2021,2151,2039,-1,2039,2151,2150,-1,2152,2153,2038,-1,2038,2153,2019,-1,2152,2154,2153,-1,2153,2154,2155,-1,2138,2140,2156,-1,2138,2156,2157,-1,2157,2156,2155,-1,2157,2155,2154,-1,2038,2039,2152,-1,2152,2039,2150,-1,2152,2150,2154,-1,2154,2150,2146,-1,2154,2146,2157,-1,2157,2146,2148,-1,2157,2148,2138,-1,2138,2148,2144,-1,2138,2144,2139,-1,2139,2144,2142,-1,2141,2143,2140,-1,2140,2143,2145,-1,2140,2145,2156,-1,2156,2145,2149,-1,2156,2149,2155,-1,2155,2149,2147,-1,2155,2147,2153,-1,2153,2147,2151,-1,2153,2151,2019,-1,2019,2151,2021,-1,2158,2159,2160,-1,2160,2159,2161,-1,2159,2162,2161,-1,2161,2162,2163,-1,2162,2164,2163,-1,2163,2164,2165,-1,2166,2167,2168,-1,2168,2167,2169,-1,2168,2169,2164,-1,2164,2169,2165,-1,2166,2170,2167,-1,2167,2170,2171,-1,2001,2171,2070,-1,2070,2171,2170,-1,2172,2173,2087,-1,2087,2173,2000,-1,2172,2174,2173,-1,2173,2174,2175,-1,2158,2160,2176,-1,2158,2176,2177,-1,2177,2176,2175,-1,2177,2175,2174,-1,2087,2070,2172,-1,2172,2070,2170,-1,2172,2170,2174,-1,2174,2170,2166,-1,2174,2166,2177,-1,2177,2166,2168,-1,2177,2168,2158,-1,2158,2168,2164,-1,2158,2164,2159,-1,2159,2164,2162,-1,2161,2163,2160,-1,2160,2163,2165,-1,2160,2165,2176,-1,2176,2165,2169,-1,2176,2169,2175,-1,2175,2169,2167,-1,2175,2167,2173,-1,2173,2167,2171,-1,2173,2171,2000,-1,2000,2171,2001,-1,2178,2179,2180,-1,2179,2181,2180,-1,2180,2181,2182,-1,2180,2182,2183,-1,2183,2184,2180,-1,2180,2184,2185,-1,2180,2185,2186,-1,2186,2185,2187,-1,2180,2188,2178,-1,2178,2188,2189,-1,2178,2189,2190,-1,2190,2191,2178,-1,2178,2191,2192,-1,2178,2192,2193,-1,2194,2195,2180,-1,2180,2195,2188,-1,2196,2197,2198,-1,2198,2197,2199,-1,2199,2200,2198,-1,2198,2200,2201,-1,2198,2201,2202,-1,2202,2203,2198,-1,2198,2203,2204,-1,2198,2204,2195,-1,2195,2194,2198,-1,2198,2194,2205,-1,2198,2205,2206,-1,2206,2207,2198,-1,2198,2207,2208,-1,2198,2208,2209,-1,2106,2105,2210,-1,2106,2210,2211,-1,2211,2210,2212,-1,2211,2212,2213,-1,2213,2212,2214,-1,2213,2214,2215,-1,2215,2214,2216,-1,2215,2216,2217,-1,2217,2216,2218,-1,2217,2218,2219,-1,2219,2218,2220,-1,2219,2220,2221,-1,2221,2220,2197,-1,2221,2197,2196,-1,2181,2179,2222,-1,2222,2179,2223,-1,2222,2223,2224,-1,2224,2223,2225,-1,2224,2225,2226,-1,2226,2225,2227,-1,2226,2227,2228,-1,2228,2227,2229,-1,2228,2229,2230,-1,2230,2229,2231,-1,2230,2231,2059,-1,2059,2231,2060,-1,2198,2182,2196,-1,2196,2182,2181,-1,2196,2181,2221,-1,2221,2181,2222,-1,2221,2222,2219,-1,2219,2222,2224,-1,2219,2224,2217,-1,2217,2224,2226,-1,2058,2111,2059,-1,2059,2111,2106,-1,2059,2106,2230,-1,2230,2106,2211,-1,2230,2211,2228,-1,2228,2211,2213,-1,2228,2213,2226,-1,2226,2213,2215,-1,2226,2215,2217,-1,2178,2199,2179,-1,2179,2199,2197,-1,2179,2197,2223,-1,2223,2197,2220,-1,2223,2220,2225,-1,2220,2218,2225,-1,2225,2218,2216,-1,2225,2216,2227,-1,2227,2216,2214,-1,2227,2214,2229,-1,2229,2214,2212,-1,2229,2212,2231,-1,2231,2212,2210,-1,2231,2210,2060,-1,2060,2210,2105,-1,2060,2105,2062,-1,2062,2105,2104,-1,2073,2080,2081,-1,2073,2081,2074,-1,2074,2081,2088,-1,2074,2088,2078,-1,2078,2088,2085,-1,2078,2085,2077,-1,2077,2085,2084,-1,2077,2084,2075,-1,2075,2084,2083,-1,2075,2083,2076,-1,2076,2083,2082,-1,2076,2082,2071,-1,2041,2040,2042,-1,2041,2042,2117,-1,2117,2042,2045,-1,2117,2045,2114,-1,2114,2045,2046,-1,2114,2046,2115,-1,2115,2046,2044,-1,2115,2044,2116,-1,2116,2044,2043,-1,2116,2043,2113,-1,2113,2043,1985,-1,2113,1985,1984,-1,2062,2104,2051,-1,2051,2104,2110,-1,2051,2110,2048,-1,2048,2110,2097,-1,2048,2097,2049,-1,2049,2097,2099,-1,2049,2099,2053,-1,2053,2099,2107,-1,2053,2107,2052,-1,2052,2107,2108,-1,2052,2108,2047,-1,2047,2108,2109,-1,2047,2109,1999,-1,1999,2109,2112,-1,1999,2112,1998,-1,2111,2058,2098,-1,2098,2058,2061,-1,2098,2061,2100,-1,2100,2061,2050,-1,2100,2050,2101,-1,2101,2050,2057,-1,2101,2057,2102,-1,2102,2057,2056,-1,2102,2056,2103,-1,2103,2056,2055,-1,2103,2055,2089,-1,2089,2055,2054,-1,2089,2054,2090,-1,2090,2054,2063,-1,2090,2063,2091,-1,2188,2195,2204,-1,2188,2204,2189,-1,2189,2204,2203,-1,2189,2203,2190,-1,2190,2203,2202,-1,2190,2202,2191,-1,2191,2202,2201,-1,2191,2201,2192,-1,2192,2201,2200,-1,2192,2200,2193,-1,2193,2200,2199,-1,2193,2199,2178,-1,2194,2180,2186,-1,2194,2186,2205,-1,2205,2186,2187,-1,2205,2187,2206,-1,2206,2187,2185,-1,2206,2185,2207,-1,2207,2185,2184,-1,2207,2184,2208,-1,2208,2184,2183,-1,2208,2183,2209,-1,2209,2183,2182,-1,2209,2182,2198,-1,2232,2233,2234,-1,2234,2233,2235,-1,2234,2235,2236,-1,2236,2235,2237,-1,2236,2237,2238,-1,2238,2237,2239,-1,2238,2239,2240,-1,2240,2239,2241,-1,2240,2241,2242,-1,2242,2241,2243,-1,2242,2243,2244,-1,2244,2243,2245,-1,2244,2245,2246,-1,2246,2245,2247,-1,2248,2249,2250,-1,2250,2249,2251,-1,2250,2251,2252,-1,2252,2251,2253,-1,2252,2253,2254,-1,2254,2253,2255,-1,2254,2255,2256,-1,2256,2255,2257,-1,2256,2257,2258,-1,2258,2257,2259,-1,2258,2259,2260,-1,2260,2259,2261,-1,2260,2261,2262,-1,2262,2261,2263,-1,2262,2263,2264,-1,2264,2263,2265,-1,2266,2267,2268,-1,2268,2267,2269,-1,2270,2271,2272,-1,2272,2271,2273,-1,2272,2273,2274,-1,2274,2273,2275,-1,2274,2275,2276,-1,2276,2275,2277,-1,2276,2277,2278,-1,2278,2277,2279,-1,2278,2279,2280,-1,2280,2279,2281,-1,2280,2281,2282,-1,2282,2281,2283,-1,2282,2283,2284,-1,2284,2283,2285,-1,2284,2285,2286,-1,2286,2285,2287,-1,2268,2288,2266,-1,2266,2288,2289,-1,2233,2269,2235,-1,2235,2269,2287,-1,2235,2287,2285,-1,2268,2269,2288,-1,2288,2269,2233,-1,2288,2233,2290,-1,2290,2233,2291,-1,2291,2233,2292,-1,2292,2233,2293,-1,2292,2293,2294,-1,2273,2295,2247,-1,2273,2247,2275,-1,2247,2245,2275,-1,2275,2245,2243,-1,2275,2243,2277,-1,2277,2243,2241,-1,2277,2241,2279,-1,2279,2241,2239,-1,2279,2239,2281,-1,2281,2239,2237,-1,2281,2237,2283,-1,2283,2237,2235,-1,2283,2235,2285,-1,2296,2297,2298,-1,2298,2297,2299,-1,2300,2301,2273,-1,2273,2301,2302,-1,2273,2302,2295,-1,2303,2304,2305,-1,2299,2300,2298,-1,2298,2300,2273,-1,2298,2273,2306,-1,2306,2273,2271,-1,2306,2271,2307,-1,2307,2271,2265,-1,2307,2265,2308,-1,2308,2265,2263,-1,2296,2309,2297,-1,2297,2309,2303,-1,2297,2303,2310,-1,2310,2303,2305,-1,2311,2308,2263,-1,2311,2263,2312,-1,2263,2261,2312,-1,2312,2261,2259,-1,2312,2259,2313,-1,2313,2259,2257,-1,2313,2257,2314,-1,2314,2257,2255,-1,2314,2255,2315,-1,2315,2255,2253,-1,2315,2253,2316,-1,2316,2253,2251,-1,2316,2251,2317,-1,2318,2319,2249,-1,2249,2319,2317,-1,2249,2317,2251,-1,2318,2320,2319,-1,2319,2320,2321,-1,2319,2321,2322,-1,2322,2323,2319,-1,2319,2323,2324,-1,2319,2324,2325,-1,2325,2324,2326,-1,2327,2328,2320,-1,2320,2328,2321,-1,2250,2329,2248,-1,2248,2329,2330,-1,2248,2330,2331,-1,2331,2330,2328,-1,2331,2328,2327,-1,2332,2333,2334,-1,2334,2333,2335,-1,2334,2335,2330,-1,2330,2335,2336,-1,2330,2336,2328,-1,2337,2338,2262,-1,2262,2338,2339,-1,2262,2339,2260,-1,2260,2339,2340,-1,2260,2340,2258,-1,2258,2340,2341,-1,2258,2341,2256,-1,2256,2341,2342,-1,2256,2342,2254,-1,2254,2342,2343,-1,2254,2343,2252,-1,2252,2343,2344,-1,2252,2344,2250,-1,2250,2344,2329,-1,2345,2346,2347,-1,2345,2347,2348,-1,2337,2262,2349,-1,2349,2262,2264,-1,2349,2264,2350,-1,2350,2264,2270,-1,2350,2270,2346,-1,2346,2270,2272,-1,2351,2352,2272,-1,2272,2352,2353,-1,2272,2353,2346,-1,2346,2353,2354,-1,2346,2354,2347,-1,2355,2356,2357,-1,2347,2358,2348,-1,2348,2358,2355,-1,2348,2355,2359,-1,2359,2355,2357,-1,2360,2351,2272,-1,2284,2234,2282,-1,2282,2234,2236,-1,2282,2236,2280,-1,2280,2236,2238,-1,2280,2238,2278,-1,2278,2238,2240,-1,2278,2240,2276,-1,2276,2240,2242,-1,2276,2242,2274,-1,2274,2242,2244,-1,2274,2244,2272,-1,2272,2244,2246,-1,2272,2246,2360,-1,2234,2284,2286,-1,2234,2286,2232,-1,2232,2286,2267,-1,2232,2267,2266,-1,2266,2289,2232,-1,2232,2289,2361,-1,2232,2361,2362,-1,2362,2363,2232,-1,2232,2363,2364,-1,2232,2364,2365,-1,2327,2320,2331,-1,2331,2320,2318,-1,2339,2311,2340,-1,2340,2311,2312,-1,2340,2312,2341,-1,2341,2312,2313,-1,2341,2313,2342,-1,2342,2313,2314,-1,2342,2314,2343,-1,2343,2314,2315,-1,2343,2315,2344,-1,2344,2315,2316,-1,2344,2316,2329,-1,2329,2316,2317,-1,2329,2317,2330,-1,2330,2317,2319,-1,2366,2367,2368,-1,2368,2367,2369,-1,2367,2370,2369,-1,2369,2370,2371,-1,2370,2372,2371,-1,2371,2372,2373,-1,2374,2375,2376,-1,2376,2375,2377,-1,2376,2377,2372,-1,2372,2377,2373,-1,2374,2378,2375,-1,2375,2378,2379,-1,2271,2379,2265,-1,2265,2379,2378,-1,2380,2381,2264,-1,2264,2381,2270,-1,2380,2382,2381,-1,2381,2382,2383,-1,2366,2368,2384,-1,2366,2384,2385,-1,2385,2384,2383,-1,2385,2383,2382,-1,2264,2265,2380,-1,2380,2265,2378,-1,2380,2378,2382,-1,2382,2378,2374,-1,2382,2374,2385,-1,2385,2374,2376,-1,2385,2376,2366,-1,2366,2376,2372,-1,2366,2372,2367,-1,2367,2372,2370,-1,2369,2371,2368,-1,2368,2371,2373,-1,2368,2373,2384,-1,2384,2373,2377,-1,2384,2377,2383,-1,2383,2377,2375,-1,2383,2375,2381,-1,2381,2375,2379,-1,2381,2379,2270,-1,2270,2379,2271,-1,2386,2387,2388,-1,2388,2387,2389,-1,2387,2390,2389,-1,2389,2390,2391,-1,2390,2392,2391,-1,2391,2392,2393,-1,2394,2395,2396,-1,2396,2395,2397,-1,2396,2397,2392,-1,2392,2397,2393,-1,2394,2398,2395,-1,2395,2398,2399,-1,2269,2399,2287,-1,2287,2399,2398,-1,2400,2401,2286,-1,2286,2401,2267,-1,2400,2402,2401,-1,2401,2402,2403,-1,2386,2388,2404,-1,2386,2404,2405,-1,2405,2404,2403,-1,2405,2403,2402,-1,2286,2287,2400,-1,2400,2287,2398,-1,2400,2398,2402,-1,2402,2398,2394,-1,2402,2394,2405,-1,2405,2394,2396,-1,2405,2396,2386,-1,2386,2396,2392,-1,2386,2392,2387,-1,2387,2392,2390,-1,2389,2391,2388,-1,2388,2391,2393,-1,2388,2393,2404,-1,2404,2393,2397,-1,2404,2397,2403,-1,2403,2397,2395,-1,2403,2395,2401,-1,2401,2395,2399,-1,2401,2399,2267,-1,2267,2399,2269,-1,2406,2407,2408,-1,2408,2407,2409,-1,2407,2410,2409,-1,2409,2410,2411,-1,2410,2412,2411,-1,2411,2412,2413,-1,2414,2415,2416,-1,2416,2415,2417,-1,2416,2417,2412,-1,2412,2417,2413,-1,2414,2418,2415,-1,2415,2418,2419,-1,2249,2419,2318,-1,2318,2419,2418,-1,2420,2421,2331,-1,2331,2421,2248,-1,2420,2422,2421,-1,2421,2422,2423,-1,2406,2408,2424,-1,2406,2424,2425,-1,2425,2424,2423,-1,2425,2423,2422,-1,2331,2318,2420,-1,2420,2318,2418,-1,2420,2418,2422,-1,2422,2418,2414,-1,2422,2414,2425,-1,2425,2414,2416,-1,2425,2416,2406,-1,2406,2416,2412,-1,2406,2412,2407,-1,2407,2412,2410,-1,2409,2411,2408,-1,2408,2411,2413,-1,2408,2413,2424,-1,2424,2413,2417,-1,2424,2417,2423,-1,2423,2417,2415,-1,2423,2415,2421,-1,2421,2415,2419,-1,2421,2419,2248,-1,2248,2419,2249,-1,2426,2427,2428,-1,2429,2430,2426,-1,2428,2431,2426,-1,2426,2431,2432,-1,2426,2432,2433,-1,2433,2434,2426,-1,2426,2434,2435,-1,2426,2435,2429,-1,2430,2436,2426,-1,2426,2436,2437,-1,2426,2437,2438,-1,2438,2439,2426,-1,2426,2439,2440,-1,2426,2440,2441,-1,2442,2443,2430,-1,2430,2443,2436,-1,2444,2445,2446,-1,2447,2443,2444,-1,2444,2443,2442,-1,2446,2448,2444,-1,2444,2448,2449,-1,2444,2449,2450,-1,2450,2451,2444,-1,2444,2451,2452,-1,2444,2452,2447,-1,2453,2454,2455,-1,2442,2456,2444,-1,2444,2456,2453,-1,2444,2453,2457,-1,2457,2453,2455,-1,2357,2356,2458,-1,2357,2458,2459,-1,2459,2458,2460,-1,2459,2460,2461,-1,2461,2460,2462,-1,2461,2462,2463,-1,2463,2462,2464,-1,2463,2464,2465,-1,2465,2464,2466,-1,2465,2466,2467,-1,2467,2466,2468,-1,2467,2468,2469,-1,2469,2468,2446,-1,2469,2446,2445,-1,2428,2427,2470,-1,2470,2427,2471,-1,2470,2471,2472,-1,2472,2471,2473,-1,2472,2473,2474,-1,2474,2473,2475,-1,2474,2475,2476,-1,2476,2475,2477,-1,2476,2477,2478,-1,2478,2477,2479,-1,2478,2479,2304,-1,2304,2479,2305,-1,2303,2359,2304,-1,2304,2359,2357,-1,2304,2357,2478,-1,2478,2357,2459,-1,2478,2459,2476,-1,2459,2461,2476,-1,2476,2461,2463,-1,2476,2463,2474,-1,2474,2463,2465,-1,2474,2465,2472,-1,2472,2465,2467,-1,2472,2467,2470,-1,2470,2467,2469,-1,2470,2469,2428,-1,2428,2469,2445,-1,2428,2445,2431,-1,2431,2445,2444,-1,2355,2310,2356,-1,2356,2310,2305,-1,2356,2305,2458,-1,2458,2305,2479,-1,2458,2479,2460,-1,2460,2479,2477,-1,2460,2477,2462,-1,2462,2477,2475,-1,2426,2448,2427,-1,2427,2448,2446,-1,2427,2446,2471,-1,2471,2446,2468,-1,2471,2468,2473,-1,2473,2468,2466,-1,2473,2466,2475,-1,2475,2466,2464,-1,2475,2464,2462,-1,2321,2328,2336,-1,2321,2336,2322,-1,2322,2336,2335,-1,2322,2335,2323,-1,2323,2335,2333,-1,2323,2333,2324,-1,2324,2333,2332,-1,2324,2332,2326,-1,2326,2332,2334,-1,2326,2334,2325,-1,2325,2334,2330,-1,2325,2330,2319,-1,2289,2288,2290,-1,2289,2290,2361,-1,2361,2290,2291,-1,2361,2291,2362,-1,2362,2291,2292,-1,2362,2292,2363,-1,2363,2292,2294,-1,2363,2294,2364,-1,2364,2294,2293,-1,2364,2293,2365,-1,2365,2293,2233,-1,2365,2233,2232,-1,2310,2355,2297,-1,2297,2355,2358,-1,2297,2358,2299,-1,2299,2358,2347,-1,2299,2347,2300,-1,2300,2347,2354,-1,2300,2354,2301,-1,2301,2354,2353,-1,2301,2353,2302,-1,2302,2353,2352,-1,2302,2352,2295,-1,2295,2352,2351,-1,2295,2351,2247,-1,2247,2351,2360,-1,2247,2360,2246,-1,2359,2303,2348,-1,2348,2303,2309,-1,2348,2309,2345,-1,2345,2309,2296,-1,2345,2296,2346,-1,2346,2296,2298,-1,2346,2298,2350,-1,2350,2298,2306,-1,2350,2306,2349,-1,2349,2306,2307,-1,2349,2307,2337,-1,2337,2307,2308,-1,2337,2308,2338,-1,2338,2308,2311,-1,2338,2311,2339,-1,2436,2443,2447,-1,2436,2447,2437,-1,2437,2447,2452,-1,2437,2452,2438,-1,2438,2452,2451,-1,2438,2451,2439,-1,2439,2451,2450,-1,2439,2450,2440,-1,2440,2450,2449,-1,2440,2449,2441,-1,2441,2449,2448,-1,2441,2448,2426,-1,2442,2430,2429,-1,2442,2429,2456,-1,2456,2429,2435,-1,2456,2435,2453,-1,2453,2435,2434,-1,2453,2434,2454,-1,2454,2434,2433,-1,2454,2433,2455,-1,2455,2433,2432,-1,2455,2432,2457,-1,2457,2432,2431,-1,2457,2431,2444,-1,
        ]
    }
}
Shape{
    appearance Appearance {
        material  Material 	{
            diffuseColor 0.2235294117647059 0.2235294117647059 0.2235294117647059
            specularColor 0.11372549019607843 0.11372549019607843 0.11372549019607843
            ambientIntensity 0.2
            transparency 0
            shininess 0.5
        }
    }
    geometry IndexedFaceSet {
        ccw TRUE
        solid FALSE
        coord DEF co Coordinate {
            point [
                4.0984 0.0124 0.5305, 4.0984 0.0124 0.502, 4.0984 0.0818 0.502, 4.0984 0.0124 0.6448, 4.0984 0.0124 0.6237, 4.0984 0.0818 0.6237, 4.0984 0.1093 0.7174, 4.0984 0.1147 0.7181, 4.0984 0.0861 0.7181, 4.0984 -0.7874 0.1969, 4.0984 -0.6641 0.1969, 4.0984 -0.6641 0.502, 4.0984 0.1606 0.7092, 4.0984 0.1606 0.6861, 4.0984 0.18 0.6861, 4.0984 0.1643 0.5307, 4.0984 0.1626 0.5305, 4.0984 0.18 0.5305, 4.0984 0.1494 0.5307, 4.0984 0.1471 0.5315, 4.0984 0.1471 0.5305, 4.0984 0.2508 0.5949, 4.0984 0.2508 0.5718, 4.0984 0.2643 0.5718, 4.0984 -0.0502 0.6614, 4.0984 -0.0362 0.6496, 4.0984 0.0124 0.7181, 4.0984 -0.1073 0.7181, 4.0984 -0.0955 0.7102, 4.0984 -0.0786 0.6907, 4.0984 -0.0678 0.6697, 4.0984 -0.0654 0.6689, 4.0984 -0.144 0.7346, 4.0984 -0.1183 0.7255, 4.0984 0.0124 1.9685, 4.0984 -0.2142 0.7246, 4.0984 -0.1905 0.7337, 4.0984 -0.6641 1.9685, 4.0984 -0.1652 0.7368, 4.0984 -0.2246 0.7181, 4.0984 -0.6641 0.7181, 4.0984 -0.2266 0.7168, 4.0984 -0.6641 0.6448, 4.0984 -0.3367 0.6448, 4.0984 -0.3323 0.6549, 4.0984 -0.3199 0.6707, 4.0984 -0.2812 0.6928, 4.0984 -0.261 0.6953, 4.0984 -0.2387 0.7065, 4.0984 -0.2551 0.695, 4.0984 -0.2492 0.6943, 4.0984 -0.3165 0.674, 4.0984 -0.3002 0.6854, 4.0984 -0.3065 0.5429, 4.0984 -0.3225 0.5565, 4.0984 -0.6641 0.5305, 4.0984 -0.288 0.5338, 4.0984 -0.3341 0.5731, 4.0984 -0.3415 0.5922, 4.0984 -0.6641 0.6237, 4.0984 -0.344 0.6123, 4.0984 -0.3438 0.6172, 4.0984 -0.3427 0.6237, 4.0984 -0.3404 0.6364, 4.0984 -0.2815 0.5319, 4.0984 -0.2808 0.5305, 4.0984 -0.2769 0.5218, 4.0984 -0.2695 0.5123, 4.0984 -0.2597 0.5045, 4.0984 -0.2217 0.4983, 4.0984 -0.2328 0.497, 4.0984 0.0124 0.1969, 4.0984 -0.236 0.4971, 4.0984 -0.248 0.4993, 4.0984 -0.2539 0.502, 4.0984 -0.1848 0.5305, 4.0984 -0.185 0.53, 4.0984 -0.1911 0.5186, 4.0984 -0.1998 0.5092, 4.0984 -0.2102 0.5023, 4.0984 -0.2113 0.502, 4.0984 -0.0195 0.6194, 4.0984 -0.0171 0.6026, 4.0984 -0.1194 0.5607, 4.0984 -0.1159 0.5621, 4.0984 -0.1098 0.5913, 4.0984 -0.1944 0.5826, 4.0984 -0.1257 0.6185, 4.0984 -0.2025 0.5902, 4.0984 -0.2132 0.5962, 4.0984 -0.1225 0.5585, 4.0984 -0.0361 0.5539, 4.0984 -0.0499 0.5421, 4.0984 -0.0491 0.6065, 4.0984 -0.0515 0.6164, 4.0984 -0.0554 0.6237, 4.0984 -0.3106 0.6237, 4.0984 -0.0258 0.5682, 4.0984 -0.1119 0.5626, 4.0984 -0.1114 0.5626, 4.0984 -0.1098 0.5622, 4.0984 -0.0194 0.5844, 4.0984 -0.311 0.6047, 4.0984 -0.2746 0.5783, 4.0984 -0.3117 0.6133, 4.0984 -0.2659 0.5877, 4.0984 -0.2552 0.5948, 4.0984 -0.1278 0.5467, 4.0984 -0.1276 0.5488, 4.0984 -0.1816 0.5534, 4.0984 -0.1266 0.5527, 4.0984 -0.1246 0.5562, 4.0984 -0.3071 0.5922, 4.0984 -0.3003 0.5812, 4.0984 -0.2804 0.5677, 4.0984 -0.2909 0.5721, 4.0984 -0.281 0.5662, 4.0984 -0.1158 0.5313, 4.0984 -0.1192 0.5327, 4.0984 -0.1225 0.535, 4.0984 -0.1237 0.5362, 4.0984 -0.1259 0.5394, 4.0984 -0.1273 0.5429, 4.0984 -0.1819 0.5426, 4.0984 -0.1816 0.5483, 4.0984 -0.2438 0.5988, 4.0984 -0.2328 0.6, 4.0984 -0.2255 0.5995, 4.0984 -0.0592 0.5751, 4.0984 -0.0536 0.5831, 4.0984 -0.0501 0.5922, 4.0984 -0.0489 0.6021, 4.0984 -0.0656 0.5345, 4.0984 -0.0827 0.5309, 4.0984 -0.1129 0.5309, 4.0984 -0.1088 0.5621, 4.0984 -0.0857 0.5621, 4.0984 -0.0769 0.5638, 4.0984 -0.0678 0.5679, 4.0984 -0.0602 0.574, 4.0984 -0.3064 0.636, 4.0984 -0.3105 0.6245, 4.0984 -0.0929 0.642, 4.0984 -0.0888 0.642, 4.0984 -0.0563 0.6252, 4.0984 -0.0622 0.6319, 4.0984 -0.0701 0.6374, 4.0984 -0.0791 0.6408, 4.0984 -0.1041 0.6731, 4.0984 -0.1157 0.6868, 4.0984 -0.2333 0.6569, 4.0984 -0.1167 0.6877, 4.0984 -0.1311 0.6977, 4.0984 -0.2254 0.6732, 4.0984 -0.3006 0.6448, 4.0984 -0.2383 0.6595, 4.0984 -0.0935 0.6448, 4.0984 -0.0961 0.6566, 4.0984 -0.2498 0.6634, 4.0984 -0.2605 0.6646, 4.0984 -0.2662 0.6643, 4.0984 -0.2139 0.6869, 4.0984 -0.1472 0.7039, 4.0984 -0.2003 0.6968, 4.0984 -0.1647 0.7061, 4.0984 -0.1836 0.7036, 4.0984 -0.2788 0.6612, 4.0984 -0.2902 0.655, 4.0984 -0.2996 0.6463, 4.0984 -0.0328 0.6448, 4.0984 -0.0258 0.6351, 4.0984 -0.0212 0.6237, 4.0984 0.2786 0.6032, 4.0984 0.2786 0.5949, 4.0984 0.2871 0.6237, 4.0984 0.2803 0.5393, 4.0984 0.2871 0.5305, 4.0984 0.2803 0.5311, 4.0984 0.2643 0.5305, 4.0984 0.2508 0.5393, 4.0984 0.2643 0.5393, 4.0984 0.2508 0.5636, 4.0984 0.2643 0.5636, 4.0984 0.2766 0.5636, 4.0984 0.2766 0.5718, 4.0984 0.2643 0.5949, 4.0984 0.2643 0.5311, 4.0984 0.2415 0.5311, 4.0984 0.2366 0.5305, 4.0984 0.2415 0.6032, 4.0984 0.093 0.5557, 4.0984 0.0944 0.5702, 4.0984 0.0912 0.5532, 4.0984 0.09 0.55, 4.0984 0.1429 0.5422, 4.0984 0.1307 0.5642, 4.0984 0.1429 0.5329, 4.0984 0.1307 0.5311, 4.0984 0.1172 0.5339, 4.0984 0.114 0.5317, 4.0984 0.1216 0.5311, 4.0984 0.1106 0.5305, 4.0984 0.0861 0.5305, 4.0984 0.0909 0.5377, 4.0984 0.0898 0.5408, 4.0984 0.0861 0.502, 4.0984 0.1004 0.5305, 4.0984 0.1002 0.5305, 4.0984 0.0968 0.5318, 4.0984 0.1036 0.5828, 4.0984 0.0861 0.6237, 4.0984 0.0968 0.5803, 4.0984 0.0944 0.579, 4.0984 0.0958 0.5581, 4.0984 0.0997 0.5601, 4.0984 0.1001 0.5739, 4.0984 0.1064 0.5617, 4.0984 0.1143 0.5761, 4.0984 0.1112 0.5764, 4.0984 0.1058 0.5758, 4.0984 0.0937 0.5339, 4.0984 0.0927 0.535, 4.0984 0.1464 0.5401, 4.0984 0.1471 0.5398, 4.0984 0.1471 0.5589, 4.0984 0.1216 0.5391, 4.0984 0.1214 0.5391, 4.0984 0.12 0.5369, 4.0984 0.13 0.571, 4.0984 0.1434 0.5652, 4.0984 0.1433 0.5719, 4.0984 0.1444 0.5748, 4.0984 0.1268 0.5781, 4.0984 0.1121 0.5838, 4.0984 0.1176 0.5832, 4.0984 0.1214 0.5821, 4.0984 0.0893 0.5449, 4.0984 0.0894 0.5461, 4.0984 0.1286 0.5751, 4.0984 0.143 0.5687, 4.0984 0.1216 0.5638, 4.0984 0.1213 0.5678, 4.0984 0.1204 0.571, 4.0984 0.1193 0.5729, 4.0984 0.147 0.559, 4.0984 0.1455 0.5605, 4.0984 0.1443 0.5624, 4.0984 0.118 0.5743, 4.0984 0.1164 0.5754, 4.0984 0.1509 0.5305, 4.0984 0.1471 0.502, 4.0984 0.1569 0.5299, 4.0984 0.18 0.502, 4.0984 0.1752 0.5815, 4.0984 0.1752 0.5727, 4.0984 0.1772 0.5415, 4.0984 0.1761 0.5386, 4.0984 0.1744 0.5362, 4.0984 0.1461 0.5773, 4.0984 0.1471 0.5782, 4.0984 0.1471 0.6237, 4.0984 0.1487 0.5797, 4.0984 0.1514 0.5813, 4.0984 0.1564 0.583, 4.0984 0.163 0.5838, 4.0984 0.18 0.6237, 4.0984 0.168 0.5834, 4.0984 0.1746 0.5536, 4.0984 0.1763 0.5511, 4.0984 0.1773 0.5485, 4.0984 0.1777 0.5451, 4.0984 0.1719 0.534, 4.0984 0.1692 0.5324, 4.0984 0.1621 0.5764, 4.0984 0.1594 0.5762, 4.0984 0.1523 0.5695, 4.0984 0.157 0.5756, 4.0984 0.155 0.5745, 4.0984 0.1523 0.5683, 4.0984 0.1527 0.5669, 4.0984 0.1534 0.5657, 4.0984 0.1542 0.5647, 4.0984 0.1574 0.5627, 4.0984 0.168 0.5757, 4.0984 0.163 0.5603, 4.0984 0.1731 0.5739, 4.0984 0.1665 0.5589, 4.0984 0.1725 0.5555, 4.0984 0.1536 0.5733, 4.0984 0.1529 0.5722, 4.0984 0.1524 0.5709, 4.0984 0.1521 0.5379, 4.0984 0.1566 0.5537, 4.0984 0.1513 0.5562, 4.0984 0.1578 0.5373, 4.0984 0.1582 0.5373, 4.0984 0.1626 0.5512, 4.0984 0.1628 0.5378, 4.0984 0.1684 0.5442, 4.0984 0.1683 0.5453, 4.0984 0.1651 0.5386, 4.0984 0.1659 0.5391, 4.0984 0.167 0.5401, 4.0984 0.1678 0.5412, 4.0984 0.1682 0.5425, 4.0984 0.1679 0.5468, 4.0984 0.1672 0.548, 4.0984 0.1661 0.5491, 4.0984 0.3135 0.6651, 4.0984 0.2871 0.6651, 4.0984 0.3209 0.6454, 4.0984 0.2871 0.6448, 4.0984 0.3311 0.6454, 4.0984 0.9843 0.6448, 4.0984 0.9843 0.7181, 4.0984 0.3037 0.7175, 4.0984 0.2871 0.7181, 4.0984 0.2835 0.6651, 4.0984 0.2766 0.6454, 4.0984 0.2643 0.6448, 4.0984 0.2663 0.6454, 4.0984 0.2643 0.7181, 4.0984 0.2871 0.7, 4.0984 0.2937 0.7175, 4.0984 0.2366 0.6448, 4.0984 0.2348 0.6467, 4.0984 0.2234 0.6454, 4.0984 0.2242 0.7175, 4.0984 0.2366 0.7181, 4.0984 0.1968 0.7181, 4.0984 0.1968 0.6448, 4.0984 0.2036 0.6454, 4.0984 0.2036 0.7175, 4.0984 0.2347 0.7164, 4.0984 0.2366 0.7157, 4.0984 0.2434 0.7133, 4.0984 0.2602 0.6689, 4.0984 0.2565 0.6615, 4.0984 0.2514 0.7079, 4.0984 0.2538 0.7056, 4.0984 0.2583 0.6994, 4.0984 0.2432 0.6498, 4.0984 0.2366 0.6474, 4.0984 0.2514 0.6555, 4.0984 0.2503 0.6545, 4.0984 0.261 0.6925, 4.0984 0.2623 0.6824, 4.0984 0.262 0.6773, 4.0984 0.18 0.7181, 4.0984 0.1884 0.7175, 4.0984 0.18 0.7175, 4.0984 0.1606 0.6536, 4.0984 0.18 0.6536, 4.0984 0.1606 0.6779, 4.0984 0.18 0.6779, 4.0984 0.1863 0.6779, 4.0984 0.19 0.6536, 4.0984 0.1863 0.6861, 4.0984 0.1884 0.7092, 4.0984 0.18 0.7092, 4.0984 0.1513 0.6454, 4.0984 0.1471 0.6448, 4.0984 0.18 0.6448, 4.0984 0.19 0.6454, 4.0984 0.18 0.6454, 4.0984 0.1513 0.7175, 4.0984 0.1471 0.7181, 4.0984 -0.9843 0.502, 4.0984 -0.9843 0.0, 4.0984 -0.7874 0.0, 4.0984 0.7874 0.0, 4.0984 0.9843 0.0, 4.0984 0.7874 0.1969, 4.0984 0.9843 0.502, 4.0984 0.2871 0.1969, 4.0984 0.1272 0.7181, 4.0984 0.1297 0.7179, 4.0984 0.1368 0.7158, 4.0984 0.1368 0.706, 4.0984 0.1368 0.6573, 4.0984 0.1368 0.6484, 4.0984 0.1289 0.6455, 4.0984 0.1226 0.6448, 4.0984 0.1212 0.6526, 4.0984 0.1295 0.6541, 4.0984 0.0926 0.68, 4.0984 0.0926 0.6806, 4.0984 0.0993 0.7013, 4.0984 0.0959 0.6962, 4.0984 0.0936 0.6898, 4.0984 0.1283 0.7093, 4.0984 0.1198 0.7103, 4.0984 0.1167 0.7102, 4.0984 0.1104 0.7089, 4.0984 0.0938 0.6711, 4.0984 0.096 0.6653, 4.0984 0.0997 0.6601, 4.0984 0.1063 0.6551, 4.0984 0.1115 0.6532, 4.0984 0.1182 0.6525, 4.0984 0.1357 0.7066, 4.0984 0.1048 0.7062, 4.0984 0.1002 0.7023, 4.0984 0.1015 0.6584, 4.0984 0.1198 0.7187, 4.0984 0.0861 1.9685, 4.0984 0.1471 1.9685, 4.0984 0.1204 0.7187, 4.0984 0.1018 0.7145, 4.0984 0.0883 0.7016, 4.0984 0.0933 0.7081, 4.0984 0.0951 0.7098, 4.0984 0.0861 0.6637, 4.0984 0.0841 0.6689, 4.0984 0.0818 0.6448, 4.0984 0.0829 0.6801, 4.0984 0.083 0.6844, 4.0984 0.0818 0.7181, 4.0984 0.0848 0.6937, 4.0984 0.0861 0.6967, 4.0984 0.0976 0.6495, 4.0984 0.0921 0.654, 4.0984 0.0861 0.6448, 4.0984 0.0912 0.6551, 4.0984 0.087 0.6613, 4.0984 0.1169 0.6442, 4.0984 0.1121 0.6445, 4.0984 0.1104 0.6448, 4.0984 0.1043 0.6462, 4.0984 0.1244 0.5804, 4.0984 0.1103 0.5304, 4.0984 0.1056 0.5299, 4.0984 0.2224 0.5826, 4.0984 0.2318 0.5826, 4.0984 0.2366 0.6237, 4.0984 0.2643 0.6032, 4.0984 0.2643 0.6237, 4.0984 0.2112 0.5305, 4.0984 0.2059 0.5439, 4.0984 0.207 0.5397, 4.0984 0.2073 0.5397, 4.0984 0.1968 0.6237, 4.0984 0.1968 0.57, 4.0984 0.2084 0.5438, 4.0984 0.2077 0.5414, 4.0984 0.1968 0.5458, 4.0984 0.1824 0.5826, 4.0984 0.1925 0.5826, 4.0984 0.2023 0.5305, 4.0984 0.2026 0.5312, 4.0984 0.1968 0.5186, 4.0984 0.1968 0.5186, 4.0984 0.1968 0.5305, 4.0984 0.1986 0.5219, 4.0984 0.1842 0.5156, 4.0984 0.1842 0.5076, 4.0984 0.1861 0.515, 4.0984 0.1893 0.5146, 4.0984 0.1915 0.5148, 4.0984 0.1968 0.5085, 4.0984 0.1937 0.5073, 4.0984 0.1968 0.502, 4.0984 0.19 0.5069, 4.0984 0.1881 0.5069, 4.0984 0.1935 0.5156, 4.0984 0.1951 0.5167, 4.0984 0.2084 0.5233, 4.0984 0.2043 0.5154, 4.0984 0.2366 0.502, 4.0984 0.201 0.5114, 4.0984 0.2004 0.5108, 4.0984 0.1973 0.5086, 4.0984 -0.9843 0.5305, 4.0984 -0.9843 0.6237, 4.0984 -0.9843 0.6448, 4.0984 -0.9843 0.7181, 4.0984 -0.9843 1.9685, 4.0984 0.0799 0.6536, 4.0984 0.0799 0.6454, 4.0984 0.0419 0.6454, 4.0984 0.0512 0.7175, 4.0984 0.0512 0.6536, 4.0984 0.0419 0.7175, 4.0984 0.0818 0.5305, 4.0984 0.0807 0.5311, 4.0984 0.0419 0.5311, 4.0984 0.0807 0.5393, 4.0984 0.079 0.5949, 4.0984 0.0512 0.5636, 4.0984 0.0512 0.5393, 4.0984 0.077 0.5636, 4.0984 0.077 0.5718, 4.0984 0.0512 0.5718, 4.0984 0.0512 0.5949, 4.0984 0.0419 0.6032, 4.0984 0.079 0.6032, 4.0984 0.0818 1.9685, 4.0984 0.2643 0.502, 4.0984 0.2871 0.502, 4.0984 0.18 1.9685, 4.0984 0.1968 1.9685, 4.0984 0.2366 1.9685, 4.0984 0.2643 1.9685, 4.0984 0.2871 1.9685, 4.0984 0.9843 1.9685, 4.0984 0.9843 0.5305, 4.0984 0.9843 0.6237, 4.0984 0.3939 0.6032, 4.0984 0.4214 0.5311, 4.0984 0.4111 0.5311, 4.0984 0.4037 0.5508, 4.0984 0.3737 0.5508, 4.0984 0.3668 0.5311, 4.0984 0.3565 0.5311, 4.0984 0.384 0.6032, 4.0984 0.3144 0.6032, 4.0984 0.3249 0.6021, 4.0984 0.3337 0.599, 4.0984 0.3417 0.5936, 4.0984 0.3335 0.5354, 4.0984 0.3251 0.5324, 4.0984 0.3137 0.5311, 4.0984 0.2939 0.5311, 4.0984 0.2939 0.6032, 4.0984 0.3441 0.5913, 4.0984 0.3486 0.585, 4.0984 0.3513 0.5782, 4.0984 0.3525 0.5681, 4.0984 0.3523 0.5629, 4.0984 0.3504 0.5546, 4.0984 0.3468 0.5472, 4.0984 0.3417 0.5412, 4.0984 0.3405 0.5402, 4.0984 0.2643 0.1969, 4.0984 0.2366 0.1969, 4.0984 0.1968 0.1969, 4.0984 0.18 0.1969, 4.0984 0.1471 0.1969, 4.0984 0.0861 0.1969, 4.0984 0.0818 0.1969, -4.0984 0.7874 0.1969, -3.7874 0.7874 0.1969, -3.7874 0.2126 0.1969, -3.2126 0.7874 0.1969, -2.7874 0.7874 0.1969, -3.2126 0.2126 0.1969, -2.7874 0.2126 0.1969, -1.7874 -0.2126 0.1969, -1.7874 -0.7874 0.1969, -2.2126 -0.7874 0.1969, -2.2126 0.7874 0.1969, -1.7874 0.7874 0.1969, -2.2126 0.2126 0.1969, -1.7874 0.2126 0.1969, -4.0984 -0.7874 0.1969, -3.7874 -0.2126 0.1969, -3.7874 -0.7874 0.1969, -1.2126 0.7874 0.1969, -0.7874 0.7874 0.1969, -1.2126 0.2126 0.1969, -0.7874 0.2126 0.1969, -2.7874 -0.2126 0.1969, -2.2126 -0.2126 0.1969, -0.7874 -0.7874 0.1969, -1.2126 -0.7874 0.1969, -0.7874 -0.2126 0.1969, -1.2126 -0.2126 0.1969, -2.7874 -0.7874 0.1969, -3.2126 -0.7874 0.1969, -3.2126 -0.2126 0.1969, -0.2126 0.7874 0.1969, 0.2126 0.7874 0.1969, -0.2126 0.2126 0.1969, 0.2126 0.2126 0.1969, 0.2126 -0.7874 0.1969, -0.2126 -0.7874 0.1969, 0.2126 -0.2126 0.1969, -0.2126 -0.2126 0.1969, 0.7874 0.7874 0.1969, 1.2126 0.7874 0.1969, 0.7874 0.2126 0.1969, 1.2126 0.2126 0.1969, 1.2126 -0.7874 0.1969, 0.7874 -0.7874 0.1969, 1.2126 -0.2126 0.1969, 0.7874 -0.2126 0.1969, 1.7874 0.7874 0.1969, 2.2126 0.7874 0.1969, 1.7874 0.2126 0.1969, 2.2126 0.2126 0.1969, 2.2126 -0.7874 0.1969, 1.7874 -0.7874 0.1969, 2.2126 -0.2126 0.1969, 1.7874 -0.2126 0.1969, 2.7874 0.7874 0.1969, 3.2126 0.7874 0.1969, 2.7874 0.2126 0.1969, 3.2126 0.2126 0.1969, 3.2126 -0.7874 0.1969, 2.7874 -0.7874 0.1969, 3.2126 -0.2126 0.1969, 2.7874 -0.2126 0.1969, 3.7874 0.7874 0.1969, 3.7874 0.2126 0.1969, 3.7874 -0.2126 0.1969, 3.7874 -0.7874 0.1969, 4.0984 -0.8898 1.9685, 3.0 -0.8898 1.9685, 3.7953 0.7953 1.9685, 3.2047 0.7953 1.9685, 3.0 0.9843 1.9685, 3.2047 0.2047 1.9685, 3.0 0.0 1.9685, 3.7953 0.2047 1.9685, 4.0984 0.0 1.9685, 2.7953 0.7953 1.9685, 2.2047 0.7953 1.9685, 2.0 0.9843 1.9685, 2.2047 0.2047 1.9685, 2.0 0.0 1.9685, 2.7953 0.2047 1.9685, 1.7953 0.7953 1.9685, 1.2047 0.7953 1.9685, 1.0 0.9843 1.9685, 1.2047 0.2047 1.9685, 1.0 0.0 1.9685, 1.7953 0.2047 1.9685, 0.7953 0.7953 1.9685, 0.2047 0.7953 1.9685, 0.0 0.9843 1.9685, 0.2047 0.2047 1.9685, 0.0 0.0 1.9685, 0.7953 0.2047 1.9685, -0.2047 0.7953 1.9685, -0.7953 0.7953 1.9685, -1.0 0.9843 1.9685, -0.7953 0.2047 1.9685, -1.0 0.0 1.9685, -0.2047 0.2047 1.9685, -1.2047 0.7953 1.9685, -1.7953 0.7953 1.9685, -2.0 0.9843 1.9685, -1.7953 0.2047 1.9685, -2.0 0.0 1.9685, -1.2047 0.2047 1.9685, -2.2047 0.7953 1.9685, -2.7953 0.7953 1.9685, -3.0 0.9843 1.9685, -2.7953 0.2047 1.9685, -3.0 0.0 1.9685, -2.2047 0.2047 1.9685, -3.2047 0.7953 1.9685, -3.7953 0.7953 1.9685, -3.9469 0.9843 1.9685, -3.7953 0.2047 1.9685, -3.9469 0.0 1.9685, -3.2047 0.2047 1.9685, 3.7953 -0.2047 1.9685, 3.2047 -0.2047 1.9685, 3.2047 -0.7953 1.9685, 3.7953 -0.7953 1.9685, 2.7953 -0.2047 1.9685, 2.2047 -0.2047 1.9685, 2.2047 -0.7953 1.9685, 2.0 -0.8898 1.9685, 2.7953 -0.7953 1.9685, 1.7953 -0.2047 1.9685, 1.2047 -0.2047 1.9685, 1.2047 -0.7953 1.9685, 1.0 -0.8898 1.9685, 1.7953 -0.7953 1.9685, 0.7953 -0.2047 1.9685, 0.2047 -0.2047 1.9685, 0.2047 -0.7953 1.9685, 0.0 -0.8898 1.9685, 0.7953 -0.7953 1.9685, -0.2047 -0.2047 1.9685, -0.7953 -0.2047 1.9685, -0.7953 -0.7953 1.9685, -1.0 -0.8898 1.9685, -0.2047 -0.7953 1.9685, -1.2047 -0.2047 1.9685, -1.7953 -0.2047 1.9685, -1.7953 -0.7953 1.9685, -2.0 -0.8898 1.9685, -1.2047 -0.7953 1.9685, -2.2047 -0.2047 1.9685, -2.7953 -0.2047 1.9685, -2.7953 -0.7953 1.9685, -3.0 -0.8898 1.9685, -2.2047 -0.7953 1.9685, -3.2047 -0.2047 1.9685, -3.7953 -0.2047 1.9685, -3.7953 -0.7953 1.9685, -3.9469 -0.8898 1.9685, -3.2047 -0.7953 1.9685, -4.0984 0.9843 1.9685, -4.0984 0.0 1.9685, -4.0984 -0.8898 1.9685, 3.0 -0.9843 1.9685, 2.0 -0.9843 1.9685, 1.0 -0.9843 1.9685, 0.0 -0.9843 1.9685, -1.0 -0.9843 1.9685, -2.0 -0.9843 1.9685, -3.0 -0.9843 1.9685, -3.9469 -0.9843 1.9685, -4.0984 -0.9843 1.9685, -4.0984 0.7874 0.0, -4.0984 0.9843 0.0, -4.0984 -0.7874 0.0, -4.0984 -0.9843 0.0, 2.7874 0.7874 1.5748, 2.2126 0.7874 1.5748, 3.7874 0.7874 1.5748, 3.2126 0.7874 1.5748, 0.7874 0.7874 1.5748, 0.2126 0.7874 1.5748, 1.2126 0.7874 1.5748, 1.7874 0.7874 1.5748, -1.2126 0.7874 1.5748, -1.7874 0.7874 1.5748, -0.7874 0.7874 1.5748, -0.2126 0.7874 1.5748, -3.2126 0.7874 1.5748, -3.7874 0.7874 1.5748, -2.7874 0.7874 1.5748, -2.2126 0.7874 1.5748, -2.7874 -0.7874 1.5748, -2.2126 -0.7874 1.5748, -0.7874 -0.7874 1.5748, -0.2126 -0.7874 1.5748, -3.7874 -0.7874 1.5748, -3.2126 -0.7874 1.5748, -1.2126 -0.7874 1.5748, -1.7874 -0.7874 1.5748, 1.2126 -0.7874 1.5748, 1.7874 -0.7874 1.5748, 0.7874 -0.7874 1.5748, 0.2126 -0.7874 1.5748, 3.2126 -0.7874 1.5748, 3.7874 -0.7874 1.5748, 2.7874 -0.7874 1.5748, 2.2126 -0.7874 1.5748, -3.3425 0.3425 1.5748, -3.3425 0.3425 1.8307, -3.3425 0.6575 1.5748, -3.3425 0.6575 1.8307, -3.6575 0.3425 1.5748, -3.6575 0.3425 1.8307, -3.6575 0.6575 1.5748, -3.6575 0.6575 1.8307, -3.7874 0.2126 1.5748, -3.2126 0.2126 1.5748, -3.3425 -0.6575 1.8307, -3.3425 -0.3425 1.8307, -3.3425 -0.6575 1.5748, -3.3425 -0.3425 1.5748, -3.6575 -0.6575 1.8307, -3.6575 -0.6575 1.5748, -3.6575 -0.3425 1.8307, -3.6575 -0.3425 1.5748, -3.7874 -0.2126 1.5748, -3.2126 -0.2126 1.5748, -2.3425 -0.6575 1.8307, -2.3425 -0.3425 1.8307, -2.3425 -0.6575 1.5748, -2.3425 -0.3425 1.5748, -2.6575 -0.6575 1.8307, -2.6575 -0.6575 1.5748, -2.6575 -0.3425 1.8307, -2.6575 -0.3425 1.5748, -2.7874 -0.2126 1.5748, -2.2126 -0.2126 1.5748, -1.3425 -0.6575 1.8307, -1.3425 -0.3425 1.8307, -1.3425 -0.6575 1.5748, -1.3425 -0.3425 1.5748, -1.6575 -0.6575 1.8307, -1.6575 -0.6575 1.5748, -1.6575 -0.3425 1.8307, -1.6575 -0.3425 1.5748, -1.7874 -0.2126 1.5748, -1.2126 -0.2126 1.5748, -0.3425 -0.6575 1.8307, -0.3425 -0.3425 1.8307, -0.3425 -0.6575 1.5748, -0.3425 -0.3425 1.5748, -0.6575 -0.6575 1.8307, -0.6575 -0.6575 1.5748, -0.6575 -0.3425 1.8307, -0.6575 -0.3425 1.5748, -0.7874 -0.2126 1.5748, -0.2126 -0.2126 1.5748, 0.6575 -0.6575 1.8307, 0.6575 -0.3425 1.8307, 0.6575 -0.6575 1.5748, 0.6575 -0.3425 1.5748, 0.3425 -0.6575 1.8307, 0.3425 -0.6575 1.5748, 0.3425 -0.3425 1.8307, 0.3425 -0.3425 1.5748, 0.2126 -0.2126 1.5748, 0.7874 -0.2126 1.5748, 1.6575 -0.6575 1.8307, 1.6575 -0.3425 1.8307, 1.6575 -0.6575 1.5748, 1.6575 -0.3425 1.5748, 1.3425 -0.6575 1.8307, 1.3425 -0.6575 1.5748, 1.3425 -0.3425 1.8307, 1.3425 -0.3425 1.5748, 1.2126 -0.2126 1.5748, 1.7874 -0.2126 1.5748, 2.6575 -0.6575 1.8307, 2.6575 -0.3425 1.8307, 2.6575 -0.6575 1.5748, 2.6575 -0.3425 1.5748, 2.3425 -0.6575 1.8307, 2.3425 -0.6575 1.5748, 2.3425 -0.3425 1.8307, 2.3425 -0.3425 1.5748, 2.2126 -0.2126 1.5748, 2.7874 -0.2126 1.5748, 3.6575 -0.6575 1.8307, 3.6575 -0.3425 1.8307, 3.6575 -0.6575 1.5748, 3.6575 -0.3425 1.5748, 3.3425 -0.6575 1.8307, 3.3425 -0.6575 1.5748, 3.3425 -0.3425 1.8307, 3.3425 -0.3425 1.5748, 3.2126 -0.2126 1.5748, 3.7874 -0.2126 1.5748, 3.6575 0.3425 1.5748, 3.6575 0.3425 1.8307, 3.6575 0.6575 1.5748, 3.6575 0.6575 1.8307, 3.3425 0.3425 1.5748, 3.3425 0.3425 1.8307, 3.3425 0.6575 1.5748, 3.3425 0.6575 1.8307, 2.6575 0.3425 1.5748, 2.6575 0.3425 1.8307, 2.6575 0.6575 1.5748, 2.6575 0.6575 1.8307, 2.3425 0.3425 1.5748, 2.3425 0.3425 1.8307, 2.3425 0.6575 1.5748, 2.3425 0.6575 1.8307, 1.6575 0.3425 1.5748, 1.6575 0.3425 1.8307, 1.6575 0.6575 1.5748, 1.6575 0.6575 1.8307, 1.3425 0.3425 1.5748, 1.3425 0.3425 1.8307, 1.3425 0.6575 1.5748, 1.3425 0.6575 1.8307, 0.6575 0.3425 1.5748, 0.6575 0.3425 1.8307, 0.6575 0.6575 1.5748, 0.6575 0.6575 1.8307, 0.3425 0.3425 1.5748, 0.3425 0.3425 1.8307, 0.3425 0.6575 1.5748, 0.3425 0.6575 1.8307, -0.3425 0.3425 1.5748, -0.3425 0.3425 1.8307, -0.3425 0.6575 1.5748, -0.3425 0.6575 1.8307, -0.6575 0.3425 1.5748, -0.6575 0.3425 1.8307, -0.6575 0.6575 1.5748, -0.6575 0.6575 1.8307, -1.3425 0.3425 1.5748, -1.3425 0.3425 1.8307, -1.3425 0.6575 1.5748, -1.3425 0.6575 1.8307, -1.6575 0.3425 1.5748, -1.6575 0.3425 1.8307, -1.6575 0.6575 1.5748, -1.6575 0.6575 1.8307, -2.3425 0.3425 1.5748, -2.3425 0.3425 1.8307, -2.3425 0.6575 1.5748, -2.3425 0.6575 1.8307, -2.6575 0.3425 1.5748, -2.6575 0.3425 1.8307, -2.6575 0.6575 1.5748, -2.6575 0.6575 1.8307, -2.7874 0.2126 1.5748, -2.2126 0.2126 1.5748, -1.7874 0.2126 1.5748, -1.2126 0.2126 1.5748, -0.7874 0.2126 1.5748, -0.2126 0.2126 1.5748, 0.2126 0.2126 1.5748, 0.7874 0.2126 1.5748, 1.2126 0.2126 1.5748, 1.7874 0.2126 1.5748, 2.2126 0.2126 1.5748, 2.7874 0.2126 1.5748, 3.2126 0.2126 1.5748, 3.7874 0.2126 1.5748, 3.7874 0.2126 1.5748
            ]
        }
        coordIndex [
            0,1,2,-1,3,4,5,-1,6,7,8,-1,9,10,11,-1,12,13,14,-1,15,16,17,-1,18,19,20,-1,21,22,23,-1,24,25,26,-1,26,25,3,-1,27,28,26,-1,26,28,29,-1,29,30,26,-1,26,30,31,-1,26,31,24,-1,32,33,34,-1,35,36,37,-1,37,36,34,-1,34,36,38,-1,34,38,32,-1,35,37,39,-1,39,37,40,-1,39,40,41,-1,42,43,40,-1,40,43,44,-1,40,44,45,-1,40,46,41,-1,41,46,47,-1,41,47,48,-1,48,47,49,-1,48,49,50,-1,45,51,40,-1,40,51,52,-1,40,52,46,-1,53,54,55,-1,53,55,56,-1,54,57,55,-1,55,57,58,-1,55,58,59,-1,59,58,60,-1,60,61,59,-1,59,61,62,-1,59,62,42,-1,42,62,63,-1,42,63,43,-1,64,56,65,-1,65,56,55,-1,65,55,66,-1,66,55,11,-1,66,11,67,-1,67,11,68,-1,69,70,71,-1,71,70,72,-1,71,72,10,-1,10,72,73,-1,10,73,11,-1,11,73,74,-1,11,74,68,-1,0,75,1,-1,1,75,76,-1,1,76,77,-1,77,78,1,-1,1,78,79,-1,1,79,80,-1,81,82,4,-1,83,84,85,-1,86,87,88,-1,88,87,89,-1,83,85,90,-1,91,92,0,-1,93,94,87,-1,87,94,95,-1,87,95,96,-1,91,0,97,-1,84,98,85,-1,85,98,99,-1,85,99,100,-1,4,82,0,-1,0,82,101,-1,0,101,97,-1,102,103,104,-1,104,103,105,-1,104,105,96,-1,96,105,106,-1,107,108,109,-1,109,108,110,-1,109,110,85,-1,85,110,111,-1,85,111,90,-1,102,112,103,-1,103,112,113,-1,103,113,114,-1,114,113,115,-1,114,115,116,-1,117,118,75,-1,75,118,119,-1,75,119,120,-1,120,121,75,-1,75,121,122,-1,75,122,123,-1,123,122,107,-1,123,107,124,-1,124,107,109,-1,106,125,96,-1,96,125,126,-1,96,126,87,-1,87,126,127,-1,87,127,89,-1,128,129,85,-1,85,129,130,-1,85,130,87,-1,87,130,131,-1,87,131,93,-1,92,132,0,-1,0,132,133,-1,0,133,75,-1,75,133,134,-1,75,134,117,-1,100,135,85,-1,85,135,136,-1,85,136,137,-1,137,138,85,-1,85,138,139,-1,85,139,128,-1,140,141,142,-1,141,96,142,-1,142,96,95,-1,142,95,143,-1,143,95,144,-1,144,145,143,-1,143,145,146,-1,143,146,147,-1,148,149,150,-1,149,151,150,-1,150,151,152,-1,150,152,153,-1,154,150,155,-1,140,142,154,-1,154,142,156,-1,154,156,150,-1,150,156,157,-1,150,157,148,-1,155,158,154,-1,154,158,159,-1,154,159,160,-1,153,152,161,-1,161,152,162,-1,161,162,163,-1,163,162,164,-1,163,164,165,-1,166,167,160,-1,160,167,168,-1,160,168,154,-1,25,169,3,-1,3,169,170,-1,3,170,4,-1,4,170,171,-1,4,171,81,-1,172,173,174,-1,174,173,175,-1,174,175,176,-1,176,175,177,-1,176,177,178,-1,179,180,181,-1,181,180,182,-1,182,180,183,-1,183,180,175,-1,183,175,184,-1,184,175,173,-1,184,173,23,-1,23,173,185,-1,23,185,21,-1,177,186,178,-1,178,186,187,-1,178,187,188,-1,188,187,189,-1,190,191,192,-1,192,191,193,-1,194,195,196,-1,196,195,197,-1,196,197,19,-1,198,199,200,-1,200,199,201,-1,200,201,197,-1,202,203,204,-1,205,206,202,-1,202,206,207,-1,202,207,208,-1,209,210,211,-1,211,210,212,-1,190,213,191,-1,191,213,214,-1,191,214,215,-1,215,214,216,-1,217,218,216,-1,216,218,219,-1,216,219,215,-1,208,220,202,-1,202,220,221,-1,202,221,203,-1,222,223,224,-1,225,226,200,-1,200,226,227,-1,200,227,198,-1,228,195,229,-1,230,231,232,-1,209,233,210,-1,210,233,234,-1,210,234,235,-1,204,236,202,-1,202,236,237,-1,202,237,210,-1,210,237,193,-1,210,193,212,-1,212,193,191,-1,222,224,194,-1,232,238,230,-1,230,238,228,-1,230,228,239,-1,239,228,229,-1,240,241,216,-1,216,241,242,-1,216,242,243,-1,224,244,194,-1,194,244,245,-1,194,245,195,-1,195,245,246,-1,195,246,229,-1,243,247,216,-1,216,247,248,-1,216,248,217,-1,18,20,249,-1,249,20,250,-1,249,250,251,-1,251,250,16,-1,16,250,252,-1,16,252,17,-1,253,254,17,-1,255,256,17,-1,17,256,257,-1,258,259,260,-1,260,259,261,-1,260,261,262,-1,262,263,260,-1,260,263,264,-1,260,264,265,-1,265,264,266,-1,265,266,253,-1,267,268,254,-1,254,268,269,-1,254,269,17,-1,17,269,270,-1,17,270,255,-1,257,271,17,-1,17,271,272,-1,17,272,15,-1,273,274,275,-1,275,274,276,-1,275,276,277,-1,275,278,273,-1,273,278,279,-1,273,279,280,-1,280,281,273,-1,273,281,282,-1,273,282,283,-1,283,282,284,-1,283,284,285,-1,285,284,286,-1,285,286,254,-1,254,286,287,-1,254,287,267,-1,288,289,277,-1,277,289,290,-1,277,290,275,-1,291,292,223,-1,223,292,293,-1,223,293,224,-1,291,294,292,-1,292,294,295,-1,292,295,296,-1,296,295,297,-1,296,298,299,-1,297,300,296,-1,296,300,301,-1,296,301,302,-1,302,303,296,-1,296,303,304,-1,296,304,298,-1,299,305,296,-1,296,305,306,-1,296,306,307,-1,308,309,310,-1,310,309,311,-1,310,311,312,-1,313,314,315,-1,315,314,316,-1,309,317,311,-1,311,317,318,-1,311,318,319,-1,319,318,320,-1,319,320,321,-1,321,320,322,-1,321,322,316,-1,316,322,323,-1,316,323,315,-1,324,325,326,-1,327,328,329,-1,324,326,330,-1,330,326,331,-1,330,331,329,-1,329,331,332,-1,329,332,327,-1,327,333,328,-1,328,333,334,-1,328,334,321,-1,321,334,335,-1,336,337,319,-1,335,338,321,-1,321,338,339,-1,321,339,340,-1,319,341,324,-1,324,341,342,-1,324,342,325,-1,337,343,319,-1,319,343,344,-1,319,344,341,-1,340,345,321,-1,321,345,346,-1,321,346,319,-1,319,346,347,-1,319,347,336,-1,329,348,349,-1,349,348,350,-1,351,352,353,-1,353,352,354,-1,354,352,355,-1,355,352,356,-1,355,356,357,-1,357,356,358,-1,357,358,14,-1,14,358,359,-1,14,359,12,-1,360,361,362,-1,349,358,329,-1,329,358,356,-1,329,356,330,-1,330,356,363,-1,330,363,362,-1,362,363,364,-1,362,364,360,-1,350,348,365,-1,365,348,366,-1,365,366,360,-1,367,368,369,-1,370,371,372,-1,372,371,373,-1,372,373,374,-1,375,376,366,-1,366,376,377,-1,366,377,378,-1,379,380,361,-1,361,380,381,-1,361,381,382,-1,383,384,385,-1,385,384,379,-1,385,379,386,-1,387,388,379,-1,379,388,389,-1,379,389,386,-1,390,391,379,-1,379,391,392,-1,379,392,393,-1,394,395,396,-1,397,398,385,-1,385,398,399,-1,385,399,383,-1,360,366,361,-1,361,366,378,-1,361,378,379,-1,379,378,400,-1,379,400,390,-1,393,401,379,-1,379,401,402,-1,379,402,387,-1,394,396,385,-1,385,396,403,-1,385,403,397,-1,7,404,405,-1,405,404,406,-1,406,404,407,-1,406,407,375,-1,6,8,408,-1,409,410,8,-1,8,410,411,-1,8,411,408,-1,412,413,414,-1,415,416,417,-1,417,416,418,-1,417,418,8,-1,8,418,419,-1,8,419,409,-1,420,421,422,-1,422,421,423,-1,422,423,424,-1,425,426,210,-1,210,426,427,-1,210,427,422,-1,422,427,428,-1,422,428,420,-1,382,425,260,-1,260,425,210,-1,260,210,258,-1,258,210,235,-1,258,235,231,-1,231,235,429,-1,231,429,232,-1,19,197,20,-1,20,197,201,-1,20,201,250,-1,250,201,430,-1,250,430,205,-1,205,430,431,-1,205,431,206,-1,432,433,434,-1,172,174,435,-1,435,174,436,-1,435,436,189,-1,189,436,434,-1,189,434,188,-1,188,434,433,-1,188,433,437,-1,438,439,440,-1,434,441,432,-1,432,441,442,-1,432,442,443,-1,443,442,438,-1,443,438,444,-1,444,438,440,-1,445,446,17,-1,253,17,265,-1,265,17,446,-1,265,446,441,-1,441,446,447,-1,441,447,442,-1,448,449,445,-1,450,451,452,-1,452,451,453,-1,452,453,448,-1,448,445,452,-1,452,445,17,-1,452,17,454,-1,454,17,252,-1,454,252,455,-1,454,456,452,-1,452,456,457,-1,452,457,458,-1,459,460,461,-1,461,460,462,-1,461,462,252,-1,252,462,463,-1,252,463,455,-1,458,464,452,-1,452,464,465,-1,452,465,450,-1,466,467,468,-1,466,468,437,-1,467,469,468,-1,468,469,470,-1,468,470,461,-1,461,470,471,-1,461,471,459,-1,369,9,367,-1,367,9,11,-1,367,11,472,-1,472,11,55,-1,472,55,473,-1,473,55,59,-1,473,59,474,-1,474,59,42,-1,474,42,475,-1,475,42,40,-1,475,40,476,-1,476,40,37,-1,477,478,414,-1,414,478,479,-1,480,417,26,-1,413,415,414,-1,414,415,417,-1,414,417,477,-1,477,417,480,-1,477,480,481,-1,5,414,3,-1,3,414,479,-1,3,479,26,-1,26,479,482,-1,26,482,480,-1,483,484,485,-1,484,483,486,-1,486,483,5,-1,486,5,487,-1,488,489,490,-1,490,489,486,-1,490,486,491,-1,491,486,487,-1,491,487,492,-1,492,487,493,-1,2,483,0,-1,0,483,485,-1,0,485,4,-1,4,485,494,-1,4,494,5,-1,5,494,495,-1,5,495,487,-1,7,405,8,-1,8,405,496,-1,8,496,417,-1,417,496,34,-1,417,34,26,-1,26,34,33,-1,26,33,27,-1,2,205,483,-1,483,205,202,-1,483,202,5,-1,5,202,210,-1,5,210,414,-1,414,210,422,-1,414,422,412,-1,412,422,424,-1,382,260,361,-1,361,260,265,-1,361,265,362,-1,362,265,441,-1,362,441,330,-1,330,441,434,-1,330,434,324,-1,324,434,436,-1,324,436,319,-1,319,436,174,-1,319,174,311,-1,437,468,188,-1,188,468,497,-1,188,497,178,-1,178,497,498,-1,178,498,176,-1,375,366,406,-1,406,366,348,-1,406,348,499,-1,499,348,329,-1,499,329,500,-1,500,329,328,-1,500,328,501,-1,501,328,321,-1,501,321,502,-1,502,321,316,-1,502,316,503,-1,503,316,314,-1,503,314,504,-1,505,506,507,-1,508,509,176,-1,510,511,509,-1,509,511,512,-1,509,512,176,-1,176,512,513,-1,315,312,313,-1,313,312,311,-1,313,311,506,-1,506,311,174,-1,506,174,507,-1,507,174,514,-1,515,516,174,-1,174,516,514,-1,514,516,517,-1,514,517,518,-1,519,520,513,-1,513,520,521,-1,513,521,176,-1,176,521,522,-1,176,522,174,-1,174,522,523,-1,174,523,515,-1,518,524,514,-1,514,524,525,-1,514,525,526,-1,526,527,514,-1,514,527,528,-1,514,528,513,-1,513,528,529,-1,513,529,530,-1,530,531,513,-1,513,531,532,-1,513,532,519,-1,507,508,505,-1,505,508,176,-1,505,176,373,-1,373,176,498,-1,373,498,374,-1,374,498,497,-1,374,497,533,-1,533,497,468,-1,533,468,534,-1,534,468,461,-1,534,461,535,-1,535,461,252,-1,535,252,536,-1,536,252,250,-1,536,250,537,-1,537,250,205,-1,537,205,538,-1,538,205,2,-1,538,2,539,-1,539,2,1,-1,539,1,71,-1,71,1,80,-1,71,80,69,-1,540,541,542,-1,543,544,545,-1,545,544,546,-1,547,548,549,-1,550,551,552,-1,552,551,553,-1,540,542,554,-1,554,542,555,-1,554,555,556,-1,557,558,559,-1,559,558,560,-1,561,546,562,-1,562,546,552,-1,563,564,565,-1,565,564,566,-1,567,568,561,-1,561,568,569,-1,561,569,546,-1,546,569,555,-1,546,555,545,-1,545,555,542,-1,570,571,572,-1,572,571,573,-1,574,575,576,-1,576,575,577,-1,578,579,580,-1,580,579,581,-1,582,583,584,-1,584,583,585,-1,586,587,588,-1,588,587,589,-1,590,591,592,-1,592,591,593,-1,594,595,596,-1,596,595,597,-1,598,599,600,-1,600,599,601,-1,602,372,603,-1,603,372,9,-1,603,9,604,-1,604,9,605,-1,549,562,547,-1,547,562,552,-1,547,552,566,-1,566,552,553,-1,566,553,565,-1,565,553,559,-1,565,559,577,-1,577,559,560,-1,577,560,576,-1,576,560,572,-1,576,572,585,-1,585,572,573,-1,585,573,584,-1,584,573,580,-1,584,580,593,-1,593,580,581,-1,593,581,592,-1,592,581,588,-1,592,588,601,-1,601,588,589,-1,601,589,600,-1,600,589,596,-1,600,596,604,-1,604,596,597,-1,604,597,603,-1,476,606,607,-1,608,504,609,-1,609,504,610,-1,609,610,611,-1,611,610,612,-1,611,612,613,-1,613,612,614,-1,613,614,608,-1,608,614,504,-1,615,610,616,-1,616,610,617,-1,616,617,618,-1,618,617,619,-1,618,619,620,-1,620,619,612,-1,620,612,615,-1,615,612,610,-1,621,617,622,-1,622,617,623,-1,622,623,624,-1,624,623,625,-1,624,625,626,-1,626,625,619,-1,626,619,621,-1,621,619,617,-1,627,623,628,-1,628,623,629,-1,628,629,630,-1,630,629,631,-1,630,631,632,-1,632,631,625,-1,632,625,627,-1,627,625,623,-1,633,629,634,-1,634,629,635,-1,634,635,636,-1,636,635,637,-1,636,637,638,-1,638,637,631,-1,638,631,633,-1,633,631,629,-1,639,635,640,-1,640,635,641,-1,640,641,642,-1,642,641,643,-1,642,643,644,-1,644,643,637,-1,644,637,639,-1,639,637,635,-1,645,641,646,-1,646,641,647,-1,646,647,648,-1,648,647,649,-1,648,649,650,-1,650,649,643,-1,650,643,645,-1,645,643,641,-1,651,647,652,-1,652,647,653,-1,652,653,654,-1,654,653,655,-1,654,655,656,-1,656,655,649,-1,656,649,651,-1,651,649,647,-1,657,614,658,-1,658,614,612,-1,658,612,659,-1,659,612,607,-1,659,607,660,-1,660,607,606,-1,660,606,657,-1,657,606,614,-1,661,612,662,-1,662,612,619,-1,662,619,663,-1,663,619,664,-1,663,664,665,-1,665,664,607,-1,665,607,661,-1,661,607,612,-1,666,619,667,-1,667,619,625,-1,667,625,668,-1,668,625,669,-1,668,669,670,-1,670,669,664,-1,670,664,666,-1,666,664,619,-1,671,625,672,-1,672,625,631,-1,672,631,673,-1,673,631,674,-1,673,674,675,-1,675,674,669,-1,675,669,671,-1,671,669,625,-1,676,631,677,-1,677,631,637,-1,677,637,678,-1,678,637,679,-1,678,679,680,-1,680,679,674,-1,680,674,676,-1,676,674,631,-1,681,637,682,-1,682,637,643,-1,682,643,683,-1,683,643,684,-1,683,684,685,-1,685,684,679,-1,685,679,681,-1,681,679,637,-1,686,643,687,-1,687,643,649,-1,687,649,688,-1,688,649,689,-1,688,689,690,-1,690,689,684,-1,690,684,686,-1,686,684,643,-1,691,649,692,-1,692,649,655,-1,692,655,693,-1,693,655,694,-1,693,694,695,-1,695,694,689,-1,695,689,691,-1,691,689,649,-1,653,696,655,-1,655,696,697,-1,655,697,694,-1,694,697,698,-1,476,607,699,-1,699,607,664,-1,699,664,700,-1,700,664,669,-1,700,669,701,-1,701,669,674,-1,701,674,702,-1,702,674,679,-1,702,679,703,-1,703,679,684,-1,703,684,704,-1,704,684,689,-1,704,689,705,-1,705,689,694,-1,705,694,706,-1,706,694,698,-1,706,698,707,-1,708,709,370,-1,370,709,371,-1,709,708,540,-1,710,711,554,-1,554,711,707,-1,707,698,554,-1,554,698,697,-1,554,697,540,-1,540,697,696,-1,540,696,709,-1,476,699,368,-1,368,699,700,-1,700,701,368,-1,368,701,702,-1,368,702,711,-1,711,702,703,-1,711,703,704,-1,704,705,711,-1,711,705,706,-1,711,706,707,-1,696,653,709,-1,709,653,647,-1,709,647,641,-1,641,635,709,-1,709,635,629,-1,709,629,371,-1,371,629,623,-1,623,617,371,-1,371,617,610,-1,371,610,504,-1,369,368,710,-1,710,368,711,-1,708,370,602,-1,602,370,372,-1,594,712,713,-1,541,540,708,-1,587,586,708,-1,714,715,602,-1,602,715,595,-1,602,595,708,-1,708,595,594,-1,708,594,587,-1,587,594,713,-1,578,716,717,-1,571,570,708,-1,717,571,578,-1,578,571,708,-1,578,708,579,-1,579,708,586,-1,579,586,718,-1,718,586,719,-1,557,720,721,-1,551,550,708,-1,721,551,557,-1,557,551,708,-1,557,708,558,-1,558,708,570,-1,558,570,722,-1,722,570,723,-1,543,724,725,-1,725,541,543,-1,543,541,708,-1,543,708,544,-1,544,708,550,-1,544,550,726,-1,726,550,727,-1,710,554,556,-1,728,729,567,-1,567,729,549,-1,605,9,369,-1,563,730,731,-1,575,574,369,-1,732,733,556,-1,556,733,568,-1,556,568,710,-1,710,568,567,-1,710,567,369,-1,369,567,549,-1,369,549,548,-1,731,575,563,-1,563,575,369,-1,563,369,564,-1,564,369,548,-1,564,548,734,-1,734,548,735,-1,582,736,737,-1,591,590,369,-1,737,591,582,-1,582,591,369,-1,582,369,583,-1,583,369,574,-1,583,574,738,-1,738,574,739,-1,598,740,741,-1,741,605,598,-1,598,605,369,-1,598,369,599,-1,599,369,590,-1,599,590,742,-1,742,590,743,-1,744,745,746,-1,746,745,747,-1,748,749,744,-1,744,749,745,-1,750,751,748,-1,748,751,749,-1,746,747,750,-1,750,747,751,-1,651,747,656,-1,656,747,745,-1,652,751,651,-1,651,751,747,-1,749,654,745,-1,745,654,656,-1,654,749,652,-1,652,749,751,-1,725,752,541,-1,541,752,542,-1,752,753,542,-1,542,753,545,-1,753,724,545,-1,545,724,543,-1,746,724,744,-1,744,724,753,-1,744,753,748,-1,748,753,752,-1,748,752,750,-1,750,752,725,-1,750,725,746,-1,746,725,724,-1,754,755,756,-1,756,755,757,-1,758,754,759,-1,759,754,756,-1,760,758,761,-1,761,758,759,-1,755,760,757,-1,757,760,761,-1,754,695,755,-1,755,695,691,-1,758,693,754,-1,754,693,695,-1,692,760,691,-1,691,760,755,-1,760,692,758,-1,758,692,693,-1,762,555,763,-1,763,555,569,-1,732,556,762,-1,762,556,555,-1,763,569,733,-1,733,569,568,-1,756,733,759,-1,759,733,732,-1,759,732,761,-1,761,732,762,-1,761,762,757,-1,757,762,763,-1,757,763,756,-1,756,763,733,-1,764,765,766,-1,766,765,767,-1,768,764,769,-1,769,764,766,-1,770,768,771,-1,771,768,769,-1,765,770,767,-1,767,770,771,-1,764,690,765,-1,765,690,686,-1,768,688,764,-1,764,688,690,-1,687,770,686,-1,686,770,765,-1,770,687,768,-1,768,687,688,-1,772,561,773,-1,773,561,562,-1,728,567,772,-1,772,567,561,-1,773,562,729,-1,729,562,549,-1,766,729,769,-1,769,729,728,-1,769,728,771,-1,771,728,772,-1,771,772,767,-1,767,772,773,-1,767,773,766,-1,766,773,729,-1,774,775,776,-1,776,775,777,-1,778,774,779,-1,779,774,776,-1,780,778,781,-1,781,778,779,-1,775,780,777,-1,777,780,781,-1,774,685,775,-1,775,685,681,-1,778,683,774,-1,774,683,685,-1,682,780,681,-1,681,780,775,-1,780,682,778,-1,778,682,683,-1,782,547,783,-1,783,547,566,-1,735,548,782,-1,782,548,547,-1,783,566,734,-1,734,566,564,-1,776,734,779,-1,779,734,735,-1,779,735,781,-1,781,735,782,-1,781,782,777,-1,777,782,783,-1,777,783,776,-1,776,783,734,-1,784,785,786,-1,786,785,787,-1,788,784,789,-1,789,784,786,-1,790,788,791,-1,791,788,789,-1,785,790,787,-1,787,790,791,-1,784,680,785,-1,785,680,676,-1,788,678,784,-1,784,678,680,-1,677,790,676,-1,676,790,785,-1,790,677,788,-1,788,677,678,-1,792,565,793,-1,793,565,577,-1,730,563,792,-1,792,563,565,-1,793,577,731,-1,731,577,575,-1,786,731,789,-1,789,731,730,-1,789,730,791,-1,791,730,792,-1,791,792,787,-1,787,792,793,-1,787,793,786,-1,786,793,731,-1,794,795,796,-1,796,795,797,-1,798,794,799,-1,799,794,796,-1,800,798,801,-1,801,798,799,-1,795,800,797,-1,797,800,801,-1,794,675,795,-1,795,675,671,-1,798,673,794,-1,794,673,675,-1,672,800,671,-1,671,800,795,-1,800,672,798,-1,798,672,673,-1,802,576,803,-1,803,576,585,-1,739,574,802,-1,802,574,576,-1,803,585,738,-1,738,585,583,-1,796,738,799,-1,799,738,739,-1,799,739,801,-1,801,739,802,-1,801,802,797,-1,797,802,803,-1,797,803,796,-1,796,803,738,-1,804,805,806,-1,806,805,807,-1,808,804,809,-1,809,804,806,-1,810,808,811,-1,811,808,809,-1,805,810,807,-1,807,810,811,-1,804,670,805,-1,805,670,666,-1,808,668,804,-1,804,668,670,-1,667,810,666,-1,666,810,805,-1,810,667,808,-1,808,667,668,-1,812,584,813,-1,813,584,593,-1,736,582,812,-1,812,582,584,-1,813,593,737,-1,737,593,591,-1,806,737,809,-1,809,737,736,-1,809,736,811,-1,811,736,812,-1,811,812,807,-1,807,812,813,-1,807,813,806,-1,806,813,737,-1,814,815,816,-1,816,815,817,-1,818,814,819,-1,819,814,816,-1,820,818,821,-1,821,818,819,-1,815,820,817,-1,817,820,821,-1,814,665,815,-1,815,665,661,-1,818,663,814,-1,814,663,665,-1,662,820,661,-1,661,820,815,-1,820,662,818,-1,818,662,663,-1,822,592,823,-1,823,592,601,-1,743,590,822,-1,822,590,592,-1,823,601,742,-1,742,601,599,-1,816,742,819,-1,819,742,743,-1,819,743,821,-1,821,743,822,-1,821,822,817,-1,817,822,823,-1,817,823,816,-1,816,823,742,-1,824,825,826,-1,826,825,827,-1,828,824,829,-1,829,824,826,-1,830,828,831,-1,831,828,829,-1,825,830,827,-1,827,830,831,-1,824,660,825,-1,825,660,657,-1,828,659,824,-1,824,659,660,-1,658,830,657,-1,657,830,825,-1,830,658,828,-1,828,658,659,-1,832,600,833,-1,833,600,604,-1,740,598,832,-1,832,598,600,-1,833,604,741,-1,741,604,605,-1,826,741,829,-1,829,741,740,-1,829,740,831,-1,831,740,832,-1,831,832,827,-1,827,832,833,-1,827,833,826,-1,826,833,741,-1,834,835,836,-1,836,835,837,-1,838,839,834,-1,834,839,835,-1,840,841,838,-1,838,841,839,-1,836,837,840,-1,840,837,841,-1,842,843,844,-1,844,843,845,-1,846,847,842,-1,842,847,843,-1,848,849,846,-1,846,849,847,-1,844,845,848,-1,848,845,849,-1,850,851,852,-1,852,851,853,-1,854,855,850,-1,850,855,851,-1,856,857,854,-1,854,857,855,-1,852,853,856,-1,856,853,857,-1,858,859,860,-1,860,859,861,-1,862,863,858,-1,858,863,859,-1,864,865,862,-1,862,865,863,-1,860,861,864,-1,864,861,865,-1,866,867,868,-1,868,867,869,-1,870,871,866,-1,866,871,867,-1,872,873,870,-1,870,873,871,-1,868,869,872,-1,872,869,873,-1,874,875,876,-1,876,875,877,-1,878,879,874,-1,874,879,875,-1,880,881,878,-1,878,881,879,-1,876,877,880,-1,880,877,881,-1,882,883,884,-1,884,883,885,-1,886,887,882,-1,882,887,883,-1,888,889,886,-1,886,889,887,-1,884,885,888,-1,888,885,889,-1,645,885,650,-1,650,885,883,-1,646,889,645,-1,645,889,885,-1,887,648,883,-1,883,648,650,-1,648,887,646,-1,646,887,889,-1,639,877,644,-1,644,877,875,-1,640,881,639,-1,639,881,877,-1,879,642,875,-1,875,642,644,-1,642,879,640,-1,640,879,881,-1,633,869,638,-1,638,869,867,-1,634,873,633,-1,633,873,869,-1,871,636,867,-1,867,636,638,-1,636,871,634,-1,634,871,873,-1,627,861,632,-1,632,861,859,-1,628,865,627,-1,627,865,861,-1,863,630,859,-1,859,630,632,-1,630,863,628,-1,628,863,865,-1,621,853,626,-1,626,853,851,-1,622,857,621,-1,621,857,853,-1,855,624,851,-1,851,624,626,-1,624,855,622,-1,622,855,857,-1,615,845,620,-1,620,845,843,-1,616,849,615,-1,615,849,845,-1,847,618,843,-1,843,618,620,-1,618,847,616,-1,616,847,849,-1,608,837,613,-1,613,837,835,-1,609,841,608,-1,608,841,837,-1,839,611,835,-1,835,611,613,-1,611,839,609,-1,609,839,841,-1,890,891,546,-1,546,891,552,-1,726,890,544,-1,544,890,546,-1,891,727,552,-1,552,727,550,-1,884,727,882,-1,882,727,891,-1,882,891,886,-1,886,891,890,-1,886,890,888,-1,888,890,726,-1,888,726,884,-1,884,726,727,-1,892,893,553,-1,553,893,559,-1,721,892,551,-1,551,892,553,-1,893,720,559,-1,559,720,557,-1,876,720,874,-1,874,720,893,-1,874,893,878,-1,878,893,892,-1,878,892,880,-1,880,892,721,-1,880,721,876,-1,876,721,720,-1,894,895,560,-1,560,895,572,-1,722,894,558,-1,558,894,560,-1,895,723,572,-1,572,723,570,-1,868,723,866,-1,866,723,895,-1,866,895,870,-1,870,895,894,-1,870,894,872,-1,872,894,722,-1,872,722,868,-1,868,722,723,-1,896,897,573,-1,573,897,580,-1,717,896,571,-1,571,896,573,-1,897,716,580,-1,580,716,578,-1,860,716,858,-1,858,716,897,-1,858,897,862,-1,862,897,896,-1,862,896,864,-1,864,896,717,-1,864,717,860,-1,860,717,716,-1,898,899,581,-1,581,899,588,-1,718,898,579,-1,579,898,581,-1,899,719,588,-1,588,719,586,-1,852,719,850,-1,850,719,899,-1,850,899,854,-1,854,899,898,-1,854,898,856,-1,856,898,718,-1,856,718,852,-1,852,718,719,-1,900,901,589,-1,589,901,596,-1,713,900,587,-1,587,900,589,-1,901,712,596,-1,596,712,594,-1,844,712,842,-1,842,712,901,-1,842,901,846,-1,846,901,900,-1,846,900,848,-1,848,900,713,-1,848,713,844,-1,844,713,712,-1,902,903,597,-1,597,903,603,-1,715,902,595,-1,595,902,597,-1,903,714,603,-1,603,714,602,-1,836,714,834,-1,834,714,903,-1,834,903,838,-1,838,903,902,-1,838,902,840,-1,840,902,715,-1,840,715,836,-1,836,715,714,-1,
        ]
    }
}
Shape{
    appearance Appearance {
        material  Material 	{
            diffuseColor 1.0 1.0 1.0
            specularColor 0.5019607843137255 0.5019607843137255 0.5019607843137255
            ambientIntensity 0.2
            transparency 0
            shininess 0.5
        }
    }
    geometry IndexedFaceSet {
        ccw TRUE
        solid FALSE
        coord DEF co Coordinate {
            point [
                4.0988 0.0799 0.6536, 4.0988 0.0799 0.6454, 4.0984 0.0799 0.6536, 4.0984 0.0799 0.6454, 4.0988 0.0512 0.6536, 4.0984 0.0512 0.6536, 4.0988 0.0512 0.7175, 4.0984 0.0512 0.7175, 4.0988 0.0419 0.7175, 4.0984 0.0419 0.7175, 4.0988 0.0419 0.6454, 4.0984 0.0419 0.6454, 4.0984 0.1368 0.6484, 4.0988 0.1368 0.6484, 4.0988 0.1289 0.6455, 4.0988 0.1169 0.6442, 4.0984 0.1169 0.6442, 4.0984 0.1226 0.6448, 4.0984 0.1289 0.6455, 4.0988 0.1368 0.6573, 4.0984 0.1368 0.6573, 4.0984 0.1295 0.6541, 4.0988 0.1295 0.6541, 4.0984 0.1212 0.6526, 4.0988 0.1212 0.6526, 4.0984 0.1182 0.6525, 4.0988 0.1182 0.6525, 4.0984 0.1115 0.6532, 4.0988 0.1115 0.6532, 4.0984 0.1063 0.6551, 4.0988 0.1063 0.6551, 4.0984 0.1015 0.6584, 4.0988 0.1015 0.6584, 4.0984 0.0997 0.6601, 4.0988 0.0997 0.6601, 4.0984 0.096 0.6653, 4.0988 0.096 0.6653, 4.0984 0.0938 0.6711, 4.0988 0.0938 0.6711, 4.0984 0.0926 0.68, 4.0988 0.0926 0.68, 4.0984 0.0926 0.6806, 4.0988 0.0926 0.6806, 4.0984 0.0936 0.6898, 4.0988 0.0936 0.6898, 4.0984 0.0959 0.6962, 4.0988 0.0959 0.6962, 4.0984 0.0993 0.7013, 4.0988 0.0993 0.7013, 4.0984 0.1002 0.7023, 4.0988 0.1002 0.7023, 4.0984 0.1048 0.7062, 4.0988 0.1048 0.7062, 4.0984 0.1104 0.7089, 4.0988 0.1104 0.7089, 4.0984 0.1167 0.7102, 4.0988 0.1167 0.7102, 4.0984 0.1198 0.7103, 4.0988 0.1198 0.7103, 4.0984 0.1283 0.7093, 4.0988 0.1283 0.7093, 4.0984 0.1357 0.7066, 4.0988 0.1357 0.7066, 4.0984 0.1368 0.706, 4.0988 0.1368 0.706, 4.0988 0.1368 0.7158, 4.0984 0.1368 0.7158, 4.0984 0.1198 0.7187, 4.0988 0.1198 0.7187, 4.0988 0.1204 0.7187, 4.0984 0.1297 0.7179, 4.0988 0.1297 0.7179, 4.0984 0.1272 0.7181, 4.0984 0.1204 0.7187, 4.0984 0.1147 0.7181, 4.0988 0.1093 0.7174, 4.0984 0.1093 0.7174, 4.0984 0.1018 0.7145, 4.0988 0.1018 0.7145, 4.0984 0.0951 0.7098, 4.0988 0.0951 0.7098, 4.0984 0.0933 0.7081, 4.0988 0.0933 0.7081, 4.0984 0.0883 0.7016, 4.0988 0.0883 0.7016, 4.0984 0.0861 0.6967, 4.0988 0.0848 0.6937, 4.0984 0.0848 0.6937, 4.0984 0.083 0.6844, 4.0988 0.083 0.6844, 4.0984 0.0829 0.6801, 4.0988 0.0829 0.6801, 4.0984 0.0841 0.6689, 4.0988 0.0841 0.6689, 4.0984 0.0861 0.6637, 4.0988 0.087 0.6613, 4.0984 0.087 0.6613, 4.0984 0.0912 0.6551, 4.0988 0.0912 0.6551, 4.0984 0.0921 0.654, 4.0988 0.0921 0.654, 4.0988 0.1121 0.6445, 4.0984 0.0976 0.6495, 4.0988 0.0976 0.6495, 4.0984 0.1043 0.6462, 4.0988 0.1043 0.6462, 4.0984 0.1104 0.6448, 4.0984 0.1121 0.6445, 4.0988 0.19 0.6536, 4.0988 0.19 0.6454, 4.0984 0.19 0.6536, 4.0984 0.19 0.6454, 4.0984 0.1606 0.6536, 4.0988 0.1606 0.6536, 4.0984 0.18 0.6536, 4.0988 0.1606 0.6779, 4.0984 0.1606 0.6779, 4.0984 0.1863 0.6779, 4.0988 0.1863 0.6779, 4.0984 0.18 0.6779, 4.0988 0.1863 0.6861, 4.0984 0.1863 0.6861, 4.0984 0.1606 0.6861, 4.0988 0.1606 0.6861, 4.0984 0.18 0.6861, 4.0988 0.1606 0.7092, 4.0984 0.1606 0.7092, 4.0984 0.1884 0.7092, 4.0988 0.1884 0.7092, 4.0984 0.18 0.7092, 4.0988 0.1884 0.7175, 4.0984 0.1884 0.7175, 4.0984 0.1513 0.7175, 4.0988 0.1513 0.7175, 4.0984 0.18 0.7175, 4.0988 0.1513 0.6454, 4.0984 0.1513 0.6454, 4.0984 0.18 0.6454, 4.0988 0.2523 0.678, 4.0988 0.262 0.6773, 4.0988 0.2525 0.6821, 4.0988 0.2623 0.6824, 4.0988 0.2516 0.6904, 4.0988 0.261 0.6925, 4.0988 0.2497 0.6958, 4.0988 0.2583 0.6994, 4.0988 0.247 0.7, 4.0988 0.2538 0.7056, 4.0988 0.2446 0.7024, 4.0988 0.2514 0.7079, 4.0988 0.2391 0.7061, 4.0988 0.2434 0.7133, 4.0988 0.2328 0.7083, 4.0988 0.2347 0.7164, 4.0988 0.2238 0.7092, 4.0988 0.2242 0.7175, 4.0988 0.2129 0.7092, 4.0988 0.2036 0.7175, 4.0988 0.2129 0.6536, 4.0988 0.2036 0.6454, 4.0988 0.2234 0.6536, 4.0988 0.2234 0.6454, 4.0988 0.2325 0.6546, 4.0988 0.2348 0.6467, 4.0988 0.2387 0.6568, 4.0988 0.2432 0.6498, 4.0988 0.2435 0.6599, 4.0988 0.2503 0.6545, 4.0988 0.2448 0.6612, 4.0988 0.2514 0.6555, 4.0988 0.2486 0.6659, 4.0988 0.2565 0.6615, 4.0988 0.251 0.6713, 4.0988 0.2602 0.6689, 4.0984 0.2234 0.6454, 4.0984 0.2036 0.6454, 4.0984 0.2348 0.6467, 4.0984 0.2366 0.6474, 4.0984 0.2432 0.6498, 4.0984 0.2503 0.6545, 4.0984 0.2514 0.6555, 4.0984 0.2565 0.6615, 4.0984 0.2602 0.6689, 4.0984 0.262 0.6773, 4.0984 0.2623 0.6824, 4.0984 0.261 0.6925, 4.0984 0.2583 0.6994, 4.0984 0.2538 0.7056, 4.0984 0.2514 0.7079, 4.0984 0.2242 0.7175, 4.0984 0.2434 0.7133, 4.0984 0.2366 0.7157, 4.0984 0.2347 0.7164, 4.0984 0.2036 0.7175, 4.0984 0.2238 0.7092, 4.0984 0.2129 0.7092, 4.0984 0.2129 0.6536, 4.0984 0.2234 0.6536, 4.0984 0.2448 0.6612, 4.0984 0.2435 0.6599, 4.0984 0.2387 0.6568, 4.0984 0.2325 0.6546, 4.0984 0.2525 0.6821, 4.0984 0.2523 0.678, 4.0984 0.251 0.6713, 4.0984 0.2486 0.6659, 4.0984 0.2446 0.7024, 4.0984 0.247 0.7, 4.0984 0.2497 0.6958, 4.0984 0.2516 0.6904, 4.0984 0.2328 0.7083, 4.0984 0.2391 0.7061, 4.0984 0.2391 0.7061
            ]
        }
        coordIndex [
            0,1,2,-1,2,1,3,-1,4,0,5,-1,5,0,2,-1,6,4,7,-1,7,4,5,-1,8,6,9,-1,9,6,7,-1,10,8,11,-1,11,8,9,-1,1,10,3,-1,3,10,11,-1,6,8,4,-1,4,8,10,-1,4,10,0,-1,0,10,1,-1,12,13,14,-1,15,16,17,-1,15,17,14,-1,14,17,18,-1,14,18,12,-1,19,13,20,-1,20,13,12,-1,19,20,21,-1,19,21,22,-1,22,21,23,-1,22,23,24,-1,24,23,25,-1,24,25,26,-1,26,25,27,-1,26,27,28,-1,28,27,29,-1,28,29,30,-1,30,29,31,-1,30,31,32,-1,32,31,33,-1,32,33,34,-1,34,33,35,-1,34,35,36,-1,36,35,37,-1,36,37,38,-1,38,37,39,-1,38,39,40,-1,40,39,41,-1,40,41,42,-1,42,41,43,-1,42,43,44,-1,44,43,45,-1,44,45,46,-1,46,45,47,-1,46,47,48,-1,48,47,49,-1,48,49,50,-1,50,49,51,-1,50,51,52,-1,52,51,53,-1,52,53,54,-1,54,53,55,-1,54,55,56,-1,56,55,57,-1,56,57,58,-1,58,57,59,-1,58,59,60,-1,60,59,61,-1,60,61,62,-1,62,61,63,-1,62,63,64,-1,65,64,66,-1,66,64,63,-1,67,68,69,-1,65,66,70,-1,65,70,71,-1,71,70,72,-1,71,72,69,-1,69,72,73,-1,69,73,67,-1,68,67,74,-1,68,74,75,-1,74,76,75,-1,75,76,77,-1,75,77,78,-1,78,77,79,-1,78,79,80,-1,80,79,81,-1,80,81,82,-1,82,81,83,-1,82,83,84,-1,84,83,85,-1,84,85,86,-1,85,87,86,-1,86,87,88,-1,86,88,89,-1,89,88,90,-1,89,90,91,-1,91,90,92,-1,91,92,93,-1,93,92,94,-1,93,94,95,-1,94,96,95,-1,95,96,97,-1,95,97,98,-1,98,97,99,-1,98,99,100,-1,16,15,101,-1,100,99,102,-1,100,102,103,-1,103,102,104,-1,103,104,105,-1,105,104,106,-1,105,106,101,-1,101,106,107,-1,101,107,16,-1,62,64,65,-1,36,38,93,-1,44,46,84,-1,93,38,91,-1,84,46,82,-1,62,65,60,-1,60,65,71,-1,60,71,58,-1,58,71,69,-1,58,69,56,-1,56,69,68,-1,56,68,54,-1,54,68,75,-1,54,75,52,-1,13,19,14,-1,14,19,22,-1,14,22,15,-1,75,78,52,-1,52,78,80,-1,52,80,50,-1,50,80,82,-1,50,82,48,-1,48,82,46,-1,93,95,36,-1,36,95,98,-1,36,98,34,-1,34,98,100,-1,34,100,32,-1,32,100,103,-1,32,103,30,-1,30,103,105,-1,30,105,28,-1,28,105,101,-1,28,101,26,-1,26,101,15,-1,26,15,24,-1,24,15,22,-1,38,40,91,-1,91,40,42,-1,91,42,89,-1,89,42,44,-1,89,44,86,-1,86,44,84,-1,108,109,110,-1,110,109,111,-1,112,113,114,-1,114,113,108,-1,114,108,110,-1,115,113,116,-1,116,113,112,-1,117,118,119,-1,119,118,115,-1,119,115,116,-1,120,118,121,-1,121,118,117,-1,122,123,124,-1,124,123,120,-1,124,120,121,-1,125,123,126,-1,126,123,122,-1,127,128,129,-1,129,128,125,-1,129,125,126,-1,130,128,131,-1,131,128,127,-1,132,133,134,-1,134,133,130,-1,134,130,131,-1,135,133,136,-1,136,133,132,-1,111,109,137,-1,137,109,135,-1,137,135,136,-1,135,109,108,-1,108,113,135,-1,135,113,115,-1,135,115,133,-1,128,130,125,-1,125,130,133,-1,125,133,123,-1,123,133,115,-1,123,115,120,-1,120,115,118,-1,138,139,140,-1,140,139,141,-1,140,141,142,-1,142,141,143,-1,142,143,144,-1,144,143,145,-1,144,145,146,-1,146,145,147,-1,146,147,148,-1,148,147,149,-1,148,149,150,-1,150,149,151,-1,150,151,152,-1,152,151,153,-1,152,153,154,-1,154,153,155,-1,154,155,156,-1,156,155,157,-1,156,157,158,-1,158,157,159,-1,158,159,160,-1,160,159,161,-1,160,161,162,-1,162,161,163,-1,162,163,164,-1,164,163,165,-1,164,165,166,-1,166,165,167,-1,166,167,168,-1,168,167,169,-1,168,169,170,-1,170,169,171,-1,170,171,172,-1,172,171,173,-1,172,173,138,-1,138,173,139,-1,161,159,174,-1,174,159,175,-1,161,174,176,-1,161,176,163,-1,163,176,177,-1,163,177,165,-1,177,178,165,-1,165,178,179,-1,165,179,167,-1,167,179,180,-1,167,180,169,-1,169,180,181,-1,169,181,171,-1,171,181,182,-1,171,182,173,-1,173,182,183,-1,173,183,139,-1,139,183,184,-1,139,184,141,-1,141,184,185,-1,141,185,143,-1,143,185,186,-1,143,186,145,-1,145,186,187,-1,145,187,147,-1,147,187,188,-1,147,188,149,-1,189,155,153,-1,149,188,190,-1,149,190,151,-1,151,190,191,-1,151,191,153,-1,153,191,192,-1,153,192,189,-1,157,155,193,-1,193,155,189,-1,159,157,175,-1,175,157,193,-1,154,156,194,-1,194,156,195,-1,156,158,195,-1,195,158,196,-1,158,160,196,-1,196,160,197,-1,168,198,199,-1,168,199,166,-1,166,199,200,-1,166,200,164,-1,164,200,201,-1,164,201,162,-1,162,201,197,-1,162,197,160,-1,140,202,203,-1,140,203,138,-1,138,203,204,-1,138,204,172,-1,172,204,205,-1,172,205,170,-1,170,205,198,-1,170,198,168,-1,148,206,207,-1,148,207,146,-1,146,207,208,-1,146,208,144,-1,144,208,209,-1,144,209,142,-1,142,209,202,-1,142,202,140,-1,154,194,210,-1,154,210,152,-1,152,210,211,-1,152,211,150,-1,150,211,206,-1,150,206,148,-1,
        ]
    }
}
Shape{
    appearance Appearance {
        material  Material 	{
            diffuseColor 0.2235294117647059 0.2235294117647059 0.2235294117647059
            specularColor 0.11372549019607843 0.11372549019607843 0.11372549019607843
            ambientIntensity 0.2
            transparency 0
            shininess 0.5
        }
    }
    geometry IndexedFaceSet {
        ccw TRUE
        solid FALSE
        coord DEF co Coordinate {
            point [
                4.0984 0.2129 0.7092, 4.0984 0.2129 0.6536, 4.0984 0.2238 0.7092, 4.0984 0.2234 0.6536, 4.0984 0.2325 0.6546, 4.0984 0.2387 0.6568, 4.0984 0.2435 0.6599, 4.0984 0.2448 0.6612, 4.0984 0.2486 0.6659, 4.0984 0.251 0.6713, 4.0984 0.2523 0.678, 4.0984 0.2525 0.6821, 4.0984 0.2516 0.6904, 4.0984 0.2497 0.6958, 4.0984 0.247 0.7, 4.0984 0.2446 0.7024, 4.0984 0.2328 0.7083, 4.0984 0.2391 0.7061, 4.0984 0.2391 0.7061
            ]
        }
        coordIndex [
            0,1,2,-1,2,1,3,-1,2,3,4,-1,4,5,2,-1,2,5,6,-1,2,6,7,-1,7,8,2,-1,2,8,9,-1,2,9,10,-1,10,11,2,-1,2,11,12,-1,2,12,13,-1,13,14,2,-1,2,14,15,-1,2,15,16,-1,16,15,17,-1,
        ]
    }
}
Shape{
    appearance Appearance {
        material  Material 	{
            diffuseColor 1.0 1.0 1.0
            specularColor 0.5019607843137255 0.5019607843137255 0.5019607843137255
            ambientIntensity 0.2
            transparency 0
            shininess 0.5
        }
    }
    geometry IndexedFaceSet {
        ccw TRUE
        solid FALSE
        coord DEF co Coordinate {
            point [
                4.0988 0.2864 0.6733, 4.0988 0.2835 0.6651, 4.0988 0.3106 0.6733, 4.0988 0.3135 0.6651, 4.0988 0.2972 0.7032, 4.0988 0.2937 0.7175, 4.0988 0.2663 0.6454, 4.0988 0.2766 0.6454, 4.0988 0.2978 0.7054, 4.0988 0.2984 0.7083, 4.0988 0.3037 0.7175, 4.0988 0.2986 0.7083, 4.0988 0.2992 0.7052, 4.0988 0.2997 0.7032, 4.0988 0.3311 0.6454, 4.0988 0.3209 0.6454, 4.0984 0.3037 0.7175, 4.0984 0.3311 0.6454, 4.0984 0.2937 0.7175, 4.0984 0.2663 0.6454, 4.0984 0.2871 0.7, 4.0984 0.2766 0.6454, 4.0984 0.2835 0.6651, 4.0984 0.3135 0.6651, 4.0984 0.2871 0.6651, 4.0984 0.3209 0.6454, 4.0984 0.2864 0.6733, 4.0984 0.3106 0.6733, 4.0984 0.2997 0.7032, 4.0984 0.2986 0.7083, 4.0984 0.2992 0.7052, 4.0984 0.2984 0.7083, 4.0984 0.2972 0.7032, 4.0984 0.2978 0.7054, 4.0984 0.2978 0.7054
            ]
        }
        coordIndex [
            0,1,2,-1,2,1,3,-1,4,5,0,-1,0,5,6,-1,0,6,1,-1,1,6,7,-1,4,8,5,-1,5,8,9,-1,5,9,10,-1,10,9,11,-1,10,11,12,-1,12,13,10,-1,10,13,2,-1,10,2,14,-1,14,2,3,-1,14,3,15,-1,10,14,16,-1,16,14,17,-1,5,10,18,-1,18,10,16,-1,19,6,20,-1,20,6,5,-1,20,5,18,-1,7,6,21,-1,21,6,19,-1,1,7,22,-1,22,7,21,-1,23,3,24,-1,24,3,1,-1,24,1,22,-1,15,3,25,-1,25,3,23,-1,14,15,17,-1,17,15,25,-1,0,2,26,-1,26,2,27,-1,2,13,27,-1,27,13,28,-1,11,29,30,-1,11,30,12,-1,12,30,28,-1,12,28,13,-1,11,9,29,-1,29,9,31,-1,4,32,33,-1,4,33,8,-1,8,33,31,-1,8,31,9,-1,4,0,32,-1,32,0,26,-1,
        ]
    }
}
Shape{
    appearance Appearance {
        material  Material 	{
            diffuseColor 0.2235294117647059 0.2235294117647059 0.2235294117647059
            specularColor 0.11372549019607843 0.11372549019607843 0.11372549019607843
            ambientIntensity 0.2
            transparency 0
            shininess 0.5
        }
    }
    geometry IndexedFaceSet {
        ccw TRUE
        solid FALSE
        coord DEF co Coordinate {
            point [
                4.0984 0.2986 0.7083, 4.0984 0.2984 0.7083, 4.0984 0.2992 0.7052, 4.0984 0.2978 0.7054, 4.0984 0.2997 0.7032, 4.0984 0.2972 0.7032, 4.0984 0.3106 0.6733, 4.0984 0.2864 0.6733, 4.0984 0.2864 0.6733
            ]
        }
        coordIndex [
            0,1,2,-1,2,1,3,-1,2,3,4,-1,4,3,5,-1,4,5,6,-1,6,5,7,-1,
        ]
    }
}
Shape{
    appearance Appearance {
        material  Material 	{
            diffuseColor 1.0 1.0 1.0
            specularColor 0.5019607843137255 0.5019607843137255 0.5019607843137255
            ambientIntensity 0.2
            transparency 0
            shininess 0.5
        }
    }
    geometry IndexedFaceSet {
        ccw TRUE
        solid FALSE
        coord DEF co Coordinate {
            point [
                4.0988 0.0807 0.5393, 4.0988 0.0807 0.5311, 4.0984 0.0807 0.5393, 4.0984 0.0807 0.5311, 4.0988 0.0512 0.5393, 4.0984 0.0512 0.5393, 4.0988 0.0512 0.5636, 4.0984 0.0512 0.5636, 4.0988 0.077 0.5636, 4.0984 0.077 0.5636, 4.0988 0.077 0.5718, 4.0984 0.077 0.5718, 4.0988 0.0512 0.5718, 4.0984 0.0512 0.5718, 4.0988 0.0512 0.5949, 4.0984 0.0512 0.5949, 4.0988 0.079 0.5949, 4.0984 0.079 0.5949, 4.0988 0.079 0.6032, 4.0984 0.079 0.6032, 4.0988 0.0419 0.6032, 4.0984 0.0419 0.6032, 4.0988 0.0419 0.5311, 4.0984 0.0419 0.5311, 4.0988 0.1214 0.5391, 4.0988 0.1216 0.5391, 4.0988 0.1211 0.5474, 4.0988 0.0997 0.5601, 4.0988 0.0958 0.5581, 4.0988 0.1009 0.5521, 4.0988 0.1216 0.5514, 4.0988 0.1307 0.5642, 4.0988 0.1216 0.552, 4.0988 0.1216 0.5569, 4.0988 0.1216 0.5311, 4.0988 0.1307 0.5311, 4.0988 0.1197 0.5441, 4.0988 0.1178 0.5415, 4.0988 0.12 0.5369, 4.0988 0.1166 0.5404, 4.0988 0.1172 0.5339, 4.0988 0.1141 0.5387, 4.0988 0.114 0.5317, 4.0988 0.1114 0.5377, 4.0988 0.1103 0.5304, 4.0988 0.108 0.5373, 4.0988 0.1056 0.5299, 4.0988 0.1049 0.5376, 4.0988 0.1002 0.5305, 4.0988 0.1029 0.5384, 4.0988 0.0968 0.5318, 4.0988 0.1011 0.5396, 4.0988 0.0937 0.5339, 4.0988 0.1003 0.5404, 4.0988 0.0998 0.5508, 4.0988 0.093 0.5557, 4.0988 0.099 0.5491, 4.0988 0.0912 0.5532, 4.0988 0.0986 0.5471, 4.0988 0.1021 0.5531, 4.0988 0.1043 0.5541, 4.0988 0.1064 0.5617, 4.0988 0.1096 0.5553, 4.0988 0.1216 0.5638, 4.0988 0.0944 0.579, 4.0988 0.0944 0.5702, 4.0988 0.0968 0.5803, 4.0988 0.1001 0.5739, 4.0988 0.1036 0.5828, 4.0988 0.1058 0.5758, 4.0988 0.1121 0.5838, 4.0988 0.1112 0.5764, 4.0988 0.1176 0.5832, 4.0988 0.1143 0.5761, 4.0988 0.1214 0.5821, 4.0988 0.1164 0.5754, 4.0988 0.1244 0.5804, 4.0988 0.118 0.5743, 4.0988 0.1268 0.5781, 4.0988 0.1193 0.5729, 4.0988 0.1286 0.5751, 4.0988 0.1204 0.571, 4.0988 0.13 0.571, 4.0988 0.1213 0.5678, 4.0988 0.09 0.55, 4.0988 0.0894 0.5461, 4.0988 0.0985 0.5456, 4.0988 0.0893 0.5449, 4.0988 0.0987 0.5436, 4.0988 0.0898 0.5408, 4.0988 0.0993 0.5419, 4.0988 0.0909 0.5377, 4.0988 0.0927 0.535, 4.0984 0.1121 0.5838, 4.0984 0.1036 0.5828, 4.0984 0.0968 0.5803, 4.0984 0.0944 0.579, 4.0984 0.0944 0.5702, 4.0984 0.1001 0.5739, 4.0984 0.1058 0.5758, 4.0984 0.1112 0.5764, 4.0984 0.1143 0.5761, 4.0984 0.1164 0.5754, 4.0984 0.118 0.5743, 4.0984 0.1193 0.5729, 4.0984 0.1204 0.571, 4.0984 0.1213 0.5678, 4.0984 0.1216 0.5638, 4.0984 0.1064 0.5617, 4.0984 0.0997 0.5601, 4.0984 0.0958 0.5581, 4.0984 0.093 0.5557, 4.0984 0.0912 0.5532, 4.0984 0.09 0.55, 4.0984 0.0894 0.5461, 4.0984 0.0893 0.5449, 4.0984 0.0898 0.5408, 4.0984 0.0909 0.5377, 4.0984 0.0927 0.535, 4.0984 0.0937 0.5339, 4.0984 0.1056 0.5299, 4.0984 0.1004 0.5305, 4.0984 0.1002 0.5305, 4.0984 0.0968 0.5318, 4.0984 0.1103 0.5304, 4.0984 0.1106 0.5305, 4.0984 0.114 0.5317, 4.0984 0.1172 0.5339, 4.0984 0.12 0.5369, 4.0984 0.1214 0.5391, 4.0984 0.1216 0.5391, 4.0984 0.1216 0.5311, 4.0984 0.1307 0.5311, 4.0984 0.1307 0.5642, 4.0984 0.13 0.571, 4.0984 0.1286 0.5751, 4.0984 0.1268 0.5781, 4.0984 0.1244 0.5804, 4.0984 0.1214 0.5821, 4.0984 0.1176 0.5832, 4.0984 0.1009 0.5521, 4.0984 0.1021 0.5531, 4.0984 0.1043 0.5541, 4.0984 0.1096 0.5553, 4.0984 0.0985 0.5456, 4.0984 0.0986 0.5471, 4.0984 0.099 0.5491, 4.0984 0.0998 0.5508, 4.0984 0.1011 0.5396, 4.0984 0.1003 0.5404, 4.0984 0.0993 0.5419, 4.0984 0.0987 0.5436, 4.0984 0.108 0.5373, 4.0984 0.1049 0.5376, 4.0984 0.1029 0.5384, 4.0984 0.1178 0.5415, 4.0984 0.1166 0.5404, 4.0984 0.1141 0.5387, 4.0984 0.1114 0.5377, 4.0984 0.1216 0.552, 4.0984 0.1216 0.5514, 4.0984 0.1211 0.5474, 4.0984 0.1197 0.5441, 4.0984 0.1216 0.5569, 4.0984 0.1216 0.5569
            ]
        }
        coordIndex [
            0,1,2,-1,2,1,3,-1,4,0,5,-1,5,0,2,-1,6,4,7,-1,7,4,5,-1,8,6,9,-1,9,6,7,-1,10,8,11,-1,11,8,9,-1,12,10,13,-1,13,10,11,-1,14,12,15,-1,15,12,13,-1,16,14,17,-1,17,14,15,-1,18,16,19,-1,19,16,17,-1,20,18,21,-1,21,18,19,-1,22,20,23,-1,23,20,21,-1,1,22,3,-1,3,22,23,-1,16,18,14,-1,14,18,20,-1,14,20,12,-1,1,0,22,-1,22,0,4,-1,22,4,6,-1,8,10,6,-1,6,10,12,-1,6,12,22,-1,22,12,20,-1,24,25,26,-1,27,28,29,-1,30,31,32,-1,32,31,33,-1,34,35,25,-1,25,35,31,-1,25,31,26,-1,26,31,30,-1,26,36,24,-1,24,36,37,-1,24,37,38,-1,38,37,39,-1,38,39,40,-1,40,39,41,-1,40,41,42,-1,42,41,43,-1,42,43,44,-1,44,43,45,-1,44,45,46,-1,46,45,47,-1,46,47,48,-1,48,47,49,-1,48,49,50,-1,50,49,51,-1,50,51,52,-1,52,51,53,-1,29,28,54,-1,54,28,55,-1,54,55,56,-1,56,55,57,-1,56,57,58,-1,29,59,27,-1,27,59,60,-1,27,60,61,-1,61,60,62,-1,61,62,63,-1,64,65,66,-1,66,65,67,-1,66,67,68,-1,68,67,69,-1,68,69,70,-1,70,69,71,-1,70,71,72,-1,72,71,73,-1,72,73,74,-1,74,73,75,-1,74,75,76,-1,76,75,77,-1,76,77,78,-1,78,77,79,-1,78,79,80,-1,80,79,81,-1,80,81,82,-1,82,81,83,-1,82,83,31,-1,31,83,63,-1,31,63,33,-1,33,63,62,-1,57,84,58,-1,58,84,85,-1,58,85,86,-1,86,85,87,-1,86,87,88,-1,88,87,89,-1,88,89,90,-1,90,89,91,-1,90,91,53,-1,53,91,92,-1,53,92,52,-1,70,93,94,-1,70,94,68,-1,68,94,95,-1,68,95,66,-1,66,95,96,-1,66,96,64,-1,65,64,97,-1,97,64,96,-1,65,97,98,-1,65,98,67,-1,67,98,99,-1,67,99,69,-1,69,99,100,-1,69,100,71,-1,71,100,101,-1,71,101,73,-1,73,101,102,-1,73,102,75,-1,75,102,103,-1,75,103,77,-1,77,103,104,-1,77,104,79,-1,79,104,105,-1,79,105,81,-1,81,105,106,-1,81,106,83,-1,83,106,107,-1,83,107,63,-1,61,63,108,-1,108,63,107,-1,61,108,109,-1,61,109,27,-1,27,109,110,-1,27,110,28,-1,28,110,111,-1,28,111,55,-1,55,111,112,-1,55,112,57,-1,57,112,113,-1,57,113,84,-1,84,113,114,-1,84,114,85,-1,85,114,115,-1,85,115,87,-1,87,115,116,-1,87,116,89,-1,89,116,117,-1,89,117,91,-1,91,117,118,-1,91,118,92,-1,92,118,119,-1,92,119,52,-1,120,46,121,-1,121,46,48,-1,121,48,122,-1,122,48,50,-1,122,50,123,-1,123,50,52,-1,123,52,119,-1,46,120,124,-1,46,124,44,-1,44,124,125,-1,44,125,42,-1,125,126,42,-1,42,126,127,-1,42,127,40,-1,40,127,128,-1,40,128,38,-1,38,128,129,-1,38,129,24,-1,25,24,130,-1,130,24,129,-1,34,25,131,-1,131,25,130,-1,35,34,132,-1,132,34,131,-1,31,35,133,-1,133,35,132,-1,31,133,134,-1,31,134,82,-1,82,134,135,-1,82,135,80,-1,80,135,136,-1,80,136,78,-1,78,136,137,-1,78,137,76,-1,76,137,138,-1,76,138,74,-1,74,138,139,-1,74,139,72,-1,72,139,93,-1,72,93,70,-1,29,140,141,-1,29,141,59,-1,59,141,142,-1,59,142,60,-1,60,142,143,-1,60,143,62,-1,86,144,145,-1,86,145,58,-1,58,145,146,-1,58,146,56,-1,56,146,147,-1,56,147,54,-1,54,147,140,-1,54,140,29,-1,51,148,149,-1,51,149,53,-1,53,149,150,-1,53,150,90,-1,90,150,151,-1,90,151,88,-1,88,151,144,-1,88,144,86,-1,45,152,153,-1,45,153,47,-1,47,153,154,-1,47,154,49,-1,49,154,148,-1,49,148,51,-1,37,155,156,-1,37,156,39,-1,39,156,157,-1,39,157,41,-1,41,157,158,-1,41,158,43,-1,43,158,152,-1,43,152,45,-1,32,159,160,-1,32,160,30,-1,30,160,161,-1,30,161,26,-1,26,161,162,-1,26,162,36,-1,36,162,155,-1,36,155,37,-1,32,33,159,-1,159,33,163,-1,33,62,163,-1,163,62,143,-1,
        ]
    }
}
Shape{
    appearance Appearance {
        material  Material 	{
            diffuseColor 0.2235294117647059 0.2235294117647059 0.2235294117647059
            specularColor 0.11372549019607843 0.11372549019607843 0.11372549019607843
            ambientIntensity 0.2
            transparency 0
            shininess 0.5
        }
    }
    geometry IndexedFaceSet {
        ccw TRUE
        solid FALSE
        coord DEF co Coordinate {
            point [
                4.0984 0.1216 0.5569, 4.0984 0.1096 0.5553, 4.0984 0.1216 0.552, 4.0984 0.1043 0.5541, 4.0984 0.1021 0.5531, 4.0984 0.1009 0.5521, 4.0984 0.1216 0.5514, 4.0984 0.1211 0.5474, 4.0984 0.0998 0.5508, 4.0984 0.1197 0.5441, 4.0984 0.1003 0.5404, 4.0984 0.1011 0.5396, 4.0984 0.1166 0.5404, 4.0984 0.0993 0.5419, 4.0984 0.1141 0.5387, 4.0984 0.1114 0.5377, 4.0984 0.108 0.5373, 4.0984 0.099 0.5491, 4.0984 0.0986 0.5471, 4.0984 0.1178 0.5415, 4.0984 0.0985 0.5456, 4.0984 0.0987 0.5436, 4.0984 0.1029 0.5384, 4.0984 0.1049 0.5376, 4.0984 0.1049 0.5376
            ]
        }
        coordIndex [
            0,1,2,-1,2,1,3,-1,3,4,2,-1,2,4,5,-1,2,5,6,-1,6,5,7,-1,7,5,8,-1,7,8,9,-1,10,11,12,-1,10,12,13,-1,14,12,15,-1,15,12,16,-1,8,17,9,-1,9,17,18,-1,9,18,19,-1,19,18,20,-1,19,20,12,-1,12,20,21,-1,12,21,13,-1,11,22,12,-1,12,22,23,-1,12,23,16,-1,
        ]
    }
}
Shape{
    appearance Appearance {
        material  Material 	{
            diffuseColor 1.0 1.0 1.0
            specularColor 0.5019607843137255 0.5019607843137255 0.5019607843137255
            ambientIntensity 0.2
            transparency 0
            shininess 0.5
        }
    }
    geometry IndexedFaceSet {
        ccw TRUE
        solid FALSE
        coord DEF co Coordinate {
            point [
                4.0988 0.1578 0.5373, 4.0984 0.1578 0.5373, 4.0984 0.1521 0.5379, 4.0984 0.1471 0.5398, 4.0988 0.1464 0.5401, 4.0988 0.1521 0.5379, 4.0984 0.1464 0.5401, 4.0984 0.1429 0.5422, 4.0988 0.1429 0.5422, 4.0988 0.1429 0.5329, 4.0984 0.1429 0.5329, 4.0988 0.1494 0.5307, 4.0984 0.1471 0.5315, 4.0984 0.1569 0.5299, 4.0988 0.1569 0.5299, 4.0984 0.1509 0.5305, 4.0984 0.1494 0.5307, 4.0988 0.1643 0.5307, 4.0984 0.1626 0.5305, 4.0984 0.1643 0.5307, 4.0984 0.1692 0.5324, 4.0988 0.1692 0.5324, 4.0984 0.1719 0.534, 4.0988 0.1719 0.534, 4.0984 0.1744 0.5362, 4.0988 0.1744 0.5362, 4.0984 0.1761 0.5386, 4.0988 0.1761 0.5386, 4.0984 0.1772 0.5415, 4.0988 0.1772 0.5415, 4.0984 0.1777 0.5451, 4.0988 0.1777 0.5451, 4.0984 0.1773 0.5485, 4.0988 0.1773 0.5485, 4.0984 0.1763 0.5511, 4.0988 0.1763 0.5511, 4.0984 0.1746 0.5536, 4.0988 0.1746 0.5536, 4.0984 0.1725 0.5555, 4.0988 0.1725 0.5555, 4.0984 0.1665 0.5589, 4.0988 0.1665 0.5589, 4.0984 0.163 0.5603, 4.0988 0.163 0.5603, 4.0984 0.1574 0.5627, 4.0988 0.1574 0.5627, 4.0984 0.1542 0.5647, 4.0988 0.1542 0.5647, 4.0984 0.1534 0.5657, 4.0988 0.1534 0.5657, 4.0984 0.1527 0.5669, 4.0988 0.1527 0.5669, 4.0984 0.1523 0.5683, 4.0988 0.1523 0.5683, 4.0984 0.1523 0.5695, 4.0988 0.1523 0.5695, 4.0984 0.1524 0.5709, 4.0988 0.1524 0.5709, 4.0984 0.1529 0.5722, 4.0988 0.1529 0.5722, 4.0984 0.1536 0.5733, 4.0988 0.1536 0.5733, 4.0984 0.155 0.5745, 4.0988 0.155 0.5745, 4.0984 0.157 0.5756, 4.0988 0.157 0.5756, 4.0984 0.1594 0.5762, 4.0988 0.1594 0.5762, 4.0984 0.1621 0.5764, 4.0988 0.1621 0.5764, 4.0984 0.168 0.5757, 4.0988 0.168 0.5757, 4.0984 0.1731 0.5739, 4.0988 0.1731 0.5739, 4.0984 0.1752 0.5727, 4.0988 0.1752 0.5727, 4.0988 0.1752 0.5815, 4.0984 0.1752 0.5815, 4.0984 0.168 0.5834, 4.0988 0.168 0.5834, 4.0984 0.163 0.5838, 4.0988 0.163 0.5838, 4.0984 0.1564 0.583, 4.0988 0.1564 0.583, 4.0984 0.1514 0.5813, 4.0988 0.1514 0.5813, 4.0984 0.1487 0.5797, 4.0988 0.1487 0.5797, 4.0988 0.1461 0.5773, 4.0984 0.1471 0.5782, 4.0984 0.1461 0.5773, 4.0984 0.1444 0.5748, 4.0988 0.1444 0.5748, 4.0984 0.1433 0.5719, 4.0988 0.1433 0.5719, 4.0984 0.143 0.5687, 4.0988 0.143 0.5687, 4.0984 0.1434 0.5652, 4.0988 0.1434 0.5652, 4.0984 0.1443 0.5624, 4.0988 0.1443 0.5624, 4.0984 0.1455 0.5605, 4.0988 0.1455 0.5605, 4.0984 0.1566 0.5537, 4.0988 0.1566 0.5537, 4.0988 0.1513 0.5562, 4.0984 0.147 0.559, 4.0988 0.147 0.559, 4.0984 0.1471 0.5589, 4.0984 0.1513 0.5562, 4.0984 0.1626 0.5512, 4.0988 0.1626 0.5512, 4.0984 0.1661 0.5491, 4.0988 0.1661 0.5491, 4.0984 0.1672 0.548, 4.0988 0.1672 0.548, 4.0984 0.1679 0.5468, 4.0988 0.1679 0.5468, 4.0984 0.1683 0.5453, 4.0988 0.1683 0.5453, 4.0984 0.1684 0.5442, 4.0988 0.1684 0.5442, 4.0984 0.1682 0.5425, 4.0988 0.1682 0.5425, 4.0984 0.1678 0.5412, 4.0988 0.1678 0.5412, 4.0984 0.167 0.5401, 4.0988 0.167 0.5401, 4.0984 0.1659 0.5391, 4.0988 0.1659 0.5391, 4.0984 0.1651 0.5386, 4.0988 0.1651 0.5386, 4.0984 0.1628 0.5378, 4.0988 0.1628 0.5378, 4.0984 0.1582 0.5373, 4.0988 0.1582 0.5373, 4.0988 0.2224 0.5826, 4.0988 0.2318 0.5826, 4.0984 0.2224 0.5826, 4.0984 0.2318 0.5826, 4.0988 0.2084 0.5438, 4.0984 0.2084 0.5438, 4.0984 0.2077 0.5414, 4.0988 0.2077 0.5414, 4.0984 0.2073 0.5397, 4.0988 0.2073 0.5397, 4.0988 0.207 0.5397, 4.0984 0.207 0.5397, 4.0988 0.2059 0.5439, 4.0984 0.2059 0.5439, 4.0984 0.1925 0.5826, 4.0988 0.1925 0.5826, 4.0984 0.1968 0.57, 4.0988 0.1824 0.5826, 4.0984 0.1824 0.5826, 4.0984 0.2026 0.5312, 4.0988 0.2026 0.5312, 4.0984 0.1968 0.5458, 4.0984 0.1986 0.5219, 4.0988 0.1986 0.5219, 4.0984 0.2023 0.5305, 4.0984 0.1968 0.5186, 4.0988 0.1968 0.5186, 4.0984 0.1968 0.5186, 4.0988 0.1951 0.5167, 4.0984 0.1951 0.5167, 4.0984 0.1935 0.5156, 4.0988 0.1935 0.5156, 4.0984 0.1915 0.5148, 4.0988 0.1915 0.5148, 4.0984 0.1893 0.5146, 4.0988 0.1893 0.5146, 4.0984 0.1861 0.515, 4.0988 0.1861 0.515, 4.0984 0.1842 0.5156, 4.0988 0.1842 0.5156, 4.0988 0.1842 0.5076, 4.0984 0.1842 0.5076, 4.0984 0.1881 0.5069, 4.0988 0.1881 0.5069, 4.0984 0.19 0.5069, 4.0988 0.19 0.5069, 4.0984 0.1937 0.5073, 4.0984 0.1968 0.5085, 4.0988 0.1973 0.5086, 4.0988 0.1937 0.5073, 4.0984 0.1973 0.5086, 4.0984 0.2004 0.5108, 4.0988 0.2004 0.5108, 4.0984 0.201 0.5114, 4.0988 0.201 0.5114, 4.0984 0.2043 0.5154, 4.0988 0.2043 0.5154, 4.0984 0.2084 0.5233, 4.0988 0.2084 0.5233, 4.0984 0.2112 0.5305, 4.0988 0.2803 0.5393, 4.0988 0.2803 0.5311, 4.0984 0.2803 0.5393, 4.0984 0.2803 0.5311, 4.0984 0.2508 0.5393, 4.0988 0.2508 0.5393, 4.0984 0.2643 0.5393, 4.0988 0.2508 0.5636, 4.0984 0.2508 0.5636, 4.0984 0.2766 0.5636, 4.0988 0.2766 0.5636, 4.0984 0.2643 0.5636, 4.0988 0.2766 0.5718, 4.0984 0.2766 0.5718, 4.0984 0.2508 0.5718, 4.0988 0.2508 0.5718, 4.0984 0.2643 0.5718, 4.0988 0.2508 0.5949, 4.0984 0.2508 0.5949, 4.0984 0.2786 0.5949, 4.0988 0.2786 0.5949, 4.0984 0.2643 0.5949, 4.0988 0.2786 0.6032, 4.0984 0.2786 0.6032, 4.0984 0.2415 0.6032, 4.0988 0.2415 0.6032, 4.0984 0.2643 0.6032, 4.0988 0.2415 0.5311, 4.0984 0.2415 0.5311, 4.0984 0.2643 0.5311, 4.0988 0.3426 0.5637, 4.0988 0.3523 0.5629, 4.0988 0.3428 0.5678, 4.0988 0.3525 0.5681, 4.0988 0.3419 0.576, 4.0988 0.3513 0.5782, 4.0988 0.34 0.5815, 4.0988 0.3486 0.585, 4.0988 0.3373 0.5857, 4.0988 0.3441 0.5913, 4.0988 0.3349 0.5881, 4.0988 0.3417 0.5936, 4.0988 0.3293 0.5917, 4.0988 0.3337 0.599, 4.0988 0.323 0.5939, 4.0988 0.3249 0.6021, 4.0988 0.3141 0.5949, 4.0988 0.3144 0.6032, 4.0988 0.3032 0.5949, 4.0988 0.2939 0.6032, 4.0988 0.3032 0.5393, 4.0988 0.2939 0.5311, 4.0988 0.3136 0.5393, 4.0988 0.3137 0.5311, 4.0988 0.3228 0.5403, 4.0988 0.3251 0.5324, 4.0988 0.3289 0.5425, 4.0988 0.3335 0.5354, 4.0988 0.3337 0.5456, 4.0988 0.3405 0.5402, 4.0988 0.3351 0.5468, 4.0988 0.3417 0.5412, 4.0988 0.3388 0.5516, 4.0988 0.3468 0.5472, 4.0988 0.3412 0.557, 4.0988 0.3504 0.5546, 4.0984 0.3137 0.5311, 4.0984 0.2939 0.5311, 4.0984 0.3251 0.5324, 4.0984 0.3335 0.5354, 4.0984 0.3405 0.5402, 4.0984 0.3417 0.5412, 4.0984 0.3468 0.5472, 4.0984 0.3504 0.5546, 4.0984 0.3523 0.5629, 4.0984 0.3525 0.5681, 4.0984 0.3513 0.5782, 4.0984 0.3486 0.585, 4.0984 0.3441 0.5913, 4.0984 0.3417 0.5936, 4.0984 0.3337 0.599, 4.0984 0.3249 0.6021, 4.0984 0.3144 0.6032, 4.0984 0.2939 0.6032, 4.0984 0.3141 0.5949, 4.0984 0.3032 0.5949, 4.0984 0.3032 0.5393, 4.0984 0.3136 0.5393, 4.0984 0.3351 0.5468, 4.0984 0.3337 0.5456, 4.0984 0.3289 0.5425, 4.0984 0.3228 0.5403, 4.0984 0.3428 0.5678, 4.0984 0.3426 0.5637, 4.0984 0.3412 0.557, 4.0984 0.3388 0.5516, 4.0984 0.3349 0.5881, 4.0984 0.3373 0.5857, 4.0984 0.34 0.5815, 4.0984 0.3419 0.576, 4.0984 0.323 0.5939, 4.0984 0.3293 0.5917, 4.0984 0.3293 0.5917
            ]
        }
        coordIndex [
            0,1,2,-1,3,4,2,-1,2,4,5,-1,2,5,0,-1,3,6,4,-1,4,6,7,-1,4,7,8,-1,9,8,10,-1,10,8,7,-1,11,9,12,-1,12,9,10,-1,13,14,15,-1,15,14,11,-1,15,11,16,-1,16,11,12,-1,17,14,18,-1,18,14,13,-1,18,19,17,-1,17,19,20,-1,17,20,21,-1,21,20,22,-1,21,22,23,-1,23,22,24,-1,23,24,25,-1,25,24,26,-1,25,26,27,-1,27,26,28,-1,27,28,29,-1,29,28,30,-1,29,30,31,-1,31,30,32,-1,31,32,33,-1,33,32,34,-1,33,34,35,-1,35,34,36,-1,35,36,37,-1,37,36,38,-1,37,38,39,-1,39,38,40,-1,39,40,41,-1,41,40,42,-1,41,42,43,-1,43,42,44,-1,43,44,45,-1,45,44,46,-1,45,46,47,-1,47,46,48,-1,47,48,49,-1,49,48,50,-1,49,50,51,-1,51,50,52,-1,51,52,53,-1,53,52,54,-1,53,54,55,-1,55,54,56,-1,55,56,57,-1,57,56,58,-1,57,58,59,-1,59,58,60,-1,59,60,61,-1,61,60,62,-1,61,62,63,-1,63,62,64,-1,63,64,65,-1,65,64,66,-1,65,66,67,-1,67,66,68,-1,67,68,69,-1,69,68,70,-1,69,70,71,-1,71,70,72,-1,71,72,73,-1,73,72,74,-1,73,74,75,-1,76,75,77,-1,77,75,74,-1,76,77,78,-1,76,78,79,-1,79,78,80,-1,79,80,81,-1,81,80,82,-1,81,82,83,-1,83,82,84,-1,83,84,85,-1,85,84,86,-1,85,86,87,-1,88,87,89,-1,89,87,86,-1,89,90,88,-1,88,90,91,-1,88,91,92,-1,92,91,93,-1,92,93,94,-1,94,93,95,-1,94,95,96,-1,96,95,97,-1,96,97,98,-1,98,97,99,-1,98,99,100,-1,100,99,101,-1,100,101,102,-1,103,104,105,-1,102,101,106,-1,102,106,107,-1,107,106,108,-1,107,108,105,-1,105,108,109,-1,105,109,103,-1,104,103,110,-1,104,110,111,-1,111,110,112,-1,111,112,113,-1,113,112,114,-1,113,114,115,-1,115,114,116,-1,115,116,117,-1,117,116,118,-1,117,118,119,-1,119,118,120,-1,119,120,121,-1,121,120,122,-1,121,122,123,-1,123,122,124,-1,123,124,125,-1,125,124,126,-1,125,126,127,-1,127,126,128,-1,127,128,129,-1,129,128,130,-1,129,130,131,-1,131,130,132,-1,131,132,133,-1,133,132,134,-1,133,134,135,-1,135,134,1,-1,135,1,0,-1,61,63,85,-1,85,63,83,-1,111,43,104,-1,104,43,45,-1,21,23,127,-1,127,23,25,-1,127,25,125,-1,125,25,27,-1,125,27,123,-1,123,27,29,-1,123,29,121,-1,121,29,31,-1,121,31,119,-1,119,31,33,-1,119,33,117,-1,117,33,35,-1,117,35,115,-1,115,35,37,-1,115,37,113,-1,113,37,39,-1,113,39,111,-1,111,39,41,-1,111,41,43,-1,14,0,11,-1,11,0,5,-1,11,5,9,-1,9,5,4,-1,9,4,8,-1,63,65,83,-1,83,65,67,-1,83,67,81,-1,81,67,69,-1,81,69,79,-1,79,69,71,-1,79,71,76,-1,76,71,73,-1,76,73,75,-1,127,129,21,-1,21,129,131,-1,21,131,17,-1,17,131,133,-1,17,133,14,-1,14,133,135,-1,14,135,0,-1,85,87,61,-1,61,87,88,-1,61,88,59,-1,59,88,92,-1,59,92,57,-1,57,92,94,-1,57,94,55,-1,55,94,96,-1,55,96,53,-1,53,96,98,-1,53,98,51,-1,51,98,100,-1,51,100,49,-1,49,100,102,-1,49,102,47,-1,47,102,107,-1,47,107,45,-1,45,107,105,-1,45,105,104,-1,136,137,138,-1,138,137,139,-1,140,136,141,-1,141,136,138,-1,140,141,142,-1,140,142,143,-1,143,142,144,-1,143,144,145,-1,146,145,147,-1,147,145,144,-1,148,146,149,-1,149,146,147,-1,150,151,152,-1,152,151,148,-1,152,148,149,-1,153,151,154,-1,154,151,150,-1,155,156,157,-1,157,156,153,-1,157,153,154,-1,158,159,160,-1,160,159,156,-1,160,156,155,-1,159,158,161,-1,159,161,162,-1,162,161,163,-1,162,163,164,-1,163,165,164,-1,164,165,166,-1,164,166,167,-1,167,166,168,-1,167,168,169,-1,169,168,170,-1,169,170,171,-1,171,170,172,-1,171,172,173,-1,173,172,174,-1,173,174,175,-1,176,175,177,-1,177,175,174,-1,176,177,178,-1,176,178,179,-1,179,178,180,-1,179,180,181,-1,181,180,182,-1,183,184,182,-1,182,184,185,-1,182,185,181,-1,183,186,184,-1,184,186,187,-1,184,187,188,-1,188,187,189,-1,188,189,190,-1,190,189,191,-1,190,191,192,-1,192,191,193,-1,192,193,194,-1,139,137,195,-1,195,137,194,-1,195,194,193,-1,143,145,194,-1,137,136,194,-1,194,136,140,-1,194,140,143,-1,151,153,148,-1,148,153,156,-1,148,156,146,-1,192,162,190,-1,190,162,164,-1,175,176,173,-1,173,176,179,-1,173,179,171,-1,171,179,181,-1,171,181,169,-1,169,181,185,-1,169,185,167,-1,167,185,184,-1,167,184,164,-1,164,184,188,-1,164,188,190,-1,145,146,194,-1,194,146,156,-1,194,156,192,-1,192,156,159,-1,192,159,162,-1,196,197,198,-1,198,197,199,-1,200,201,202,-1,202,201,196,-1,202,196,198,-1,203,201,204,-1,204,201,200,-1,205,206,207,-1,207,206,203,-1,207,203,204,-1,208,206,209,-1,209,206,205,-1,210,211,212,-1,212,211,208,-1,212,208,209,-1,213,211,214,-1,214,211,210,-1,215,216,217,-1,217,216,213,-1,217,213,214,-1,218,216,219,-1,219,216,215,-1,220,221,222,-1,222,221,218,-1,222,218,219,-1,223,221,224,-1,224,221,220,-1,199,197,225,-1,225,197,223,-1,225,223,224,-1,216,218,213,-1,213,218,221,-1,213,221,211,-1,197,196,223,-1,223,196,201,-1,223,201,203,-1,206,208,203,-1,203,208,211,-1,203,211,223,-1,223,211,221,-1,226,227,228,-1,228,227,229,-1,228,229,230,-1,230,229,231,-1,230,231,232,-1,232,231,233,-1,232,233,234,-1,234,233,235,-1,234,235,236,-1,236,235,237,-1,236,237,238,-1,238,237,239,-1,238,239,240,-1,240,239,241,-1,240,241,242,-1,242,241,243,-1,242,243,244,-1,244,243,245,-1,244,245,246,-1,246,245,247,-1,246,247,248,-1,248,247,249,-1,248,249,250,-1,250,249,251,-1,250,251,252,-1,252,251,253,-1,252,253,254,-1,254,253,255,-1,254,255,256,-1,256,255,257,-1,256,257,258,-1,258,257,259,-1,258,259,260,-1,260,259,261,-1,260,261,226,-1,226,261,227,-1,249,247,262,-1,262,247,263,-1,249,262,264,-1,249,264,251,-1,251,264,265,-1,251,265,253,-1,253,265,266,-1,253,266,255,-1,255,266,267,-1,255,267,257,-1,257,267,268,-1,257,268,259,-1,259,268,269,-1,259,269,261,-1,261,269,270,-1,261,270,227,-1,227,270,271,-1,227,271,229,-1,229,271,272,-1,229,272,231,-1,231,272,273,-1,231,273,233,-1,233,273,274,-1,233,274,235,-1,235,274,275,-1,235,275,237,-1,237,275,276,-1,237,276,239,-1,239,276,277,-1,239,277,241,-1,241,277,278,-1,241,278,243,-1,245,243,279,-1,279,243,278,-1,247,245,263,-1,263,245,279,-1,242,244,280,-1,280,244,281,-1,244,246,281,-1,281,246,282,-1,246,248,282,-1,282,248,283,-1,256,284,285,-1,256,285,254,-1,254,285,286,-1,254,286,252,-1,252,286,287,-1,252,287,250,-1,250,287,283,-1,250,283,248,-1,228,288,289,-1,228,289,226,-1,226,289,290,-1,226,290,260,-1,260,290,291,-1,260,291,258,-1,258,291,284,-1,258,284,256,-1,236,292,293,-1,236,293,234,-1,234,293,294,-1,234,294,232,-1,232,294,295,-1,232,295,230,-1,230,295,288,-1,230,288,228,-1,242,280,296,-1,242,296,240,-1,240,296,297,-1,240,297,238,-1,238,297,292,-1,238,292,236,-1,
        ]
    }
}
Shape{
    appearance Appearance {
        material  Material 	{
            diffuseColor 0.2235294117647059 0.2235294117647059 0.2235294117647059
            specularColor 0.11372549019607843 0.11372549019607843 0.11372549019607843
            ambientIntensity 0.2
            transparency 0
            shininess 0.5
        }
    }
    geometry IndexedFaceSet {
        ccw TRUE
        solid FALSE
        coord DEF co Coordinate {
            point [
                4.0984 0.3032 0.5949, 4.0984 0.3032 0.5393, 4.0984 0.3141 0.5949, 4.0984 0.3136 0.5393, 4.0984 0.3228 0.5403, 4.0984 0.3289 0.5425, 4.0984 0.3337 0.5456, 4.0984 0.3351 0.5468, 4.0984 0.3388 0.5516, 4.0984 0.3412 0.557, 4.0984 0.3426 0.5637, 4.0984 0.3428 0.5678, 4.0984 0.3419 0.576, 4.0984 0.34 0.5815, 4.0984 0.3373 0.5857, 4.0984 0.3349 0.5881, 4.0984 0.323 0.5939, 4.0984 0.3293 0.5917, 4.0984 0.3293 0.5917
            ]
        }
        coordIndex [
            0,1,2,-1,2,1,3,-1,2,3,4,-1,4,5,2,-1,2,5,6,-1,2,6,7,-1,7,8,2,-1,2,8,9,-1,2,9,10,-1,10,11,2,-1,2,11,12,-1,2,12,13,-1,13,14,2,-1,2,14,15,-1,2,15,16,-1,16,15,17,-1,
        ]
    }
}
Shape{
    appearance Appearance {
        material  Material 	{
            diffuseColor 1.0 1.0 1.0
            specularColor 0.5019607843137255 0.5019607843137255 0.5019607843137255
            ambientIntensity 0.2
            transparency 0
            shininess 0.5
        }
    }
    geometry IndexedFaceSet {
        ccw TRUE
        solid FALSE
        coord DEF co Coordinate {
            point [
                4.0988 0.3767 0.559, 4.0988 0.3737 0.5508, 4.0988 0.4009 0.559, 4.0988 0.4037 0.5508, 4.0988 0.3875 0.5889, 4.0988 0.384 0.6032, 4.0988 0.3565 0.5311, 4.0988 0.3668 0.5311, 4.0988 0.3881 0.5911, 4.0988 0.3886 0.594, 4.0988 0.3939 0.6032, 4.0988 0.3889 0.594, 4.0988 0.3894 0.5909, 4.0988 0.39 0.5889, 4.0988 0.4214 0.5311, 4.0988 0.4111 0.5311, 4.0984 0.3939 0.6032, 4.0984 0.4214 0.5311, 4.0984 0.384 0.6032, 4.0984 0.3565 0.5311, 4.0984 0.3668 0.5311, 4.0984 0.3737 0.5508, 4.0984 0.4037 0.5508, 4.0984 0.4111 0.5311, 4.0984 0.3767 0.559, 4.0984 0.4009 0.559, 4.0984 0.39 0.5889, 4.0984 0.3889 0.594, 4.0984 0.3894 0.5909, 4.0984 0.3886 0.594, 4.0984 0.3875 0.5889, 4.0984 0.3881 0.5911, 4.0984 0.3881 0.5911
            ]
        }
        coordIndex [
            0,1,2,-1,2,1,3,-1,4,5,0,-1,0,5,6,-1,0,6,1,-1,1,6,7,-1,4,8,5,-1,5,8,9,-1,5,9,10,-1,10,9,11,-1,10,11,12,-1,12,13,10,-1,10,13,2,-1,10,2,14,-1,14,2,3,-1,14,3,15,-1,10,14,16,-1,16,14,17,-1,5,10,18,-1,18,10,16,-1,6,5,19,-1,19,5,18,-1,7,6,20,-1,20,6,19,-1,1,7,21,-1,21,7,20,-1,3,1,22,-1,22,1,21,-1,15,3,23,-1,23,3,22,-1,14,15,17,-1,17,15,23,-1,0,2,24,-1,24,2,25,-1,2,13,25,-1,25,13,26,-1,11,27,28,-1,11,28,12,-1,12,28,26,-1,12,26,13,-1,11,9,27,-1,27,9,29,-1,4,30,31,-1,4,31,8,-1,8,31,29,-1,8,29,9,-1,4,0,30,-1,30,0,24,-1,
        ]
    }
}
Shape{
    appearance Appearance {
        material  Material 	{
            diffuseColor 0.2235294117647059 0.2235294117647059 0.2235294117647059
            specularColor 0.11372549019607843 0.11372549019607843 0.11372549019607843
            ambientIntensity 0.2
            transparency 0
            shininess 0.5
        }
    }
    geometry IndexedFaceSet {
        ccw TRUE
        solid FALSE
        coord DEF co Coordinate {
            point [
                4.0984 0.3889 0.594, 4.0984 0.3886 0.594, 4.0984 0.3894 0.5909, 4.0984 0.3881 0.5911, 4.0984 0.39 0.5889, 4.0984 0.3875 0.5889, 4.0984 0.4009 0.559, 4.0984 0.3767 0.559, 4.0984 0.3767 0.559
            ]
        }
        coordIndex [
            0,1,2,-1,2,1,3,-1,2,3,4,-1,4,3,5,-1,4,5,6,-1,6,5,7,-1,
        ]
    }
}
Shape{
    appearance Appearance {
        material  Material 	{
            diffuseColor 1.0 1.0 1.0
            specularColor 0.5019607843137255 0.5019607843137255 0.5019607843137255
            ambientIntensity 0.2
            transparency 0
            shininess 0.5
        }
    }
    geometry IndexedFaceSet {
        ccw TRUE
        solid FALSE
        coord DEF co Coordinate {
            point [
                4.0988 -0.2902 0.655, 4.0988 -0.2788 0.6612, 4.0988 -0.2812 0.6928, 4.0988 -0.2492 0.6943, 4.0988 -0.2333 0.6569, 4.0988 -0.2254 0.6732, 4.0988 -0.2597 0.5045, 4.0988 -0.281 0.5662, 4.0988 -0.2695 0.5123, 4.0988 -0.2769 0.5218, 4.0988 -0.1098 0.5913, 4.0988 -0.1257 0.6185, 4.0988 -0.1816 0.5534, 4.0988 -0.1944 0.5826, 4.0988 -0.1816 0.5483, 4.0988 -0.1998 0.5092, 4.0988 -0.1819 0.5426, 4.0988 -0.1911 0.5186, 4.0988 -0.185 0.53, 4.0988 -0.261 0.6953, 4.0988 -0.0929 0.642, 4.0988 -0.0888 0.642, 4.0988 -0.0678 0.6697, 4.0988 -0.0791 0.6408, 4.0988 -0.0654 0.6689, 4.0988 -0.0701 0.6374, 4.0988 -0.0502 0.6614, 4.0988 -0.0362 0.6496, 4.0988 -0.2387 0.7065, 4.0988 -0.2139 0.6869, 4.0988 -0.2266 0.7168, 4.0988 -0.2003 0.6968, 4.0988 -0.2142 0.7246, 4.0988 -0.2909 0.5721, 4.0988 -0.288 0.5338, 4.0988 -0.2815 0.5319, 4.0988 -0.2662 0.6643, 4.0988 -0.2605 0.6646, 4.0988 -0.2551 0.695, 4.0988 -0.2498 0.6634, 4.0988 -0.2383 0.6595, 4.0988 -0.2434 0.5305, 4.0988 -0.2388 0.5286, 4.0988 -0.248 0.4993, 4.0988 -0.2342 0.5278, 4.0988 -0.236 0.4971, 4.0988 -0.2333 0.5278, 4.0988 -0.2328 0.497, 4.0988 -0.2282 0.5284, 4.0988 -0.2217 0.4983, 4.0988 -0.2237 0.5302, 4.0988 -0.2102 0.5023, 4.0988 -0.2198 0.533, 4.0988 -0.2171 0.5362, 4.0988 -0.2147 0.5406, 4.0988 -0.0361 0.5539, 4.0988 -0.0602 0.574, 4.0988 -0.0499 0.5421, 4.0988 -0.0678 0.5679, 4.0988 -0.0656 0.5345, 4.0988 -0.0769 0.5638, 4.0988 -0.0827 0.5309, 4.0988 -0.0857 0.5621, 4.0988 -0.1129 0.5309, 4.0988 -0.1088 0.5621, 4.0988 -0.1158 0.5313, 4.0988 -0.3002 0.6854, 4.0988 -0.3165 0.674, 4.0988 -0.2996 0.6463, 4.0988 -0.3199 0.6707, 4.0988 -0.3064 0.636, 4.0988 -0.3323 0.6549, 4.0988 -0.3105 0.6245, 4.0988 -0.2523 0.5415, 4.0988 -0.2503 0.5372, 4.0988 -0.2473 0.5335, 4.0988 -0.2532 0.5463, 4.0988 -0.253 0.5513, 4.0988 -0.2804 0.5677, 4.0988 -0.2515 0.5561, 4.0988 -0.2746 0.5783, 4.0988 -0.2488 0.5603, 4.0988 -0.2659 0.5877, 4.0988 -0.2468 0.5625, 4.0988 -0.2552 0.5948, 4.0988 -0.2428 0.5653, 4.0988 -0.2438 0.5988, 4.0988 -0.2383 0.5671, 4.0988 -0.2328 0.6, 4.0988 -0.2333 0.5677, 4.0988 -0.2255 0.5995, 4.0988 -0.229 0.5673, 4.0988 -0.2132 0.5962, 4.0988 -0.2243 0.5656, 4.0988 -0.2025 0.5902, 4.0988 -0.2202 0.5628, 4.0988 -0.2169 0.5591, 4.0988 -0.2146 0.5549, 4.0988 -0.2135 0.5502, 4.0988 -0.2135 0.5455, 4.0988 -0.0622 0.6319, 4.0988 -0.0563 0.6252, 4.0988 -0.0258 0.6351, 4.0988 -0.0515 0.6164, 4.0988 -0.0195 0.6194, 4.0988 -0.0491 0.6065, 4.0988 -0.0171 0.6026, 4.0988 -0.0489 0.6021, 4.0988 -0.0194 0.5844, 4.0988 -0.0501 0.5922, 4.0988 -0.0258 0.5682, 4.0988 -0.0536 0.5831, 4.0988 -0.0592 0.5751, 4.0988 -0.0955 0.7102, 4.0988 -0.1157 0.6868, 4.0988 -0.0786 0.6907, 4.0988 -0.1041 0.6731, 4.0988 -0.0961 0.6566, 4.0988 -0.1905 0.7337, 4.0988 -0.1836 0.7036, 4.0988 -0.1652 0.7368, 4.0988 -0.1647 0.7061, 4.0988 -0.144 0.7346, 4.0988 -0.1472 0.7039, 4.0988 -0.1183 0.7255, 4.0988 -0.1311 0.6977, 4.0988 -0.1167 0.6877, 4.0988 -0.1114 0.5626, 4.0988 -0.1237 0.5362, 4.0988 -0.1225 0.535, 4.0988 -0.3404 0.6364, 4.0988 -0.3438 0.6172, 4.0988 -0.3117 0.6133, 4.0988 -0.344 0.6123, 4.0988 -0.311 0.6047, 4.0988 -0.3415 0.5922, 4.0988 -0.3071 0.5922, 4.0988 -0.3341 0.5731, 4.0988 -0.3003 0.5812, 4.0988 -0.3225 0.5565, 4.0988 -0.3065 0.5429, 4.0988 -0.1098 0.5622, 4.0988 -0.1192 0.5327, 4.0988 -0.1278 0.5467, 4.0988 -0.1273 0.5429, 4.0988 -0.1259 0.5394, 4.0988 -0.1159 0.5621, 4.0988 -0.1194 0.5607, 4.0988 -0.1276 0.5488, 4.0988 -0.1225 0.5585, 4.0988 -0.1246 0.5562, 4.0988 -0.1266 0.5527, 4.0988 -0.1119 0.5626, 4.0984 -0.0171 0.6026, 4.0984 -0.0195 0.6194, 4.0984 -0.0328 0.6448, 4.0984 -0.0212 0.6237, 4.0984 -0.0258 0.6351, 4.0984 -0.0362 0.6496, 4.0984 -0.0502 0.6614, 4.0984 -0.0654 0.6689, 4.0984 -0.0678 0.6697, 4.0984 -0.0786 0.6907, 4.0984 -0.0955 0.7102, 4.0984 -0.1073 0.7181, 4.0984 -0.1183 0.7255, 4.0984 -0.144 0.7346, 4.0984 -0.1652 0.7368, 4.0984 -0.2266 0.7168, 4.0984 -0.2246 0.7181, 4.0984 -0.2142 0.7246, 4.0984 -0.1905 0.7337, 4.0984 -0.2387 0.7065, 4.0984 -0.2492 0.6943, 4.0984 -0.2551 0.695, 4.0984 -0.261 0.6953, 4.0984 -0.2812 0.6928, 4.0984 -0.3002 0.6854, 4.0984 -0.3165 0.674, 4.0984 -0.3199 0.6707, 4.0984 -0.344 0.6123, 4.0984 -0.3323 0.6549, 4.0984 -0.3367 0.6448, 4.0984 -0.3404 0.6364, 4.0984 -0.3427 0.6237, 4.0984 -0.3438 0.6172, 4.0984 -0.3415 0.5922, 4.0984 -0.3341 0.5731, 4.0984 -0.3225 0.5565, 4.0984 -0.3065 0.5429, 4.0984 -0.288 0.5338, 4.0984 -0.2815 0.5319, 4.0984 -0.2808 0.5305, 4.0984 -0.2769 0.5218, 4.0984 -0.2695 0.5123, 4.0984 -0.2597 0.5045, 4.0984 -0.2539 0.502, 4.0984 -0.248 0.4993, 4.0984 -0.236 0.4971, 4.0984 -0.2328 0.497, 4.0984 -0.1816 0.5483, 4.0984 -0.2217 0.4983, 4.0984 -0.2113 0.502, 4.0984 -0.2102 0.5023, 4.0984 -0.1998 0.5092, 4.0984 -0.1911 0.5186, 4.0984 -0.185 0.53, 4.0984 -0.1848 0.5305, 4.0984 -0.1819 0.5426, 4.0984 -0.1816 0.5534, 4.0984 -0.1098 0.5913, 4.0984 -0.1257 0.6185, 4.0984 -0.1944 0.5826, 4.0984 -0.2025 0.5902, 4.0984 -0.2132 0.5962, 4.0984 -0.2255 0.5995, 4.0984 -0.2328 0.6, 4.0984 -0.2438 0.5988, 4.0984 -0.2552 0.5948, 4.0984 -0.2659 0.5877, 4.0984 -0.2746 0.5783, 4.0984 -0.2804 0.5677, 4.0984 -0.281 0.5662, 4.0984 -0.2909 0.5721, 4.0984 -0.3003 0.5812, 4.0984 -0.3071 0.5922, 4.0984 -0.311 0.6047, 4.0984 -0.3117 0.6133, 4.0984 -0.3106 0.6237, 4.0984 -0.3105 0.6245, 4.0984 -0.3064 0.636, 4.0984 -0.3006 0.6448, 4.0984 -0.2996 0.6463, 4.0984 -0.2902 0.655, 4.0984 -0.2788 0.6612, 4.0984 -0.2662 0.6643, 4.0984 -0.2605 0.6646, 4.0984 -0.2498 0.6634, 4.0984 -0.2383 0.6595, 4.0984 -0.2333 0.6569, 4.0984 -0.2254 0.6732, 4.0984 -0.2139 0.6869, 4.0984 -0.2003 0.6968, 4.0984 -0.1836 0.7036, 4.0984 -0.1647 0.7061, 4.0984 -0.0929 0.642, 4.0984 -0.0935 0.6448, 4.0984 -0.0961 0.6566, 4.0984 -0.1041 0.6731, 4.0984 -0.1157 0.6868, 4.0984 -0.1167 0.6877, 4.0984 -0.1311 0.6977, 4.0984 -0.1472 0.7039, 4.0984 -0.0888 0.642, 4.0984 -0.0791 0.6408, 4.0984 -0.0701 0.6374, 4.0984 -0.0622 0.6319, 4.0984 -0.0563 0.6252, 4.0984 -0.0554 0.6237, 4.0984 -0.0515 0.6164, 4.0984 -0.0491 0.6065, 4.0984 -0.0489 0.6021, 4.0984 -0.0501 0.5922, 4.0984 -0.0536 0.5831, 4.0984 -0.0592 0.5751, 4.0984 -0.0602 0.574, 4.0984 -0.0678 0.5679, 4.0984 -0.0769 0.5638, 4.0984 -0.0857 0.5621, 4.0984 -0.1088 0.5621, 4.0984 -0.1098 0.5622, 4.0984 -0.1114 0.5626, 4.0984 -0.1119 0.5626, 4.0984 -0.1159 0.5621, 4.0984 -0.1194 0.5607, 4.0984 -0.1225 0.5585, 4.0984 -0.1246 0.5562, 4.0984 -0.1266 0.5527, 4.0984 -0.1276 0.5488, 4.0984 -0.1278 0.5467, 4.0984 -0.1273 0.5429, 4.0984 -0.1259 0.5394, 4.0984 -0.1237 0.5362, 4.0984 -0.1225 0.535, 4.0984 -0.1192 0.5327, 4.0984 -0.1158 0.5313, 4.0984 -0.1129 0.5309, 4.0984 -0.0827 0.5309, 4.0984 -0.0656 0.5345, 4.0984 -0.0499 0.5421, 4.0984 -0.0361 0.5539, 4.0984 -0.0258 0.5682, 4.0984 -0.0194 0.5844, 4.0984 -0.2333 0.5677, 4.0984 -0.229 0.5673, 4.0984 -0.2243 0.5656, 4.0984 -0.2202 0.5628, 4.0984 -0.2169 0.5591, 4.0984 -0.2146 0.5549, 4.0984 -0.2135 0.5502, 4.0984 -0.2135 0.5455, 4.0984 -0.2147 0.5406, 4.0984 -0.2171 0.5362, 4.0984 -0.2198 0.533, 4.0984 -0.2237 0.5302, 4.0984 -0.2282 0.5284, 4.0984 -0.2333 0.5278, 4.0984 -0.2342 0.5278, 4.0984 -0.2388 0.5286, 4.0984 -0.2434 0.5305, 4.0984 -0.2473 0.5335, 4.0984 -0.2503 0.5372, 4.0984 -0.2523 0.5415, 4.0984 -0.2532 0.5463, 4.0984 -0.253 0.5513, 4.0984 -0.2515 0.5561, 4.0984 -0.2488 0.5603, 4.0984 -0.2468 0.5625, 4.0984 -0.2428 0.5653, 4.0984 -0.2383 0.5671, 4.0984 -0.2383 0.5671
            ]
        }
        coordIndex [
            0,1,2,-1,3,4,5,-1,6,7,8,-1,8,7,9,-1,10,11,12,-1,12,11,13,-1,12,13,14,-1,14,13,15,-1,14,15,16,-1,16,15,17,-1,16,17,18,-1,2,1,19,-1,20,21,22,-1,22,21,23,-1,22,23,24,-1,24,23,25,-1,24,25,26,-1,26,25,27,-1,3,5,28,-1,28,5,29,-1,28,29,30,-1,30,29,31,-1,30,31,32,-1,33,34,7,-1,7,34,35,-1,7,35,9,-1,1,36,19,-1,19,36,37,-1,19,37,38,-1,38,37,39,-1,38,39,3,-1,3,39,40,-1,3,40,4,-1,41,6,42,-1,42,6,43,-1,42,43,44,-1,44,43,45,-1,44,45,46,-1,46,45,47,-1,46,47,48,-1,48,47,49,-1,48,49,50,-1,50,49,51,-1,50,51,52,-1,52,51,15,-1,52,15,53,-1,53,15,54,-1,55,56,57,-1,57,56,58,-1,57,58,59,-1,59,58,60,-1,59,60,61,-1,61,60,62,-1,61,62,63,-1,63,62,64,-1,63,64,65,-1,2,66,0,-1,0,66,67,-1,0,67,68,-1,68,67,69,-1,68,69,70,-1,70,69,71,-1,70,71,72,-1,73,7,74,-1,74,7,6,-1,74,6,75,-1,75,6,41,-1,73,76,7,-1,7,76,77,-1,7,77,78,-1,78,77,79,-1,78,79,80,-1,80,79,81,-1,80,81,82,-1,82,81,83,-1,82,83,84,-1,84,83,85,-1,84,85,86,-1,86,85,87,-1,86,87,88,-1,88,87,89,-1,88,89,90,-1,90,89,91,-1,90,91,92,-1,92,91,93,-1,92,93,94,-1,94,93,95,-1,94,95,13,-1,13,95,96,-1,96,97,13,-1,13,97,98,-1,13,98,15,-1,15,98,99,-1,15,99,54,-1,25,100,27,-1,27,100,101,-1,27,101,102,-1,102,101,103,-1,102,103,104,-1,104,103,105,-1,104,105,106,-1,106,105,107,-1,106,107,108,-1,108,107,109,-1,108,109,110,-1,110,109,111,-1,110,111,55,-1,55,111,112,-1,55,112,56,-1,113,114,115,-1,115,114,116,-1,115,116,22,-1,22,116,117,-1,22,117,20,-1,32,31,118,-1,118,31,119,-1,118,119,120,-1,120,119,121,-1,120,121,122,-1,122,121,123,-1,122,123,124,-1,124,123,125,-1,124,125,113,-1,113,125,126,-1,113,126,114,-1,127,128,129,-1,71,130,72,-1,72,130,131,-1,72,131,132,-1,132,131,133,-1,132,133,134,-1,134,133,135,-1,134,135,136,-1,136,135,137,-1,136,137,138,-1,138,137,139,-1,138,139,33,-1,33,139,140,-1,33,140,34,-1,64,141,65,-1,65,141,127,-1,65,127,142,-1,142,127,129,-1,143,144,127,-1,127,144,145,-1,127,145,128,-1,146,147,148,-1,147,149,148,-1,148,149,150,-1,148,150,151,-1,143,127,148,-1,148,127,152,-1,148,152,146,-1,106,153,154,-1,155,27,102,-1,106,154,104,-1,104,154,156,-1,104,156,102,-1,102,156,157,-1,102,157,155,-1,155,158,27,-1,27,158,159,-1,27,159,26,-1,26,159,160,-1,26,160,24,-1,24,160,161,-1,24,161,22,-1,22,161,162,-1,22,162,115,-1,115,162,163,-1,115,163,113,-1,124,113,164,-1,164,113,163,-1,164,165,124,-1,124,165,166,-1,124,166,122,-1,122,166,167,-1,122,167,120,-1,168,30,169,-1,169,30,32,-1,169,32,170,-1,170,32,118,-1,170,118,171,-1,171,118,120,-1,171,120,167,-1,30,168,172,-1,30,172,28,-1,28,172,173,-1,28,173,3,-1,3,173,174,-1,3,174,38,-1,38,174,175,-1,38,175,19,-1,19,175,176,-1,19,176,2,-1,2,176,177,-1,2,177,66,-1,66,177,178,-1,66,178,67,-1,67,178,179,-1,67,179,69,-1,180,133,131,-1,69,179,181,-1,69,181,71,-1,71,181,182,-1,71,182,130,-1,182,183,130,-1,130,183,184,-1,130,184,131,-1,131,184,185,-1,131,185,180,-1,133,180,186,-1,133,186,135,-1,135,186,187,-1,135,187,137,-1,137,187,188,-1,137,188,139,-1,139,188,189,-1,139,189,140,-1,140,189,190,-1,140,190,34,-1,34,190,191,-1,34,191,35,-1,35,191,192,-1,35,192,9,-1,192,193,9,-1,9,193,194,-1,9,194,8,-1,8,194,195,-1,8,195,6,-1,6,195,196,-1,6,196,43,-1,196,197,43,-1,43,197,198,-1,43,198,45,-1,45,198,199,-1,45,199,47,-1,200,14,16,-1,47,199,201,-1,202,51,201,-1,201,51,49,-1,201,49,47,-1,202,203,51,-1,51,203,204,-1,51,204,15,-1,15,204,205,-1,15,205,17,-1,17,205,206,-1,17,206,18,-1,18,206,207,-1,18,207,16,-1,16,207,208,-1,16,208,200,-1,12,14,209,-1,209,14,200,-1,10,12,210,-1,210,12,209,-1,11,10,211,-1,211,10,210,-1,13,11,212,-1,212,11,211,-1,13,212,213,-1,13,213,94,-1,94,213,214,-1,94,214,92,-1,92,214,215,-1,92,215,90,-1,90,215,216,-1,90,216,88,-1,88,216,217,-1,88,217,86,-1,86,217,218,-1,86,218,84,-1,84,218,219,-1,84,219,82,-1,82,219,220,-1,82,220,80,-1,80,220,221,-1,80,221,78,-1,78,221,222,-1,78,222,7,-1,7,222,223,-1,7,223,33,-1,33,223,224,-1,33,224,138,-1,138,224,225,-1,138,225,136,-1,136,225,226,-1,136,226,134,-1,134,226,227,-1,134,227,132,-1,132,227,72,-1,72,227,228,-1,228,229,72,-1,72,229,230,-1,72,230,70,-1,70,230,231,-1,70,231,68,-1,231,232,68,-1,68,232,233,-1,68,233,0,-1,0,233,234,-1,0,234,1,-1,1,234,235,-1,1,235,36,-1,36,235,236,-1,36,236,37,-1,37,236,237,-1,37,237,39,-1,39,237,238,-1,39,238,40,-1,40,238,239,-1,40,239,4,-1,4,239,240,-1,4,240,5,-1,5,240,241,-1,5,241,29,-1,29,241,242,-1,29,242,31,-1,31,242,243,-1,31,243,119,-1,119,243,244,-1,119,244,121,-1,245,20,246,-1,246,20,117,-1,246,117,247,-1,247,117,116,-1,247,116,248,-1,248,116,114,-1,248,114,249,-1,249,114,126,-1,249,126,250,-1,250,126,125,-1,250,125,251,-1,251,125,123,-1,251,123,252,-1,252,123,121,-1,252,121,244,-1,21,20,253,-1,253,20,245,-1,21,253,254,-1,21,254,23,-1,23,254,255,-1,23,255,25,-1,25,255,256,-1,25,256,100,-1,100,256,257,-1,100,257,101,-1,101,257,258,-1,101,258,103,-1,258,259,103,-1,103,259,260,-1,103,260,105,-1,105,260,261,-1,105,261,107,-1,107,261,262,-1,107,262,109,-1,109,262,263,-1,109,263,111,-1,111,263,264,-1,111,264,112,-1,112,264,265,-1,112,265,56,-1,56,265,266,-1,56,266,58,-1,58,266,267,-1,58,267,60,-1,60,267,268,-1,60,268,62,-1,64,62,269,-1,269,62,268,-1,64,269,270,-1,64,270,141,-1,141,270,271,-1,141,271,127,-1,127,271,272,-1,127,272,152,-1,152,272,273,-1,152,273,146,-1,146,273,274,-1,146,274,147,-1,147,274,275,-1,147,275,149,-1,149,275,276,-1,149,276,150,-1,150,276,277,-1,150,277,151,-1,151,277,278,-1,151,278,148,-1,148,278,279,-1,148,279,143,-1,143,279,280,-1,143,280,144,-1,144,280,281,-1,144,281,145,-1,145,281,282,-1,145,282,128,-1,128,282,283,-1,128,283,129,-1,129,283,284,-1,129,284,142,-1,142,284,285,-1,142,285,65,-1,65,285,286,-1,65,286,63,-1,61,63,287,-1,287,63,286,-1,61,287,288,-1,61,288,59,-1,59,288,289,-1,59,289,57,-1,57,289,290,-1,57,290,55,-1,55,290,291,-1,55,291,110,-1,110,291,292,-1,110,292,108,-1,108,292,153,-1,108,153,106,-1,89,293,294,-1,89,294,91,-1,91,294,295,-1,91,295,93,-1,93,295,296,-1,93,296,95,-1,95,296,297,-1,95,297,96,-1,96,297,298,-1,96,298,97,-1,97,298,299,-1,97,299,98,-1,98,299,300,-1,98,300,99,-1,99,300,301,-1,99,301,54,-1,54,301,302,-1,54,302,53,-1,53,302,303,-1,53,303,52,-1,52,303,304,-1,52,304,50,-1,50,304,305,-1,50,305,48,-1,48,305,306,-1,48,306,46,-1,46,306,307,-1,46,307,44,-1,44,307,308,-1,44,308,42,-1,42,308,309,-1,42,309,41,-1,41,309,310,-1,41,310,75,-1,75,310,311,-1,75,311,74,-1,74,311,312,-1,74,312,73,-1,73,312,313,-1,73,313,76,-1,76,313,314,-1,76,314,77,-1,77,314,315,-1,77,315,79,-1,79,315,316,-1,79,316,81,-1,81,316,317,-1,81,317,83,-1,83,317,318,-1,83,318,85,-1,85,318,319,-1,85,319,87,-1,87,319,293,-1,87,293,89,-1,
        ]
    }
}
Shape{
    appearance Appearance {
        material  Material 	{
            diffuseColor 0.2235294117647059 0.2235294117647059 0.2235294117647059
            specularColor 0.11372549019607843 0.11372549019607843 0.11372549019607843
            ambientIntensity 0.2
            transparency 0
            shininess 0.5
        }
    }
    geometry IndexedFaceSet {
        ccw TRUE
        solid FALSE
        coord DEF co Coordinate {
            point [
                4.0984 -0.2342 0.5278, 4.0984 -0.2468 0.5625, 4.0984 -0.2488 0.5603, 4.0984 -0.2282 0.5284, 4.0984 -0.2237 0.5302, 4.0984 -0.229 0.5673, 4.0984 -0.2333 0.5677, 4.0984 -0.2383 0.5671, 4.0984 -0.2428 0.5653, 4.0984 -0.2523 0.5415, 4.0984 -0.2503 0.5372, 4.0984 -0.2473 0.5335, 4.0984 -0.2333 0.5278, 4.0984 -0.2515 0.5561, 4.0984 -0.253 0.5513, 4.0984 -0.2532 0.5463, 4.0984 -0.2434 0.5305, 4.0984 -0.2388 0.5286, 4.0984 -0.2198 0.533, 4.0984 -0.2171 0.5362, 4.0984 -0.2147 0.5406, 4.0984 -0.2135 0.5455, 4.0984 -0.2135 0.5502, 4.0984 -0.2146 0.5549, 4.0984 -0.2169 0.5591, 4.0984 -0.2202 0.5628, 4.0984 -0.2243 0.5656, 4.0984 -0.2243 0.5656
            ]
        }
        coordIndex [
            0,1,2,-1,3,4,5,-1,6,7,0,-1,0,7,8,-1,0,8,1,-1,9,10,2,-1,2,10,11,-1,6,0,5,-1,5,0,12,-1,5,12,3,-1,13,14,2,-1,2,14,15,-1,2,15,9,-1,11,16,2,-1,2,16,17,-1,2,17,0,-1,4,18,5,-1,5,18,19,-1,5,19,20,-1,20,21,5,-1,5,21,22,-1,5,22,23,-1,23,24,5,-1,5,24,25,-1,5,25,26,-1,
        ]
    }
}
Shape{
    appearance Appearance {
        material  Material 	{
            diffuseColor 0.9686274509803922 0.8784313725490196 0.6
            specularColor 0.6784313725490196 0.615686274509804 0.4196078431372549
            ambientIntensity 0.2
            transparency 0
            shininess 0.5
        }
    }
    geometry IndexedFaceSet {
        ccw TRUE
        solid FALSE
        coord DEF co Coordinate {
            point [
                1.7087 -0.2717 0.2362, 1.7874 -0.2717 0.2362, 1.7087 -0.6496 0.2362, 1.7874 -0.6496 0.2362, 1.7066 -0.6649 0.2362, 1.7827 -0.6853 0.2362, 1.7007 -0.6791 0.2362, 1.7689 -0.7185 0.2362, 1.6914 -0.6914 0.2362, 1.747 -0.747 0.2362, 1.6791 -0.7007 0.2362, 1.7185 -0.7689 0.2362, 1.6649 -0.7066 0.2362, 1.6853 -0.7827 0.2362, 1.6614 -0.7075 0.2362, 1.6614 -0.7869 0.2362, 1.2913 -0.5984 0.6299, 1.2126 -0.5984 0.6299, 1.2913 -0.6496 0.6299, 1.2126 -0.6496 0.6299, 1.2934 -0.6649 0.6299, 1.2173 -0.6853 0.6299, 1.2993 -0.6791 0.6299, 1.2311 -0.7185 0.6299, 1.3086 -0.6914 0.6299, 1.253 -0.747 0.6299, 1.3209 -0.7007 0.6299, 1.2815 -0.7689 0.6299, 1.3351 -0.7066 0.6299, 1.3147 -0.7827 0.6299, 1.3504 -0.7087 0.6299, 1.3504 -0.7874 0.6299, 1.4016 -0.7087 0.6299, 1.4016 -0.7874 0.6299, 1.7087 -0.2126 0.6299, 1.7087 -0.4016 0.6299, 1.7874 -0.2126 0.6299, 1.7874 -0.4016 0.6299, 1.5984 -0.7087 0.6299, 1.5984 -0.7874 0.6299, 1.6496 -0.7087 0.6299, 1.6496 -0.7874 0.6299, 1.6649 -0.7066 0.6299, 1.6853 -0.7827 0.6299, 1.6791 -0.7007 0.6299, 1.7185 -0.7689 0.6299, 1.6914 -0.6914 0.6299, 1.747 -0.747 0.6299, 1.7007 -0.6791 0.6299, 1.7689 -0.7185 0.6299, 1.7066 -0.6649 0.6299, 1.7827 -0.6853 0.6299, 1.7087 -0.6496 0.6299, 1.7874 -0.6496 0.6299, 1.7087 -0.5984 0.6299, 1.7874 -0.5984 0.6299, 1.7874 -0.2126 0.2953, 1.7087 -0.2126 0.2953, 1.7874 -0.2146 0.28, 1.7874 -0.2564 0.2382, 1.7874 -0.2421 0.2441, 1.7874 -0.2205 0.2657, 1.7874 -0.2299 0.2535, 1.6496 -0.7874 0.235, 1.3897 -0.7874 0.2067, 1.6044 -0.7874 0.1925, 1.3803 -0.7874 0.2189, 1.3681 -0.7874 0.2283, 1.6461 -0.7874 0.2342, 1.6319 -0.7874 0.2283, 1.6197 -0.7874 0.2189, 1.6103 -0.7874 0.2067, 1.3504 -0.7874 0.235, 1.3539 -0.7874 0.2342, 1.3976 -0.7874 0.1772, 1.3976 -0.7874 0.0394, 1.6024 -0.7874 0.0394, 1.3956 -0.7874 0.1925, 1.6024 -0.7874 0.1772, 1.3386 -0.7869 0.2362, 1.3147 -0.7827 0.2362, 1.2815 -0.7689 0.2362, 1.253 -0.747 0.2362, 1.2311 -0.7185 0.2362, 1.2173 -0.6853 0.2362, 1.2126 -0.6496 0.2362, 1.2126 -0.4016 0.6299, 1.2126 -0.2717 0.2362, 1.2126 -0.2126 0.6299, 1.2126 -0.2126 0.2953, 1.2126 -0.2146 0.28, 1.2126 -0.2421 0.2441, 1.2126 -0.2564 0.2382, 1.2126 -0.2299 0.2535, 1.2126 -0.2205 0.2657, 1.2913 -0.2126 0.6299, 1.2913 -0.2126 0.2953, 1.2913 -0.2146 0.28, 1.2913 -0.2717 0.2362, 1.2913 -0.2564 0.2382, 1.2913 -0.2421 0.2441, 1.2913 -0.2299 0.2535, 1.2913 -0.6496 0.2362, 1.2913 -0.4016 0.6299, 1.2913 -0.2205 0.2657, 1.3504 -0.7087 0.235, 1.3445 -0.7084 0.2359, 1.3386 -0.7075 0.2362, 1.3351 -0.7066 0.2362, 1.3209 -0.7007 0.2362, 1.3086 -0.6914 0.2362, 1.2993 -0.6791 0.2362, 1.2934 -0.6649 0.2362, 1.3803 -0.7087 0.2189, 1.3681 -0.7087 0.2283, 1.3539 -0.7087 0.2342, 1.6496 -0.7087 0.235, 1.6461 -0.7087 0.2342, 1.6319 -0.7087 0.2283, 1.6197 -0.7087 0.2189, 1.6103 -0.7087 0.2067, 1.3956 -0.7087 0.1925, 1.3897 -0.7087 0.2067, 1.6024 -0.7087 0.1772, 1.6024 -0.7087 0.0394, 1.3976 -0.7087 0.0394, 1.6044 -0.7087 0.1925, 1.3976 -0.7087 0.1772, 1.6555 -0.7084 0.2359, 1.7087 -0.2564 0.2382, 1.7087 -0.2205 0.2657, 1.7087 -0.2299 0.2535, 1.7087 -0.2421 0.2441, 1.7087 -0.2146 0.28, 1.4016 -0.6435 1.4566, 1.4016 -0.671 1.5469, 1.5984 -0.6435 1.4566, 1.5984 -0.671 1.5469, 1.4016 -0.7463 1.524, 1.5984 -0.7463 1.524, 1.4016 -0.7188 1.4337, 1.5984 -0.7188 1.4337, 1.4016 -0.7128 1.3717, 1.5984 -0.7128 1.3717, 1.4016 -0.7127 1.403, 1.5984 -0.7127 1.403, 1.4016 -0.7855 0.6662, 1.5984 -0.7855 0.6662, 1.4016 -0.7072 0.6582, 1.5984 -0.7072 0.6582, 1.4016 -0.6345 1.3636, 1.5984 -0.6345 1.3636, 1.5984 -0.6344 1.4105, 1.4016 -0.6344 1.4105, 1.6435 -0.5984 1.4566, 1.671 -0.5984 1.5469, 1.6435 -0.4016 1.4566, 1.671 -0.4016 1.5469, 1.7463 -0.5984 1.524, 1.7463 -0.4016 1.524, 1.7188 -0.5984 1.4337, 1.7188 -0.4016 1.4337, 1.7128 -0.5984 1.3717, 1.7128 -0.4016 1.3717, 1.7127 -0.5984 1.403, 1.7127 -0.4016 1.403, 1.7855 -0.5984 0.6662, 1.7855 -0.4016 0.6662, 1.7072 -0.5984 0.6582, 1.7072 -0.4016 0.6582, 1.6345 -0.5984 1.3636, 1.6345 -0.4016 1.3636, 1.6344 -0.4016 1.4105, 1.6344 -0.5984 1.4105, 1.3565 -0.4016 1.4566, 1.329 -0.4016 1.5469, 1.3565 -0.5984 1.4566, 1.329 -0.5984 1.5469, 1.2537 -0.4016 1.524, 1.2537 -0.5984 1.524, 1.2812 -0.4016 1.4337, 1.2812 -0.5984 1.4337, 1.2872 -0.4016 1.3717, 1.2872 -0.5984 1.3717, 1.2873 -0.4016 1.403, 1.2873 -0.5984 1.403, 1.2145 -0.4016 0.6662, 1.2145 -0.5984 0.6662, 1.2928 -0.4016 0.6582, 1.2928 -0.5984 0.6582, 1.3655 -0.4016 1.3636, 1.3655 -0.5984 1.3636, 1.3656 -0.5984 1.4105, 1.3656 -0.4016 1.4105, 1.6024 -0.8661 -0.0394, 1.3976 -0.8661 -0.0394, 1.4961 -1.4567 -0.0394, 1.3976 -1.3583 -0.0394, 1.401 -1.3837 -0.0394, 1.6024 -1.3583 -0.0394, 1.5039 -1.4567 -0.0394, 1.5294 -1.4533 -0.0394, 1.4108 -1.4075 -0.0394, 1.4265 -1.4279 -0.0394, 1.4706 -1.4533 -0.0394, 1.4469 -1.4435 -0.0394, 1.5531 -1.4435 -0.0394, 1.5735 -1.4279 -0.0394, 1.5892 -1.4075 -0.0394, 1.599 -1.3837 -0.0394, 1.4961 -1.4567 -0.1181, 1.5039 -1.4567 -0.1181, 1.3976 -0.8661 -0.1181, 1.6024 -0.8661 -0.1181, 1.3976 -1.3583 -0.1181, 1.6024 -1.3583 -0.1181, 1.4706 -1.4533 -0.1181, 1.599 -1.3837 -0.1181, 1.5892 -1.4075 -0.1181, 1.5735 -1.4279 -0.1181, 1.5531 -1.4435 -0.1181, 1.5294 -1.4533 -0.1181, 1.4469 -1.4435 -0.1181, 1.4265 -1.4279 -0.1181, 1.4108 -1.4075 -0.1181, 1.401 -1.3837 -0.1181, 1.6024 -0.7126 0.0043, 1.3976 -0.7126 0.0043, 1.6024 -0.7243 -0.029, 1.3976 -0.7243 -0.029, 1.6024 -0.743 -0.0588, 1.3976 -0.743 -0.0588, 1.6024 -0.768 -0.0838, 1.3976 -0.768 -0.0838, 1.6024 -0.7978 -0.1025, 1.3976 -0.7978 -0.1025, 1.6024 -0.8311 -0.1142, 1.3976 -0.8311 -0.1142, 1.3976 -0.8458 -0.0367, 1.6024 -0.8458 -0.0367, 1.3976 -0.8268 -0.0288, 1.6024 -0.8268 -0.0288, 1.3976 -0.8105 -0.0163, 1.6024 -0.8105 -0.0163, 1.3976 -0.798 0.0, 1.6024 -0.798 0.0, 1.3976 -0.7901 0.019, 1.6024 -0.7901 0.019, 2.7087 -0.2717 0.2362, 2.7874 -0.2717 0.2362, 2.7087 -0.6496 0.2362, 2.7874 -0.6496 0.2362, 2.7066 -0.6649 0.2362, 2.7827 -0.6853 0.2362, 2.7007 -0.6791 0.2362, 2.7689 -0.7185 0.2362, 2.6914 -0.6914 0.2362, 2.747 -0.747 0.2362, 2.6791 -0.7007 0.2362, 2.7185 -0.7689 0.2362, 2.6649 -0.7066 0.2362, 2.6853 -0.7827 0.2362, 2.6614 -0.7075 0.2362, 2.6614 -0.7869 0.2362, 2.2913 -0.5984 0.6299, 2.2126 -0.5984 0.6299, 2.2913 -0.6496 0.6299, 2.2126 -0.6496 0.6299, 2.2934 -0.6649 0.6299, 2.2173 -0.6853 0.6299, 2.2993 -0.6791 0.6299, 2.2311 -0.7185 0.6299, 2.3086 -0.6914 0.6299, 2.253 -0.747 0.6299, 2.3209 -0.7007 0.6299, 2.2815 -0.7689 0.6299, 2.3351 -0.7066 0.6299, 2.3147 -0.7827 0.6299, 2.3504 -0.7087 0.6299, 2.3504 -0.7874 0.6299, 2.4016 -0.7087 0.6299, 2.4016 -0.7874 0.6299, 2.7087 -0.2126 0.6299, 2.7087 -0.4016 0.6299, 2.7874 -0.2126 0.6299, 2.7874 -0.4016 0.6299, 2.5984 -0.7087 0.6299, 2.5984 -0.7874 0.6299, 2.6496 -0.7087 0.6299, 2.6496 -0.7874 0.6299, 2.6649 -0.7066 0.6299, 2.6853 -0.7827 0.6299, 2.6791 -0.7007 0.6299, 2.7185 -0.7689 0.6299, 2.6914 -0.6914 0.6299, 2.747 -0.747 0.6299, 2.7007 -0.6791 0.6299, 2.7689 -0.7185 0.6299, 2.7066 -0.6649 0.6299, 2.7827 -0.6853 0.6299, 2.7087 -0.6496 0.6299, 2.7874 -0.6496 0.6299, 2.7087 -0.5984 0.6299, 2.7874 -0.5984 0.6299, 2.7874 -0.2126 0.2953, 2.7087 -0.2126 0.2953, 2.7874 -0.2146 0.28, 2.7874 -0.2205 0.2657, 2.7874 -0.2299 0.2535, 2.7874 -0.2564 0.2382, 2.7874 -0.2421 0.2441, 2.6496 -0.7874 0.235, 2.3681 -0.7874 0.2283, 2.3803 -0.7874 0.2189, 2.6044 -0.7874 0.1925, 2.3897 -0.7874 0.2067, 2.3976 -0.7874 0.1772, 2.3976 -0.7874 0.0394, 2.6024 -0.7874 0.0394, 2.6461 -0.7874 0.2342, 2.6319 -0.7874 0.2283, 2.6197 -0.7874 0.2189, 2.6103 -0.7874 0.2067, 2.3504 -0.7874 0.235, 2.3539 -0.7874 0.2342, 2.3956 -0.7874 0.1925, 2.6024 -0.7874 0.1772, 2.3386 -0.7869 0.2362, 2.3147 -0.7827 0.2362, 2.2815 -0.7689 0.2362, 2.253 -0.747 0.2362, 2.2311 -0.7185 0.2362, 2.2173 -0.6853 0.2362, 2.2126 -0.6496 0.2362, 2.2126 -0.4016 0.6299, 2.2126 -0.2717 0.2362, 2.2126 -0.2126 0.6299, 2.2126 -0.2126 0.2953, 2.2126 -0.2146 0.28, 2.2126 -0.2205 0.2657, 2.2126 -0.2299 0.2535, 2.2126 -0.2564 0.2382, 2.2126 -0.2421 0.2441, 2.2913 -0.2126 0.6299, 2.2913 -0.2126 0.2953, 2.2913 -0.6496 0.2362, 2.2913 -0.2717 0.2362, 2.2913 -0.4016 0.6299, 2.2913 -0.2421 0.2441, 2.2913 -0.2299 0.2535, 2.2913 -0.2564 0.2382, 2.2913 -0.2205 0.2657, 2.2913 -0.2146 0.28, 2.3504 -0.7087 0.235, 2.3445 -0.7084 0.2359, 2.3386 -0.7075 0.2362, 2.3351 -0.7066 0.2362, 2.3209 -0.7007 0.2362, 2.3086 -0.6914 0.2362, 2.2993 -0.6791 0.2362, 2.2934 -0.6649 0.2362, 2.6319 -0.7087 0.2283, 2.6197 -0.7087 0.2189, 2.3956 -0.7087 0.1925, 2.6103 -0.7087 0.2067, 2.6024 -0.7087 0.1772, 2.6024 -0.7087 0.0394, 2.3976 -0.7087 0.0394, 2.3539 -0.7087 0.2342, 2.3681 -0.7087 0.2283, 2.3803 -0.7087 0.2189, 2.3897 -0.7087 0.2067, 2.6496 -0.7087 0.235, 2.6461 -0.7087 0.2342, 2.6044 -0.7087 0.1925, 2.3976 -0.7087 0.1772, 2.6555 -0.7084 0.2359, 2.7087 -0.2146 0.28, 2.7087 -0.2205 0.2657, 2.7087 -0.2299 0.2535, 2.7087 -0.2421 0.2441, 2.7087 -0.2564 0.2382, 2.4016 -0.6435 1.4566, 2.4016 -0.671 1.5469, 2.5984 -0.6435 1.4566, 2.5984 -0.671 1.5469, 2.4016 -0.7463 1.524, 2.5984 -0.7463 1.524, 2.4016 -0.7188 1.4337, 2.5984 -0.7188 1.4337, 2.4016 -0.7128 1.3717, 2.5984 -0.7128 1.3717, 2.4016 -0.7127 1.403, 2.5984 -0.7127 1.403, 2.4016 -0.7855 0.6662, 2.5984 -0.7855 0.6662, 2.4016 -0.7072 0.6582, 2.5984 -0.7072 0.6582, 2.4016 -0.6345 1.3636, 2.5984 -0.6345 1.3636, 2.5984 -0.6344 1.4105, 2.4016 -0.6344 1.4105, 2.6435 -0.5984 1.4566, 2.671 -0.5984 1.5469, 2.6435 -0.4016 1.4566, 2.671 -0.4016 1.5469, 2.7463 -0.5984 1.524, 2.7463 -0.4016 1.524, 2.7188 -0.5984 1.4337, 2.7188 -0.4016 1.4337, 2.7128 -0.5984 1.3717, 2.7128 -0.4016 1.3717, 2.7127 -0.5984 1.403, 2.7127 -0.4016 1.403, 2.7855 -0.5984 0.6662, 2.7855 -0.4016 0.6662, 2.7072 -0.5984 0.6582, 2.7072 -0.4016 0.6582, 2.6345 -0.5984 1.3636, 2.6345 -0.4016 1.3636, 2.6344 -0.4016 1.4105, 2.6344 -0.5984 1.4105, 2.3565 -0.4016 1.4566, 2.329 -0.4016 1.5469, 2.3565 -0.5984 1.4566, 2.329 -0.5984 1.5469, 2.2537 -0.4016 1.524, 2.2537 -0.5984 1.524, 2.2812 -0.4016 1.4337, 2.2812 -0.5984 1.4337, 2.2872 -0.4016 1.3717, 2.2872 -0.5984 1.3717, 2.2873 -0.4016 1.403, 2.2873 -0.5984 1.403, 2.2145 -0.4016 0.6662, 2.2145 -0.5984 0.6662, 2.2928 -0.4016 0.6582, 2.2928 -0.5984 0.6582, 2.3655 -0.4016 1.3636, 2.3655 -0.5984 1.3636, 2.3656 -0.5984 1.4105, 2.3656 -0.4016 1.4105, 2.4961 -1.4567 -0.0394, 2.6024 -0.8661 -0.0394, 2.3976 -0.8661 -0.0394, 2.4265 -1.4279 -0.0394, 2.4469 -1.4435 -0.0394, 2.4706 -1.4533 -0.0394, 2.6024 -1.3583 -0.0394, 2.5039 -1.4567 -0.0394, 2.5294 -1.4533 -0.0394, 2.3976 -1.3583 -0.0394, 2.401 -1.3837 -0.0394, 2.4108 -1.4075 -0.0394, 2.5531 -1.4435 -0.0394, 2.5735 -1.4279 -0.0394, 2.5892 -1.4075 -0.0394, 2.599 -1.3837 -0.0394, 2.4961 -1.4567 -0.1181, 2.5039 -1.4567 -0.1181, 2.3976 -0.8661 -0.1181, 2.6024 -0.8661 -0.1181, 2.3976 -1.3583 -0.1181, 2.6024 -1.3583 -0.1181, 2.4706 -1.4533 -0.1181, 2.599 -1.3837 -0.1181, 2.5892 -1.4075 -0.1181, 2.5735 -1.4279 -0.1181, 2.5531 -1.4435 -0.1181, 2.5294 -1.4533 -0.1181, 2.4469 -1.4435 -0.1181, 2.4265 -1.4279 -0.1181, 2.4108 -1.4075 -0.1181, 2.401 -1.3837 -0.1181, 2.6024 -0.7126 0.0043, 2.3976 -0.7126 0.0043, 2.6024 -0.7243 -0.029, 2.3976 -0.7243 -0.029, 2.6024 -0.743 -0.0588, 2.3976 -0.743 -0.0588, 2.6024 -0.768 -0.0838, 2.3976 -0.768 -0.0838, 2.6024 -0.7978 -0.1025, 2.3976 -0.7978 -0.1025, 2.6024 -0.8311 -0.1142, 2.3976 -0.8311 -0.1142, 2.3976 -0.8458 -0.0367, 2.6024 -0.8458 -0.0367, 2.3976 -0.8268 -0.0288, 2.6024 -0.8268 -0.0288, 2.3976 -0.8105 -0.0163, 2.6024 -0.8105 -0.0163, 2.3976 -0.798 0.0, 2.6024 -0.798 0.0, 2.3976 -0.7901 0.019, 2.6024 -0.7901 0.019, 3.7087 -0.2717 0.2362, 3.7874 -0.2717 0.2362, 3.7087 -0.6496 0.2362, 3.7874 -0.6496 0.2362, 3.7066 -0.6649 0.2362, 3.7827 -0.6853 0.2362, 3.7007 -0.6791 0.2362, 3.7689 -0.7185 0.2362, 3.6914 -0.6914 0.2362, 3.747 -0.747 0.2362, 3.6791 -0.7007 0.2362, 3.7185 -0.7689 0.2362, 3.6649 -0.7066 0.2362, 3.6853 -0.7827 0.2362, 3.6614 -0.7075 0.2362, 3.6614 -0.7869 0.2362, 3.2913 -0.5984 0.6299, 3.2126 -0.5984 0.6299, 3.2913 -0.6496 0.6299, 3.2126 -0.6496 0.6299, 3.2934 -0.6649 0.6299, 3.2173 -0.6853 0.6299, 3.2993 -0.6791 0.6299, 3.2311 -0.7185 0.6299, 3.3086 -0.6914 0.6299, 3.253 -0.747 0.6299, 3.3209 -0.7007 0.6299, 3.2815 -0.7689 0.6299, 3.3351 -0.7066 0.6299, 3.3147 -0.7827 0.6299, 3.3504 -0.7087 0.6299, 3.3504 -0.7874 0.6299, 3.4016 -0.7087 0.6299, 3.4016 -0.7874 0.6299, 3.7087 -0.2126 0.6299, 3.7087 -0.4016 0.6299, 3.7874 -0.2126 0.6299, 3.7874 -0.4016 0.6299, 3.5984 -0.7087 0.6299, 3.5984 -0.7874 0.6299, 3.6496 -0.7087 0.6299, 3.6496 -0.7874 0.6299, 3.6649 -0.7066 0.6299, 3.6853 -0.7827 0.6299, 3.6791 -0.7007 0.6299, 3.7185 -0.7689 0.6299, 3.6914 -0.6914 0.6299, 3.747 -0.747 0.6299, 3.7007 -0.6791 0.6299, 3.7689 -0.7185 0.6299, 3.7066 -0.6649 0.6299, 3.7827 -0.6853 0.6299, 3.7087 -0.6496 0.6299, 3.7874 -0.6496 0.6299, 3.7087 -0.5984 0.6299, 3.7874 -0.5984 0.6299, 3.7874 -0.2126 0.2953, 3.7087 -0.2126 0.2953, 3.7874 -0.2146 0.28, 3.7874 -0.2205 0.2657, 3.7874 -0.2299 0.2535, 3.7874 -0.2564 0.2382, 3.7874 -0.2421 0.2441, 3.6496 -0.7874 0.235, 3.3504 -0.7874 0.235, 3.3539 -0.7874 0.2342, 3.3681 -0.7874 0.2283, 3.3803 -0.7874 0.2189, 3.3897 -0.7874 0.2067, 3.6461 -0.7874 0.2342, 3.6319 -0.7874 0.2283, 3.3976 -0.7874 0.1772, 3.3976 -0.7874 0.0394, 3.6024 -0.7874 0.0394, 3.6024 -0.7874 0.1772, 3.6044 -0.7874 0.1925, 3.3956 -0.7874 0.1925, 3.6103 -0.7874 0.2067, 3.6197 -0.7874 0.2189, 3.3386 -0.7869 0.2362, 3.3147 -0.7827 0.2362, 3.2815 -0.7689 0.2362, 3.253 -0.747 0.2362, 3.2311 -0.7185 0.2362, 3.2173 -0.6853 0.2362, 3.2126 -0.6496 0.2362, 3.2126 -0.4016 0.6299, 3.2126 -0.2717 0.2362, 3.2126 -0.2126 0.6299, 3.2126 -0.2126 0.2953, 3.2126 -0.2146 0.28, 3.2126 -0.2205 0.2657, 3.2126 -0.2299 0.2535, 3.2126 -0.2564 0.2382, 3.2126 -0.2421 0.2441, 3.2913 -0.2126 0.6299, 3.2913 -0.2126 0.2953, 3.2913 -0.6496 0.2362, 3.2913 -0.2717 0.2362, 3.2913 -0.4016 0.6299, 3.2913 -0.2421 0.2441, 3.2913 -0.2299 0.2535, 3.2913 -0.2564 0.2382, 3.2913 -0.2205 0.2657, 3.2913 -0.2146 0.28, 3.3504 -0.7087 0.235, 3.3445 -0.7084 0.2359, 3.3386 -0.7075 0.2362, 3.3351 -0.7066 0.2362, 3.3209 -0.7007 0.2362, 3.3086 -0.6914 0.2362, 3.2993 -0.6791 0.2362, 3.2934 -0.6649 0.2362, 3.6496 -0.7087 0.235, 3.6461 -0.7087 0.2342, 3.6319 -0.7087 0.2283, 3.6197 -0.7087 0.2189, 3.6103 -0.7087 0.2067, 3.3539 -0.7087 0.2342, 3.3681 -0.7087 0.2283, 3.6024 -0.7087 0.1772, 3.6024 -0.7087 0.0394, 3.3976 -0.7087 0.0394, 3.3976 -0.7087 0.1772, 3.3956 -0.7087 0.1925, 3.6044 -0.7087 0.1925, 3.3897 -0.7087 0.2067, 3.3803 -0.7087 0.2189, 3.6555 -0.7084 0.2359, 3.7087 -0.2146 0.28, 3.7087 -0.2205 0.2657, 3.7087 -0.2299 0.2535, 3.7087 -0.2421 0.2441, 3.7087 -0.2564 0.2382, 3.4016 -0.6435 1.4566, 3.4016 -0.671 1.5469, 3.5984 -0.6435 1.4566, 3.5984 -0.671 1.5469, 3.4016 -0.7463 1.524, 3.5984 -0.7463 1.524, 3.4016 -0.7188 1.4337, 3.5984 -0.7188 1.4337, 3.4016 -0.7128 1.3717, 3.5984 -0.7128 1.3717, 3.4016 -0.7127 1.403, 3.5984 -0.7127 1.403, 3.4016 -0.7855 0.6662, 3.5984 -0.7855 0.6662, 3.4016 -0.7072 0.6582, 3.5984 -0.7072 0.6582, 3.4016 -0.6345 1.3636, 3.5984 -0.6345 1.3636, 3.5984 -0.6344 1.4105, 3.4016 -0.6344 1.4105, 3.6435 -0.5984 1.4566, 3.671 -0.5984 1.5469, 3.6435 -0.4016 1.4566, 3.671 -0.4016 1.5469, 3.7463 -0.5984 1.524, 3.7463 -0.4016 1.524, 3.7188 -0.5984 1.4337, 3.7188 -0.4016 1.4337, 3.7128 -0.5984 1.3717, 3.7128 -0.4016 1.3717, 3.7127 -0.5984 1.403, 3.7127 -0.4016 1.403, 3.7855 -0.5984 0.6662, 3.7855 -0.4016 0.6662, 3.7072 -0.5984 0.6582, 3.7072 -0.4016 0.6582, 3.6345 -0.5984 1.3636, 3.6345 -0.4016 1.3636, 3.6344 -0.4016 1.4105, 3.6344 -0.5984 1.4105, 3.3565 -0.4016 1.4566, 3.329 -0.4016 1.5469, 3.3565 -0.5984 1.4566, 3.329 -0.5984 1.5469, 3.2537 -0.4016 1.524, 3.2537 -0.5984 1.524, 3.2812 -0.4016 1.4337, 3.2812 -0.5984 1.4337, 3.2872 -0.4016 1.3717, 3.2872 -0.5984 1.3717, 3.2873 -0.4016 1.403, 3.2873 -0.5984 1.403, 3.2145 -0.4016 0.6662, 3.2145 -0.5984 0.6662, 3.2928 -0.4016 0.6582, 3.2928 -0.5984 0.6582, 3.3655 -0.4016 1.3636, 3.3655 -0.5984 1.3636, 3.3656 -0.5984 1.4105, 3.3656 -0.4016 1.4105, 3.6024 -0.8661 -0.0394, 3.3976 -0.8661 -0.0394, 3.6024 -1.3583 -0.0394, 3.3976 -1.3583 -0.0394, 3.401 -1.3837 -0.0394, 3.4108 -1.4075 -0.0394, 3.4265 -1.4279 -0.0394, 3.5892 -1.4075 -0.0394, 3.599 -1.3837 -0.0394, 3.5039 -1.4567 -0.0394, 3.4961 -1.4567 -0.0394, 3.4469 -1.4435 -0.0394, 3.4706 -1.4533 -0.0394, 3.5735 -1.4279 -0.0394, 3.5294 -1.4533 -0.0394, 3.5531 -1.4435 -0.0394, 3.4961 -1.4567 -0.1181, 3.5039 -1.4567 -0.1181, 3.3976 -0.8661 -0.1181, 3.6024 -0.8661 -0.1181, 3.3976 -1.3583 -0.1181, 3.6024 -1.3583 -0.1181, 3.599 -1.3837 -0.1181, 3.5892 -1.4075 -0.1181, 3.5735 -1.4279 -0.1181, 3.4108 -1.4075 -0.1181, 3.401 -1.3837 -0.1181, 3.5531 -1.4435 -0.1181, 3.5294 -1.4533 -0.1181, 3.4265 -1.4279 -0.1181, 3.4706 -1.4533 -0.1181, 3.4469 -1.4435 -0.1181, 3.6024 -0.7126 0.0043, 3.3976 -0.7126 0.0043, 3.6024 -0.7243 -0.029, 3.3976 -0.7243 -0.029, 3.6024 -0.743 -0.0588, 3.3976 -0.743 -0.0588, 3.6024 -0.768 -0.0838, 3.3976 -0.768 -0.0838, 3.6024 -0.7978 -0.1025, 3.3976 -0.7978 -0.1025, 3.6024 -0.8311 -0.1142, 3.3976 -0.8311 -0.1142, 3.3976 -0.8458 -0.0367, 3.6024 -0.8458 -0.0367, 3.3976 -0.8268 -0.0288, 3.6024 -0.8268 -0.0288, 3.3976 -0.8105 -0.0163, 3.6024 -0.8105 -0.0163, 3.3976 -0.798 0.0, 3.6024 -0.798 0.0, 3.3976 -0.7901 0.019, 3.6024 -0.7901 0.019, 1.6614 0.7075 0.2362, 1.6614 0.7869 0.2362, 1.6649 0.7066 0.2362, 1.6853 0.7827 0.2362, 1.6791 0.7007 0.2362, 1.7185 0.7689 0.2362, 1.6914 0.6914 0.2362, 1.747 0.747 0.2362, 1.7007 0.6791 0.2362, 1.7689 0.7185 0.2362, 1.7066 0.6649 0.2362, 1.7827 0.6853 0.2362, 1.7087 0.6496 0.2362, 1.7874 0.6496 0.2362, 1.7087 0.2717 0.2362, 1.7874 0.2717 0.2362, 1.4016 0.7087 0.6299, 1.4016 0.7874 0.6299, 1.3504 0.7087 0.6299, 1.3504 0.7874 0.6299, 1.3351 0.7066 0.6299, 1.3147 0.7827 0.6299, 1.3209 0.7007 0.6299, 1.2815 0.7689 0.6299, 1.3086 0.6914 0.6299, 1.253 0.747 0.6299, 1.2993 0.6791 0.6299, 1.2311 0.7185 0.6299, 1.2934 0.6649 0.6299, 1.2173 0.6853 0.6299, 1.2913 0.6496 0.6299, 1.2126 0.6496 0.6299, 1.2913 0.5984 0.6299, 1.2126 0.5984 0.6299, 1.7087 0.4016 0.6299, 1.7087 0.2126 0.6299, 1.7874 0.4016 0.6299, 1.7874 0.2126 0.6299, 1.7087 0.5984 0.6299, 1.7874 0.5984 0.6299, 1.7087 0.6496 0.6299, 1.7874 0.6496 0.6299, 1.7066 0.6649 0.6299, 1.7827 0.6853 0.6299, 1.7007 0.6791 0.6299, 1.7689 0.7185 0.6299, 1.6914 0.6914 0.6299, 1.747 0.747 0.6299, 1.6791 0.7007 0.6299, 1.7185 0.7689 0.6299, 1.6649 0.7066 0.6299, 1.6853 0.7827 0.6299, 1.6496 0.7087 0.6299, 1.6496 0.7874 0.6299, 1.5984 0.7087 0.6299, 1.5984 0.7874 0.6299, 1.7874 0.2126 0.2953, 1.7087 0.2126 0.2953, 1.7874 0.2146 0.28, 1.7874 0.2205 0.2657, 1.7874 0.2299 0.2535, 1.7874 0.2421 0.2441, 1.7874 0.2564 0.2382, 1.6496 0.7874 0.235, 1.6319 0.7874 0.2283, 1.6461 0.7874 0.2342, 1.3956 0.7874 0.1925, 1.3897 0.7874 0.2067, 1.6103 0.7874 0.2067, 1.6197 0.7874 0.2189, 1.3803 0.7874 0.2189, 1.3504 0.7874 0.235, 1.3539 0.7874 0.2342, 1.3681 0.7874 0.2283, 1.6024 0.7874 0.1772, 1.6024 0.7874 0.0394, 1.3976 0.7874 0.0394, 1.6044 0.7874 0.1925, 1.3976 0.7874 0.1772, 1.3386 0.7869 0.2362, 1.3147 0.7827 0.2362, 1.2815 0.7689 0.2362, 1.253 0.747 0.2362, 1.2311 0.7185 0.2362, 1.2173 0.6853 0.2362, 1.2126 0.6496 0.2362, 1.2126 0.2126 0.2953, 1.2126 0.2126 0.6299, 1.2126 0.4016 0.6299, 1.2126 0.2717 0.2362, 1.2126 0.2421 0.2441, 1.2126 0.2299 0.2535, 1.2126 0.2205 0.2657, 1.2126 0.2564 0.2382, 1.2126 0.2146 0.28, 1.2913 0.2126 0.2953, 1.2913 0.2126 0.6299, 1.2913 0.6496 0.2362, 1.2913 0.2717 0.2362, 1.2913 0.4016 0.6299, 1.2913 0.2205 0.2657, 1.2913 0.2299 0.2535, 1.2913 0.2421 0.2441, 1.2913 0.2146 0.28, 1.2913 0.2564 0.2382, 1.3445 0.7084 0.2359, 1.3504 0.7087 0.235, 1.2934 0.6649 0.2362, 1.2993 0.6791 0.2362, 1.3086 0.6914 0.2362, 1.3209 0.7007 0.2362, 1.3351 0.7066 0.2362, 1.3386 0.7075 0.2362, 1.3897 0.7087 0.2067, 1.6044 0.7087 0.1925, 1.3803 0.7087 0.2189, 1.3681 0.7087 0.2283, 1.6496 0.7087 0.235, 1.6461 0.7087 0.2342, 1.6319 0.7087 0.2283, 1.6197 0.7087 0.2189, 1.6103 0.7087 0.2067, 1.3539 0.7087 0.2342, 1.3976 0.7087 0.1772, 1.3976 0.7087 0.0394, 1.6024 0.7087 0.0394, 1.3956 0.7087 0.1925, 1.6024 0.7087 0.1772, 1.6555 0.7084 0.2359, 1.7087 0.2146 0.28, 1.7087 0.2564 0.2382, 1.7087 0.2421 0.2441, 1.7087 0.2299 0.2535, 1.7087 0.2205 0.2657, 1.4016 0.671 1.5469, 1.4016 0.6435 1.4566, 1.5984 0.671 1.5469, 1.5984 0.6435 1.4566, 1.4016 0.7463 1.524, 1.5984 0.7463 1.524, 1.4016 0.7188 1.4337, 1.5984 0.7188 1.4337, 1.4016 0.7127 1.403, 1.5984 0.7127 1.403, 1.4016 0.7128 1.3717, 1.5984 0.7128 1.3717, 1.4016 0.7855 0.6662, 1.5984 0.7855 0.6662, 1.4016 0.7072 0.6582, 1.5984 0.7072 0.6582, 1.4016 0.6345 1.3636, 1.5984 0.6345 1.3636, 1.5984 0.6344 1.4105, 1.4016 0.6344 1.4105, 1.671 0.5984 1.5469, 1.6435 0.5984 1.4566, 1.671 0.4016 1.5469, 1.6435 0.4016 1.4566, 1.7463 0.5984 1.524, 1.7463 0.4016 1.524, 1.7188 0.5984 1.4337, 1.7188 0.4016 1.4337, 1.7127 0.5984 1.403, 1.7127 0.4016 1.403, 1.7128 0.5984 1.3717, 1.7128 0.4016 1.3717, 1.7855 0.5984 0.6662, 1.7855 0.4016 0.6662, 1.7072 0.5984 0.6582, 1.7072 0.4016 0.6582, 1.6345 0.5984 1.3636, 1.6345 0.4016 1.3636, 1.6344 0.4016 1.4105, 1.6344 0.5984 1.4105, 1.329 0.4016 1.5469, 1.3565 0.4016 1.4566, 1.329 0.5984 1.5469, 1.3565 0.5984 1.4566, 1.2537 0.4016 1.524, 1.2537 0.5984 1.524, 1.2812 0.4016 1.4337, 1.2812 0.5984 1.4337, 1.2873 0.4016 1.403, 1.2873 0.5984 1.403, 1.2872 0.4016 1.3717, 1.2872 0.5984 1.3717, 1.2145 0.4016 0.6662, 1.2145 0.5984 0.6662, 1.2928 0.4016 0.6582, 1.2928 0.5984 0.6582, 1.3655 0.4016 1.3636, 1.3655 0.5984 1.3636, 1.3656 0.5984 1.4105, 1.3656 0.4016 1.4105, 1.5039 1.4567 -0.0394, 1.3976 0.8661 -0.0394, 1.6024 0.8661 -0.0394, 1.3976 1.3583 -0.0394, 1.4961 1.4567 -0.0394, 1.4706 1.4533 -0.0394, 1.6024 1.3583 -0.0394, 1.599 1.3837 -0.0394, 1.5294 1.4533 -0.0394, 1.5892 1.4075 -0.0394, 1.5531 1.4435 -0.0394, 1.5735 1.4279 -0.0394, 1.4469 1.4435 -0.0394, 1.4265 1.4279 -0.0394, 1.4108 1.4075 -0.0394, 1.401 1.3837 -0.0394, 1.5039 1.4567 -0.1181, 1.4961 1.4567 -0.1181, 1.6024 0.8661 -0.1181, 1.3976 0.8661 -0.1181, 1.6024 1.3583 -0.1181, 1.3976 1.3583 -0.1181, 1.401 1.3837 -0.1181, 1.4108 1.4075 -0.1181, 1.4265 1.4279 -0.1181, 1.4469 1.4435 -0.1181, 1.4706 1.4533 -0.1181, 1.5294 1.4533 -0.1181, 1.599 1.3837 -0.1181, 1.5531 1.4435 -0.1181, 1.5892 1.4075 -0.1181, 1.5735 1.4279 -0.1181, 1.6024 0.8311 -0.1142, 1.3976 0.8311 -0.1142, 1.6024 0.7978 -0.1025, 1.3976 0.7978 -0.1025, 1.6024 0.768 -0.0838, 1.3976 0.768 -0.0838, 1.6024 0.743 -0.0588, 1.3976 0.743 -0.0588, 1.6024 0.7243 -0.029, 1.3976 0.7243 -0.029, 1.6024 0.7126 0.0043, 1.3976 0.7126 0.0043, 1.3976 0.7901 0.019, 1.6024 0.7901 0.019, 1.3976 0.798 0.0, 1.6024 0.798 0.0, 1.3976 0.8105 -0.0163, 1.6024 0.8105 -0.0163, 1.3976 0.8268 -0.0288, 1.6024 0.8268 -0.0288, 1.3976 0.8458 -0.0367, 1.6024 0.8458 -0.0367, 2.6614 0.7075 0.2362, 2.6614 0.7869 0.2362, 2.6649 0.7066 0.2362, 2.6853 0.7827 0.2362, 2.6791 0.7007 0.2362, 2.7185 0.7689 0.2362, 2.6914 0.6914 0.2362, 2.747 0.747 0.2362, 2.7007 0.6791 0.2362, 2.7689 0.7185 0.2362, 2.7066 0.6649 0.2362, 2.7827 0.6853 0.2362, 2.7087 0.6496 0.2362, 2.7874 0.6496 0.2362, 2.7087 0.2717 0.2362, 2.7874 0.2717 0.2362, 2.4016 0.7087 0.6299, 2.4016 0.7874 0.6299, 2.3504 0.7087 0.6299, 2.3504 0.7874 0.6299, 2.3351 0.7066 0.6299, 2.3147 0.7827 0.6299, 2.3209 0.7007 0.6299, 2.2815 0.7689 0.6299, 2.3086 0.6914 0.6299, 2.253 0.747 0.6299, 2.2993 0.6791 0.6299, 2.2311 0.7185 0.6299, 2.2934 0.6649 0.6299, 2.2173 0.6853 0.6299, 2.2913 0.6496 0.6299, 2.2126 0.6496 0.6299, 2.2913 0.5984 0.6299, 2.2126 0.5984 0.6299, 2.7087 0.4016 0.6299, 2.7087 0.2126 0.6299, 2.7874 0.4016 0.6299, 2.7874 0.2126 0.6299, 2.7087 0.5984 0.6299, 2.7874 0.5984 0.6299, 2.7087 0.6496 0.6299, 2.7874 0.6496 0.6299, 2.7066 0.6649 0.6299, 2.7827 0.6853 0.6299, 2.7007 0.6791 0.6299, 2.7689 0.7185 0.6299, 2.6914 0.6914 0.6299, 2.747 0.747 0.6299, 2.6791 0.7007 0.6299, 2.7185 0.7689 0.6299, 2.6649 0.7066 0.6299, 2.6853 0.7827 0.6299, 2.6496 0.7087 0.6299, 2.6496 0.7874 0.6299, 2.5984 0.7087 0.6299, 2.5984 0.7874 0.6299, 2.7874 0.2126 0.2953, 2.7087 0.2126 0.2953, 2.7874 0.2146 0.28, 2.7874 0.2205 0.2657, 2.7874 0.2299 0.2535, 2.7874 0.2421 0.2441, 2.7874 0.2564 0.2382, 2.6496 0.7874 0.235, 2.6319 0.7874 0.2283, 2.6197 0.7874 0.2189, 2.3956 0.7874 0.1925, 2.6103 0.7874 0.2067, 2.3504 0.7874 0.235, 2.3539 0.7874 0.2342, 2.3681 0.7874 0.2283, 2.3803 0.7874 0.2189, 2.3897 0.7874 0.2067, 2.6461 0.7874 0.2342, 2.6024 0.7874 0.1772, 2.6024 0.7874 0.0394, 2.3976 0.7874 0.0394, 2.6044 0.7874 0.1925, 2.3976 0.7874 0.1772, 2.3386 0.7869 0.2362, 2.3147 0.7827 0.2362, 2.2815 0.7689 0.2362, 2.253 0.747 0.2362, 2.2311 0.7185 0.2362, 2.2173 0.6853 0.2362, 2.2126 0.6496 0.2362, 2.2126 0.2126 0.2953, 2.2126 0.2126 0.6299, 2.2126 0.4016 0.6299, 2.2126 0.2205 0.2657, 2.2126 0.2146 0.28, 2.2126 0.2299 0.2535, 2.2126 0.2421 0.2441, 2.2126 0.2717 0.2362, 2.2126 0.2564 0.2382, 2.2913 0.2126 0.2953, 2.2913 0.2126 0.6299, 2.2913 0.6496 0.2362, 2.2913 0.2717 0.2362, 2.2913 0.4016 0.6299, 2.2913 0.2205 0.2657, 2.2913 0.2299 0.2535, 2.2913 0.2421 0.2441, 2.2913 0.2146 0.28, 2.2913 0.2564 0.2382, 2.3445 0.7084 0.2359, 2.3504 0.7087 0.235, 2.2934 0.6649 0.2362, 2.2993 0.6791 0.2362, 2.3086 0.6914 0.2362, 2.3209 0.7007 0.2362, 2.3351 0.7066 0.2362, 2.3386 0.7075 0.2362, 2.3681 0.7087 0.2283, 2.3803 0.7087 0.2189, 2.6044 0.7087 0.1925, 2.3897 0.7087 0.2067, 2.6496 0.7087 0.235, 2.6461 0.7087 0.2342, 2.6319 0.7087 0.2283, 2.6197 0.7087 0.2189, 2.6103 0.7087 0.2067, 2.3539 0.7087 0.2342, 2.3976 0.7087 0.1772, 2.3976 0.7087 0.0394, 2.6024 0.7087 0.0394, 2.3956 0.7087 0.1925, 2.6024 0.7087 0.1772, 2.6555 0.7084 0.2359, 2.7087 0.2146 0.28, 2.7087 0.2421 0.2441, 2.7087 0.2299 0.2535, 2.7087 0.2205 0.2657, 2.7087 0.2564 0.2382, 2.4016 0.671 1.5469, 2.4016 0.6435 1.4566, 2.5984 0.671 1.5469, 2.5984 0.6435 1.4566, 2.4016 0.7463 1.524, 2.5984 0.7463 1.524, 2.4016 0.7188 1.4337, 2.5984 0.7188 1.4337, 2.4016 0.7127 1.403, 2.5984 0.7127 1.403, 2.4016 0.7128 1.3717, 2.5984 0.7128 1.3717, 2.4016 0.7855 0.6662, 2.5984 0.7855 0.6662, 2.4016 0.7072 0.6582, 2.5984 0.7072 0.6582, 2.4016 0.6345 1.3636, 2.5984 0.6345 1.3636, 2.5984 0.6344 1.4105, 2.4016 0.6344 1.4105, 2.671 0.5984 1.5469, 2.6435 0.5984 1.4566, 2.671 0.4016 1.5469, 2.6435 0.4016 1.4566, 2.7463 0.5984 1.524, 2.7463 0.4016 1.524, 2.7188 0.5984 1.4337, 2.7188 0.4016 1.4337, 2.7127 0.5984 1.403, 2.7127 0.4016 1.403, 2.7128 0.5984 1.3717, 2.7128 0.4016 1.3717, 2.7855 0.5984 0.6662, 2.7855 0.4016 0.6662, 2.7072 0.5984 0.6582, 2.7072 0.4016 0.6582, 2.6345 0.5984 1.3636, 2.6345 0.4016 1.3636, 2.6344 0.4016 1.4105, 2.6344 0.5984 1.4105, 2.329 0.4016 1.5469, 2.3565 0.4016 1.4566, 2.329 0.5984 1.5469, 2.3565 0.5984 1.4566, 2.2537 0.4016 1.524, 2.2537 0.5984 1.524, 2.2812 0.4016 1.4337, 2.2812 0.5984 1.4337, 2.2873 0.4016 1.403, 2.2873 0.5984 1.403, 2.2872 0.4016 1.3717, 2.2872 0.5984 1.3717, 2.2145 0.4016 0.6662, 2.2145 0.5984 0.6662, 2.2928 0.4016 0.6582, 2.2928 0.5984 0.6582, 2.3655 0.4016 1.3636, 2.3655 0.5984 1.3636, 2.3656 0.5984 1.4105, 2.3656 0.4016 1.4105, 2.5039 1.4567 -0.0394, 2.3976 0.8661 -0.0394, 2.6024 0.8661 -0.0394, 2.401 1.3837 -0.0394, 2.3976 1.3583 -0.0394, 2.4706 1.4533 -0.0394, 2.5735 1.4279 -0.0394, 2.5531 1.4435 -0.0394, 2.5294 1.4533 -0.0394, 2.4961 1.4567 -0.0394, 2.6024 1.3583 -0.0394, 2.599 1.3837 -0.0394, 2.5892 1.4075 -0.0394, 2.4469 1.4435 -0.0394, 2.4265 1.4279 -0.0394, 2.4108 1.4075 -0.0394, 2.5039 1.4567 -0.1181, 2.4961 1.4567 -0.1181, 2.6024 0.8661 -0.1181, 2.3976 0.8661 -0.1181, 2.6024 1.3583 -0.1181, 2.3976 1.3583 -0.1181, 2.5294 1.4533 -0.1181, 2.599 1.3837 -0.1181, 2.401 1.3837 -0.1181, 2.4108 1.4075 -0.1181, 2.4265 1.4279 -0.1181, 2.4469 1.4435 -0.1181, 2.4706 1.4533 -0.1181, 2.5531 1.4435 -0.1181, 2.5735 1.4279 -0.1181, 2.5892 1.4075 -0.1181, 2.6024 0.8311 -0.1142, 2.3976 0.8311 -0.1142, 2.6024 0.7978 -0.1025, 2.3976 0.7978 -0.1025, 2.6024 0.768 -0.0838, 2.3976 0.768 -0.0838, 2.6024 0.743 -0.0588, 2.3976 0.743 -0.0588, 2.6024 0.7243 -0.029, 2.3976 0.7243 -0.029, 2.6024 0.7126 0.0043, 2.3976 0.7126 0.0043, 2.3976 0.7901 0.019, 2.6024 0.7901 0.019, 2.3976 0.798 0.0, 2.6024 0.798 0.0, 2.3976 0.8105 -0.0163, 2.6024 0.8105 -0.0163, 2.3976 0.8268 -0.0288, 2.6024 0.8268 -0.0288, 2.3976 0.8458 -0.0367, 2.6024 0.8458 -0.0367, 3.6614 0.7075 0.2362, 3.6614 0.7869 0.2362, 3.6649 0.7066 0.2362, 3.6853 0.7827 0.2362, 3.6791 0.7007 0.2362, 3.7185 0.7689 0.2362, 3.6914 0.6914 0.2362, 3.747 0.747 0.2362, 3.7007 0.6791 0.2362, 3.7689 0.7185 0.2362, 3.7066 0.6649 0.2362, 3.7827 0.6853 0.2362, 3.7087 0.6496 0.2362, 3.7874 0.6496 0.2362, 3.7087 0.2717 0.2362, 3.7874 0.2717 0.2362, 3.4016 0.7087 0.6299, 3.4016 0.7874 0.6299, 3.3504 0.7087 0.6299, 3.3504 0.7874 0.6299, 3.3351 0.7066 0.6299, 3.3147 0.7827 0.6299, 3.3209 0.7007 0.6299, 3.2815 0.7689 0.6299, 3.3086 0.6914 0.6299, 3.253 0.747 0.6299, 3.2993 0.6791 0.6299, 3.2311 0.7185 0.6299, 3.2934 0.6649 0.6299, 3.2173 0.6853 0.6299, 3.2913 0.6496 0.6299, 3.2126 0.6496 0.6299, 3.2913 0.5984 0.6299, 3.2126 0.5984 0.6299, 3.7087 0.4016 0.6299, 3.7087 0.2126 0.6299, 3.7874 0.4016 0.6299, 3.7874 0.2126 0.6299, 3.7087 0.5984 0.6299, 3.7874 0.5984 0.6299, 3.7087 0.6496 0.6299, 3.7874 0.6496 0.6299, 3.7066 0.6649 0.6299, 3.7827 0.6853 0.6299, 3.7007 0.6791 0.6299, 3.7689 0.7185 0.6299, 3.6914 0.6914 0.6299, 3.747 0.747 0.6299, 3.6791 0.7007 0.6299, 3.7185 0.7689 0.6299, 3.6649 0.7066 0.6299, 3.6853 0.7827 0.6299, 3.6496 0.7087 0.6299, 3.6496 0.7874 0.6299, 3.5984 0.7087 0.6299, 3.5984 0.7874 0.6299, 3.7874 0.2126 0.2953, 3.7087 0.2126 0.2953, 3.7874 0.2146 0.28, 3.7874 0.2205 0.2657, 3.7874 0.2299 0.2535, 3.7874 0.2421 0.2441, 3.7874 0.2564 0.2382, 3.6496 0.7874 0.235, 3.6461 0.7874 0.2342, 3.6319 0.7874 0.2283, 3.6197 0.7874 0.2189, 3.3504 0.7874 0.235, 3.6103 0.7874 0.2067, 3.3539 0.7874 0.2342, 3.3681 0.7874 0.2283, 3.6024 0.7874 0.1772, 3.6024 0.7874 0.0394, 3.3976 0.7874 0.0394, 3.3976 0.7874 0.1772, 3.3956 0.7874 0.1925, 3.6044 0.7874 0.1925, 3.3897 0.7874 0.2067, 3.3803 0.7874 0.2189, 3.3386 0.7869 0.2362, 3.3147 0.7827 0.2362, 3.2815 0.7689 0.2362, 3.253 0.747 0.2362, 3.2311 0.7185 0.2362, 3.2173 0.6853 0.2362, 3.2126 0.6496 0.2362, 3.2126 0.2126 0.2953, 3.2126 0.2126 0.6299, 3.2126 0.4016 0.6299, 3.2126 0.2205 0.2657, 3.2126 0.2146 0.28, 3.2126 0.2299 0.2535, 3.2126 0.2421 0.2441, 3.2126 0.2717 0.2362, 3.2126 0.2564 0.2382, 3.2913 0.2126 0.2953, 3.2913 0.2126 0.6299, 3.2913 0.6496 0.2362, 3.2913 0.2717 0.2362, 3.2913 0.4016 0.6299, 3.2913 0.2205 0.2657, 3.2913 0.2299 0.2535, 3.2913 0.2421 0.2441, 3.2913 0.2146 0.28, 3.2913 0.2564 0.2382, 3.3445 0.7084 0.2359, 3.3504 0.7087 0.235, 3.2934 0.6649 0.2362, 3.2993 0.6791 0.2362, 3.3086 0.6914 0.2362, 3.3209 0.7007 0.2362, 3.3351 0.7066 0.2362, 3.3386 0.7075 0.2362, 3.3539 0.7087 0.2342, 3.3681 0.7087 0.2283, 3.3803 0.7087 0.2189, 3.6496 0.7087 0.235, 3.3897 0.7087 0.2067, 3.6461 0.7087 0.2342, 3.6319 0.7087 0.2283, 3.3976 0.7087 0.1772, 3.3976 0.7087 0.0394, 3.6024 0.7087 0.0394, 3.6024 0.7087 0.1772, 3.6044 0.7087 0.1925, 3.3956 0.7087 0.1925, 3.6103 0.7087 0.2067, 3.6197 0.7087 0.2189, 3.6555 0.7084 0.2359, 3.7087 0.2146 0.28, 3.7087 0.2421 0.2441, 3.7087 0.2299 0.2535, 3.7087 0.2205 0.2657, 3.7087 0.2564 0.2382, 3.4016 0.671 1.5469, 3.4016 0.6435 1.4566, 3.5984 0.671 1.5469, 3.5984 0.6435 1.4566, 3.4016 0.7463 1.524, 3.5984 0.7463 1.524, 3.4016 0.7188 1.4337, 3.5984 0.7188 1.4337, 3.4016 0.7127 1.403, 3.5984 0.7127 1.403, 3.4016 0.7128 1.3717, 3.5984 0.7128 1.3717, 3.4016 0.7855 0.6662, 3.5984 0.7855 0.6662, 3.4016 0.7072 0.6582, 3.5984 0.7072 0.6582, 3.4016 0.6345 1.3636, 3.5984 0.6345 1.3636, 3.5984 0.6344 1.4105, 3.4016 0.6344 1.4105, 3.671 0.5984 1.5469, 3.6435 0.5984 1.4566, 3.671 0.4016 1.5469, 3.6435 0.4016 1.4566, 3.7463 0.5984 1.524, 3.7463 0.4016 1.524, 3.7188 0.5984 1.4337, 3.7188 0.4016 1.4337, 3.7127 0.5984 1.403, 3.7127 0.4016 1.403, 3.7128 0.5984 1.3717, 3.7128 0.4016 1.3717, 3.7855 0.5984 0.6662, 3.7855 0.4016 0.6662, 3.7072 0.5984 0.6582, 3.7072 0.4016 0.6582, 3.6345 0.5984 1.3636, 3.6345 0.4016 1.3636, 3.6344 0.4016 1.4105, 3.6344 0.5984 1.4105, 3.329 0.4016 1.5469, 3.3565 0.4016 1.4566, 3.329 0.5984 1.5469, 3.3565 0.5984 1.4566, 3.2537 0.4016 1.524, 3.2537 0.5984 1.524, 3.2812 0.4016 1.4337, 3.2812 0.5984 1.4337, 3.2873 0.4016 1.403, 3.2873 0.5984 1.403, 3.2872 0.4016 1.3717, 3.2872 0.5984 1.3717, 3.2145 0.4016 0.6662, 3.2145 0.5984 0.6662, 3.2928 0.4016 0.6582, 3.2928 0.5984 0.6582, 3.3655 0.4016 1.3636, 3.3655 0.5984 1.3636, 3.3656 0.5984 1.4105, 3.3656 0.4016 1.4105, 3.3976 0.8661 -0.0394, 3.6024 0.8661 -0.0394, 3.3976 1.3583 -0.0394, 3.6024 1.3583 -0.0394, 3.599 1.3837 -0.0394, 3.5892 1.4075 -0.0394, 3.5735 1.4279 -0.0394, 3.5531 1.4435 -0.0394, 3.4961 1.4567 -0.0394, 3.401 1.3837 -0.0394, 3.4108 1.4075 -0.0394, 3.5294 1.4533 -0.0394, 3.5039 1.4567 -0.0394, 3.4265 1.4279 -0.0394, 3.4706 1.4533 -0.0394, 3.4469 1.4435 -0.0394, 3.5039 1.4567 -0.1181, 3.4961 1.4567 -0.1181, 3.6024 0.8661 -0.1181, 3.3976 0.8661 -0.1181, 3.6024 1.3583 -0.1181, 3.3976 1.3583 -0.1181, 3.401 1.3837 -0.1181, 3.4108 1.4075 -0.1181, 3.4265 1.4279 -0.1181, 3.4469 1.4435 -0.1181, 3.599 1.3837 -0.1181, 3.5892 1.4075 -0.1181, 3.4706 1.4533 -0.1181, 3.5735 1.4279 -0.1181, 3.5294 1.4533 -0.1181, 3.5531 1.4435 -0.1181, 3.6024 0.8311 -0.1142, 3.3976 0.8311 -0.1142, 3.6024 0.7978 -0.1025, 3.3976 0.7978 -0.1025, 3.6024 0.768 -0.0838, 3.3976 0.768 -0.0838, 3.6024 0.743 -0.0588, 3.3976 0.743 -0.0588, 3.6024 0.7243 -0.029, 3.3976 0.7243 -0.029, 3.6024 0.7126 0.0043, 3.3976 0.7126 0.0043, 3.3976 0.7901 0.019, 3.6024 0.7901 0.019, 3.3976 0.798 0.0, 3.6024 0.798 0.0, 3.3976 0.8105 -0.0163, 3.6024 0.8105 -0.0163, 3.3976 0.8268 -0.0288, 3.6024 0.8268 -0.0288, 3.3976 0.8458 -0.0367, 3.6024 0.8458 -0.0367, 3.6024 0.8458 -0.0367
            ]
        }
        coordIndex [
            0,1,2,-1,2,1,3,-1,2,3,4,-1,4,3,5,-1,4,5,6,-1,6,5,7,-1,6,7,8,-1,8,7,9,-1,8,9,10,-1,10,9,11,-1,10,11,12,-1,12,11,13,-1,12,13,14,-1,14,13,15,-1,16,17,18,-1,18,17,19,-1,18,19,20,-1,20,19,21,-1,20,21,22,-1,22,21,23,-1,22,23,24,-1,24,23,25,-1,24,25,26,-1,26,25,27,-1,26,27,28,-1,28,27,29,-1,28,29,30,-1,30,29,31,-1,30,31,32,-1,32,31,33,-1,34,35,36,-1,36,35,37,-1,38,39,40,-1,40,39,41,-1,40,41,42,-1,42,41,43,-1,42,43,44,-1,44,43,45,-1,44,45,46,-1,46,45,47,-1,46,47,48,-1,48,47,49,-1,48,49,50,-1,50,49,51,-1,50,51,52,-1,52,51,53,-1,52,53,54,-1,54,53,55,-1,36,56,34,-1,34,56,57,-1,56,36,37,-1,58,56,1,-1,1,56,37,-1,1,37,3,-1,3,37,55,-1,3,55,53,-1,1,59,58,-1,58,59,60,-1,58,60,61,-1,61,60,62,-1,41,63,15,-1,41,15,43,-1,15,13,43,-1,43,13,11,-1,43,11,45,-1,45,11,9,-1,45,9,47,-1,47,9,7,-1,47,7,49,-1,49,7,5,-1,49,5,51,-1,51,5,3,-1,51,3,53,-1,64,65,66,-1,66,65,67,-1,63,41,68,-1,68,41,39,-1,68,39,69,-1,69,39,33,-1,69,33,70,-1,70,33,31,-1,70,31,71,-1,71,31,72,-1,71,72,65,-1,65,72,73,-1,65,73,67,-1,74,75,76,-1,64,77,65,-1,65,77,74,-1,65,74,78,-1,78,74,76,-1,79,72,31,-1,79,31,80,-1,31,29,80,-1,80,29,27,-1,80,27,81,-1,81,27,25,-1,81,25,82,-1,82,25,23,-1,82,23,83,-1,83,23,21,-1,83,21,84,-1,84,21,19,-1,84,19,85,-1,86,87,17,-1,17,87,85,-1,17,85,19,-1,86,88,87,-1,87,88,89,-1,87,89,90,-1,91,92,93,-1,93,92,87,-1,93,87,94,-1,94,87,90,-1,95,96,88,-1,88,96,89,-1,97,96,98,-1,99,100,101,-1,18,102,16,-1,16,102,98,-1,16,98,103,-1,103,98,96,-1,103,96,95,-1,99,101,98,-1,98,101,104,-1,98,104,97,-1,105,106,30,-1,30,106,107,-1,30,107,28,-1,28,107,108,-1,28,108,26,-1,26,108,109,-1,26,109,24,-1,24,109,110,-1,24,110,22,-1,22,110,111,-1,22,111,20,-1,20,111,112,-1,20,112,18,-1,18,112,102,-1,113,114,30,-1,30,114,115,-1,30,115,105,-1,40,116,38,-1,38,116,117,-1,38,117,32,-1,32,117,118,-1,32,118,30,-1,30,118,119,-1,30,119,113,-1,120,121,119,-1,119,121,122,-1,119,122,113,-1,123,124,125,-1,120,126,121,-1,121,126,123,-1,121,123,127,-1,127,123,125,-1,128,116,40,-1,52,2,50,-1,50,2,4,-1,50,4,48,-1,48,4,6,-1,48,6,46,-1,46,6,8,-1,46,8,44,-1,44,8,10,-1,44,10,42,-1,42,10,12,-1,42,12,40,-1,40,12,14,-1,40,14,128,-1,35,0,54,-1,54,0,2,-1,54,2,52,-1,35,34,0,-1,0,34,57,-1,0,57,129,-1,130,131,132,-1,129,57,132,-1,132,57,133,-1,132,133,130,-1,95,88,103,-1,103,88,86,-1,107,79,108,-1,108,79,80,-1,108,80,109,-1,109,80,81,-1,109,81,110,-1,110,81,82,-1,110,82,111,-1,111,82,83,-1,111,83,112,-1,112,83,84,-1,112,84,102,-1,102,84,85,-1,102,85,98,-1,98,85,87,-1,134,135,136,-1,136,135,137,-1,135,138,137,-1,137,138,139,-1,138,140,139,-1,139,140,141,-1,142,143,144,-1,144,143,145,-1,144,145,140,-1,140,145,141,-1,142,146,143,-1,143,146,147,-1,39,147,33,-1,33,147,146,-1,148,149,32,-1,32,149,38,-1,148,150,149,-1,149,150,151,-1,134,136,152,-1,134,152,153,-1,153,152,151,-1,153,151,150,-1,32,33,148,-1,148,33,146,-1,148,146,150,-1,150,146,142,-1,150,142,153,-1,153,142,144,-1,153,144,134,-1,134,144,140,-1,134,140,135,-1,135,140,138,-1,137,139,136,-1,136,139,141,-1,136,141,152,-1,152,141,145,-1,152,145,151,-1,151,145,143,-1,151,143,149,-1,149,143,147,-1,149,147,38,-1,38,147,39,-1,154,155,156,-1,156,155,157,-1,155,158,157,-1,157,158,159,-1,158,160,159,-1,159,160,161,-1,162,163,164,-1,164,163,165,-1,164,165,160,-1,160,165,161,-1,162,166,163,-1,163,166,167,-1,37,167,55,-1,55,167,166,-1,168,169,54,-1,54,169,35,-1,168,170,169,-1,169,170,171,-1,154,156,172,-1,154,172,173,-1,173,172,171,-1,173,171,170,-1,54,55,168,-1,168,55,166,-1,168,166,170,-1,170,166,162,-1,170,162,173,-1,173,162,164,-1,173,164,154,-1,154,164,160,-1,154,160,155,-1,155,160,158,-1,157,159,156,-1,156,159,161,-1,156,161,172,-1,172,161,165,-1,172,165,171,-1,171,165,163,-1,171,163,169,-1,169,163,167,-1,169,167,35,-1,35,167,37,-1,174,175,176,-1,176,175,177,-1,175,178,177,-1,177,178,179,-1,178,180,179,-1,179,180,181,-1,182,183,184,-1,184,183,185,-1,184,185,180,-1,180,185,181,-1,182,186,183,-1,183,186,187,-1,17,187,86,-1,86,187,186,-1,188,189,103,-1,103,189,16,-1,188,190,189,-1,189,190,191,-1,174,176,192,-1,174,192,193,-1,193,192,191,-1,193,191,190,-1,103,86,188,-1,188,86,186,-1,188,186,190,-1,190,186,182,-1,190,182,193,-1,193,182,184,-1,193,184,174,-1,174,184,180,-1,174,180,175,-1,175,180,178,-1,177,179,176,-1,176,179,181,-1,176,181,192,-1,192,181,185,-1,192,185,191,-1,191,185,183,-1,191,183,189,-1,189,183,187,-1,189,187,16,-1,16,187,17,-1,194,195,196,-1,196,195,197,-1,196,197,198,-1,194,196,199,-1,199,196,200,-1,199,200,201,-1,198,202,196,-1,196,202,203,-1,196,203,204,-1,204,203,205,-1,201,206,207,-1,207,208,201,-1,201,208,209,-1,201,209,199,-1,210,211,196,-1,196,211,200,-1,212,213,214,-1,214,213,215,-1,211,210,214,-1,214,210,216,-1,215,217,214,-1,214,217,218,-1,214,218,219,-1,219,220,214,-1,214,220,221,-1,214,221,211,-1,216,222,223,-1,223,224,216,-1,216,224,225,-1,216,225,214,-1,125,124,226,-1,125,226,227,-1,227,226,228,-1,227,228,229,-1,229,228,230,-1,229,230,231,-1,231,230,232,-1,231,232,233,-1,233,232,234,-1,233,234,235,-1,235,234,236,-1,235,236,237,-1,237,236,213,-1,237,213,212,-1,195,194,238,-1,238,194,239,-1,238,239,240,-1,240,239,241,-1,240,241,242,-1,242,241,243,-1,242,243,244,-1,244,243,245,-1,244,245,246,-1,246,245,247,-1,246,247,75,-1,75,247,76,-1,214,197,212,-1,212,197,195,-1,212,195,237,-1,237,195,238,-1,237,238,235,-1,235,238,240,-1,235,240,233,-1,233,240,242,-1,74,127,75,-1,75,127,125,-1,75,125,246,-1,246,125,227,-1,246,227,244,-1,244,227,229,-1,244,229,242,-1,242,229,231,-1,242,231,233,-1,199,215,194,-1,194,215,213,-1,194,213,239,-1,239,213,236,-1,239,236,241,-1,236,234,241,-1,241,234,232,-1,241,232,243,-1,243,232,230,-1,243,230,245,-1,245,230,228,-1,245,228,247,-1,247,228,226,-1,247,226,76,-1,76,226,124,-1,76,124,78,-1,78,124,123,-1,89,96,97,-1,89,97,90,-1,90,97,104,-1,90,104,94,-1,94,104,101,-1,94,101,93,-1,93,101,100,-1,93,100,91,-1,91,100,99,-1,91,99,92,-1,92,99,98,-1,92,98,87,-1,57,56,58,-1,57,58,133,-1,133,58,61,-1,133,61,130,-1,130,61,62,-1,130,62,131,-1,131,62,60,-1,131,60,132,-1,132,60,59,-1,132,59,129,-1,129,59,1,-1,129,1,0,-1,78,123,65,-1,65,123,126,-1,65,126,71,-1,71,126,120,-1,71,120,70,-1,70,120,119,-1,70,119,69,-1,69,119,118,-1,69,118,68,-1,68,118,117,-1,68,117,63,-1,63,117,116,-1,63,116,15,-1,15,116,128,-1,15,128,14,-1,127,74,121,-1,121,74,77,-1,121,77,122,-1,122,77,64,-1,122,64,113,-1,113,64,66,-1,113,66,114,-1,114,66,67,-1,114,67,115,-1,115,67,73,-1,115,73,105,-1,105,73,72,-1,105,72,106,-1,106,72,79,-1,106,79,107,-1,200,211,221,-1,200,221,201,-1,201,221,220,-1,201,220,206,-1,206,220,219,-1,206,219,207,-1,207,219,218,-1,207,218,208,-1,208,218,217,-1,208,217,209,-1,209,217,215,-1,209,215,199,-1,210,196,204,-1,210,204,216,-1,216,204,205,-1,216,205,222,-1,222,205,203,-1,222,203,223,-1,223,203,202,-1,223,202,224,-1,224,202,198,-1,224,198,225,-1,225,198,197,-1,225,197,214,-1,248,249,250,-1,250,249,251,-1,250,251,252,-1,252,251,253,-1,252,253,254,-1,254,253,255,-1,254,255,256,-1,256,255,257,-1,256,257,258,-1,258,257,259,-1,258,259,260,-1,260,259,261,-1,260,261,262,-1,262,261,263,-1,264,265,266,-1,266,265,267,-1,266,267,268,-1,268,267,269,-1,268,269,270,-1,270,269,271,-1,270,271,272,-1,272,271,273,-1,272,273,274,-1,274,273,275,-1,274,275,276,-1,276,275,277,-1,276,277,278,-1,278,277,279,-1,278,279,280,-1,280,279,281,-1,282,283,284,-1,284,283,285,-1,286,287,288,-1,288,287,289,-1,288,289,290,-1,290,289,291,-1,290,291,292,-1,292,291,293,-1,292,293,294,-1,294,293,295,-1,294,295,296,-1,296,295,297,-1,296,297,298,-1,298,297,299,-1,298,299,300,-1,300,299,301,-1,300,301,302,-1,302,301,303,-1,284,304,282,-1,282,304,305,-1,249,285,251,-1,251,285,303,-1,251,303,301,-1,284,285,304,-1,304,285,249,-1,304,249,306,-1,306,249,307,-1,307,249,308,-1,308,249,309,-1,308,309,310,-1,289,311,263,-1,289,263,291,-1,263,261,291,-1,291,261,259,-1,291,259,293,-1,293,259,257,-1,293,257,295,-1,295,257,255,-1,295,255,297,-1,297,255,253,-1,297,253,299,-1,299,253,251,-1,299,251,301,-1,312,313,314,-1,314,313,315,-1,316,317,318,-1,311,289,319,-1,319,289,287,-1,319,287,320,-1,320,287,281,-1,320,281,321,-1,321,281,279,-1,321,279,322,-1,322,279,323,-1,322,323,314,-1,314,323,324,-1,314,324,312,-1,315,325,314,-1,314,325,316,-1,314,316,326,-1,326,316,318,-1,327,323,279,-1,327,279,328,-1,279,277,328,-1,328,277,275,-1,328,275,329,-1,329,275,273,-1,329,273,330,-1,330,273,271,-1,330,271,331,-1,331,271,269,-1,331,269,332,-1,332,269,267,-1,332,267,333,-1,334,335,265,-1,265,335,333,-1,265,333,267,-1,334,336,335,-1,335,336,337,-1,335,337,338,-1,338,339,335,-1,335,339,340,-1,335,340,341,-1,341,340,342,-1,343,344,336,-1,336,344,337,-1,266,345,264,-1,264,345,346,-1,264,346,347,-1,347,346,344,-1,347,344,343,-1,348,349,350,-1,350,349,351,-1,350,351,346,-1,346,351,352,-1,346,352,344,-1,353,354,278,-1,278,354,355,-1,278,355,276,-1,276,355,356,-1,276,356,274,-1,274,356,357,-1,274,357,272,-1,272,357,358,-1,272,358,270,-1,270,358,359,-1,270,359,268,-1,268,359,360,-1,268,360,266,-1,266,360,345,-1,361,362,363,-1,363,362,364,-1,365,366,367,-1,353,278,368,-1,368,278,280,-1,368,280,369,-1,369,280,286,-1,369,286,370,-1,370,286,288,-1,370,288,371,-1,371,288,372,-1,371,372,363,-1,363,372,373,-1,363,373,361,-1,364,374,363,-1,363,374,365,-1,363,365,375,-1,375,365,367,-1,376,372,288,-1,300,250,298,-1,298,250,252,-1,298,252,296,-1,296,252,254,-1,296,254,294,-1,294,254,256,-1,294,256,292,-1,292,256,258,-1,292,258,290,-1,290,258,260,-1,290,260,288,-1,288,260,262,-1,288,262,376,-1,250,300,302,-1,250,302,248,-1,248,302,283,-1,248,283,282,-1,282,305,248,-1,248,305,377,-1,248,377,378,-1,378,379,248,-1,248,379,380,-1,248,380,381,-1,343,336,347,-1,347,336,334,-1,355,327,356,-1,356,327,328,-1,356,328,357,-1,357,328,329,-1,357,329,358,-1,358,329,330,-1,358,330,359,-1,359,330,331,-1,359,331,360,-1,360,331,332,-1,360,332,345,-1,345,332,333,-1,345,333,346,-1,346,333,335,-1,382,383,384,-1,384,383,385,-1,383,386,385,-1,385,386,387,-1,386,388,387,-1,387,388,389,-1,390,391,392,-1,392,391,393,-1,392,393,388,-1,388,393,389,-1,390,394,391,-1,391,394,395,-1,287,395,281,-1,281,395,394,-1,396,397,280,-1,280,397,286,-1,396,398,397,-1,397,398,399,-1,382,384,400,-1,382,400,401,-1,401,400,399,-1,401,399,398,-1,280,281,396,-1,396,281,394,-1,396,394,398,-1,398,394,390,-1,398,390,401,-1,401,390,392,-1,401,392,382,-1,382,392,388,-1,382,388,383,-1,383,388,386,-1,385,387,384,-1,384,387,389,-1,384,389,400,-1,400,389,393,-1,400,393,399,-1,399,393,391,-1,399,391,397,-1,397,391,395,-1,397,395,286,-1,286,395,287,-1,402,403,404,-1,404,403,405,-1,403,406,405,-1,405,406,407,-1,406,408,407,-1,407,408,409,-1,410,411,412,-1,412,411,413,-1,412,413,408,-1,408,413,409,-1,410,414,411,-1,411,414,415,-1,285,415,303,-1,303,415,414,-1,416,417,302,-1,302,417,283,-1,416,418,417,-1,417,418,419,-1,402,404,420,-1,402,420,421,-1,421,420,419,-1,421,419,418,-1,302,303,416,-1,416,303,414,-1,416,414,418,-1,418,414,410,-1,418,410,421,-1,421,410,412,-1,421,412,402,-1,402,412,408,-1,402,408,403,-1,403,408,406,-1,405,407,404,-1,404,407,409,-1,404,409,420,-1,420,409,413,-1,420,413,419,-1,419,413,411,-1,419,411,417,-1,417,411,415,-1,417,415,283,-1,283,415,285,-1,422,423,424,-1,424,423,425,-1,423,426,425,-1,425,426,427,-1,426,428,427,-1,427,428,429,-1,430,431,432,-1,432,431,433,-1,432,433,428,-1,428,433,429,-1,430,434,431,-1,431,434,435,-1,265,435,334,-1,334,435,434,-1,436,437,347,-1,347,437,264,-1,436,438,437,-1,437,438,439,-1,422,424,440,-1,422,440,441,-1,441,440,439,-1,441,439,438,-1,347,334,436,-1,436,334,434,-1,436,434,438,-1,438,434,430,-1,438,430,441,-1,441,430,432,-1,441,432,422,-1,422,432,428,-1,422,428,423,-1,423,428,426,-1,425,427,424,-1,424,427,429,-1,424,429,440,-1,440,429,433,-1,440,433,439,-1,439,433,431,-1,439,431,437,-1,437,431,435,-1,437,435,264,-1,264,435,265,-1,442,443,444,-1,445,446,447,-1,443,442,448,-1,448,442,449,-1,448,449,450,-1,444,451,442,-1,442,451,452,-1,442,452,447,-1,447,452,453,-1,447,453,445,-1,450,454,455,-1,455,456,450,-1,450,456,457,-1,450,457,448,-1,458,459,442,-1,442,459,449,-1,460,461,462,-1,462,461,463,-1,459,458,462,-1,462,458,464,-1,463,465,462,-1,462,465,466,-1,462,466,467,-1,467,468,462,-1,462,468,469,-1,462,469,459,-1,464,470,471,-1,471,472,464,-1,464,472,473,-1,464,473,462,-1,367,366,474,-1,367,474,475,-1,475,474,476,-1,475,476,477,-1,477,476,478,-1,477,478,479,-1,479,478,480,-1,479,480,481,-1,481,480,482,-1,481,482,483,-1,483,482,484,-1,483,484,485,-1,485,484,461,-1,485,461,460,-1,444,443,486,-1,486,443,487,-1,486,487,488,-1,488,487,489,-1,488,489,490,-1,490,489,491,-1,490,491,492,-1,492,491,493,-1,492,493,494,-1,494,493,495,-1,494,495,317,-1,317,495,318,-1,462,451,460,-1,460,451,444,-1,460,444,485,-1,485,444,486,-1,485,486,483,-1,483,486,488,-1,483,488,481,-1,481,488,490,-1,316,375,317,-1,317,375,367,-1,317,367,494,-1,494,367,475,-1,494,475,492,-1,492,475,477,-1,492,477,490,-1,490,477,479,-1,490,479,481,-1,448,463,443,-1,443,463,461,-1,443,461,487,-1,487,461,484,-1,487,484,489,-1,484,482,489,-1,489,482,480,-1,489,480,491,-1,491,480,478,-1,491,478,493,-1,493,478,476,-1,493,476,495,-1,495,476,474,-1,495,474,318,-1,318,474,366,-1,318,366,326,-1,326,366,365,-1,337,344,352,-1,337,352,338,-1,338,352,351,-1,338,351,339,-1,339,351,349,-1,339,349,340,-1,340,349,348,-1,340,348,342,-1,342,348,350,-1,342,350,341,-1,341,350,346,-1,341,346,335,-1,305,304,306,-1,305,306,377,-1,377,306,307,-1,377,307,378,-1,378,307,308,-1,378,308,379,-1,379,308,310,-1,379,310,380,-1,380,310,309,-1,380,309,381,-1,381,309,249,-1,381,249,248,-1,326,365,314,-1,314,365,374,-1,314,374,322,-1,322,374,364,-1,322,364,321,-1,321,364,362,-1,321,362,320,-1,320,362,361,-1,320,361,319,-1,319,361,373,-1,319,373,311,-1,311,373,372,-1,311,372,263,-1,263,372,376,-1,263,376,262,-1,375,316,363,-1,363,316,325,-1,363,325,371,-1,371,325,315,-1,371,315,370,-1,370,315,313,-1,370,313,369,-1,369,313,312,-1,369,312,368,-1,368,312,324,-1,368,324,353,-1,353,324,323,-1,353,323,354,-1,354,323,327,-1,354,327,355,-1,449,459,469,-1,449,469,450,-1,450,469,468,-1,450,468,454,-1,454,468,467,-1,454,467,455,-1,455,467,466,-1,455,466,456,-1,456,466,465,-1,456,465,457,-1,457,465,463,-1,457,463,448,-1,458,442,447,-1,458,447,464,-1,464,447,446,-1,464,446,470,-1,470,446,445,-1,470,445,471,-1,471,445,453,-1,471,453,472,-1,472,453,452,-1,472,452,473,-1,473,452,451,-1,473,451,462,-1,496,497,498,-1,498,497,499,-1,498,499,500,-1,500,499,501,-1,500,501,502,-1,502,501,503,-1,502,503,504,-1,504,503,505,-1,504,505,506,-1,506,505,507,-1,506,507,508,-1,508,507,509,-1,508,509,510,-1,510,509,511,-1,512,513,514,-1,514,513,515,-1,514,515,516,-1,516,515,517,-1,516,517,518,-1,518,517,519,-1,518,519,520,-1,520,519,521,-1,520,521,522,-1,522,521,523,-1,522,523,524,-1,524,523,525,-1,524,525,526,-1,526,525,527,-1,526,527,528,-1,528,527,529,-1,530,531,532,-1,532,531,533,-1,534,535,536,-1,536,535,537,-1,536,537,538,-1,538,537,539,-1,538,539,540,-1,540,539,541,-1,540,541,542,-1,542,541,543,-1,542,543,544,-1,544,543,545,-1,544,545,546,-1,546,545,547,-1,546,547,548,-1,548,547,549,-1,548,549,550,-1,550,549,551,-1,532,552,530,-1,530,552,553,-1,497,533,499,-1,499,533,551,-1,499,551,549,-1,532,533,552,-1,552,533,497,-1,552,497,554,-1,554,497,555,-1,555,497,556,-1,556,497,557,-1,556,557,558,-1,537,559,511,-1,537,511,539,-1,511,509,539,-1,539,509,507,-1,539,507,541,-1,541,507,505,-1,541,505,543,-1,543,505,503,-1,543,503,545,-1,545,503,501,-1,545,501,547,-1,547,501,499,-1,547,499,549,-1,527,560,529,-1,529,560,561,-1,529,561,535,-1,535,561,562,-1,535,562,537,-1,537,562,563,-1,537,563,559,-1,559,563,564,-1,559,564,565,-1,565,564,566,-1,567,568,569,-1,569,570,567,-1,567,570,571,-1,567,571,572,-1,572,571,573,-1,572,573,564,-1,564,573,574,-1,564,574,566,-1,575,560,527,-1,575,527,576,-1,527,525,576,-1,576,525,523,-1,576,523,577,-1,577,523,521,-1,577,521,578,-1,578,521,519,-1,578,519,579,-1,579,519,517,-1,579,517,580,-1,580,517,515,-1,580,515,581,-1,582,583,513,-1,513,583,581,-1,513,581,515,-1,582,584,583,-1,583,584,585,-1,583,585,586,-1,586,587,583,-1,583,587,588,-1,583,588,589,-1,589,588,590,-1,591,592,584,-1,584,592,585,-1,514,593,512,-1,512,593,594,-1,512,594,595,-1,595,594,592,-1,595,592,591,-1,596,597,598,-1,598,597,599,-1,598,599,594,-1,594,599,600,-1,594,600,592,-1,601,602,526,-1,526,602,603,-1,526,603,524,-1,524,603,604,-1,524,604,522,-1,522,604,605,-1,522,605,520,-1,520,605,606,-1,520,606,518,-1,518,606,607,-1,518,607,516,-1,516,607,608,-1,516,608,514,-1,514,608,593,-1,536,609,534,-1,534,609,610,-1,534,610,528,-1,528,610,611,-1,528,611,526,-1,526,611,612,-1,526,612,601,-1,601,612,613,-1,601,613,614,-1,614,613,615,-1,616,617,618,-1,618,619,616,-1,616,619,620,-1,616,620,621,-1,621,620,622,-1,621,622,613,-1,613,622,623,-1,613,623,615,-1,624,609,536,-1,548,498,546,-1,546,498,500,-1,546,500,544,-1,544,500,502,-1,544,502,542,-1,542,502,504,-1,542,504,540,-1,540,504,506,-1,540,506,538,-1,538,506,508,-1,538,508,536,-1,536,508,510,-1,536,510,624,-1,498,548,550,-1,498,550,496,-1,496,550,531,-1,496,531,530,-1,530,553,496,-1,496,553,625,-1,496,625,626,-1,626,627,496,-1,496,627,628,-1,496,628,629,-1,591,584,595,-1,595,584,582,-1,603,575,604,-1,604,575,576,-1,604,576,605,-1,605,576,577,-1,605,577,606,-1,606,577,578,-1,606,578,607,-1,607,578,579,-1,607,579,608,-1,608,579,580,-1,608,580,593,-1,593,580,581,-1,593,581,594,-1,594,581,583,-1,630,631,632,-1,632,631,633,-1,631,634,633,-1,633,634,635,-1,634,636,635,-1,635,636,637,-1,638,639,640,-1,640,639,641,-1,640,641,636,-1,636,641,637,-1,638,642,639,-1,639,642,643,-1,535,643,529,-1,529,643,642,-1,644,645,528,-1,528,645,534,-1,644,646,645,-1,645,646,647,-1,630,632,648,-1,630,648,649,-1,649,648,647,-1,649,647,646,-1,528,529,644,-1,644,529,642,-1,644,642,646,-1,646,642,638,-1,646,638,649,-1,649,638,640,-1,649,640,630,-1,630,640,636,-1,630,636,631,-1,631,636,634,-1,633,635,632,-1,632,635,637,-1,632,637,648,-1,648,637,641,-1,648,641,647,-1,647,641,639,-1,647,639,645,-1,645,639,643,-1,645,643,534,-1,534,643,535,-1,650,651,652,-1,652,651,653,-1,651,654,653,-1,653,654,655,-1,654,656,655,-1,655,656,657,-1,658,659,660,-1,660,659,661,-1,660,661,656,-1,656,661,657,-1,658,662,659,-1,659,662,663,-1,533,663,551,-1,551,663,662,-1,664,665,550,-1,550,665,531,-1,664,666,665,-1,665,666,667,-1,650,652,668,-1,650,668,669,-1,669,668,667,-1,669,667,666,-1,550,551,664,-1,664,551,662,-1,664,662,666,-1,666,662,658,-1,666,658,669,-1,669,658,660,-1,669,660,650,-1,650,660,656,-1,650,656,651,-1,651,656,654,-1,653,655,652,-1,652,655,657,-1,652,657,668,-1,668,657,661,-1,668,661,667,-1,667,661,659,-1,667,659,665,-1,665,659,663,-1,665,663,531,-1,531,663,533,-1,670,671,672,-1,672,671,673,-1,671,674,673,-1,673,674,675,-1,674,676,675,-1,675,676,677,-1,678,679,680,-1,680,679,681,-1,680,681,676,-1,676,681,677,-1,678,682,679,-1,679,682,683,-1,513,683,582,-1,582,683,682,-1,684,685,595,-1,595,685,512,-1,684,686,685,-1,685,686,687,-1,670,672,688,-1,670,688,689,-1,689,688,687,-1,689,687,686,-1,595,582,684,-1,684,582,682,-1,684,682,686,-1,686,682,678,-1,686,678,689,-1,689,678,680,-1,689,680,670,-1,670,680,676,-1,670,676,671,-1,671,676,674,-1,673,675,672,-1,672,675,677,-1,672,677,688,-1,688,677,681,-1,688,681,687,-1,687,681,679,-1,687,679,685,-1,685,679,683,-1,685,683,512,-1,512,683,513,-1,690,691,692,-1,692,691,693,-1,693,694,692,-1,692,694,695,-1,692,695,696,-1,697,698,699,-1,699,698,692,-1,699,692,700,-1,696,701,692,-1,692,701,702,-1,692,702,700,-1,697,699,703,-1,703,699,704,-1,703,704,705,-1,706,707,700,-1,700,707,699,-1,708,709,710,-1,710,709,711,-1,711,712,710,-1,710,712,713,-1,710,713,714,-1,715,716,706,-1,706,716,710,-1,706,710,707,-1,714,717,710,-1,710,717,718,-1,710,718,707,-1,715,706,719,-1,719,706,720,-1,719,720,721,-1,618,617,722,-1,618,722,723,-1,723,722,724,-1,723,724,725,-1,725,724,726,-1,725,726,727,-1,727,726,728,-1,727,728,729,-1,729,728,730,-1,729,730,731,-1,731,730,732,-1,731,732,733,-1,733,732,709,-1,733,709,708,-1,691,690,734,-1,734,690,735,-1,734,735,736,-1,736,735,737,-1,736,737,738,-1,738,737,739,-1,738,739,740,-1,740,739,741,-1,740,741,742,-1,742,741,743,-1,742,743,568,-1,568,743,569,-1,567,619,568,-1,568,619,618,-1,568,618,742,-1,742,618,723,-1,742,723,740,-1,723,725,740,-1,740,725,727,-1,740,727,738,-1,738,727,729,-1,738,729,736,-1,736,729,731,-1,736,731,734,-1,734,731,733,-1,734,733,691,-1,691,733,708,-1,691,708,693,-1,693,708,710,-1,616,570,617,-1,617,570,569,-1,617,569,722,-1,722,569,743,-1,722,743,724,-1,724,743,741,-1,724,741,726,-1,726,741,739,-1,692,711,690,-1,690,711,709,-1,690,709,735,-1,735,709,732,-1,735,732,737,-1,737,732,730,-1,737,730,739,-1,739,730,728,-1,739,728,726,-1,585,592,600,-1,585,600,586,-1,586,600,599,-1,586,599,587,-1,587,599,597,-1,587,597,588,-1,588,597,596,-1,588,596,590,-1,590,596,598,-1,590,598,589,-1,589,598,594,-1,589,594,583,-1,553,552,554,-1,553,554,625,-1,625,554,555,-1,625,555,626,-1,626,555,556,-1,626,556,627,-1,627,556,558,-1,627,558,628,-1,628,558,557,-1,628,557,629,-1,629,557,497,-1,629,497,496,-1,570,616,571,-1,571,616,621,-1,571,621,573,-1,573,621,613,-1,573,613,574,-1,574,613,612,-1,574,612,566,-1,566,612,611,-1,566,611,565,-1,565,611,610,-1,565,610,559,-1,559,610,609,-1,559,609,511,-1,511,609,624,-1,511,624,510,-1,619,567,620,-1,620,567,572,-1,620,572,622,-1,622,572,564,-1,622,564,623,-1,623,564,563,-1,623,563,615,-1,615,563,562,-1,615,562,614,-1,614,562,561,-1,614,561,601,-1,601,561,560,-1,601,560,602,-1,602,560,575,-1,602,575,603,-1,699,707,718,-1,699,718,704,-1,704,718,717,-1,704,717,705,-1,705,717,714,-1,705,714,703,-1,703,714,713,-1,703,713,697,-1,697,713,712,-1,697,712,698,-1,698,712,711,-1,698,711,692,-1,706,700,702,-1,706,702,720,-1,720,702,701,-1,720,701,721,-1,721,701,696,-1,721,696,719,-1,719,696,695,-1,719,695,715,-1,715,695,694,-1,715,694,716,-1,716,694,693,-1,716,693,710,-1,744,745,746,-1,746,745,747,-1,746,747,748,-1,748,747,749,-1,748,749,750,-1,750,749,751,-1,750,751,752,-1,752,751,753,-1,752,753,754,-1,754,753,755,-1,754,755,756,-1,756,755,757,-1,756,757,758,-1,758,757,759,-1,760,761,762,-1,762,761,763,-1,762,763,764,-1,764,763,765,-1,764,765,766,-1,766,765,767,-1,766,767,768,-1,768,767,769,-1,768,769,770,-1,770,769,771,-1,770,771,772,-1,772,771,773,-1,772,773,774,-1,774,773,775,-1,774,775,776,-1,776,775,777,-1,778,779,780,-1,780,779,781,-1,782,783,784,-1,784,783,785,-1,784,785,786,-1,786,785,787,-1,786,787,788,-1,788,787,789,-1,788,789,790,-1,790,789,791,-1,790,791,792,-1,792,791,793,-1,792,793,794,-1,794,793,795,-1,794,795,796,-1,796,795,797,-1,796,797,798,-1,798,797,799,-1,800,781,801,-1,801,781,779,-1,757,785,783,-1,757,783,759,-1,759,783,780,-1,759,780,781,-1,781,800,759,-1,759,800,802,-1,759,802,803,-1,803,804,759,-1,759,804,805,-1,759,805,806,-1,745,807,797,-1,745,797,747,-1,797,795,747,-1,747,795,793,-1,747,793,749,-1,749,793,791,-1,749,791,751,-1,751,791,789,-1,751,789,753,-1,753,789,787,-1,753,787,755,-1,755,787,785,-1,755,785,757,-1,808,761,809,-1,809,761,799,-1,809,799,807,-1,807,799,797,-1,810,811,812,-1,812,811,813,-1,814,761,811,-1,811,761,808,-1,811,808,813,-1,815,763,816,-1,816,763,761,-1,816,761,817,-1,817,761,814,-1,818,819,820,-1,812,821,810,-1,810,821,818,-1,810,818,822,-1,822,818,820,-1,763,815,823,-1,763,823,765,-1,823,824,765,-1,765,824,825,-1,765,825,767,-1,767,825,826,-1,767,826,769,-1,769,826,827,-1,769,827,771,-1,771,827,828,-1,771,828,773,-1,773,828,829,-1,773,829,775,-1,777,775,829,-1,830,831,832,-1,777,829,832,-1,832,829,833,-1,832,833,830,-1,834,835,836,-1,833,837,830,-1,830,837,834,-1,830,834,838,-1,838,834,836,-1,839,840,830,-1,830,840,831,-1,841,774,776,-1,841,776,842,-1,776,843,842,-1,842,843,840,-1,842,840,839,-1,844,845,846,-1,839,847,842,-1,842,847,844,-1,842,844,848,-1,848,844,846,-1,849,850,762,-1,774,841,772,-1,772,841,851,-1,772,851,770,-1,770,851,852,-1,770,852,768,-1,768,852,853,-1,768,853,766,-1,766,853,854,-1,766,854,764,-1,764,854,855,-1,764,855,762,-1,762,855,856,-1,762,856,849,-1,857,858,859,-1,859,858,860,-1,861,796,862,-1,862,796,798,-1,862,798,863,-1,863,798,760,-1,863,760,864,-1,864,760,762,-1,864,762,865,-1,865,762,850,-1,865,850,858,-1,858,850,866,-1,858,866,860,-1,867,868,869,-1,857,870,858,-1,858,870,867,-1,858,867,871,-1,871,867,869,-1,861,872,796,-1,796,872,744,-1,796,744,794,-1,794,744,746,-1,794,746,792,-1,792,746,748,-1,792,748,790,-1,790,748,750,-1,790,750,788,-1,788,750,752,-1,788,752,786,-1,786,752,754,-1,786,754,784,-1,784,754,756,-1,873,801,758,-1,784,756,782,-1,782,756,758,-1,782,758,778,-1,778,758,801,-1,778,801,779,-1,758,874,875,-1,875,876,758,-1,758,876,877,-1,758,877,873,-1,831,840,832,-1,832,840,843,-1,842,833,841,-1,841,833,829,-1,841,829,851,-1,851,829,828,-1,851,828,852,-1,852,828,827,-1,852,827,853,-1,853,827,826,-1,853,826,854,-1,854,826,825,-1,854,825,855,-1,855,825,824,-1,855,824,856,-1,856,824,823,-1,878,879,880,-1,880,879,881,-1,882,878,883,-1,883,878,880,-1,884,882,885,-1,885,882,883,-1,884,885,886,-1,886,885,887,-1,886,887,888,-1,888,887,889,-1,890,888,891,-1,891,888,889,-1,891,799,890,-1,890,799,761,-1,760,798,892,-1,892,798,893,-1,894,892,895,-1,895,892,893,-1,894,895,896,-1,894,896,897,-1,897,896,881,-1,897,881,879,-1,878,882,879,-1,879,882,884,-1,879,884,897,-1,897,884,886,-1,897,886,894,-1,894,886,888,-1,894,888,892,-1,892,888,890,-1,892,890,760,-1,760,890,761,-1,798,799,893,-1,893,799,891,-1,893,891,895,-1,895,891,889,-1,895,889,896,-1,896,889,887,-1,896,887,881,-1,881,887,885,-1,881,885,880,-1,880,885,883,-1,898,899,900,-1,900,899,901,-1,902,898,903,-1,903,898,900,-1,904,902,905,-1,905,902,903,-1,904,905,906,-1,906,905,907,-1,906,907,908,-1,908,907,909,-1,910,908,911,-1,911,908,909,-1,911,780,910,-1,910,780,783,-1,782,778,912,-1,912,778,913,-1,914,912,915,-1,915,912,913,-1,914,915,916,-1,914,916,917,-1,917,916,901,-1,917,901,899,-1,898,902,899,-1,899,902,904,-1,899,904,917,-1,917,904,906,-1,917,906,914,-1,914,906,908,-1,914,908,912,-1,912,908,910,-1,912,910,782,-1,782,910,783,-1,778,780,913,-1,913,780,911,-1,913,911,915,-1,915,911,909,-1,915,909,916,-1,916,909,907,-1,916,907,901,-1,901,907,905,-1,901,905,900,-1,900,905,903,-1,918,919,920,-1,920,919,921,-1,922,918,923,-1,923,918,920,-1,924,922,925,-1,925,922,923,-1,924,925,926,-1,926,925,927,-1,926,927,928,-1,928,927,929,-1,930,928,931,-1,931,928,929,-1,931,777,930,-1,930,777,832,-1,843,776,932,-1,932,776,933,-1,934,932,935,-1,935,932,933,-1,934,935,936,-1,934,936,937,-1,937,936,921,-1,937,921,919,-1,918,922,919,-1,919,922,924,-1,919,924,937,-1,937,924,926,-1,937,926,934,-1,934,926,928,-1,934,928,932,-1,932,928,930,-1,932,930,843,-1,843,930,832,-1,776,777,933,-1,933,777,931,-1,933,931,935,-1,935,931,929,-1,935,929,936,-1,936,929,927,-1,936,927,921,-1,921,927,925,-1,921,925,920,-1,920,925,923,-1,938,939,940,-1,939,938,941,-1,941,938,942,-1,941,942,943,-1,940,944,938,-1,938,944,945,-1,938,945,946,-1,946,945,947,-1,946,947,948,-1,948,947,949,-1,943,950,951,-1,951,952,943,-1,943,952,953,-1,943,953,941,-1,954,955,938,-1,938,955,942,-1,956,957,958,-1,958,957,959,-1,959,960,958,-1,958,960,961,-1,958,961,962,-1,962,963,958,-1,958,963,964,-1,958,964,955,-1,955,954,958,-1,958,954,965,-1,958,965,966,-1,966,965,967,-1,966,967,968,-1,968,967,969,-1,957,956,970,-1,957,970,971,-1,971,970,972,-1,971,972,973,-1,973,972,974,-1,973,974,975,-1,975,974,976,-1,975,976,977,-1,977,976,978,-1,977,978,979,-1,979,978,980,-1,979,980,981,-1,981,980,869,-1,981,869,868,-1,820,819,982,-1,982,819,983,-1,982,983,984,-1,984,983,985,-1,984,985,986,-1,986,985,987,-1,986,987,988,-1,988,987,989,-1,988,989,990,-1,990,989,991,-1,990,991,939,-1,939,991,940,-1,867,822,868,-1,868,822,820,-1,868,820,981,-1,981,820,982,-1,981,982,979,-1,979,982,984,-1,979,984,977,-1,977,984,986,-1,941,959,939,-1,939,959,957,-1,939,957,990,-1,990,957,971,-1,990,971,988,-1,988,971,973,-1,988,973,986,-1,986,973,975,-1,986,975,977,-1,818,871,819,-1,819,871,869,-1,819,869,983,-1,983,869,980,-1,983,980,985,-1,980,978,985,-1,985,978,976,-1,985,976,987,-1,987,976,974,-1,987,974,989,-1,989,974,972,-1,989,972,991,-1,991,972,970,-1,991,970,940,-1,940,970,956,-1,940,956,944,-1,944,956,958,-1,833,842,848,-1,833,848,837,-1,837,848,846,-1,837,846,834,-1,834,846,845,-1,834,845,835,-1,835,845,844,-1,835,844,836,-1,836,844,847,-1,836,847,838,-1,838,847,839,-1,838,839,830,-1,758,759,806,-1,758,806,874,-1,874,806,805,-1,874,805,875,-1,875,805,804,-1,875,804,876,-1,876,804,803,-1,876,803,877,-1,877,803,802,-1,877,802,873,-1,873,802,800,-1,873,800,801,-1,871,818,858,-1,858,818,821,-1,858,821,865,-1,865,821,812,-1,865,812,864,-1,864,812,813,-1,864,813,863,-1,863,813,808,-1,863,808,862,-1,862,808,809,-1,862,809,861,-1,861,809,807,-1,861,807,872,-1,872,807,745,-1,872,745,744,-1,822,867,810,-1,810,867,870,-1,810,870,811,-1,811,870,857,-1,811,857,814,-1,814,857,859,-1,814,859,817,-1,817,859,860,-1,817,860,816,-1,816,860,866,-1,816,866,815,-1,815,866,850,-1,815,850,823,-1,823,850,849,-1,823,849,856,-1,944,958,966,-1,944,966,945,-1,945,966,968,-1,945,968,947,-1,947,968,969,-1,947,969,949,-1,949,969,967,-1,949,967,948,-1,948,967,965,-1,948,965,946,-1,946,965,954,-1,946,954,938,-1,959,941,953,-1,959,953,960,-1,960,953,952,-1,960,952,961,-1,961,952,951,-1,961,951,962,-1,962,951,950,-1,962,950,963,-1,963,950,943,-1,963,943,964,-1,964,943,942,-1,964,942,955,-1,992,993,994,-1,994,993,995,-1,994,995,996,-1,996,995,997,-1,996,997,998,-1,998,997,999,-1,998,999,1000,-1,1000,999,1001,-1,1000,1001,1002,-1,1002,1001,1003,-1,1002,1003,1004,-1,1004,1003,1005,-1,1004,1005,1006,-1,1006,1005,1007,-1,1008,1009,1010,-1,1010,1009,1011,-1,1010,1011,1012,-1,1012,1011,1013,-1,1012,1013,1014,-1,1014,1013,1015,-1,1014,1015,1016,-1,1016,1015,1017,-1,1016,1017,1018,-1,1018,1017,1019,-1,1018,1019,1020,-1,1020,1019,1021,-1,1020,1021,1022,-1,1022,1021,1023,-1,1022,1023,1024,-1,1024,1023,1025,-1,1026,1027,1028,-1,1028,1027,1029,-1,1030,1031,1032,-1,1032,1031,1033,-1,1032,1033,1034,-1,1034,1033,1035,-1,1034,1035,1036,-1,1036,1035,1037,-1,1036,1037,1038,-1,1038,1037,1039,-1,1038,1039,1040,-1,1040,1039,1041,-1,1040,1041,1042,-1,1042,1041,1043,-1,1042,1043,1044,-1,1044,1043,1045,-1,1044,1045,1046,-1,1046,1045,1047,-1,1048,1029,1049,-1,1049,1029,1027,-1,1005,1033,1031,-1,1005,1031,1007,-1,1007,1031,1028,-1,1007,1028,1029,-1,1029,1048,1007,-1,1007,1048,1050,-1,1007,1050,1051,-1,1051,1052,1007,-1,1007,1052,1053,-1,1007,1053,1054,-1,993,1055,1045,-1,993,1045,995,-1,1045,1043,995,-1,995,1043,1041,-1,995,1041,997,-1,997,1041,1039,-1,997,1039,999,-1,999,1039,1037,-1,999,1037,1001,-1,1001,1037,1035,-1,1001,1035,1003,-1,1003,1035,1033,-1,1003,1033,1005,-1,1056,1057,1058,-1,1058,1057,1059,-1,1060,1011,1061,-1,1061,1011,1009,-1,1061,1009,1062,-1,1062,1009,1047,-1,1062,1047,1063,-1,1063,1047,1045,-1,1063,1045,1064,-1,1064,1045,1055,-1,1064,1055,1058,-1,1058,1055,1065,-1,1058,1065,1056,-1,1066,1067,1068,-1,1059,1069,1058,-1,1058,1069,1066,-1,1058,1066,1070,-1,1070,1066,1068,-1,1011,1060,1071,-1,1011,1071,1013,-1,1071,1072,1013,-1,1013,1072,1073,-1,1013,1073,1015,-1,1015,1073,1074,-1,1015,1074,1017,-1,1017,1074,1075,-1,1017,1075,1019,-1,1019,1075,1076,-1,1019,1076,1021,-1,1021,1076,1077,-1,1021,1077,1023,-1,1025,1023,1077,-1,1078,1079,1080,-1,1081,1082,1083,-1,1083,1082,1078,-1,1083,1078,1084,-1,1025,1077,1080,-1,1080,1077,1085,-1,1080,1085,1078,-1,1078,1085,1086,-1,1078,1086,1084,-1,1087,1088,1078,-1,1078,1088,1079,-1,1089,1022,1024,-1,1089,1024,1090,-1,1024,1091,1090,-1,1090,1091,1088,-1,1090,1088,1087,-1,1092,1093,1094,-1,1087,1095,1090,-1,1090,1095,1092,-1,1090,1092,1096,-1,1096,1092,1094,-1,1097,1098,1010,-1,1022,1089,1020,-1,1020,1089,1099,-1,1020,1099,1018,-1,1018,1099,1100,-1,1018,1100,1016,-1,1016,1100,1101,-1,1016,1101,1014,-1,1014,1101,1102,-1,1014,1102,1012,-1,1012,1102,1103,-1,1012,1103,1010,-1,1010,1103,1104,-1,1010,1104,1097,-1,1105,1106,1107,-1,1107,1106,1108,-1,1109,1044,1110,-1,1110,1044,1046,-1,1110,1046,1111,-1,1111,1046,1008,-1,1111,1008,1112,-1,1112,1008,1010,-1,1112,1010,1113,-1,1113,1010,1098,-1,1113,1098,1107,-1,1107,1098,1114,-1,1107,1114,1105,-1,1115,1116,1117,-1,1108,1118,1107,-1,1107,1118,1115,-1,1107,1115,1119,-1,1119,1115,1117,-1,1109,1120,1044,-1,1044,1120,992,-1,1044,992,1042,-1,1042,992,994,-1,1042,994,1040,-1,1040,994,996,-1,1040,996,1038,-1,1038,996,998,-1,1038,998,1036,-1,1036,998,1000,-1,1036,1000,1034,-1,1034,1000,1002,-1,1034,1002,1032,-1,1032,1002,1004,-1,1121,1049,1006,-1,1122,1123,1124,-1,1032,1004,1030,-1,1030,1004,1006,-1,1030,1006,1026,-1,1026,1006,1049,-1,1026,1049,1027,-1,1121,1006,1124,-1,1124,1006,1125,-1,1124,1125,1122,-1,1079,1088,1080,-1,1080,1088,1091,-1,1090,1085,1089,-1,1089,1085,1077,-1,1089,1077,1099,-1,1099,1077,1076,-1,1099,1076,1100,-1,1100,1076,1075,-1,1100,1075,1101,-1,1101,1075,1074,-1,1101,1074,1102,-1,1102,1074,1073,-1,1102,1073,1103,-1,1103,1073,1072,-1,1103,1072,1104,-1,1104,1072,1071,-1,1126,1127,1128,-1,1128,1127,1129,-1,1130,1126,1131,-1,1131,1126,1128,-1,1132,1130,1133,-1,1133,1130,1131,-1,1132,1133,1134,-1,1134,1133,1135,-1,1134,1135,1136,-1,1136,1135,1137,-1,1138,1136,1139,-1,1139,1136,1137,-1,1139,1047,1138,-1,1138,1047,1009,-1,1008,1046,1140,-1,1140,1046,1141,-1,1142,1140,1143,-1,1143,1140,1141,-1,1142,1143,1144,-1,1142,1144,1145,-1,1145,1144,1129,-1,1145,1129,1127,-1,1126,1130,1127,-1,1127,1130,1132,-1,1127,1132,1145,-1,1145,1132,1134,-1,1145,1134,1142,-1,1142,1134,1136,-1,1142,1136,1140,-1,1140,1136,1138,-1,1140,1138,1008,-1,1008,1138,1009,-1,1046,1047,1141,-1,1141,1047,1139,-1,1141,1139,1143,-1,1143,1139,1137,-1,1143,1137,1144,-1,1144,1137,1135,-1,1144,1135,1129,-1,1129,1135,1133,-1,1129,1133,1128,-1,1128,1133,1131,-1,1146,1147,1148,-1,1148,1147,1149,-1,1150,1146,1151,-1,1151,1146,1148,-1,1152,1150,1153,-1,1153,1150,1151,-1,1152,1153,1154,-1,1154,1153,1155,-1,1154,1155,1156,-1,1156,1155,1157,-1,1158,1156,1159,-1,1159,1156,1157,-1,1159,1028,1158,-1,1158,1028,1031,-1,1030,1026,1160,-1,1160,1026,1161,-1,1162,1160,1163,-1,1163,1160,1161,-1,1162,1163,1164,-1,1162,1164,1165,-1,1165,1164,1149,-1,1165,1149,1147,-1,1146,1150,1147,-1,1147,1150,1152,-1,1147,1152,1165,-1,1165,1152,1154,-1,1165,1154,1162,-1,1162,1154,1156,-1,1162,1156,1160,-1,1160,1156,1158,-1,1160,1158,1030,-1,1030,1158,1031,-1,1026,1028,1161,-1,1161,1028,1159,-1,1161,1159,1163,-1,1163,1159,1157,-1,1163,1157,1164,-1,1164,1157,1155,-1,1164,1155,1149,-1,1149,1155,1153,-1,1149,1153,1148,-1,1148,1153,1151,-1,1166,1167,1168,-1,1168,1167,1169,-1,1170,1166,1171,-1,1171,1166,1168,-1,1172,1170,1173,-1,1173,1170,1171,-1,1172,1173,1174,-1,1174,1173,1175,-1,1174,1175,1176,-1,1176,1175,1177,-1,1178,1176,1179,-1,1179,1176,1177,-1,1179,1025,1178,-1,1178,1025,1080,-1,1091,1024,1180,-1,1180,1024,1181,-1,1182,1180,1183,-1,1183,1180,1181,-1,1182,1183,1184,-1,1182,1184,1185,-1,1185,1184,1169,-1,1185,1169,1167,-1,1166,1170,1167,-1,1167,1170,1172,-1,1167,1172,1185,-1,1185,1172,1174,-1,1185,1174,1182,-1,1182,1174,1176,-1,1182,1176,1180,-1,1180,1176,1178,-1,1180,1178,1091,-1,1091,1178,1080,-1,1024,1025,1181,-1,1181,1025,1179,-1,1181,1179,1183,-1,1183,1179,1177,-1,1183,1177,1184,-1,1184,1177,1175,-1,1184,1175,1169,-1,1169,1175,1173,-1,1169,1173,1168,-1,1168,1173,1171,-1,1186,1187,1188,-1,1189,1190,1191,-1,1192,1193,1194,-1,1187,1186,1190,-1,1190,1186,1195,-1,1190,1195,1191,-1,1188,1196,1186,-1,1186,1196,1197,-1,1186,1197,1194,-1,1194,1197,1198,-1,1194,1198,1192,-1,1199,1200,1191,-1,1191,1200,1201,-1,1191,1201,1189,-1,1202,1203,1186,-1,1186,1203,1195,-1,1204,1205,1206,-1,1206,1205,1207,-1,1203,1202,1206,-1,1206,1202,1208,-1,1206,1208,1209,-1,1207,1210,1206,-1,1206,1210,1211,-1,1206,1211,1212,-1,1212,1213,1206,-1,1206,1213,1214,-1,1206,1214,1203,-1,1215,1216,1208,-1,1208,1216,1217,-1,1208,1217,1209,-1,1205,1204,1218,-1,1205,1218,1219,-1,1219,1218,1220,-1,1219,1220,1221,-1,1221,1220,1222,-1,1221,1222,1223,-1,1223,1222,1224,-1,1223,1224,1225,-1,1225,1224,1226,-1,1225,1226,1227,-1,1227,1226,1228,-1,1227,1228,1229,-1,1229,1228,1117,-1,1229,1117,1116,-1,1068,1067,1230,-1,1230,1067,1231,-1,1230,1231,1232,-1,1232,1231,1233,-1,1232,1233,1234,-1,1234,1233,1235,-1,1234,1235,1236,-1,1236,1235,1237,-1,1236,1237,1238,-1,1238,1237,1239,-1,1238,1239,1187,-1,1187,1239,1188,-1,1115,1070,1116,-1,1116,1070,1068,-1,1116,1068,1229,-1,1229,1068,1230,-1,1229,1230,1227,-1,1227,1230,1232,-1,1227,1232,1225,-1,1225,1232,1234,-1,1190,1207,1187,-1,1187,1207,1205,-1,1187,1205,1238,-1,1238,1205,1219,-1,1238,1219,1236,-1,1236,1219,1221,-1,1236,1221,1234,-1,1234,1221,1223,-1,1234,1223,1225,-1,1066,1119,1067,-1,1067,1119,1117,-1,1067,1117,1231,-1,1231,1117,1228,-1,1231,1228,1233,-1,1228,1226,1233,-1,1233,1226,1224,-1,1233,1224,1235,-1,1235,1224,1222,-1,1235,1222,1237,-1,1237,1222,1220,-1,1237,1220,1239,-1,1239,1220,1218,-1,1239,1218,1188,-1,1188,1218,1204,-1,1188,1204,1196,-1,1196,1204,1206,-1,1085,1090,1096,-1,1085,1096,1086,-1,1086,1096,1094,-1,1086,1094,1084,-1,1084,1094,1093,-1,1084,1093,1083,-1,1083,1093,1092,-1,1083,1092,1081,-1,1081,1092,1095,-1,1081,1095,1082,-1,1082,1095,1087,-1,1082,1087,1078,-1,1006,1007,1054,-1,1006,1054,1125,-1,1125,1054,1053,-1,1125,1053,1122,-1,1122,1053,1052,-1,1122,1052,1123,-1,1123,1052,1051,-1,1123,1051,1124,-1,1124,1051,1050,-1,1124,1050,1121,-1,1121,1050,1048,-1,1121,1048,1049,-1,1119,1066,1107,-1,1107,1066,1069,-1,1107,1069,1113,-1,1113,1069,1059,-1,1113,1059,1112,-1,1112,1059,1057,-1,1112,1057,1111,-1,1111,1057,1056,-1,1111,1056,1110,-1,1110,1056,1065,-1,1110,1065,1109,-1,1109,1065,1055,-1,1109,1055,1120,-1,1120,1055,993,-1,1120,993,992,-1,1070,1115,1058,-1,1058,1115,1118,-1,1058,1118,1064,-1,1064,1118,1108,-1,1064,1108,1063,-1,1063,1108,1106,-1,1063,1106,1062,-1,1062,1106,1105,-1,1062,1105,1061,-1,1061,1105,1114,-1,1061,1114,1060,-1,1060,1114,1098,-1,1060,1098,1071,-1,1071,1098,1097,-1,1071,1097,1104,-1,1196,1206,1209,-1,1196,1209,1197,-1,1197,1209,1217,-1,1197,1217,1198,-1,1198,1217,1216,-1,1198,1216,1192,-1,1192,1216,1215,-1,1192,1215,1193,-1,1193,1215,1208,-1,1193,1208,1194,-1,1194,1208,1202,-1,1194,1202,1186,-1,1207,1190,1189,-1,1207,1189,1210,-1,1210,1189,1201,-1,1210,1201,1211,-1,1211,1201,1200,-1,1211,1200,1212,-1,1212,1200,1199,-1,1212,1199,1213,-1,1213,1199,1191,-1,1213,1191,1214,-1,1214,1191,1195,-1,1214,1195,1203,-1,1240,1241,1242,-1,1242,1241,1243,-1,1242,1243,1244,-1,1244,1243,1245,-1,1244,1245,1246,-1,1246,1245,1247,-1,1246,1247,1248,-1,1248,1247,1249,-1,1248,1249,1250,-1,1250,1249,1251,-1,1250,1251,1252,-1,1252,1251,1253,-1,1252,1253,1254,-1,1254,1253,1255,-1,1256,1257,1258,-1,1258,1257,1259,-1,1258,1259,1260,-1,1260,1259,1261,-1,1260,1261,1262,-1,1262,1261,1263,-1,1262,1263,1264,-1,1264,1263,1265,-1,1264,1265,1266,-1,1266,1265,1267,-1,1266,1267,1268,-1,1268,1267,1269,-1,1268,1269,1270,-1,1270,1269,1271,-1,1270,1271,1272,-1,1272,1271,1273,-1,1274,1275,1276,-1,1276,1275,1277,-1,1278,1279,1280,-1,1280,1279,1281,-1,1280,1281,1282,-1,1282,1281,1283,-1,1282,1283,1284,-1,1284,1283,1285,-1,1284,1285,1286,-1,1286,1285,1287,-1,1286,1287,1288,-1,1288,1287,1289,-1,1288,1289,1290,-1,1290,1289,1291,-1,1290,1291,1292,-1,1292,1291,1293,-1,1292,1293,1294,-1,1294,1293,1295,-1,1296,1277,1297,-1,1297,1277,1275,-1,1253,1281,1279,-1,1253,1279,1255,-1,1255,1279,1276,-1,1255,1276,1277,-1,1277,1296,1255,-1,1255,1296,1298,-1,1255,1298,1299,-1,1299,1300,1255,-1,1255,1300,1301,-1,1255,1301,1302,-1,1241,1303,1293,-1,1241,1293,1243,-1,1293,1291,1243,-1,1243,1291,1289,-1,1243,1289,1245,-1,1245,1289,1287,-1,1245,1287,1247,-1,1247,1287,1285,-1,1247,1285,1249,-1,1249,1285,1283,-1,1249,1283,1251,-1,1251,1283,1281,-1,1251,1281,1253,-1,1293,1303,1295,-1,1295,1303,1304,-1,1295,1304,1257,-1,1257,1304,1305,-1,1257,1305,1259,-1,1259,1305,1306,-1,1259,1306,1307,-1,1307,1306,1308,-1,1307,1308,1309,-1,1309,1308,1310,-1,1311,1312,1313,-1,1313,1314,1311,-1,1311,1314,1315,-1,1311,1315,1316,-1,1316,1315,1317,-1,1316,1317,1308,-1,1308,1317,1318,-1,1308,1318,1310,-1,1259,1307,1319,-1,1259,1319,1261,-1,1319,1320,1261,-1,1261,1320,1321,-1,1261,1321,1263,-1,1263,1321,1322,-1,1263,1322,1265,-1,1265,1322,1323,-1,1265,1323,1267,-1,1267,1323,1324,-1,1267,1324,1269,-1,1269,1324,1325,-1,1269,1325,1271,-1,1273,1271,1325,-1,1326,1327,1328,-1,1329,1330,1331,-1,1331,1330,1326,-1,1331,1326,1332,-1,1273,1325,1328,-1,1328,1325,1333,-1,1328,1333,1326,-1,1326,1333,1334,-1,1326,1334,1332,-1,1335,1336,1326,-1,1326,1336,1327,-1,1337,1270,1272,-1,1337,1272,1338,-1,1272,1339,1338,-1,1338,1339,1336,-1,1338,1336,1335,-1,1340,1341,1342,-1,1335,1343,1338,-1,1338,1343,1340,-1,1338,1340,1344,-1,1344,1340,1342,-1,1345,1346,1258,-1,1270,1337,1268,-1,1268,1337,1347,-1,1268,1347,1266,-1,1266,1347,1348,-1,1266,1348,1264,-1,1264,1348,1349,-1,1264,1349,1262,-1,1262,1349,1350,-1,1262,1350,1260,-1,1260,1350,1351,-1,1260,1351,1258,-1,1258,1351,1352,-1,1258,1352,1345,-1,1258,1346,1256,-1,1256,1346,1353,-1,1256,1353,1294,-1,1294,1353,1354,-1,1294,1354,1292,-1,1292,1354,1355,-1,1292,1355,1356,-1,1356,1355,1357,-1,1356,1357,1358,-1,1358,1357,1359,-1,1360,1361,1362,-1,1362,1363,1360,-1,1360,1363,1364,-1,1360,1364,1365,-1,1365,1364,1366,-1,1365,1366,1357,-1,1357,1366,1367,-1,1357,1367,1359,-1,1356,1368,1292,-1,1292,1368,1240,-1,1292,1240,1290,-1,1290,1240,1242,-1,1290,1242,1288,-1,1288,1242,1244,-1,1288,1244,1286,-1,1286,1244,1246,-1,1286,1246,1284,-1,1284,1246,1248,-1,1284,1248,1282,-1,1282,1248,1250,-1,1282,1250,1280,-1,1280,1250,1252,-1,1369,1297,1254,-1,1370,1371,1372,-1,1280,1252,1278,-1,1278,1252,1254,-1,1278,1254,1274,-1,1274,1254,1297,-1,1274,1297,1275,-1,1369,1254,1372,-1,1372,1254,1373,-1,1372,1373,1370,-1,1327,1336,1328,-1,1328,1336,1339,-1,1338,1333,1337,-1,1337,1333,1325,-1,1337,1325,1347,-1,1347,1325,1324,-1,1347,1324,1348,-1,1348,1324,1323,-1,1348,1323,1349,-1,1349,1323,1322,-1,1349,1322,1350,-1,1350,1322,1321,-1,1350,1321,1351,-1,1351,1321,1320,-1,1351,1320,1352,-1,1352,1320,1319,-1,1374,1375,1376,-1,1376,1375,1377,-1,1378,1374,1379,-1,1379,1374,1376,-1,1380,1378,1381,-1,1381,1378,1379,-1,1380,1381,1382,-1,1382,1381,1383,-1,1382,1383,1384,-1,1384,1383,1385,-1,1386,1384,1387,-1,1387,1384,1385,-1,1387,1295,1386,-1,1386,1295,1257,-1,1256,1294,1388,-1,1388,1294,1389,-1,1390,1388,1391,-1,1391,1388,1389,-1,1390,1391,1392,-1,1390,1392,1393,-1,1393,1392,1377,-1,1393,1377,1375,-1,1374,1378,1375,-1,1375,1378,1380,-1,1375,1380,1393,-1,1393,1380,1382,-1,1393,1382,1390,-1,1390,1382,1384,-1,1390,1384,1388,-1,1388,1384,1386,-1,1388,1386,1256,-1,1256,1386,1257,-1,1294,1295,1389,-1,1389,1295,1387,-1,1389,1387,1391,-1,1391,1387,1385,-1,1391,1385,1392,-1,1392,1385,1383,-1,1392,1383,1377,-1,1377,1383,1381,-1,1377,1381,1376,-1,1376,1381,1379,-1,1394,1395,1396,-1,1396,1395,1397,-1,1398,1394,1399,-1,1399,1394,1396,-1,1400,1398,1401,-1,1401,1398,1399,-1,1400,1401,1402,-1,1402,1401,1403,-1,1402,1403,1404,-1,1404,1403,1405,-1,1406,1404,1407,-1,1407,1404,1405,-1,1407,1276,1406,-1,1406,1276,1279,-1,1278,1274,1408,-1,1408,1274,1409,-1,1410,1408,1411,-1,1411,1408,1409,-1,1410,1411,1412,-1,1410,1412,1413,-1,1413,1412,1397,-1,1413,1397,1395,-1,1394,1398,1395,-1,1395,1398,1400,-1,1395,1400,1413,-1,1413,1400,1402,-1,1413,1402,1410,-1,1410,1402,1404,-1,1410,1404,1408,-1,1408,1404,1406,-1,1408,1406,1278,-1,1278,1406,1279,-1,1274,1276,1409,-1,1409,1276,1407,-1,1409,1407,1411,-1,1411,1407,1405,-1,1411,1405,1412,-1,1412,1405,1403,-1,1412,1403,1397,-1,1397,1403,1401,-1,1397,1401,1396,-1,1396,1401,1399,-1,1414,1415,1416,-1,1416,1415,1417,-1,1418,1414,1419,-1,1419,1414,1416,-1,1420,1418,1421,-1,1421,1418,1419,-1,1420,1421,1422,-1,1422,1421,1423,-1,1422,1423,1424,-1,1424,1423,1425,-1,1426,1424,1427,-1,1427,1424,1425,-1,1427,1273,1426,-1,1426,1273,1328,-1,1339,1272,1428,-1,1428,1272,1429,-1,1430,1428,1431,-1,1431,1428,1429,-1,1430,1431,1432,-1,1430,1432,1433,-1,1433,1432,1417,-1,1433,1417,1415,-1,1414,1418,1415,-1,1415,1418,1420,-1,1415,1420,1433,-1,1433,1420,1422,-1,1433,1422,1430,-1,1430,1422,1424,-1,1430,1424,1428,-1,1428,1424,1426,-1,1428,1426,1339,-1,1339,1426,1328,-1,1272,1273,1429,-1,1429,1273,1427,-1,1429,1427,1431,-1,1431,1427,1425,-1,1431,1425,1432,-1,1432,1425,1423,-1,1432,1423,1417,-1,1417,1423,1421,-1,1417,1421,1416,-1,1416,1421,1419,-1,1434,1435,1436,-1,1436,1435,1437,-1,1436,1437,1438,-1,1438,1439,1436,-1,1436,1439,1440,-1,1436,1440,1441,-1,1436,1442,1443,-1,1443,1442,1444,-1,1441,1445,1436,-1,1436,1445,1446,-1,1436,1446,1442,-1,1444,1442,1447,-1,1447,1442,1448,-1,1447,1448,1449,-1,1450,1451,1446,-1,1446,1451,1442,-1,1452,1453,1454,-1,1454,1453,1455,-1,1454,1455,1456,-1,1456,1457,1454,-1,1454,1457,1458,-1,1454,1458,1459,-1,1454,1450,1460,-1,1460,1450,1461,-1,1459,1462,1454,-1,1454,1462,1451,-1,1454,1451,1450,-1,1461,1450,1463,-1,1463,1450,1464,-1,1463,1464,1465,-1,1453,1452,1466,-1,1453,1466,1467,-1,1467,1466,1468,-1,1467,1468,1469,-1,1469,1468,1470,-1,1469,1470,1471,-1,1471,1470,1472,-1,1471,1472,1473,-1,1473,1472,1474,-1,1473,1474,1475,-1,1475,1474,1476,-1,1475,1476,1477,-1,1477,1476,1362,-1,1477,1362,1361,-1,1313,1312,1478,-1,1478,1312,1479,-1,1478,1479,1480,-1,1480,1479,1481,-1,1480,1481,1482,-1,1482,1481,1483,-1,1482,1483,1484,-1,1484,1483,1485,-1,1484,1485,1486,-1,1486,1485,1487,-1,1486,1487,1434,-1,1434,1487,1435,-1,1360,1314,1361,-1,1361,1314,1313,-1,1361,1313,1477,-1,1477,1313,1478,-1,1477,1478,1475,-1,1475,1478,1480,-1,1475,1480,1473,-1,1473,1480,1482,-1,1436,1455,1434,-1,1434,1455,1453,-1,1434,1453,1486,-1,1486,1453,1467,-1,1486,1467,1484,-1,1484,1467,1469,-1,1484,1469,1482,-1,1482,1469,1471,-1,1482,1471,1473,-1,1311,1363,1312,-1,1312,1363,1362,-1,1312,1362,1479,-1,1479,1362,1476,-1,1479,1476,1481,-1,1476,1474,1481,-1,1481,1474,1472,-1,1481,1472,1483,-1,1483,1472,1470,-1,1483,1470,1485,-1,1485,1470,1468,-1,1485,1468,1487,-1,1487,1468,1466,-1,1487,1466,1435,-1,1435,1466,1452,-1,1435,1452,1437,-1,1437,1452,1454,-1,1333,1338,1344,-1,1333,1344,1334,-1,1334,1344,1342,-1,1334,1342,1332,-1,1332,1342,1341,-1,1332,1341,1331,-1,1331,1341,1340,-1,1331,1340,1329,-1,1329,1340,1343,-1,1329,1343,1330,-1,1330,1343,1335,-1,1330,1335,1326,-1,1254,1255,1302,-1,1254,1302,1373,-1,1373,1302,1301,-1,1373,1301,1370,-1,1370,1301,1300,-1,1370,1300,1371,-1,1371,1300,1299,-1,1371,1299,1372,-1,1372,1299,1298,-1,1372,1298,1369,-1,1369,1298,1296,-1,1369,1296,1297,-1,1363,1311,1364,-1,1364,1311,1316,-1,1364,1316,1366,-1,1366,1316,1308,-1,1366,1308,1367,-1,1367,1308,1306,-1,1367,1306,1359,-1,1359,1306,1305,-1,1359,1305,1358,-1,1358,1305,1304,-1,1358,1304,1356,-1,1356,1304,1303,-1,1356,1303,1368,-1,1368,1303,1241,-1,1368,1241,1240,-1,1314,1360,1315,-1,1315,1360,1365,-1,1315,1365,1317,-1,1317,1365,1357,-1,1317,1357,1318,-1,1318,1357,1355,-1,1318,1355,1310,-1,1310,1355,1354,-1,1310,1354,1309,-1,1309,1354,1353,-1,1309,1353,1307,-1,1307,1353,1346,-1,1307,1346,1319,-1,1319,1346,1345,-1,1319,1345,1352,-1,1437,1454,1460,-1,1437,1460,1438,-1,1438,1460,1461,-1,1438,1461,1439,-1,1439,1461,1463,-1,1439,1463,1440,-1,1440,1463,1465,-1,1440,1465,1441,-1,1441,1465,1464,-1,1441,1464,1445,-1,1445,1464,1450,-1,1445,1450,1446,-1,1455,1436,1443,-1,1455,1443,1456,-1,1456,1443,1444,-1,1456,1444,1457,-1,1457,1444,1447,-1,1457,1447,1458,-1,1458,1447,1449,-1,1458,1449,1459,-1,1459,1449,1448,-1,1459,1448,1462,-1,1462,1448,1442,-1,1462,1442,1451,-1,
        ]
    }
}