#VRML V2.0 utf8
# 3D model generated by easyeda2kicad.py (https://github.com/uPesy/easyeda2kicad.py)

Shape{
    appearance Appearance {
        material  Material 	{
            diffuseColor 1.0 1.0 0.5019607843137255
            specularColor 0.5019607843137255 0.5019607843137255 0.25098039215686274
            ambientIntensity 0.2
            transparency 0
            shininess 0.5
        }
    }
    geometry IndexedFaceSet {
        ccw TRUE
        solid FALSE
        coord DEF co Coordinate {
            point [
                0.2559 0.3346 0.0394, 0.2559 0.4035 0.0394, 0.1429 0.4035 0.0394, 0.0383 0.4035 0.0394, -0.2559 0.4035 0.0394, 0.0459 0.3909 0.0394, -0.2559 0.3346 0.0394, 0.0563 0.3806 0.0394, 0.1354 0.3909 0.0394, 0.1249 0.3806 0.0394, 0.1122 0.3734 0.0394, 0.098 0.3696 0.0394, 0.0833 0.3696 0.0394, 0.0691 0.3734 0.0394, -0.2559 0.4035 -0.0039, 0.0383 0.4035 -0.0039, 0.2559 0.4035 -0.0039, 0.1429 0.4035 -0.0039, -0.2559 0.2854 -0.0039, 0.0459 0.3909 -0.0039, 0.0563 0.3806 -0.0039, 0.1354 0.3909 -0.0039, 0.2559 0.2854 -0.0039, 0.1249 0.3806 -0.0039, 0.1122 0.3734 -0.0039, 0.0691 0.3734 -0.0039, 0.0833 0.3696 -0.0039, 0.098 0.3696 -0.0039, 0.1429 -0.4035 -0.0039, 0.2559 -0.4035 -0.0039, 0.1429 -0.4035 0.0394, 0.2559 -0.4035 0.0394, 0.2559 -0.4035 0.0394
            ]
        }
        coordIndex [
            0,1,2,-1,3,4,5,-1,5,4,6,-1,5,6,7,-1,2,8,0,-1,0,8,9,-1,0,9,10,-1,10,11,0,-1,0,11,12,-1,0,12,6,-1,6,12,13,-1,6,13,7,-1,14,4,15,-1,15,4,3,-1,1,16,2,-1,2,16,17,-1,14,15,18,-1,18,15,19,-1,18,19,20,-1,17,16,21,-1,21,16,22,-1,21,22,23,-1,23,22,24,-1,20,25,18,-1,18,25,26,-1,18,26,22,-1,22,26,27,-1,22,27,24,-1,28,29,30,-1,30,29,31,-1,
        ]
    }
}
Shape{
    appearance Appearance {
        material  Material 	{
            diffuseColor 1.0 1.0 1.0
            specularColor 0.5019607843137255 0.5019607843137255 0.5019607843137255
            ambientIntensity 0.2
            transparency 0
            shininess 0.5
        }
    }
    geometry IndexedFaceSet {
        ccw TRUE
        solid FALSE
        coord DEF co Coordinate {
            point [
                0.2559 0.2854 0.0, 0.2559 0.3346 0.0, 0.3346 0.3346 0.0, -0.2692 0.0591 0.0, -0.2559 0.2854 0.0, -0.3346 0.0591 0.0, -0.2559 0.3346 0.0, -0.3346 0.3346 0.0, 0.2953 -0.3346 0.0, 0.2559 -0.3346 0.0, 0.2559 -0.2854 0.0, -0.2559 -0.3346 0.0, -0.3346 -0.3346 0.0, -0.2559 -0.2854 0.0, -0.3346 -0.0591 0.0, 0.3346 0.0591 0.0, 0.2692 0.0591 0.0, 0.2749 0.0198 0.0, -0.2749 0.0198 0.0, 0.2749 -0.0198 0.0, -0.2749 -0.0198 0.0, 0.2692 -0.0591 0.0, -0.2692 -0.0591 0.0, 0.315 -0.3294 0.0, 0.3346 -0.2953 0.0, 0.3231 -0.3231 0.0, 0.3333 -0.3055 0.0, 0.3294 -0.315 0.0, 0.3346 -0.0591 0.0, 0.3055 -0.3333 0.0, 0.2559 -0.3346 0.0394, 0.2953 -0.3346 0.1181, -0.2559 -0.3346 0.0394, -0.1577 -0.3346 0.1181, -0.1649 -0.3346 0.1181, -0.1752 -0.3346 0.1181, -0.1796 -0.3346 0.1181, -0.1881 -0.3346 0.1181, -0.2039 -0.3346 0.1181, -0.2051 -0.3346 0.1181, -0.223 -0.3346 0.1181, -0.3346 -0.3346 0.1181, -0.2955 -0.3346 0.1181, -0.2559 0.3346 0.0394, -0.3346 0.3346 0.1181, 0.2559 0.3346 0.0394, 0.3346 0.3346 0.1181, 0.3346 -0.2953 0.1181, 0.3346 -0.0591 0.0394, 0.3346 0.2621 0.1181, 0.3346 0.0591 0.0394, 0.3346 0.3182 0.1181, 0.3346 0.2992 0.1181, 0.3346 0.2859 0.1181, 0.3346 0.2695 0.1181, -0.213 0.318 0.1181, -0.213 0.3015 0.1181, -0.2055 0.3015 0.1181, -0.1577 0.3346 0.1181, -0.1757 0.266 0.1181, -0.1752 0.2664 0.1181, -0.1752 0.2695 0.1181, -0.1662 0.283 0.1181, -0.1715 0.2695 0.1181, -0.1649 0.2695 0.1181, -0.1838 0.2695 0.1181, -0.184 0.2695 0.1181, -0.1796 0.2695 0.1181, -0.1979 0.318 0.1181, -0.1965 0.3182 0.1181, -0.2039 0.3182 0.1181, -0.1931 0.2993 0.1181, -0.1943 0.2992 0.1181, -0.1881 0.2992 0.1181, -0.1536 0.2697 0.1181, -0.1577 0.2697 0.1181, -0.1577 0.2695 0.1181, -0.3069 0.289 0.1181, -0.306 0.2859 0.1181, -0.2955 0.2859 0.1181, -0.279 0.2851 0.1181, -0.2767 0.283 0.1181, -0.2713 0.2859 0.1181, -0.3145 0.297 0.1181, -0.3136 0.2992 0.1181, -0.3346 0.2992 0.1181, -0.2348 0.2992 0.1181, -0.223 0.2992 0.1181, -0.2356 0.3004 0.1181, -0.223 0.3182 0.1181, -0.2392 0.3034 0.1181, -0.2563 0.3198 0.1181, -0.254 0.3182 0.1181, -0.251 0.3161 0.1181, -0.2465 0.3108 0.1181, -0.2438 0.3056 0.1181, -0.2432 0.3054 0.1181, -0.2814 0.3201 0.1181, -0.2955 0.3346 0.1181, -0.2845 0.3182 0.1181, -0.2955 0.3182 0.1181, -0.285 0.3178 0.1181, -0.2752 0.3223 0.1181, -0.2691 0.323 0.1181, -0.223 0.3346 0.1181, -0.2629 0.3223 0.1181, -0.2939 0.3123 0.1181, -0.2924 0.3122 0.1181, -0.2881 0.3152 0.1181, -0.2909 0.312 0.1181, -0.3041 0.3097 0.1181, -0.2992 0.3116 0.1181, -0.2955 0.3121 0.1181, -0.3346 0.3182 0.1181, -0.3124 0.3018 0.1181, -0.3092 0.3059 0.1181, -0.3083 0.3067 0.1181, -0.3346 0.2859 0.1181, -0.3148 0.2859 0.1181, -0.3154 0.2907 0.1181, -0.3154 0.292 0.1181, -0.3009 0.2704 0.1181, -0.3057 0.2727 0.1181, -0.3346 0.2695 0.1181, -0.2992 0.2699 0.1181, -0.3099 0.2763 0.1181, -0.3129 0.2806 0.1181, -0.3148 0.2855 0.1181, -0.2955 0.2643 0.1181, -0.2959 0.2646 0.1181, -0.3346 0.2621 0.1181, -0.2979 0.267 0.1181, -0.2991 0.2695 0.1181, -0.2811 0.2621 0.1181, -0.2834 0.2612 0.1181, -0.2318 0.149 0.1181, -0.2903 0.2614 0.1181, -0.2955 0.2621 0.1181, -0.2921 0.2621 0.1181, -0.2933 0.2626 0.1181, -0.223 0.2621 0.1181, -0.2507 -0.1145 0.1181, -0.2644 -0.0776 0.1181, -0.2728 -0.0392 0.1181, -0.2756 -0.0 0.1181, -0.2866 0.2609 0.1181, -0.2644 0.0776 0.1181, -0.2507 0.1145 0.1181, -0.2728 0.0392 0.1181, -0.2871 0.2609 0.1181, -0.2742 0.2695 0.1181, -0.2742 0.2695 0.1181, -0.2758 0.2665 0.1181, -0.2778 0.2642 0.1181, -0.2804 0.2624 0.1181, -0.223 0.2859 0.1181, -0.231 0.2859 0.1181, -0.2313 0.2835 0.1181, -0.2572 0.2774 0.1181, -0.2563 0.2777 0.1181, -0.2547 0.2853 0.1181, -0.2356 0.2756 0.1181, -0.2392 0.2725 0.1181, -0.223 0.2695 0.1181, -0.258 0.2768 0.1181, -0.2553 0.2779 0.1181, -0.2551 0.2778 0.1181, -0.2547 0.2778 0.1181, -0.233 0.2793 0.1181, -0.2594 0.2737 0.1181, -0.2594 0.2743 0.1181, -0.2733 0.2755 0.1181, -0.2591 0.2753 0.1181, -0.2586 0.2762 0.1181, -0.2416 0.2811 0.1181, -0.2402 0.2831 0.1181, -0.2563 0.2697 0.1181, -0.2572 0.2701 0.1181, -0.258 0.2707 0.1181, -0.2583 0.271 0.1181, -0.2589 0.2718 0.1181, -0.2593 0.2727 0.1181, -0.2734 0.2728 0.1181, -0.2733 0.2741 0.1181, -0.2433 0.2706 0.1181, -0.2477 0.2696 0.1181, -0.2555 0.2696 0.1181, -0.2545 0.2777 0.1181, -0.2485 0.2777 0.1181, -0.2461 0.2782 0.1181, -0.2438 0.2793 0.1181, -0.2418 0.2809 0.1181, -0.2927 0.286 0.1181, -0.2898 0.2872 0.1181, -0.2955 0.2992 0.1181, -0.293 0.2859 0.1181, -0.2818 0.2867 0.1181, -0.2505 0.2992 0.1181, -0.285 0.2875 0.1181, -0.2866 0.2876 0.1181, -0.2393 0.2855 0.1181, -0.2392 0.2859 0.1181, -0.2551 0.2859 0.1181, -0.2389 0.2881 0.1181, -0.239 0.2892 0.1181, -0.2424 0.2958 0.1181, -0.2444 0.2972 0.1181, -0.2396 0.2918 0.1181, -0.2409 0.2941 0.1181, -0.2504 0.2984 0.1181, -0.2589 0.2923 0.1181, -0.2493 0.2984 0.1181, -0.2468 0.2981 0.1181, -0.2803 0.2859 0.1181, -0.2954 0.2842 0.1181, -0.2955 0.2841 0.1181, -0.2976 0.2816 0.1181, -0.306 0.2857 0.1181, -0.3044 0.283 0.1181, -0.302 0.2806 0.1181, -0.2991 0.2788 0.1181, -0.3042 0.2992 0.1181, -0.3055 0.2972 0.1181, -0.3067 0.2942 0.1181, -0.3071 0.291 0.1181, -0.2985 0.3034 0.1181, -0.3014 0.3019 0.1181, -0.3037 0.2998 0.1181, -0.2847 0.3065 0.1181, -0.2868 0.3023 0.1181, -0.2603 0.3129 0.1181, -0.2565 0.3103 0.1181, -0.2512 0.3021 0.1181, -0.2907 0.3039 0.1181, -0.2938 0.3043 0.1181, -0.2532 0.3064 0.1181, -0.2562 0.31 0.1181, -0.2877 0.3028 0.1181, -0.2952 0.3042 0.1181, -0.2955 0.3041 0.1181, -0.2817 0.3101 0.1181, -0.2644 0.3145 0.1181, -0.2782 0.3127 0.1181, -0.269 0.315 0.1181, -0.2738 0.3144 0.1181, -0.2329 0.2966 0.1181, -0.2313 0.2926 0.1181, -0.2307 0.2882 0.1181, -0.1312 0.2697 0.1181, -0.1338 0.2697 0.1181, -0.1197 0.2697 0.1181, -0.1216 0.2748 0.1181, -0.1294 0.2748 0.1181, -0.1359 0.2836 0.1181, -0.1352 0.2818 0.1181, -0.1277 0.2859 0.1181, -0.137 0.2852 0.1181, -0.117 0.2697 0.1181, -0.0542 0.2695 0.1181, -0.1232 0.2859 0.1181, -0.0392 0.2728 0.1181, -0.1363 0.274 0.1181, -0.1377 0.2723 0.1181, -0.1396 0.2709 0.1181, -0.1536 0.2718 0.1181, -0.1501 0.2697 0.1181, -0.1449 0.2697 0.1181, -0.1418 0.2701 0.1181, -0.1349 0.2793 0.1181, -0.1349 0.2781 0.1181, -0.1354 0.2759 0.1181, -0.154 0.2884 0.1181, -0.1577 0.2992 0.1181, -0.1419 0.2881 0.1181, -0.1396 0.2872 0.1181, -0.1267 0.2884 0.1181, -0.1377 0.2859 0.1181, -0.1376 0.2859 0.1181, -0.0 0.2756 0.1181, -0.1241 0.2884 0.1181, -0.1447 0.2884 0.1181, -0.1501 0.2884 0.1181, -0.1501 0.2859 0.1181, -0.154 0.2862 0.1181, -0.1577 0.2859 0.1181, -0.1577 0.2862 0.1181, -0.1612 0.2862 0.1181, -0.213 0.2859 0.1181, -0.213 0.2802 0.1181, -0.2051 0.2859 0.1181, -0.2063 0.2802 0.1181, -0.213 0.2781 0.1181, -0.213 0.2718 0.1181, -0.2063 0.2781 0.1181, -0.2053 0.2718 0.1181, -0.2051 0.2695 0.1181, -0.2053 0.2697 0.1181, -0.2154 0.2697 0.1181, -0.2154 0.2884 0.1181, -0.2154 0.2859 0.1181, -0.213 0.2862 0.1181, -0.2058 0.2862 0.1181, -0.2058 0.2884 0.1181, -0.2051 0.2992 0.1181, -0.1796 0.3077 0.1181, -0.1846 0.3077 0.1181, -0.1796 0.3015 0.1181, -0.1846 0.3015 0.1181, -0.1752 0.3182 0.1181, -0.1796 0.3182 0.1181, -0.1774 0.318 0.1181, -0.1796 0.318 0.1181, -0.1774 0.3159 0.1181, -0.177 0.3015 0.1181, -0.1752 0.2992 0.1181, -0.177 0.2993 0.1181, -0.1796 0.2992 0.1181, -0.178 0.3077 0.1181, -0.178 0.3099 0.1181, -0.1796 0.3099 0.1181, -0.1796 0.3159 0.1181, -0.1846 0.3159 0.1181, -0.1846 0.3099 0.1181, -0.1871 0.318 0.1181, -0.1881 0.3182 0.1181, -0.1871 0.2993 0.1181, -0.1908 0.3176 0.1181, -0.1928 0.3181 0.1181, -0.1932 0.3182 0.1181, -0.1796 0.2993 0.1181, -0.1908 0.315 0.1181, -0.1911 0.2999 0.1181, -0.1952 0.3161 0.1181, -0.196 0.3161 0.1181, -0.1973 0.3013 0.1181, -0.1956 0.3012 0.1181, -0.1947 0.3012 0.1181, -0.191 0.3151 0.1181, -0.1926 0.3016 0.1181, -0.1908 0.3024 0.1181, -0.1908 0.3001 0.1181, -0.1929 0.3159 0.1181, -0.1977 0.3158 0.1181, -0.1991 0.3151 0.1181, -0.2003 0.3141 0.1181, -0.1999 0.3026 0.1181, -0.2022 0.3076 0.1181, -0.2004 0.3031 0.1181, -0.2019 0.3058 0.1181, -0.2013 0.3043 0.1181, -0.2004 0.3139 0.1181, -0.2013 0.3126 0.1181, -0.2019 0.311 0.1181, -0.2022 0.3085 0.1181, -0.1986 0.3018 0.1181, -0.2034 0.3138 0.1181, -0.2021 0.3156 0.1181, -0.2016 0.316 0.1181, -0.1999 0.3172 0.1181, -0.2051 0.3182 0.1181, -0.2043 0.3117 0.1181, -0.2039 0.3126 0.1181, -0.2039 0.3041 0.1181, -0.2044 0.3053 0.1181, -0.2048 0.3083 0.1181, -0.2047 0.3093 0.1181, -0.2039 0.2992 0.1181, -0.1994 0.2996 0.1181, -0.2011 0.3005 0.1181, -0.2024 0.3016 0.1181, -0.2025 0.3017 0.1181, -0.2037 0.3033 0.1181, -0.1977 0.2992 0.1181, -0.2039 0.2859 0.1181, -0.1974 0.2991 0.1181, -0.196 0.299 0.1181, -0.1881 0.2859 0.1181, 0.2507 0.1145 0.1181, 0.2644 0.0776 0.1181, 0.149 0.2318 0.1181, 0.1805 0.2083 0.1181, 0.2644 -0.0776 0.1181, 0.2507 -0.1145 0.1181, 0.1145 0.2507 0.1181, 0.2083 0.1805 0.1181, 0.2318 0.149 0.1181, 0.2728 0.0392 0.1181, 0.2756 0.0 0.1181, 0.2728 -0.0392 0.1181, 0.1145 -0.2507 0.1181, 0.0776 -0.2644 0.1181, 0.3231 -0.3231 0.1181, 0.1805 -0.2083 0.1181, 0.315 -0.3294 0.1181, 0.3055 -0.3333 0.1181, 0.2318 -0.149 0.1181, 0.2083 -0.1805 0.1181, 0.3333 -0.3055 0.1181, 0.3294 -0.315 0.1181, 0.149 -0.2318 0.1181, -0.149 -0.2318 0.1181, -0.1145 -0.2507 0.1181, -0.0776 -0.2644 0.1181, 0.0392 -0.2728 0.1181, 0.0 -0.2756 0.1181, -0.0392 -0.2728 0.1181, 0.0392 0.2728 0.1181, 0.0542 0.2695 0.1181, 0.0776 0.2644 0.1181, 0.0838 0.2621 0.1181, -0.1577 0.2621 0.1181, -0.1577 0.2253 0.1181, -0.149 0.2318 0.1181, -0.1145 0.2507 0.1181, -0.0838 0.2621 0.1181, -0.0776 0.2644 0.1181, -0.1796 0.2621 0.1181, -0.1752 0.2122 0.1181, -0.1752 0.2621 0.1181, -0.1649 0.2199 0.1181, -0.1649 0.2621 0.1181, -0.2051 0.2621 0.1181, -0.2039 0.1848 0.1181, -0.2039 0.2621 0.1181, -0.1881 0.2006 0.1181, -0.1881 0.2621 0.1181, -0.1805 0.2083 0.1181, -0.1796 0.2089 0.1181, -0.223 0.1607 0.1181, -0.2083 0.1805 0.1181, -0.2051 0.1837 0.1181, -0.2051 -0.1837 0.1181, -0.2083 -0.1805 0.1181, -0.223 -0.1607 0.1181, -0.2318 -0.149 0.1181, -0.2039 -0.1848 0.1181, -0.1796 -0.2089 0.1181, -0.1805 -0.2083 0.1181, -0.1881 -0.2006 0.1181, -0.1577 -0.2253 0.1181, -0.1649 -0.2199 0.1181, -0.1752 -0.2122 0.1181, -0.1588 0.3055 0.1181, -0.1597 0.3036 0.1181, -0.1649 0.3182 0.1181, -0.1649 0.3176 0.1181, -0.1577 0.3182 0.1181, -0.163 0.3169 0.1181, -0.1649 0.2998 0.1181, -0.1649 0.2992 0.1181, -0.163 0.3005 0.1181, -0.1611 0.3019 0.1181, -0.1611 0.3155 0.1181, -0.1604 0.3149 0.1181, -0.1593 0.3133 0.1181, -0.1586 0.3115 0.1181, -0.1583 0.3089 0.1181, -0.1583 0.3077 0.1181, -0.1681 0.318 0.1181, -0.1653 0.3177 0.1181, -0.1652 0.2997 0.1181, -0.1683 0.2993 0.1181, -0.1735 0.2993 0.1181, -0.1735 0.318 0.1181, -0.1967 0.2698 0.1181, -0.1976 0.2695 0.1181, -0.1947 0.2697 0.1181, -0.1959 0.2704 0.1181, -0.2003 0.2695 0.1181, -0.2012 0.2699 0.1181, -0.2039 0.2695 0.1181, -0.2027 0.2714 0.1181, -0.203 0.2722 0.1181, -0.2018 0.2798 0.1181, -0.2018 0.2821 0.1181, -0.2013 0.2824 0.1181, -0.1996 0.283 0.1181, -0.2021 0.2761 0.1181, -0.2014 0.2767 0.1181, -0.2004 0.2772 0.1181, -0.2004 0.2807 0.1181, -0.1987 0.2776 0.1181, -0.1966 0.2813 0.1181, -0.1974 0.2814 0.1181, -0.1989 0.2813 0.1181, -0.202 0.2704 0.1181, -0.2022 0.2707 0.1181, -0.1947 0.2717 0.1181, -0.1948 0.2717 0.1181, -0.1952 0.2712 0.1181, -0.2031 0.2733 0.1181, -0.2031 0.2736 0.1181, -0.2029 0.2746 0.1181, -0.2026 0.2754 0.1181, -0.1948 0.2829 0.1181, -0.194 0.2825 0.1181, -0.1888 0.281 0.1181, -0.1934 0.2819 0.1181, -0.1891 0.2803 0.1181, -0.1929 0.2811 0.1181, -0.1926 0.28 0.1181, -0.1947 0.2782 0.1181, -0.1948 0.2792 0.1181, -0.195 0.28 0.1181, -0.1953 0.2805 0.1181, -0.1882 0.2769 0.1181, -0.1892 0.2726 0.1181, -0.1881 0.2769 0.1181, -0.1883 0.272 0.1181, -0.1881 0.2719 0.1181, -0.1885 0.2773 0.1181, -0.1888 0.2778 0.1181, -0.1924 0.2783 0.1181, -0.1891 0.2785 0.1181, -0.1892 0.2794 0.1181, -0.1972 0.2833 0.1181, -0.1958 0.2832 0.1181, -0.1957 0.2809 0.1181, -0.1961 0.2812 0.1181, -0.1977 0.2695 0.1181, -0.1989 0.2694 0.1181, -0.2002 0.2695 0.1181, -0.1892 0.2702 0.1181, -0.1924 0.2697 0.1181, -0.1881 0.2698 0.1181, -0.1881 0.2695 0.1181, -0.1878 0.2696 0.1181, -0.187 0.2695 0.1181, -0.1856 0.2694 0.1181, -0.1796 0.2859 0.1181, -0.1808 0.2827 0.1181, -0.1808 0.2805 0.1181, -0.181 0.2755 0.1181, -0.1805 0.2749 0.1181, -0.1877 0.2823 0.1181, -0.187 0.2827 0.1181, -0.1806 0.2716 0.1181, -0.181 0.271 0.1181, -0.1884 0.2816 0.1181, -0.1881 0.2819 0.1181, -0.1803 0.2742 0.1181, -0.1802 0.2733 0.1181, -0.1803 0.2724 0.1181, -0.1857 0.2832 0.1181, -0.184 0.2833 0.1181, -0.1824 0.2832 0.1181, -0.1817 0.2704 0.1181, -0.1825 0.27 0.1181, -0.1842 0.2814 0.1181, -0.1849 0.2814 0.1181, -0.1868 0.2796 0.1181, -0.1856 0.2812 0.1181, -0.1861 0.2809 0.1181, -0.1868 0.2793 0.1181, -0.1867 0.279 0.1181, -0.1865 0.2786 0.1181, -0.1863 0.2784 0.1181, -0.1855 0.2779 0.1181, -0.1827 0.2813 0.1181, -0.184 0.2772 0.1181, -0.1814 0.2808 0.1181, -0.1831 0.2769 0.1181, -0.1815 0.276 0.1181, -0.1864 0.2806 0.1181, -0.1866 0.2803 0.1181, -0.1867 0.28 0.1181, -0.1868 0.2715 0.1181, -0.1857 0.2755 0.1181, -0.1871 0.2762 0.1181, -0.1854 0.2713 0.1181, -0.1853 0.2713 0.1181, -0.1841 0.2749 0.1181, -0.1841 0.2714 0.1181, -0.1826 0.2731 0.1181, -0.1826 0.2734 0.1181, -0.1835 0.2716 0.1181, -0.1832 0.2718 0.1181, -0.183 0.272 0.1181, -0.1828 0.2723 0.1181, -0.1827 0.2726 0.1181, -0.1827 0.2737 0.1181, -0.1829 0.2741 0.1181, -0.1832 0.2744 0.1181, -0.1686 0.283 0.1181, -0.1649 0.2859 0.1181, -0.1729 0.273 0.1181, -0.1726 0.2719 0.1181, -0.1725 0.2719 0.1181, -0.1752 0.2859 0.1181, -0.1752 0.2798 0.1181, -0.1722 0.273 0.1181, -0.1724 0.2724 0.1181, -0.1752 0.2735 0.1181, -0.179 0.283 0.1181, -0.1764 0.283 0.1181, -0.1738 0.2697 0.1181, -0.1738 0.2695 0.1181, -0.1748 0.2673 0.1181, -0.1785 0.2636 0.1181, -0.1785 0.2657 0.1181, -0.178 0.2655 0.1181, -0.1772 0.2654 0.1181, -0.1752 0.2638 0.1181, -0.176 0.2635 0.1181, -0.177 0.2634 0.1181, -0.1775 0.2634 0.1181, -0.1766 0.2655 0.1181, -0.1761 0.2657 0.1181, -0.1722 0.2677 0.1181, -0.1733 0.2656 0.1181, -0.1741 0.2646 0.1181, -0.1743 0.2644 0.1181, -0.1751 0.2639 0.1181, -0.1546 0.2781 0.1181, -0.1577 0.2781 0.1181, -0.1577 0.2718 0.1181, -0.1612 0.2781 0.1181, -0.1612 0.2718 0.1181, -0.1612 0.2859 0.1181, -0.1612 0.2802 0.1181, -0.1577 0.2802 0.1181, -0.1546 0.2802 0.1181, -0.1637 0.2859 0.1181, -0.1637 0.2884 0.1181, -0.1637 0.2697 0.1181, -0.1881 0.3346 0.1181, -0.1796 0.3346 0.1181, -0.1752 0.3346 0.1181, -0.1649 0.3346 0.1181, -0.2051 0.3346 0.1181, -0.2039 0.3346 0.1181, -0.1952 0.3183 0.1181, -0.1546 0.2993 0.1181, -0.1572 0.2993 0.1181, -0.1501 0.318 0.1181, -0.1475 0.318 0.1181, -0.1404 0.2993 0.1181, -0.1431 0.2993 0.1181, -0.145 0.3044 0.1181, -0.1528 0.3044 0.1181, -0.2154 0.2993 0.1181, -0.2154 0.318 0.1181, -0.2055 0.2993 0.1181, -0.1577 0.2884 0.1181, -0.1577 0.2884 0.1181
            ]
        }
        coordIndex [
            0,1,2,-1,0,3,4,-1,4,3,5,-1,4,5,6,-1,6,5,7,-1,8,9,10,-1,11,12,13,-1,13,12,14,-1,2,15,0,-1,0,15,16,-1,0,16,3,-1,3,16,17,-1,3,17,18,-1,18,17,19,-1,18,19,20,-1,20,19,21,-1,20,21,22,-1,23,24,25,-1,25,24,26,-1,25,26,27,-1,14,22,13,-1,13,22,21,-1,13,21,10,-1,10,21,28,-1,10,28,8,-1,8,28,24,-1,8,24,29,-1,29,24,23,-1,9,8,30,-1,30,8,31,-1,30,31,32,-1,32,31,33,-1,32,33,34,-1,34,35,32,-1,32,35,36,-1,32,36,37,-1,37,38,32,-1,32,38,39,-1,32,39,40,-1,12,11,41,-1,41,11,32,-1,41,32,42,-1,42,32,40,-1,6,7,43,-1,43,7,44,-1,43,44,45,-1,45,44,46,-1,45,46,1,-1,1,46,2,-1,24,28,47,-1,47,28,48,-1,47,48,49,-1,49,48,50,-1,46,51,2,-1,2,51,52,-1,2,52,53,-1,50,15,49,-1,49,15,2,-1,49,2,54,-1,54,2,53,-1,55,56,57,-1,51,46,58,-1,59,60,61,-1,62,63,64,-1,65,66,67,-1,68,69,70,-1,71,72,73,-1,74,75,76,-1,77,78,79,-1,80,81,82,-1,83,84,85,-1,86,87,88,-1,88,87,89,-1,88,89,90,-1,91,92,89,-1,89,92,93,-1,89,93,94,-1,94,95,89,-1,89,95,96,-1,89,96,90,-1,97,98,99,-1,99,98,100,-1,99,100,101,-1,97,102,98,-1,98,102,103,-1,98,103,104,-1,104,103,105,-1,104,105,91,-1,100,106,107,-1,101,100,108,-1,108,100,107,-1,108,107,109,-1,110,111,100,-1,100,111,112,-1,100,112,106,-1,85,84,113,-1,84,114,113,-1,113,114,115,-1,113,115,116,-1,117,118,119,-1,117,119,85,-1,85,119,120,-1,85,120,83,-1,121,122,123,-1,121,123,124,-1,122,125,123,-1,123,125,126,-1,123,126,117,-1,117,126,127,-1,117,127,118,-1,128,129,130,-1,130,129,131,-1,130,131,123,-1,123,131,132,-1,123,132,124,-1,133,134,135,-1,42,136,137,-1,137,136,138,-1,137,138,139,-1,133,135,140,-1,42,141,142,-1,142,143,42,-1,42,143,144,-1,42,144,136,-1,145,146,134,-1,134,146,147,-1,134,147,135,-1,144,148,136,-1,136,148,146,-1,136,146,149,-1,149,146,145,-1,150,151,140,-1,140,151,152,-1,152,153,140,-1,140,153,154,-1,140,154,133,-1,155,156,157,-1,158,159,160,-1,161,162,163,-1,158,160,164,-1,159,165,160,-1,160,165,166,-1,160,166,167,-1,155,157,163,-1,163,157,168,-1,163,168,161,-1,169,170,171,-1,171,170,172,-1,171,172,160,-1,160,172,173,-1,160,173,164,-1,160,174,175,-1,176,177,150,-1,150,177,178,-1,150,178,179,-1,179,180,150,-1,150,180,181,-1,150,181,182,-1,182,181,169,-1,182,169,183,-1,183,169,171,-1,162,184,163,-1,163,184,185,-1,163,185,150,-1,150,185,186,-1,150,186,176,-1,167,187,160,-1,160,187,188,-1,160,188,189,-1,189,190,160,-1,160,190,191,-1,160,191,174,-1,192,193,194,-1,192,194,195,-1,196,197,198,-1,198,197,194,-1,198,194,199,-1,199,194,193,-1,175,200,160,-1,160,200,201,-1,160,201,202,-1,202,201,203,-1,202,203,204,-1,202,205,206,-1,204,207,202,-1,202,207,208,-1,202,208,205,-1,209,210,211,-1,211,210,202,-1,211,202,212,-1,212,202,206,-1,209,197,210,-1,210,197,196,-1,210,196,82,-1,82,196,213,-1,82,213,80,-1,195,79,214,-1,214,79,215,-1,215,79,216,-1,216,79,78,-1,216,78,217,-1,217,218,216,-1,216,218,219,-1,216,219,220,-1,195,194,79,-1,79,194,221,-1,79,221,222,-1,222,223,79,-1,79,223,224,-1,79,224,77,-1,225,226,194,-1,194,226,227,-1,194,227,221,-1,228,229,230,-1,230,229,231,-1,229,197,232,-1,233,234,194,-1,232,235,229,-1,229,235,236,-1,229,236,231,-1,197,229,194,-1,194,229,237,-1,194,237,233,-1,234,238,194,-1,194,238,239,-1,194,239,225,-1,228,230,240,-1,240,230,241,-1,240,241,242,-1,242,241,243,-1,242,243,244,-1,86,245,87,-1,87,245,246,-1,87,246,155,-1,155,246,247,-1,155,247,156,-1,248,249,76,-1,250,251,252,-1,253,254,255,-1,253,255,256,-1,252,248,250,-1,250,248,76,-1,250,76,257,-1,257,76,258,-1,257,258,259,-1,259,258,260,-1,261,262,249,-1,249,262,263,-1,264,74,265,-1,265,74,76,-1,265,76,266,-1,266,76,249,-1,266,249,267,-1,267,249,263,-1,254,268,255,-1,255,268,269,-1,255,269,249,-1,249,269,270,-1,249,270,261,-1,271,52,272,-1,273,274,275,-1,275,274,276,-1,275,276,255,-1,255,276,277,-1,255,277,256,-1,260,278,259,-1,259,278,53,-1,259,53,279,-1,279,53,52,-1,279,52,275,-1,273,275,280,-1,280,275,52,-1,280,52,281,-1,281,52,271,-1,281,271,282,-1,282,271,283,-1,282,283,284,-1,284,283,285,-1,284,285,286,-1,287,288,289,-1,289,288,290,-1,291,292,293,-1,293,292,294,-1,290,293,289,-1,289,293,294,-1,289,294,295,-1,295,294,296,-1,295,296,297,-1,298,87,299,-1,299,87,155,-1,299,155,297,-1,297,155,163,-1,297,163,295,-1,300,287,301,-1,301,287,289,-1,301,289,302,-1,302,289,303,-1,302,303,298,-1,304,305,306,-1,306,305,307,-1,308,309,310,-1,310,309,311,-1,310,312,308,-1,308,312,313,-1,308,313,314,-1,314,313,315,-1,314,315,316,-1,304,306,317,-1,317,306,313,-1,317,313,318,-1,318,313,312,-1,318,312,319,-1,312,320,319,-1,319,320,321,-1,319,321,322,-1,311,309,323,-1,323,309,324,-1,323,324,325,-1,326,324,327,-1,327,324,328,-1,315,329,316,-1,316,329,325,-1,316,325,73,-1,73,325,324,-1,73,324,330,-1,330,324,326,-1,71,73,331,-1,332,333,334,-1,335,336,337,-1,337,336,338,-1,337,338,330,-1,330,338,339,-1,330,339,73,-1,73,339,340,-1,73,340,331,-1,335,337,334,-1,334,337,341,-1,334,341,332,-1,333,342,334,-1,334,342,343,-1,334,343,344,-1,345,346,347,-1,347,346,348,-1,347,348,349,-1,344,350,334,-1,334,350,351,-1,334,351,352,-1,352,353,334,-1,334,353,346,-1,334,346,354,-1,354,346,345,-1,70,355,356,-1,356,357,70,-1,70,357,358,-1,70,358,68,-1,359,360,70,-1,70,360,361,-1,70,361,355,-1,362,363,303,-1,303,363,364,-1,303,364,359,-1,359,364,365,-1,359,365,360,-1,366,367,368,-1,368,369,366,-1,366,369,370,-1,366,370,371,-1,367,366,372,-1,372,366,373,-1,372,373,374,-1,374,373,375,-1,375,373,376,-1,375,376,72,-1,377,378,49,-1,379,380,49,-1,381,382,47,-1,379,49,383,-1,380,384,49,-1,49,384,385,-1,49,385,377,-1,378,386,49,-1,49,386,387,-1,49,387,47,-1,47,387,388,-1,47,388,381,-1,389,390,31,-1,391,392,393,-1,393,392,394,-1,382,395,47,-1,47,395,396,-1,47,396,397,-1,397,396,392,-1,397,392,398,-1,398,392,391,-1,394,392,31,-1,31,392,399,-1,31,399,389,-1,400,33,401,-1,401,33,402,-1,390,403,31,-1,31,403,404,-1,31,404,33,-1,33,404,405,-1,33,405,402,-1,278,406,53,-1,53,406,407,-1,53,407,54,-1,54,407,408,-1,54,408,49,-1,49,408,409,-1,49,409,383,-1,410,411,412,-1,412,413,410,-1,410,413,414,-1,410,414,76,-1,76,414,415,-1,76,415,258,-1,416,417,418,-1,418,417,419,-1,418,419,420,-1,421,422,423,-1,423,422,424,-1,423,424,425,-1,425,424,426,-1,425,426,416,-1,416,426,427,-1,416,427,417,-1,135,428,140,-1,140,428,429,-1,140,429,421,-1,421,429,430,-1,421,430,422,-1,431,432,40,-1,40,432,433,-1,40,433,42,-1,42,433,434,-1,42,434,141,-1,37,435,38,-1,38,435,431,-1,38,431,39,-1,39,431,40,-1,436,437,37,-1,37,437,438,-1,37,438,435,-1,400,439,33,-1,33,439,440,-1,33,440,34,-1,34,440,441,-1,34,441,35,-1,35,441,436,-1,35,436,36,-1,36,436,37,-1,442,443,272,-1,444,445,446,-1,446,445,447,-1,448,449,450,-1,450,449,272,-1,450,272,451,-1,451,272,443,-1,447,452,446,-1,446,452,453,-1,446,453,454,-1,454,455,446,-1,446,455,456,-1,446,456,272,-1,272,456,457,-1,272,457,442,-1,308,458,444,-1,444,458,459,-1,444,459,445,-1,448,460,449,-1,449,460,461,-1,449,461,314,-1,314,461,462,-1,314,462,308,-1,308,462,463,-1,308,463,458,-1,464,465,466,-1,464,466,467,-1,468,469,470,-1,470,471,472,-1,473,474,373,-1,373,474,475,-1,373,475,476,-1,477,478,473,-1,473,478,479,-1,473,479,480,-1,480,479,481,-1,482,483,481,-1,481,483,484,-1,481,484,480,-1,469,485,470,-1,470,485,486,-1,470,486,471,-1,487,488,466,-1,466,488,489,-1,466,489,467,-1,472,490,470,-1,470,490,491,-1,470,491,373,-1,373,491,492,-1,373,492,473,-1,473,492,493,-1,473,493,477,-1,494,495,496,-1,496,495,497,-1,496,497,498,-1,498,497,499,-1,498,499,500,-1,501,502,481,-1,481,502,503,-1,481,503,504,-1,505,506,507,-1,507,506,508,-1,507,508,509,-1,510,511,512,-1,512,511,513,-1,512,513,500,-1,500,513,514,-1,500,514,498,-1,476,515,373,-1,373,515,516,-1,373,516,494,-1,504,517,481,-1,481,517,518,-1,481,518,482,-1,465,519,425,-1,425,519,423,-1,423,519,520,-1,423,520,521,-1,505,510,506,-1,506,510,512,-1,506,512,522,-1,522,512,523,-1,522,523,524,-1,524,523,525,-1,524,525,526,-1,526,525,527,-1,528,527,425,-1,425,527,525,-1,425,525,465,-1,465,525,523,-1,465,523,466,-1,529,530,531,-1,532,533,531,-1,534,535,376,-1,67,536,537,-1,494,496,373,-1,373,496,538,-1,373,538,376,-1,376,538,539,-1,376,539,534,-1,540,541,67,-1,67,541,542,-1,67,542,536,-1,535,543,376,-1,376,543,544,-1,376,544,529,-1,529,544,545,-1,529,545,530,-1,537,546,67,-1,67,546,547,-1,67,547,65,-1,548,549,550,-1,550,549,551,-1,550,551,552,-1,550,553,548,-1,548,553,554,-1,548,554,555,-1,555,556,548,-1,548,556,557,-1,548,557,558,-1,558,557,559,-1,558,559,560,-1,560,559,561,-1,560,561,531,-1,531,561,562,-1,531,562,532,-1,563,564,552,-1,552,564,565,-1,552,565,550,-1,566,567,509,-1,509,567,568,-1,509,568,507,-1,566,569,567,-1,567,569,570,-1,567,570,571,-1,571,570,572,-1,571,573,574,-1,572,575,571,-1,571,575,576,-1,571,576,577,-1,577,578,571,-1,571,578,579,-1,571,579,573,-1,574,580,571,-1,571,580,581,-1,571,581,582,-1,583,62,584,-1,585,586,587,-1,584,588,583,-1,583,588,589,-1,583,589,590,-1,590,589,585,-1,590,585,591,-1,591,585,587,-1,61,592,67,-1,67,592,593,-1,533,540,531,-1,531,540,67,-1,531,67,529,-1,529,67,593,-1,529,593,588,-1,588,593,594,-1,588,594,589,-1,595,592,596,-1,596,592,61,-1,596,61,597,-1,597,61,60,-1,416,598,599,-1,528,425,66,-1,66,425,416,-1,66,416,67,-1,67,416,599,-1,67,599,61,-1,61,599,600,-1,61,600,601,-1,602,603,418,-1,418,603,604,-1,418,604,416,-1,416,604,605,-1,416,605,598,-1,601,606,61,-1,61,606,607,-1,61,607,59,-1,64,63,420,-1,420,63,608,-1,420,608,609,-1,609,610,420,-1,420,610,611,-1,420,611,418,-1,418,611,612,-1,418,612,602,-1,613,614,615,-1,615,614,616,-1,615,616,617,-1,618,619,620,-1,615,264,613,-1,613,264,265,-1,613,265,621,-1,621,265,282,-1,621,282,620,-1,620,282,284,-1,620,284,618,-1,618,284,286,-1,584,622,623,-1,62,64,584,-1,584,64,624,-1,584,624,622,-1,328,324,625,-1,625,324,309,-1,625,309,626,-1,626,309,308,-1,626,308,627,-1,627,308,444,-1,627,444,628,-1,628,444,446,-1,628,446,58,-1,91,89,104,-1,104,89,359,-1,104,359,629,-1,629,359,70,-1,629,70,630,-1,630,70,69,-1,630,69,625,-1,625,69,631,-1,625,631,328,-1,98,44,100,-1,100,44,113,-1,100,113,110,-1,110,113,116,-1,632,633,272,-1,272,633,446,-1,446,633,634,-1,446,634,635,-1,58,446,51,-1,51,446,635,-1,51,635,52,-1,52,635,636,-1,52,636,272,-1,272,636,637,-1,272,637,632,-1,632,637,638,-1,632,638,639,-1,298,303,87,-1,87,303,640,-1,87,640,89,-1,640,641,89,-1,89,641,55,-1,89,55,359,-1,359,55,57,-1,359,57,303,-1,303,57,642,-1,303,642,640,-1,72,376,73,-1,73,376,529,-1,73,529,316,-1,316,529,588,-1,316,588,314,-1,314,588,584,-1,314,584,449,-1,449,584,623,-1,449,623,272,-1,272,623,643,-1,272,643,271,-1,371,362,366,-1,366,362,303,-1,366,303,373,-1,373,303,289,-1,373,289,470,-1,470,289,295,-1,75,624,76,-1,76,624,64,-1,76,64,410,-1,410,64,420,-1,410,420,411,-1,411,420,419,-1,150,140,163,-1,163,140,421,-1,163,421,295,-1,295,421,423,-1,295,423,470,-1,470,423,521,-1,470,521,468,-1,139,128,137,-1,137,128,130,-1,137,130,42,-1,42,130,41,-1,
        ]
    }
}
Shape{
    appearance Appearance {
        material  Material 	{
            diffuseColor 1.0 1.0 0.5019607843137255
            specularColor 0.5019607843137255 0.5019607843137255 0.25098039215686274
            ambientIntensity 0.2
            transparency 0
            shininess 0.5
        }
    }
    geometry IndexedFaceSet {
        ccw TRUE
        solid FALSE
        coord DEF co Coordinate {
            point [
                -0.2749 -0.0192 0.2126, -0.2729 -0.0384 0.315, -0.2756 0.0 0.315, -0.2722 -0.0383 0.2126, -0.2696 -0.0573 0.2126, -0.2649 -0.076 0.315, -0.2643 -0.0758 0.2126, -0.259 -0.0943 0.2126, -0.2518 -0.1121 0.315, -0.2512 -0.1118 0.2126, -0.2433 -0.1294 0.2126, -0.2337 -0.146 0.315, -0.2331 -0.1457 0.2126, -0.223 -0.162 0.2126, -0.2111 -0.1771 0.315, -0.2106 -0.1767 0.2126, -0.1982 -0.1914 0.2126, -0.1844 -0.2048 0.315, -0.184 -0.2043 0.2126, -0.1697 -0.2172 0.2126, -0.1541 -0.2285 0.315, -0.1537 -0.2279 0.2126, -0.1378 -0.2387 0.2126, -0.1208 -0.2477 0.315, -0.1205 -0.2471 0.2126, -0.1032 -0.2555 0.2126, -0.0852 -0.2621 0.315, -0.085 -0.2615 0.2126, -0.0667 -0.2674 0.2126, -0.0479 -0.2714 0.315, -0.0477 -0.2707 0.2126, -0.0288 -0.2741 0.2126, -0.0096 -0.2754 0.315, -0.0096 -0.2748 0.2126, 0.0096 -0.2754 0.2126, 0.0288 -0.2741 0.315, 0.0287 -0.2734 0.2126, 0.0479 -0.2714 0.2126, 0.0667 -0.2674 0.315, 0.0665 -0.2668 0.2126, 0.0852 -0.2621 0.2126, 0.1032 -0.2555 0.315, 0.103 -0.2549 0.2126, 0.1208 -0.2477 0.2126, 0.1378 -0.2387 0.315, 0.1375 -0.2381 0.2126, 0.1541 -0.2285 0.2126, 0.1697 -0.2172 0.315, 0.1693 -0.2166 0.2126, 0.1844 -0.2048 0.2126, 0.1982 -0.1914 0.315, 0.1978 -0.191 0.2126, 0.2111 -0.1771 0.2126, 0.223 -0.162 0.315, 0.2224 -0.1616 0.2126, 0.2337 -0.146 0.2126, 0.2433 -0.1294 0.315, 0.2427 -0.1291 0.2126, 0.2518 -0.1121 0.2126, 0.259 -0.0943 0.315, 0.2583 -0.094 0.2126, 0.2649 -0.076 0.2126, 0.2696 -0.0573 0.315, 0.2689 -0.0572 0.2126, 0.2729 -0.0384 0.2126, 0.2749 -0.0192 0.315, 0.2742 -0.0192 0.2126, 0.2756 0.0 0.315, 0.2756 0.0 0.2126, 0.2749 0.0192 0.315, 0.2742 0.0192 0.2126, 0.2729 0.0384 0.2126, 0.2696 0.0573 0.315, 0.2689 0.0572 0.2126, 0.2649 0.076 0.2126, 0.259 0.0943 0.315, 0.2583 0.094 0.2126, 0.2518 0.1121 0.2126, 0.2433 0.1294 0.315, 0.2427 0.1291 0.2126, 0.2337 0.146 0.2126, 0.223 0.162 0.315, 0.2224 0.1616 0.2126, 0.2111 0.1771 0.2126, 0.1982 0.1914 0.315, 0.1978 0.191 0.2126, 0.1844 0.2048 0.2126, 0.1697 0.2172 0.315, 0.1693 0.2166 0.2126, 0.1541 0.2285 0.2126, 0.1378 0.2387 0.315, 0.1375 0.2381 0.2126, 0.1208 0.2477 0.2126, 0.1032 0.2555 0.315, 0.103 0.2549 0.2126, 0.0852 0.2621 0.2126, 0.0667 0.2674 0.315, 0.0665 0.2668 0.2126, 0.0479 0.2714 0.2126, 0.0288 0.2741 0.315, 0.0287 0.2734 0.2126, 0.0096 0.2754 0.2126, -0.0096 0.2754 0.315, -0.0096 0.2748 0.2126, -0.0288 0.2741 0.2126, -0.0479 0.2714 0.315, -0.0477 0.2707 0.2126, -0.0667 0.2674 0.2126, -0.0852 0.2621 0.315, -0.085 0.2615 0.2126, -0.1032 0.2555 0.2126, -0.1208 0.2477 0.315, -0.1205 0.2471 0.2126, -0.1378 0.2387 0.2126, -0.1541 0.2285 0.315, -0.1537 0.2279 0.2126, -0.1697 0.2172 0.2126, -0.1844 0.2048 0.315, -0.184 0.2043 0.2126, -0.1982 0.1914 0.2126, -0.2111 0.1771 0.315, -0.2106 0.1767 0.2126, -0.223 0.162 0.2126, -0.2337 0.146 0.315, -0.2331 0.1457 0.2126, -0.2433 0.1294 0.2126, -0.2518 0.1121 0.315, -0.2512 0.1118 0.2126, -0.259 0.0943 0.2126, -0.2649 0.076 0.315, -0.2643 0.0758 0.2126, -0.2696 0.0573 0.2126, -0.2729 0.0384 0.315, -0.2722 0.0383 0.2126, -0.2749 0.0192 0.2126, -0.2756 0.0 0.2126, -0.2362 -0.0 0.3346, -0.2362 -0.0 0.1575, -0.2336 0.0352 0.3346, -0.2336 0.0352 0.1575, -0.2257 0.0696 0.3346, -0.2257 0.0696 0.1575, -0.2128 0.1025 0.3346, -0.2128 0.1025 0.1575, -0.1952 0.1331 0.3346, -0.1952 0.1331 0.1575, -0.1732 0.1607 0.3346, -0.1732 0.1607 0.1575, -0.1473 0.1847 0.3346, -0.1473 0.1847 0.1575, -0.1181 0.2046 0.3346, -0.1181 0.2046 0.1575, -0.0863 0.2199 0.3346, -0.0863 0.2199 0.1575, -0.0526 0.2303 0.3346, -0.0526 0.2303 0.1575, -0.0177 0.2356 0.3346, -0.0177 0.2356 0.1575, 0.0177 0.2356 0.3346, 0.0177 0.2356 0.1575, 0.0526 0.2303 0.3346, 0.0526 0.2303 0.1575, 0.0863 0.2199 0.3346, 0.0863 0.2199 0.1575, 0.1181 0.2046 0.3346, 0.1181 0.2046 0.1575, 0.1473 0.1847 0.3346, 0.1473 0.1847 0.1575, 0.1732 0.1607 0.3346, 0.1732 0.1607 0.1575, 0.1952 0.1331 0.3346, 0.1952 0.1331 0.1575, 0.2128 0.1025 0.3346, 0.2128 0.1025 0.1575, 0.2257 0.0696 0.3346, 0.2257 0.0696 0.1575, 0.2336 0.0352 0.3346, 0.2336 0.0352 0.1575, 0.2362 0.0 0.3346, 0.2362 0.0 0.1575, 0.2336 -0.0352 0.3346, 0.2336 -0.0352 0.1575, 0.2257 -0.0696 0.3346, 0.2257 -0.0696 0.1575, 0.2128 -0.1025 0.3346, 0.2128 -0.1025 0.1575, 0.1952 -0.1331 0.3346, 0.1952 -0.1331 0.1575, 0.1732 -0.1607 0.3346, 0.1732 -0.1607 0.1575, 0.1473 -0.1847 0.3346, 0.1473 -0.1847 0.1575, 0.1181 -0.2046 0.3346, 0.1181 -0.2046 0.1575, 0.0863 -0.2199 0.3346, 0.0863 -0.2199 0.1575, 0.0526 -0.2303 0.3346, 0.0526 -0.2303 0.1575, 0.0177 -0.2356 0.3346, 0.0177 -0.2356 0.1575, -0.0177 -0.2356 0.3346, -0.0177 -0.2356 0.1575, -0.0526 -0.2303 0.3346, -0.0526 -0.2303 0.1575, -0.0863 -0.2199 0.3346, -0.0863 -0.2199 0.1575, -0.1181 -0.2046 0.3346, -0.1181 -0.2046 0.1575, -0.1473 -0.1847 0.3346, -0.1473 -0.1847 0.1575, -0.1732 -0.1607 0.3346, -0.1732 -0.1607 0.1575, -0.1952 -0.1331 0.3346, -0.1952 -0.1331 0.1575, -0.2128 -0.1025 0.3346, -0.2128 -0.1025 0.1575, -0.2257 -0.0696 0.3346, -0.2257 -0.0696 0.1575, -0.2336 -0.0352 0.3346, -0.2336 -0.0352 0.1575, 0.2553 -0.0179 0.3346, 0.2503 -0.0532 0.3346, 0.2405 -0.0875 0.3346, 0.226 -0.1201 0.3346, 0.207 -0.1504 0.3346, 0.1841 -0.1778 0.3346, 0.1576 -0.2017 0.3346, 0.128 -0.2216 0.3346, 0.0959 -0.2373 0.3346, 0.0619 -0.2483 0.3346, 0.0267 -0.2545 0.3346, -0.0089 -0.2557 0.3346, -0.0444 -0.252 0.3346, -0.0791 -0.2434 0.3346, -0.1122 -0.23 0.3346, -0.1431 0.2122 0.3346, -0.1712 0.1902 0.3346, -0.196 0.1645 0.3346, -0.217 0.1356 0.3346, -0.2338 0.1041 0.3346, -0.246 0.0705 0.3346, -0.2534 0.0356 0.3346, -0.2559 0.0 0.3346, -0.2534 -0.0356 0.3346, -0.246 -0.0705 0.3346, -0.2338 -0.1041 0.3346, -0.217 -0.1356 0.3346, -0.196 -0.1645 0.3346, -0.1712 -0.1902 0.3346, -0.1431 -0.2122 0.3346, 0.2559 0.0 0.3346, 0.2553 0.0179 0.3346, 0.2503 0.0532 0.3346, 0.2405 0.0875 0.3346, 0.226 0.1201 0.3346, 0.207 0.1504 0.3346, 0.1841 0.1778 0.3346, 0.1576 0.2017 0.3346, 0.128 0.2216 0.3346, 0.0959 0.2373 0.3346, 0.0619 0.2483 0.3346, 0.0267 0.2545 0.3346, -0.0089 0.2557 0.3346, -0.0444 0.252 0.3346, -0.0791 0.2434 0.3346, -0.1122 0.23 0.3346, -0.2756 0.0 0.1575, -0.2651 0.0373 0.1654, -0.2729 0.0384 0.1575, -0.2573 0.0738 0.1654, -0.2649 0.076 0.1575, -0.2446 0.1089 0.1654, -0.2518 0.1121 0.1575, -0.227 0.1419 0.1654, -0.2337 0.146 0.1575, -0.2051 0.1721 0.1654, -0.2111 0.1771 0.1575, -0.1791 0.199 0.1654, -0.1844 0.2048 0.1575, -0.1497 0.2219 0.1654, -0.1541 0.2285 0.1575, -0.1174 0.2406 0.1654, -0.1208 0.2477 0.1575, -0.0827 0.2546 0.1654, -0.0852 0.2621 0.1575, -0.0465 0.2636 0.1654, -0.0479 0.2714 0.1575, -0.0093 0.2676 0.1654, -0.0096 0.2754 0.1575, 0.028 0.2662 0.1654, 0.0288 0.2741 0.1575, 0.0648 0.2598 0.1654, 0.0667 0.2674 0.1575, 0.1003 0.2482 0.1654, 0.1032 0.2555 0.1575, 0.1339 0.2318 0.1654, 0.1378 0.2387 0.1575, 0.1648 0.211 0.1654, 0.1697 0.2172 0.1575, 0.1926 0.186 0.1654, 0.1982 0.1914 0.1575, 0.2166 0.1574 0.1654, 0.223 0.162 0.1575, 0.2364 0.1257 0.1654, 0.2433 0.1294 0.1575, 0.2516 0.0916 0.1654, 0.259 0.0943 0.1575, 0.2619 0.0557 0.1654, 0.2696 0.0573 0.1575, 0.2671 0.0187 0.1654, 0.2749 0.0192 0.1575, 0.2671 -0.0187 0.1654, 0.2749 -0.0192 0.1575, 0.2619 -0.0557 0.1654, 0.2696 -0.0573 0.1575, 0.2516 -0.0916 0.1654, 0.259 -0.0943 0.1575, 0.2364 -0.1257 0.1654, 0.2433 -0.1294 0.1575, 0.2166 -0.1574 0.1654, 0.223 -0.162 0.1575, 0.1926 -0.186 0.1654, 0.1982 -0.1914 0.1575, 0.1648 -0.211 0.1654, 0.1697 -0.2172 0.1575, 0.1339 -0.2318 0.1654, 0.1378 -0.2387 0.1575, 0.1003 -0.2482 0.1654, 0.1032 -0.2555 0.1575, 0.0648 -0.2598 0.1654, 0.0667 -0.2674 0.1575, 0.028 -0.2662 0.1654, 0.0288 -0.2741 0.1575, -0.0093 -0.2676 0.1654, -0.0096 -0.2754 0.1575, -0.0465 -0.2636 0.1654, -0.0479 -0.2714 0.1575, -0.0827 -0.2546 0.1654, -0.0852 -0.2621 0.1575, -0.1174 -0.2406 0.1654, -0.1208 -0.2477 0.1575, -0.1497 -0.2219 0.1654, -0.1541 -0.2285 0.1575, -0.1791 -0.199 0.1654, -0.1844 -0.2048 0.1575, -0.2051 -0.1721 0.1654, -0.2111 -0.1771 0.1575, -0.227 -0.1419 0.1654, -0.2337 -0.146 0.1575, -0.2446 -0.1089 0.1654, -0.2518 -0.1121 0.1575, -0.2573 -0.0738 0.1654, -0.2649 -0.076 0.1575, -0.2651 -0.0373 0.1654, -0.2729 -0.0384 0.1575, -0.2677 0.0 0.1654, -0.2671 -0.0187 0.2047, -0.2619 -0.0557 0.2047, -0.2645 -0.0372 0.2047, -0.2516 -0.0916 0.2047, -0.2567 -0.0736 0.2047, -0.2364 -0.1257 0.2047, -0.244 -0.1086 0.2047, -0.2166 -0.1574 0.2047, -0.2265 -0.1415 0.2047, -0.1926 -0.186 0.2047, -0.2046 -0.1717 0.2047, -0.1648 -0.211 0.2047, -0.1787 -0.1985 0.2047, -0.1339 -0.2318 0.2047, -0.1493 -0.2214 0.2047, -0.1003 -0.2482 0.2047, -0.1171 -0.24 0.2047, -0.0648 -0.2598 0.2047, -0.0825 -0.254 0.2047, -0.028 -0.2662 0.2047, -0.0464 -0.263 0.2047, 0.0093 -0.2676 0.2047, -0.0093 -0.2669 0.2047, 0.0465 -0.2636 0.2047, 0.0279 -0.2656 0.2047, 0.0827 -0.2546 0.2047, 0.0646 -0.2591 0.2047, 0.1174 -0.2406 0.2047, 0.1 -0.2476 0.2047, 0.1497 -0.2219 0.2047, 0.1335 -0.2313 0.2047, 0.1791 -0.199 0.2047, 0.1644 -0.2104 0.2047, 0.2051 -0.1721 0.2047, 0.1921 -0.1855 0.2047, 0.227 -0.1419 0.2047, 0.2161 -0.157 0.2047, 0.2446 -0.1089 0.2047, 0.2358 -0.1254 0.2047, 0.2573 -0.0738 0.2047, 0.251 -0.0913 0.2047, 0.2651 -0.0373 0.2047, 0.2612 -0.0555 0.2047, 0.2677 0.0 0.2047, 0.2664 -0.0186 0.2047, 0.2651 0.0373 0.2047, 0.2664 0.0186 0.2047, 0.2573 0.0738 0.2047, 0.2612 0.0555 0.2047, 0.2446 0.1089 0.2047, 0.251 0.0913 0.2047, 0.227 0.1419 0.2047, 0.2358 0.1254 0.2047, 0.2051 0.1721 0.2047, 0.2161 0.157 0.2047, 0.1791 0.199 0.2047, 0.1921 0.1855 0.2047, 0.1497 0.2219 0.2047, 0.1644 0.2104 0.2047, 0.1174 0.2406 0.2047, 0.1335 0.2313 0.2047, 0.0827 0.2546 0.2047, 0.1 0.2476 0.2047, 0.0465 0.2636 0.2047, 0.0646 0.2591 0.2047, 0.0093 0.2676 0.2047, 0.0279 0.2656 0.2047, -0.028 0.2662 0.2047, -0.0093 0.2669 0.2047, -0.0648 0.2598 0.2047, -0.0464 0.263 0.2047, -0.1003 0.2482 0.2047, -0.0825 0.254 0.2047, -0.1339 0.2318 0.2047, -0.1171 0.24 0.2047, -0.1648 0.211 0.2047, -0.1493 0.2214 0.2047, -0.1926 0.186 0.2047, -0.1787 0.1985 0.2047, -0.2166 0.1574 0.2047, -0.2046 0.1717 0.2047, -0.2364 0.1257 0.2047, -0.2265 0.1415 0.2047, -0.2516 0.0916 0.2047, -0.244 0.1086 0.2047, -0.2619 0.0557 0.2047, -0.2567 0.0736 0.2047, -0.2677 0.0 0.2047, -0.2671 0.0187 0.2047, -0.2645 0.0372 0.2047, -0.2645 0.0372 0.2047
            ]
        }
        coordIndex [
            0,1,2,-1,0,3,1,-1,1,3,4,-1,1,4,5,-1,4,6,5,-1,5,6,7,-1,5,7,8,-1,7,9,8,-1,8,9,10,-1,8,10,11,-1,10,12,11,-1,11,12,13,-1,11,13,14,-1,13,15,14,-1,14,15,16,-1,14,16,17,-1,16,18,17,-1,17,18,19,-1,17,19,20,-1,19,21,20,-1,20,21,22,-1,20,22,23,-1,22,24,23,-1,23,24,25,-1,23,25,26,-1,25,27,26,-1,26,27,28,-1,26,28,29,-1,28,30,29,-1,29,30,31,-1,29,31,32,-1,31,33,32,-1,32,33,34,-1,32,34,35,-1,34,36,35,-1,35,36,37,-1,35,37,38,-1,37,39,38,-1,38,39,40,-1,38,40,41,-1,40,42,41,-1,41,42,43,-1,41,43,44,-1,43,45,44,-1,44,45,46,-1,44,46,47,-1,46,48,47,-1,47,48,49,-1,47,49,50,-1,49,51,50,-1,50,51,52,-1,50,52,53,-1,52,54,53,-1,53,54,55,-1,53,55,56,-1,55,57,56,-1,56,57,58,-1,56,58,59,-1,58,60,59,-1,59,60,61,-1,59,61,62,-1,61,63,62,-1,62,63,64,-1,62,64,65,-1,65,64,66,-1,65,66,67,-1,67,66,68,-1,67,68,69,-1,68,70,69,-1,69,70,71,-1,69,71,72,-1,71,73,72,-1,72,73,74,-1,72,74,75,-1,74,76,75,-1,75,76,77,-1,75,77,78,-1,77,79,78,-1,78,79,80,-1,78,80,81,-1,80,82,81,-1,81,82,83,-1,81,83,84,-1,83,85,84,-1,84,85,86,-1,84,86,87,-1,86,88,87,-1,87,88,89,-1,87,89,90,-1,89,91,90,-1,90,91,92,-1,90,92,93,-1,92,94,93,-1,93,94,95,-1,93,95,96,-1,95,97,96,-1,96,97,98,-1,96,98,99,-1,98,100,99,-1,99,100,101,-1,99,101,102,-1,101,103,102,-1,102,103,104,-1,102,104,105,-1,104,106,105,-1,105,106,107,-1,105,107,108,-1,107,109,108,-1,108,109,110,-1,108,110,111,-1,110,112,111,-1,111,112,113,-1,111,113,114,-1,113,115,114,-1,114,115,116,-1,114,116,117,-1,116,118,117,-1,117,118,119,-1,117,119,120,-1,119,121,120,-1,120,121,122,-1,120,122,123,-1,122,124,123,-1,123,124,125,-1,123,125,126,-1,125,127,126,-1,126,127,128,-1,126,128,129,-1,128,130,129,-1,129,130,131,-1,129,131,132,-1,131,133,132,-1,132,133,134,-1,132,134,2,-1,2,134,135,-1,2,135,0,-1,136,137,138,-1,138,137,139,-1,138,139,140,-1,140,139,141,-1,140,141,142,-1,142,141,143,-1,142,143,144,-1,144,143,145,-1,144,145,146,-1,146,145,147,-1,146,147,148,-1,148,147,149,-1,148,149,150,-1,150,149,151,-1,150,151,152,-1,152,151,153,-1,152,153,154,-1,154,153,155,-1,154,155,156,-1,156,155,157,-1,156,157,158,-1,158,157,159,-1,158,159,160,-1,160,159,161,-1,160,161,162,-1,162,161,163,-1,162,163,164,-1,164,163,165,-1,164,165,166,-1,166,165,167,-1,166,167,168,-1,168,167,169,-1,168,169,170,-1,170,169,171,-1,170,171,172,-1,172,171,173,-1,172,173,174,-1,174,173,175,-1,174,175,176,-1,176,175,177,-1,176,177,178,-1,178,177,179,-1,178,179,180,-1,180,179,181,-1,180,181,182,-1,182,181,183,-1,182,183,184,-1,184,183,185,-1,184,185,186,-1,186,185,187,-1,186,187,188,-1,188,187,189,-1,188,189,190,-1,190,189,191,-1,190,191,192,-1,192,191,193,-1,192,193,194,-1,194,193,195,-1,194,195,196,-1,196,195,197,-1,196,197,198,-1,198,197,199,-1,198,199,200,-1,200,199,201,-1,200,201,202,-1,202,201,203,-1,202,203,204,-1,204,203,205,-1,204,205,206,-1,206,205,207,-1,206,207,208,-1,208,207,209,-1,208,209,210,-1,210,209,211,-1,210,211,212,-1,212,211,213,-1,212,213,214,-1,214,213,215,-1,214,215,216,-1,216,215,217,-1,216,217,218,-1,218,217,219,-1,218,219,136,-1,136,219,137,-1,220,178,221,-1,221,178,180,-1,221,180,222,-1,222,180,182,-1,222,182,223,-1,223,182,184,-1,223,184,224,-1,224,184,186,-1,224,186,225,-1,225,186,188,-1,225,188,226,-1,226,188,190,-1,226,190,227,-1,227,190,192,-1,227,192,228,-1,228,192,194,-1,228,194,229,-1,229,194,196,-1,229,196,230,-1,230,196,198,-1,230,198,231,-1,231,198,200,-1,231,200,232,-1,232,200,202,-1,232,202,233,-1,233,202,204,-1,233,204,234,-1,234,204,206,-1,150,235,148,-1,148,235,236,-1,148,236,146,-1,146,236,237,-1,146,237,144,-1,144,237,238,-1,144,238,142,-1,142,238,239,-1,142,239,140,-1,140,239,240,-1,140,240,138,-1,138,240,241,-1,138,241,136,-1,136,241,242,-1,136,242,218,-1,218,242,243,-1,218,243,216,-1,216,243,244,-1,216,244,214,-1,214,244,245,-1,214,245,212,-1,212,245,246,-1,212,246,210,-1,210,246,247,-1,210,247,208,-1,208,247,248,-1,208,248,206,-1,206,248,249,-1,206,249,234,-1,220,250,178,-1,178,250,251,-1,178,251,176,-1,176,251,252,-1,176,252,174,-1,174,252,253,-1,174,253,172,-1,172,253,254,-1,172,254,170,-1,170,254,255,-1,170,255,168,-1,168,255,256,-1,168,256,166,-1,166,256,257,-1,166,257,164,-1,164,257,258,-1,164,258,162,-1,162,258,259,-1,162,259,160,-1,160,259,260,-1,160,260,158,-1,158,260,261,-1,158,261,156,-1,156,261,262,-1,156,262,154,-1,154,262,263,-1,154,263,152,-1,152,263,264,-1,152,264,150,-1,150,264,265,-1,150,265,235,-1,251,250,67,-1,67,250,65,-1,250,220,65,-1,65,220,221,-1,65,221,62,-1,62,221,222,-1,62,222,59,-1,59,222,223,-1,59,223,56,-1,56,223,224,-1,56,224,53,-1,53,224,225,-1,53,225,50,-1,50,225,226,-1,50,226,47,-1,47,226,227,-1,47,227,44,-1,44,227,228,-1,44,228,41,-1,41,228,229,-1,41,229,38,-1,38,229,230,-1,38,230,35,-1,35,230,231,-1,35,231,32,-1,32,231,232,-1,32,232,29,-1,29,232,233,-1,29,233,26,-1,26,233,234,-1,26,234,23,-1,23,234,249,-1,23,249,20,-1,20,249,248,-1,20,248,17,-1,17,248,247,-1,17,247,14,-1,14,247,246,-1,14,246,11,-1,11,246,245,-1,11,245,8,-1,8,245,244,-1,8,244,5,-1,5,244,243,-1,5,243,1,-1,1,243,242,-1,1,242,2,-1,2,242,241,-1,2,241,132,-1,132,241,240,-1,132,240,129,-1,129,240,239,-1,129,239,126,-1,126,239,238,-1,126,238,123,-1,123,238,237,-1,123,237,120,-1,120,237,236,-1,120,236,117,-1,117,236,235,-1,117,235,114,-1,114,235,265,-1,114,265,111,-1,111,265,264,-1,111,264,108,-1,108,264,263,-1,108,263,105,-1,105,263,262,-1,105,262,102,-1,102,262,261,-1,102,261,99,-1,99,261,260,-1,99,260,96,-1,96,260,259,-1,96,259,93,-1,93,259,258,-1,93,258,90,-1,90,258,257,-1,90,257,87,-1,87,257,256,-1,87,256,84,-1,84,256,255,-1,84,255,81,-1,81,255,254,-1,81,254,78,-1,78,254,253,-1,78,253,75,-1,75,253,252,-1,75,252,72,-1,72,252,251,-1,72,251,69,-1,69,251,67,-1,266,267,268,-1,268,267,269,-1,268,269,270,-1,270,269,271,-1,270,271,272,-1,272,271,273,-1,272,273,274,-1,274,273,275,-1,274,275,276,-1,276,275,277,-1,276,277,278,-1,278,277,279,-1,278,279,280,-1,280,279,281,-1,280,281,282,-1,282,281,283,-1,282,283,284,-1,284,283,285,-1,284,285,286,-1,286,285,287,-1,286,287,288,-1,288,287,289,-1,288,289,290,-1,290,289,291,-1,290,291,292,-1,292,291,293,-1,292,293,294,-1,294,293,295,-1,294,295,296,-1,296,295,297,-1,296,297,298,-1,298,297,299,-1,298,299,300,-1,300,299,301,-1,300,301,302,-1,302,301,303,-1,302,303,304,-1,304,303,305,-1,304,305,306,-1,306,305,307,-1,306,307,308,-1,308,307,309,-1,308,309,310,-1,310,309,311,-1,310,311,312,-1,312,311,313,-1,312,313,314,-1,314,313,315,-1,314,315,316,-1,316,315,317,-1,316,317,318,-1,318,317,319,-1,318,319,320,-1,320,319,321,-1,320,321,322,-1,322,321,323,-1,322,323,324,-1,324,323,325,-1,324,325,326,-1,326,325,327,-1,326,327,328,-1,328,327,329,-1,328,329,330,-1,330,329,331,-1,330,331,332,-1,332,331,333,-1,332,333,334,-1,334,333,335,-1,334,335,336,-1,336,335,337,-1,336,337,338,-1,338,337,339,-1,338,339,340,-1,340,339,341,-1,340,341,342,-1,342,341,343,-1,342,343,344,-1,344,343,345,-1,344,345,346,-1,346,345,347,-1,346,347,348,-1,348,347,349,-1,348,349,350,-1,350,349,351,-1,350,351,352,-1,352,351,353,-1,352,353,354,-1,354,353,355,-1,354,355,266,-1,266,355,267,-1,355,353,356,-1,351,357,353,-1,353,357,358,-1,353,358,356,-1,349,359,351,-1,351,359,360,-1,351,360,357,-1,347,361,349,-1,349,361,362,-1,349,362,359,-1,345,363,347,-1,347,363,364,-1,347,364,361,-1,343,365,345,-1,345,365,366,-1,345,366,363,-1,341,367,343,-1,343,367,368,-1,343,368,365,-1,339,369,341,-1,341,369,370,-1,341,370,367,-1,337,371,339,-1,339,371,372,-1,339,372,369,-1,335,373,337,-1,337,373,374,-1,337,374,371,-1,333,375,335,-1,335,375,376,-1,335,376,373,-1,331,377,333,-1,333,377,378,-1,333,378,375,-1,329,379,331,-1,331,379,380,-1,331,380,377,-1,327,381,329,-1,329,381,382,-1,329,382,379,-1,325,383,327,-1,327,383,384,-1,327,384,381,-1,323,385,325,-1,325,385,386,-1,325,386,383,-1,321,387,323,-1,323,387,388,-1,323,388,385,-1,319,389,321,-1,321,389,390,-1,321,390,387,-1,317,391,319,-1,319,391,392,-1,319,392,389,-1,315,393,317,-1,317,393,394,-1,317,394,391,-1,313,395,315,-1,315,395,396,-1,315,396,393,-1,311,397,313,-1,313,397,398,-1,313,398,395,-1,309,399,311,-1,311,399,400,-1,311,400,397,-1,307,401,309,-1,309,401,402,-1,309,402,399,-1,305,403,307,-1,307,403,404,-1,307,404,401,-1,303,405,305,-1,305,405,406,-1,305,406,403,-1,301,407,303,-1,303,407,408,-1,303,408,405,-1,299,409,301,-1,301,409,410,-1,301,410,407,-1,297,411,299,-1,299,411,412,-1,299,412,409,-1,295,413,297,-1,297,413,414,-1,297,414,411,-1,293,415,295,-1,295,415,416,-1,295,416,413,-1,291,417,293,-1,293,417,418,-1,293,418,415,-1,289,419,291,-1,291,419,420,-1,291,420,417,-1,287,421,289,-1,289,421,422,-1,289,422,419,-1,285,423,287,-1,287,423,424,-1,287,424,421,-1,283,425,285,-1,285,425,426,-1,285,426,423,-1,281,427,283,-1,283,427,428,-1,283,428,425,-1,279,429,281,-1,281,429,430,-1,281,430,427,-1,277,431,279,-1,279,431,432,-1,279,432,429,-1,275,433,277,-1,277,433,434,-1,277,434,431,-1,273,435,275,-1,275,435,436,-1,275,436,433,-1,271,437,273,-1,273,437,438,-1,273,438,435,-1,269,439,271,-1,271,439,440,-1,271,440,437,-1,267,441,269,-1,269,441,442,-1,269,442,439,-1,356,443,355,-1,355,443,444,-1,355,444,267,-1,267,444,445,-1,267,445,441,-1,70,402,71,-1,71,402,401,-1,71,401,73,-1,73,401,404,-1,73,404,74,-1,74,404,403,-1,74,403,76,-1,76,403,406,-1,76,406,77,-1,77,406,405,-1,77,405,79,-1,79,405,408,-1,79,408,80,-1,80,408,407,-1,80,407,82,-1,82,407,410,-1,82,410,83,-1,83,410,409,-1,83,409,85,-1,85,409,412,-1,85,412,86,-1,86,412,411,-1,86,411,88,-1,88,411,414,-1,88,414,89,-1,89,414,413,-1,89,413,91,-1,91,413,416,-1,91,416,92,-1,92,416,415,-1,92,415,94,-1,94,415,418,-1,94,418,95,-1,95,418,417,-1,95,417,97,-1,97,417,420,-1,97,420,98,-1,98,420,419,-1,98,419,100,-1,100,419,422,-1,100,422,101,-1,101,422,421,-1,101,421,103,-1,103,421,424,-1,103,424,104,-1,104,424,423,-1,104,423,106,-1,106,423,426,-1,106,426,107,-1,107,426,425,-1,107,425,109,-1,109,425,428,-1,109,428,110,-1,110,428,427,-1,110,427,112,-1,112,427,430,-1,112,430,113,-1,113,430,429,-1,113,429,115,-1,115,429,432,-1,115,432,116,-1,116,432,431,-1,116,431,118,-1,118,431,434,-1,118,434,119,-1,119,434,433,-1,119,433,121,-1,121,433,436,-1,121,436,122,-1,122,436,435,-1,122,435,124,-1,124,435,438,-1,124,438,125,-1,125,438,437,-1,125,437,127,-1,127,437,440,-1,127,440,128,-1,128,440,439,-1,128,439,130,-1,130,439,442,-1,130,442,131,-1,131,442,441,-1,131,441,133,-1,133,441,445,-1,133,445,134,-1,134,445,444,-1,134,444,135,-1,135,444,443,-1,135,443,0,-1,0,443,356,-1,0,356,3,-1,3,356,358,-1,3,358,4,-1,4,358,357,-1,4,357,6,-1,6,357,360,-1,6,360,7,-1,7,360,359,-1,7,359,9,-1,9,359,362,-1,9,362,10,-1,10,362,361,-1,10,361,12,-1,12,361,364,-1,12,364,13,-1,13,364,363,-1,13,363,15,-1,15,363,366,-1,15,366,16,-1,16,366,365,-1,16,365,18,-1,18,365,368,-1,18,368,19,-1,19,368,367,-1,19,367,21,-1,21,367,370,-1,21,370,22,-1,22,370,369,-1,22,369,24,-1,24,369,372,-1,24,372,25,-1,25,372,371,-1,25,371,27,-1,27,371,374,-1,27,374,28,-1,28,374,373,-1,28,373,30,-1,30,373,376,-1,30,376,31,-1,31,376,375,-1,31,375,33,-1,33,375,378,-1,33,378,34,-1,34,378,377,-1,34,377,36,-1,36,377,380,-1,36,380,37,-1,37,380,379,-1,37,379,39,-1,39,379,382,-1,39,382,40,-1,40,382,381,-1,40,381,42,-1,42,381,384,-1,42,384,43,-1,43,384,383,-1,43,383,45,-1,45,383,386,-1,45,386,46,-1,46,386,385,-1,46,385,48,-1,48,385,388,-1,48,388,49,-1,49,388,387,-1,49,387,51,-1,51,387,390,-1,51,390,52,-1,52,390,389,-1,52,389,54,-1,54,389,392,-1,54,392,55,-1,55,392,391,-1,55,391,57,-1,57,391,394,-1,57,394,58,-1,58,394,393,-1,58,393,60,-1,60,393,396,-1,60,396,61,-1,61,396,395,-1,61,395,63,-1,63,395,398,-1,63,398,64,-1,64,398,397,-1,64,397,66,-1,66,397,400,-1,66,400,68,-1,68,400,399,-1,68,399,70,-1,70,399,402,-1,
        ]
    }
}
Shape{
    appearance Appearance {
        material  Material 	{
            diffuseColor 1.0 1.0 1.0
            specularColor 0.5019607843137255 0.5019607843137255 0.5019607843137255
            ambientIntensity 0.2
            transparency 0
            shininess 0.5
        }
    }
    geometry IndexedFaceSet {
        ccw TRUE
        solid FALSE
        coord DEF co Coordinate {
            point [
                -0.3346 -0.0591 0.0394, -0.3346 -0.0591 0.0, -0.3346 -0.3346 0.0, -0.3346 -0.3346 0.1181, -0.3346 0.2621 0.1181, -0.3346 0.0591 0.0394, -0.3346 0.0591 0.0, -0.3346 0.3346 0.0, -0.3346 0.2695 0.1181, -0.3346 0.2859 0.1181, -0.3346 0.2992 0.1181, -0.3346 0.3182 0.1181, -0.3346 0.3346 0.1181, -0.3346 0.3346 0.1181
            ]
        }
        coordIndex [
            0,1,2,-1,2,3,0,-1,0,3,4,-1,0,4,5,-1,5,4,6,-1,6,4,7,-1,7,4,8,-1,7,8,9,-1,9,10,7,-1,7,10,11,-1,7,11,12,-1,
        ]
    }
}
Shape{
    appearance Appearance {
        material  Material 	{
            diffuseColor 1.0 1.0 0.5019607843137255
            specularColor 0.5019607843137255 0.5019607843137255 0.25098039215686274
            ambientIntensity 0.2
            transparency 0
            shininess 0.5
        }
    }
    geometry IndexedFaceSet {
        ccw TRUE
        solid FALSE
        coord DEF co Coordinate {
            point [
                0.2756 0.0 0.1181, 0.2749 0.0192 0.1181, 0.2749 0.0192 0.1575, 0.2696 0.0573 0.1181, 0.2696 0.0573 0.1575, 0.259 0.0943 0.1181, 0.259 0.0943 0.1575, 0.2433 0.1294 0.1181, 0.2433 0.1294 0.1575, 0.223 0.162 0.1181, 0.223 0.162 0.1575, 0.1982 0.1914 0.1181, 0.1982 0.1914 0.1575, 0.1697 0.2172 0.1181, 0.1697 0.2172 0.1575, 0.1378 0.2387 0.1181, 0.1378 0.2387 0.1575, 0.1032 0.2555 0.1181, 0.1032 0.2555 0.1575, 0.0667 0.2674 0.1181, 0.0667 0.2674 0.1575, 0.0288 0.2741 0.1181, 0.0288 0.2741 0.1575, -0.0096 0.2754 0.1181, -0.0096 0.2754 0.1575, -0.0479 0.2714 0.1181, -0.0479 0.2714 0.1575, -0.0852 0.2621 0.1181, -0.0852 0.2621 0.1575, -0.1208 0.2477 0.1181, -0.1208 0.2477 0.1575, -0.1541 0.2285 0.1181, -0.1541 0.2285 0.1575, -0.1844 0.2048 0.1181, -0.1844 0.2048 0.1575, -0.2111 0.1771 0.1181, -0.2111 0.1771 0.1575, -0.2337 0.146 0.1181, -0.2337 0.146 0.1575, -0.2518 0.1121 0.1181, -0.2518 0.1121 0.1575, -0.2649 0.076 0.1181, -0.2649 0.076 0.1575, -0.2729 0.0384 0.1181, -0.2729 0.0384 0.1575, -0.2756 -0.0 0.1181, -0.2756 0.0 0.1575, -0.2729 -0.0384 0.1181, -0.2729 -0.0384 0.1575, -0.2649 -0.076 0.1181, -0.2649 -0.076 0.1575, -0.2518 -0.1121 0.1181, -0.2518 -0.1121 0.1575, -0.2337 -0.146 0.1181, -0.2337 -0.146 0.1575, -0.2111 -0.1771 0.1181, -0.2111 -0.1771 0.1575, -0.1844 -0.2048 0.1181, -0.1844 -0.2048 0.1575, -0.1541 -0.2285 0.1181, -0.1541 -0.2285 0.1575, -0.1208 -0.2477 0.1181, -0.1208 -0.2477 0.1575, -0.0852 -0.2621 0.1181, -0.0852 -0.2621 0.1575, -0.0479 -0.2714 0.1181, -0.0479 -0.2714 0.1575, -0.0096 -0.2754 0.1181, -0.0096 -0.2754 0.1575, 0.0288 -0.2741 0.1181, 0.0288 -0.2741 0.1575, 0.0667 -0.2674 0.1181, 0.0667 -0.2674 0.1575, 0.1032 -0.2555 0.1181, 0.1032 -0.2555 0.1575, 0.1378 -0.2387 0.1181, 0.1378 -0.2387 0.1575, 0.1697 -0.2172 0.1181, 0.1697 -0.2172 0.1575, 0.1982 -0.1914 0.1181, 0.1982 -0.1914 0.1575, 0.223 -0.162 0.1181, 0.223 -0.162 0.1575, 0.2433 -0.1294 0.1181, 0.2433 -0.1294 0.1575, 0.259 -0.0943 0.1181, 0.259 -0.0943 0.1575, 0.2696 -0.0573 0.1181, 0.2696 -0.0573 0.1575, 0.2749 -0.0192 0.1181, 0.2749 -0.0192 0.1575, -0.2336 -0.0352 0.1575, -0.0761 -0.0204 0.1575, -0.0787 0.0 0.1575, 0.0787 0.0 0.1575, 0.0761 -0.0204 0.1575, 0.2336 -0.0352 0.1575, -0.0204 -0.0761 0.1575, -0.0177 -0.2356 0.1575, 0.0 -0.0787 0.1575, 0.0177 -0.2356 0.1575, 0.0204 -0.0761 0.1575, -0.0557 0.0557 0.1575, -0.1952 0.1331 0.1575, -0.0682 0.0394 0.1575, -0.2128 0.1025 0.1575, -0.0761 0.0204 0.1575, -0.0394 0.0682 0.1575, -0.1473 0.1847 0.1575, -0.1732 0.1607 0.1575, 0.0557 -0.0557 0.1575, 0.1952 -0.1331 0.1575, 0.0682 -0.0394 0.1575, 0.2128 -0.1025 0.1575, 0.2257 -0.0696 0.1575, -0.2257 0.0696 0.1575, -0.2336 0.0352 0.1575, -0.2362 -0.0 0.1575, 0.0394 -0.0682 0.1575, 0.1473 -0.1847 0.1575, 0.1732 -0.1607 0.1575, -0.0394 -0.0682 0.1575, -0.0863 -0.2199 0.1575, -0.0526 -0.2303 0.1575, -0.2257 -0.0696 0.1575, -0.2128 -0.1025 0.1575, -0.0682 -0.0394 0.1575, -0.1952 -0.1331 0.1575, -0.0557 -0.0557 0.1575, -0.0204 0.0761 0.1575, -0.0863 0.2199 0.1575, -0.1181 0.2046 0.1575, 0.0204 0.0761 0.1575, 0.0177 0.2356 0.1575, -0.0 0.0787 0.1575, -0.0177 0.2356 0.1575, -0.0526 0.2303 0.1575, 0.0394 0.0682 0.1575, 0.0863 0.2199 0.1575, 0.0526 0.2303 0.1575, 0.0761 0.0204 0.1575, 0.2128 0.1025 0.1575, 0.0682 0.0394 0.1575, 0.1952 0.1331 0.1575, 0.0557 0.0557 0.1575, 0.2362 0.0 0.1575, 0.2336 0.0352 0.1575, 0.2257 0.0696 0.1575, 0.0526 -0.2303 0.1575, 0.0863 -0.2199 0.1575, 0.1181 -0.2046 0.1575, -0.1732 -0.1607 0.1575, -0.1473 -0.1847 0.1575, -0.1181 -0.2046 0.1575, 0.1732 0.1607 0.1575, 0.1473 0.1847 0.1575, 0.1181 0.2046 0.1575, -0.0774 -0.0145 0.315, -0.0734 -0.0284 0.315, -0.0757 -0.0203 0.315, -0.0555 -0.0555 0.315, -0.0582 -0.053 0.315, -0.0669 -0.0415 0.315, -0.068 -0.0393 0.315, -0.0475 -0.0628 0.315, -0.0392 -0.0679 0.315, -0.0351 -0.0705 0.315, -0.0215 -0.0757 0.315, -0.0073 -0.0784 0.315, -0.0204 -0.076 0.315, 0.0073 -0.0784 0.315, 0.0 -0.0784 0.315, 0.0392 -0.0679 0.315, 0.0351 -0.0705 0.315, 0.0215 -0.0757 0.315, 0.0204 -0.076 0.315, 0.0475 -0.0628 0.315, 0.0555 -0.0555 0.315, 0.0582 -0.053 0.315, 0.0669 -0.0415 0.315, 0.0734 -0.0284 0.315, 0.068 -0.0393 0.315, 0.0774 -0.0145 0.315, 0.0757 -0.0203 0.315, 0.0774 0.0145 0.315, 0.0787 0.0 0.315, 0.0734 0.0284 0.315, 0.0757 0.0203 0.315, 0.0555 0.0555 0.315, 0.0582 0.053 0.315, 0.0669 0.0415 0.315, 0.068 0.0393 0.315, 0.0475 0.0628 0.315, 0.0392 0.0679 0.315, 0.0351 0.0705 0.315, 0.0215 0.0757 0.315, 0.0073 0.0784 0.315, 0.0204 0.076 0.315, -0.0073 0.0784 0.315, -0.0 0.0784 0.315, -0.0392 0.0679 0.315, -0.0351 0.0705 0.315, -0.0215 0.0757 0.315, -0.0204 0.076 0.315, -0.0475 0.0628 0.315, -0.0555 0.0555 0.315, -0.0582 0.053 0.315, -0.0669 0.0415 0.315, -0.0734 0.0284 0.315, -0.068 0.0393 0.315, -0.0787 0.0 0.315, -0.0774 0.0145 0.315, -0.0757 0.0203 0.315, 0.0394 -0.0 0.3543, 0.0387 0.0072 0.3543, 0.0 0.0 0.3543, 0.0335 -0.0207 0.3543, 0.0367 -0.0142 0.3543, 0.0387 -0.0072 0.3543, 0.0175 -0.0352 0.3543, 0.0237 -0.0314 0.3543, 0.0291 -0.0265 0.3543, -0.0036 -0.0392 0.3543, 0.0036 -0.0392 0.3543, 0.0108 -0.0379 0.3543, -0.0237 -0.0314 0.3543, -0.0175 -0.0352 0.3543, -0.0108 -0.0379 0.3543, -0.0367 -0.0142 0.3543, -0.0335 -0.0207 0.3543, -0.0291 -0.0265 0.3543, -0.0387 0.0072 0.3543, -0.0394 0.0 0.3543, -0.0387 -0.0072 0.3543, -0.0291 0.0265 0.3543, -0.0335 0.0207 0.3543, -0.0367 0.0142 0.3543, -0.0108 0.0379 0.3543, -0.0175 0.0352 0.3543, -0.0237 0.0314 0.3543, 0.0108 0.0379 0.3543, 0.0036 0.0392 0.3543, -0.0036 0.0392 0.3543, 0.0291 0.0265 0.3543, 0.0237 0.0314 0.3543, 0.0175 0.0352 0.3543, 0.0367 0.0142 0.3543, 0.0335 0.0207 0.3543, 0.0722 0.028 0.3252, 0.0658 0.0407 0.3252, 0.0466 0.0618 0.3252, 0.0345 0.0693 0.3252, 0.0071 0.0771 0.3252, -0.0212 0.0744 0.3252, -0.0466 0.0618 0.3252, -0.0572 0.0521 0.3252, -0.0722 0.028 0.3252, -0.0761 0.0142 0.3252, -0.0722 -0.028 0.3252, -0.0658 -0.0407 0.3252, -0.0466 -0.0618 0.3252, -0.0345 -0.0693 0.3252, -0.0071 -0.0771 0.3252, 0.0212 -0.0744 0.3252, 0.0466 -0.0618 0.3252, 0.0572 -0.0521 0.3252, 0.0722 -0.028 0.3252, 0.0761 -0.0142 0.3252, 0.0046 -0.0493 0.353, -0.0046 -0.0493 0.353, 0.0054 -0.0588 0.3491, -0.0054 -0.0588 0.3491, 0.0062 -0.0669 0.3428, -0.0062 -0.0669 0.3428, 0.0068 -0.0732 0.3346, -0.0068 -0.0732 0.3346, 0.0071 -0.0771 0.3252, -0.0046 0.0493 0.353, 0.0046 0.0493 0.353, -0.0054 0.0588 0.3491, 0.0054 0.0588 0.3491, -0.0062 0.0669 0.3428, 0.0062 0.0669 0.3428, -0.0068 0.0732 0.3346, 0.0068 0.0732 0.3346, -0.0071 0.0771 0.3252, 0.0496 0.0 0.353, 0.0487 -0.0091 0.353, 0.0591 0.0 0.3491, 0.058 -0.0109 0.3491, 0.0672 0.0 0.3428, 0.0661 -0.0123 0.3428, 0.0735 0.0 0.3346, 0.0722 -0.0135 0.3346, 0.0774 0.0 0.3252, 0.0685 -0.0265 0.3346, 0.0627 -0.0243 0.3428, 0.0551 -0.0213 0.3491, 0.0462 -0.0179 0.353, 0.0658 -0.0407 0.3252, 0.0625 -0.0387 0.3346, 0.0571 -0.0354 0.3428, 0.0502 -0.0311 0.3491, 0.0421 -0.0261 0.353, 0.0366 -0.0334 0.353, 0.0436 -0.0398 0.3491, 0.0497 -0.0453 0.3428, 0.0543 -0.0495 0.3346, 0.0443 -0.0586 0.3346, 0.0405 -0.0536 0.3428, 0.0356 -0.0471 0.3491, 0.0299 -0.0395 0.353, 0.0345 -0.0693 0.3252, 0.0327 -0.0658 0.3346, 0.03 -0.0602 0.3428, 0.0263 -0.0529 0.3491, 0.0221 -0.0444 0.353, 0.0136 -0.0477 0.353, 0.0162 -0.0568 0.3491, 0.0184 -0.0646 0.3428, 0.0201 -0.0707 0.3346, -0.0212 -0.0744 0.3252, -0.0201 -0.0707 0.3346, -0.0184 -0.0646 0.3428, -0.0162 -0.0568 0.3491, -0.0136 -0.0477 0.353, -0.0221 -0.0444 0.353, -0.0263 -0.0529 0.3491, -0.03 -0.0602 0.3428, -0.0327 -0.0658 0.3346, -0.0443 -0.0586 0.3346, -0.0405 -0.0536 0.3428, -0.0356 -0.0471 0.3491, -0.0299 -0.0395 0.353, -0.0572 -0.0521 0.3252, -0.0543 -0.0495 0.3346, -0.0497 -0.0453 0.3428, -0.0436 -0.0398 0.3491, -0.0366 -0.0334 0.353, -0.0421 -0.0261 0.353, -0.0502 -0.0311 0.3491, -0.0571 -0.0354 0.3428, -0.0625 -0.0387 0.3346, -0.0685 -0.0265 0.3346, -0.0627 -0.0243 0.3428, -0.0551 -0.0213 0.3491, -0.0462 -0.0179 0.353, -0.0761 -0.0142 0.3252, -0.0722 -0.0135 0.3346, -0.0661 -0.0123 0.3428, -0.058 -0.0109 0.3491, -0.0487 -0.0091 0.353, -0.0496 -0.0 0.353, -0.0591 -0.0 0.3491, -0.0672 -0.0 0.3428, -0.0735 -0.0 0.3346, -0.0774 -0.0 0.3252, -0.0487 0.0091 0.353, -0.058 0.0109 0.3491, -0.0661 0.0123 0.3428, -0.0722 0.0135 0.3346, -0.0685 0.0265 0.3346, -0.0627 0.0243 0.3428, -0.0551 0.0213 0.3491, -0.0462 0.0179 0.353, -0.0658 0.0407 0.3252, -0.0625 0.0387 0.3346, -0.0571 0.0354 0.3428, -0.0502 0.0311 0.3491, -0.0421 0.0261 0.353, -0.0366 0.0334 0.353, -0.0436 0.0398 0.3491, -0.0497 0.0453 0.3428, -0.0543 0.0495 0.3346, -0.0443 0.0586 0.3346, -0.0405 0.0536 0.3428, -0.0356 0.0471 0.3491, -0.0299 0.0395 0.353, -0.0345 0.0693 0.3252, -0.0327 0.0658 0.3346, -0.03 0.0602 0.3428, -0.0263 0.0529 0.3491, -0.0221 0.0444 0.353, -0.0136 0.0477 0.353, -0.0162 0.0568 0.3491, -0.0184 0.0646 0.3428, -0.0201 0.0707 0.3346, 0.0212 0.0744 0.3252, 0.0201 0.0707 0.3346, 0.0184 0.0646 0.3428, 0.0162 0.0568 0.3491, 0.0136 0.0477 0.353, 0.0221 0.0444 0.353, 0.0263 0.0529 0.3491, 0.03 0.0602 0.3428, 0.0327 0.0658 0.3346, 0.0443 0.0586 0.3346, 0.0405 0.0536 0.3428, 0.0356 0.0471 0.3491, 0.0299 0.0395 0.353, 0.0572 0.0521 0.3252, 0.0543 0.0495 0.3346, 0.0497 0.0453 0.3428, 0.0436 0.0398 0.3491, 0.0366 0.0334 0.353, 0.0421 0.0261 0.353, 0.0502 0.0311 0.3491, 0.0571 0.0354 0.3428, 0.0625 0.0387 0.3346, 0.0685 0.0265 0.3346, 0.0627 0.0243 0.3428, 0.0551 0.0213 0.3491, 0.0462 0.0179 0.353, 0.0761 0.0142 0.3252, 0.0722 0.0135 0.3346, 0.0661 0.0123 0.3428, 0.058 0.0109 0.3491, 0.0487 0.0091 0.353, -0.2692 0.0591 -0.0039, -0.2692 0.0591 0.0, -0.274 0.0297 -0.0039, -0.274 0.0297 -0.0, -0.2756 0.0 -0.0039, -0.2756 0.0 -0.0, -0.274 -0.0297 -0.0039, -0.274 -0.0297 -0.0, -0.2692 -0.0591 -0.0039, -0.2692 -0.0591 0.0, -0.3346 -0.0591 0.0, -0.3346 -0.0591 0.0394, -0.3937 -0.0591 0.0394, -0.3937 -0.0591 -0.0039, -0.3346 0.0591 0.0, -0.3937 0.0591 -0.0039, -0.3346 0.0591 0.0394, -0.3937 0.0591 0.0394, -0.3937 0.0591 0.0394
            ]
        }
        coordIndex [
            0,1,2,-1,2,1,3,-1,2,3,4,-1,4,3,5,-1,4,5,6,-1,6,5,7,-1,6,7,8,-1,8,7,9,-1,8,9,10,-1,10,9,11,-1,10,11,12,-1,12,11,13,-1,12,13,14,-1,14,13,15,-1,14,15,16,-1,16,15,17,-1,16,17,18,-1,18,17,19,-1,18,19,20,-1,20,19,21,-1,20,21,22,-1,22,21,23,-1,22,23,24,-1,24,23,25,-1,24,25,26,-1,26,25,27,-1,26,27,28,-1,28,27,29,-1,28,29,30,-1,30,29,31,-1,30,31,32,-1,32,31,33,-1,32,33,34,-1,34,33,35,-1,34,35,36,-1,36,35,37,-1,36,37,38,-1,38,37,39,-1,38,39,40,-1,40,39,41,-1,40,41,42,-1,42,41,43,-1,42,43,44,-1,44,43,45,-1,44,45,46,-1,46,45,47,-1,46,47,48,-1,48,47,49,-1,48,49,50,-1,50,49,51,-1,50,51,52,-1,52,51,53,-1,52,53,54,-1,54,53,55,-1,54,55,56,-1,56,55,57,-1,56,57,58,-1,58,57,59,-1,58,59,60,-1,60,59,61,-1,60,61,62,-1,62,61,63,-1,62,63,64,-1,64,63,65,-1,64,65,66,-1,66,65,67,-1,66,67,68,-1,68,67,69,-1,68,69,70,-1,70,69,71,-1,70,71,72,-1,72,71,73,-1,72,73,74,-1,74,73,75,-1,74,75,76,-1,76,75,77,-1,76,77,78,-1,78,77,79,-1,78,79,80,-1,80,79,81,-1,80,81,82,-1,82,81,83,-1,82,83,84,-1,84,83,85,-1,84,85,86,-1,86,85,87,-1,86,87,88,-1,88,87,89,-1,88,89,90,-1,90,89,0,-1,90,0,2,-1,91,92,93,-1,94,95,96,-1,97,98,99,-1,99,98,100,-1,99,100,101,-1,102,103,104,-1,104,103,105,-1,104,105,106,-1,107,108,102,-1,102,108,109,-1,102,109,103,-1,110,111,112,-1,112,111,113,-1,112,113,95,-1,95,113,114,-1,95,114,96,-1,105,115,106,-1,106,115,116,-1,106,116,93,-1,93,116,117,-1,93,117,91,-1,118,119,110,-1,110,119,120,-1,110,120,111,-1,121,122,97,-1,97,122,123,-1,97,123,98,-1,91,124,92,-1,92,124,125,-1,92,125,126,-1,126,125,127,-1,126,127,128,-1,129,130,107,-1,107,130,131,-1,107,131,108,-1,132,133,134,-1,134,133,135,-1,134,135,129,-1,129,135,136,-1,129,136,130,-1,137,138,132,-1,132,138,139,-1,132,139,133,-1,140,141,142,-1,142,141,143,-1,142,143,144,-1,96,145,94,-1,94,145,146,-1,94,146,140,-1,140,146,147,-1,140,147,141,-1,100,148,101,-1,101,148,149,-1,101,149,118,-1,118,149,150,-1,118,150,119,-1,127,151,128,-1,128,151,152,-1,128,152,121,-1,121,152,153,-1,121,153,122,-1,143,154,144,-1,144,154,155,-1,144,155,137,-1,137,155,156,-1,137,156,138,-1,93,92,157,-1,126,158,92,-1,92,158,159,-1,92,159,157,-1,160,161,128,-1,128,161,162,-1,128,162,126,-1,126,162,163,-1,126,163,158,-1,160,128,164,-1,164,128,121,-1,164,121,165,-1,165,121,166,-1,166,121,97,-1,166,97,167,-1,99,168,97,-1,97,168,169,-1,97,169,167,-1,101,170,99,-1,99,170,171,-1,99,171,168,-1,172,173,118,-1,118,173,174,-1,118,174,101,-1,101,174,175,-1,101,175,170,-1,172,118,176,-1,176,118,110,-1,176,110,177,-1,177,110,178,-1,178,110,112,-1,178,112,179,-1,95,180,112,-1,112,180,181,-1,112,181,179,-1,94,182,95,-1,95,182,183,-1,95,183,180,-1,140,184,94,-1,94,184,185,-1,94,185,182,-1,142,186,140,-1,140,186,187,-1,140,187,184,-1,188,189,144,-1,144,189,190,-1,144,190,142,-1,142,190,191,-1,142,191,186,-1,188,144,192,-1,192,144,137,-1,192,137,193,-1,193,137,194,-1,194,137,132,-1,194,132,195,-1,134,196,132,-1,132,196,197,-1,132,197,195,-1,129,198,134,-1,134,198,199,-1,134,199,196,-1,200,201,107,-1,107,201,202,-1,107,202,129,-1,129,202,203,-1,129,203,198,-1,200,107,204,-1,204,107,102,-1,204,102,205,-1,205,102,206,-1,206,102,104,-1,206,104,207,-1,106,208,104,-1,104,208,209,-1,104,209,207,-1,157,210,93,-1,93,210,211,-1,93,211,106,-1,106,211,212,-1,106,212,208,-1,213,214,215,-1,216,217,215,-1,215,217,218,-1,215,218,213,-1,219,220,215,-1,215,220,221,-1,215,221,216,-1,222,223,215,-1,215,223,224,-1,215,224,219,-1,225,226,215,-1,215,226,227,-1,215,227,222,-1,228,229,215,-1,215,229,230,-1,215,230,225,-1,231,232,215,-1,215,232,233,-1,215,233,228,-1,234,235,215,-1,215,235,236,-1,215,236,231,-1,237,238,215,-1,215,238,239,-1,215,239,234,-1,240,241,215,-1,215,241,242,-1,215,242,237,-1,243,244,215,-1,215,244,245,-1,215,245,240,-1,214,246,215,-1,215,246,247,-1,215,247,243,-1,187,186,248,-1,191,190,249,-1,188,192,250,-1,193,194,251,-1,197,196,252,-1,203,202,253,-1,200,204,254,-1,205,206,255,-1,209,208,256,-1,212,211,257,-1,159,158,258,-1,163,162,259,-1,160,164,260,-1,165,166,261,-1,169,168,262,-1,175,174,263,-1,172,176,264,-1,177,178,265,-1,181,180,266,-1,183,182,267,-1,223,222,268,-1,268,222,269,-1,268,269,270,-1,270,269,271,-1,270,271,272,-1,272,271,273,-1,272,273,274,-1,274,273,275,-1,274,275,276,-1,276,275,262,-1,242,241,277,-1,277,241,278,-1,277,278,279,-1,279,278,280,-1,279,280,281,-1,281,280,282,-1,281,282,283,-1,283,282,284,-1,283,284,285,-1,285,284,252,-1,213,218,286,-1,286,218,287,-1,286,287,288,-1,288,287,289,-1,288,289,290,-1,290,289,291,-1,290,291,292,-1,292,291,293,-1,292,293,294,-1,294,293,267,-1,294,267,185,-1,185,267,182,-1,180,183,266,-1,266,183,267,-1,266,267,295,-1,295,267,293,-1,295,293,296,-1,296,293,291,-1,296,291,297,-1,297,291,289,-1,297,289,298,-1,298,289,287,-1,298,287,217,-1,217,287,218,-1,179,181,299,-1,299,181,266,-1,299,266,300,-1,300,266,295,-1,300,295,301,-1,301,295,296,-1,301,296,302,-1,302,296,297,-1,302,297,303,-1,303,297,298,-1,303,298,216,-1,216,298,217,-1,216,221,303,-1,303,221,304,-1,303,304,302,-1,302,304,305,-1,302,305,301,-1,301,305,306,-1,301,306,300,-1,300,306,307,-1,300,307,299,-1,299,307,265,-1,299,265,179,-1,179,265,178,-1,176,177,264,-1,264,177,265,-1,264,265,308,-1,308,265,307,-1,308,307,309,-1,309,307,306,-1,309,306,310,-1,310,306,305,-1,310,305,311,-1,311,305,304,-1,311,304,220,-1,220,304,221,-1,173,172,312,-1,312,172,264,-1,312,264,313,-1,313,264,308,-1,313,308,314,-1,314,308,309,-1,314,309,315,-1,315,309,310,-1,315,310,316,-1,316,310,311,-1,316,311,219,-1,219,311,220,-1,219,224,316,-1,316,224,317,-1,316,317,315,-1,315,317,318,-1,315,318,314,-1,314,318,319,-1,314,319,313,-1,313,319,320,-1,313,320,312,-1,312,320,263,-1,312,263,173,-1,173,263,174,-1,170,175,276,-1,276,175,263,-1,276,263,274,-1,274,263,320,-1,274,320,272,-1,272,320,319,-1,272,319,270,-1,270,319,318,-1,270,318,268,-1,268,318,317,-1,268,317,223,-1,223,317,224,-1,262,168,276,-1,276,168,171,-1,276,171,170,-1,167,169,321,-1,321,169,262,-1,321,262,322,-1,322,262,275,-1,322,275,323,-1,323,275,273,-1,323,273,324,-1,324,273,271,-1,324,271,325,-1,325,271,269,-1,325,269,227,-1,227,269,222,-1,227,226,325,-1,325,226,326,-1,325,326,324,-1,324,326,327,-1,324,327,323,-1,323,327,328,-1,323,328,322,-1,322,328,329,-1,322,329,321,-1,321,329,261,-1,321,261,167,-1,167,261,166,-1,164,165,260,-1,260,165,261,-1,260,261,330,-1,330,261,329,-1,330,329,331,-1,331,329,328,-1,331,328,332,-1,332,328,327,-1,332,327,333,-1,333,327,326,-1,333,326,225,-1,225,326,226,-1,161,160,334,-1,334,160,260,-1,334,260,335,-1,335,260,330,-1,335,330,336,-1,336,330,331,-1,336,331,337,-1,337,331,332,-1,337,332,338,-1,338,332,333,-1,338,333,230,-1,230,333,225,-1,230,229,338,-1,338,229,339,-1,338,339,337,-1,337,339,340,-1,337,340,336,-1,336,340,341,-1,336,341,335,-1,335,341,342,-1,335,342,334,-1,334,342,259,-1,334,259,161,-1,161,259,162,-1,158,163,258,-1,258,163,259,-1,258,259,343,-1,343,259,342,-1,343,342,344,-1,344,342,341,-1,344,341,345,-1,345,341,340,-1,345,340,346,-1,346,340,339,-1,346,339,228,-1,228,339,229,-1,157,159,347,-1,347,159,258,-1,347,258,348,-1,348,258,343,-1,348,343,349,-1,349,343,344,-1,349,344,350,-1,350,344,345,-1,350,345,351,-1,351,345,346,-1,351,346,233,-1,233,346,228,-1,233,232,351,-1,351,232,352,-1,351,352,350,-1,350,352,353,-1,350,353,349,-1,349,353,354,-1,349,354,348,-1,348,354,355,-1,348,355,347,-1,347,355,356,-1,347,356,157,-1,157,356,210,-1,232,231,352,-1,352,231,357,-1,352,357,353,-1,353,357,358,-1,353,358,354,-1,354,358,359,-1,354,359,355,-1,355,359,360,-1,355,360,356,-1,356,360,257,-1,356,257,210,-1,210,257,211,-1,208,212,256,-1,256,212,257,-1,256,257,361,-1,361,257,360,-1,361,360,362,-1,362,360,359,-1,362,359,363,-1,363,359,358,-1,363,358,364,-1,364,358,357,-1,364,357,236,-1,236,357,231,-1,207,209,365,-1,365,209,256,-1,365,256,366,-1,366,256,361,-1,366,361,367,-1,367,361,362,-1,367,362,368,-1,368,362,363,-1,368,363,369,-1,369,363,364,-1,369,364,235,-1,235,364,236,-1,235,234,369,-1,369,234,370,-1,369,370,368,-1,368,370,371,-1,368,371,367,-1,367,371,372,-1,367,372,366,-1,366,372,373,-1,366,373,365,-1,365,373,255,-1,365,255,207,-1,207,255,206,-1,204,205,254,-1,254,205,255,-1,254,255,374,-1,374,255,373,-1,374,373,375,-1,375,373,372,-1,375,372,376,-1,376,372,371,-1,376,371,377,-1,377,371,370,-1,377,370,239,-1,239,370,234,-1,201,200,378,-1,378,200,254,-1,378,254,379,-1,379,254,374,-1,379,374,380,-1,380,374,375,-1,380,375,381,-1,381,375,376,-1,381,376,382,-1,382,376,377,-1,382,377,238,-1,238,377,239,-1,238,237,382,-1,382,237,383,-1,382,383,381,-1,381,383,384,-1,381,384,380,-1,380,384,385,-1,380,385,379,-1,379,385,386,-1,379,386,378,-1,378,386,253,-1,378,253,201,-1,201,253,202,-1,198,203,285,-1,285,203,253,-1,285,253,283,-1,283,253,386,-1,283,386,281,-1,281,386,385,-1,281,385,279,-1,279,385,384,-1,279,384,277,-1,277,384,383,-1,277,383,242,-1,242,383,237,-1,252,196,285,-1,285,196,199,-1,285,199,198,-1,195,197,387,-1,387,197,252,-1,387,252,388,-1,388,252,284,-1,388,284,389,-1,389,284,282,-1,389,282,390,-1,390,282,280,-1,390,280,391,-1,391,280,278,-1,391,278,240,-1,240,278,241,-1,240,245,391,-1,391,245,392,-1,391,392,390,-1,390,392,393,-1,390,393,389,-1,389,393,394,-1,389,394,388,-1,388,394,395,-1,388,395,387,-1,387,395,251,-1,387,251,195,-1,195,251,194,-1,192,193,250,-1,250,193,251,-1,250,251,396,-1,396,251,395,-1,396,395,397,-1,397,395,394,-1,397,394,398,-1,398,394,393,-1,398,393,399,-1,399,393,392,-1,399,392,244,-1,244,392,245,-1,189,188,400,-1,400,188,250,-1,400,250,401,-1,401,250,396,-1,401,396,402,-1,402,396,397,-1,402,397,403,-1,403,397,398,-1,403,398,404,-1,404,398,399,-1,404,399,243,-1,243,399,244,-1,243,247,404,-1,404,247,405,-1,404,405,403,-1,403,405,406,-1,403,406,402,-1,402,406,407,-1,402,407,401,-1,401,407,408,-1,401,408,400,-1,400,408,249,-1,400,249,189,-1,189,249,190,-1,186,191,248,-1,248,191,249,-1,248,249,409,-1,409,249,408,-1,409,408,410,-1,410,408,407,-1,410,407,411,-1,411,407,406,-1,411,406,412,-1,412,406,405,-1,412,405,246,-1,246,405,247,-1,184,187,413,-1,413,187,248,-1,413,248,414,-1,414,248,409,-1,414,409,415,-1,415,409,410,-1,415,410,416,-1,416,410,411,-1,416,411,417,-1,417,411,412,-1,417,412,214,-1,214,412,246,-1,214,213,417,-1,417,213,286,-1,417,286,416,-1,416,286,288,-1,416,288,415,-1,415,288,290,-1,415,290,414,-1,414,290,292,-1,414,292,413,-1,413,292,294,-1,413,294,184,-1,184,294,185,-1,418,419,420,-1,420,419,421,-1,420,421,422,-1,422,421,423,-1,422,423,424,-1,424,423,425,-1,424,425,426,-1,426,425,427,-1,426,427,428,-1,429,430,428,-1,428,430,431,-1,428,431,426,-1,419,418,432,-1,432,418,433,-1,432,433,434,-1,434,433,435,-1,435,430,434,-1,434,430,429,-1,435,433,430,-1,430,433,431,-1,418,420,433,-1,433,420,422,-1,433,422,431,-1,431,422,424,-1,431,424,426,-1,
        ]
    }
}
Shape{
    appearance Appearance {
        material  Material 	{
            diffuseColor 0.0 0.0 0.0
            specularColor 0.0 0.0 0.0
            ambientIntensity 0.2
            transparency 0
            shininess 0.5
        }
    }
    geometry IndexedFaceSet {
        ccw TRUE
        solid FALSE
        coord DEF co Coordinate {
            point [
                -0.2055 0.3015 0.122, -0.2055 0.2993 0.122, -0.2055 0.3015 0.1181, -0.2055 0.2993 0.1181, -0.213 0.3015 0.122, -0.213 0.3015 0.1181, -0.213 0.318 0.122, -0.213 0.318 0.1181, -0.2154 0.318 0.122, -0.2154 0.318 0.1181, -0.2154 0.2993 0.122, -0.2154 0.2993 0.1181, -0.196 0.299 0.1181, -0.1943 0.2992 0.1181, -0.196 0.299 0.122, -0.1931 0.2993 0.122, -0.1931 0.2993 0.1181, -0.1911 0.2999 0.1181, -0.1911 0.2999 0.122, -0.1908 0.3001 0.1181, -0.1908 0.3001 0.122, -0.1908 0.3024 0.122, -0.1908 0.3024 0.1181, -0.1926 0.3016 0.1181, -0.1926 0.3016 0.122, -0.1947 0.3012 0.1181, -0.1947 0.3012 0.122, -0.1956 0.3012 0.1181, -0.1956 0.3012 0.122, -0.1975 0.3014 0.1181, -0.1975 0.3014 0.122, -0.1988 0.3019 0.1181, -0.1988 0.3019 0.122, -0.2 0.3028 0.1181, -0.2 0.3028 0.122, -0.2004 0.3031 0.1181, -0.2004 0.3031 0.122, -0.2012 0.3042 0.1181, -0.2012 0.3042 0.122, -0.2019 0.3057 0.1181, -0.2019 0.3057 0.122, -0.2022 0.3075 0.1181, -0.2022 0.3075 0.122, -0.2022 0.3085 0.1181, -0.2022 0.3085 0.122, -0.2019 0.311 0.1181, -0.2019 0.311 0.122, -0.2013 0.3126 0.1181, -0.2013 0.3126 0.122, -0.2004 0.3139 0.1181, -0.2004 0.3139 0.122, -0.2003 0.3141 0.1181, -0.2003 0.3141 0.122, -0.1992 0.315 0.1181, -0.1992 0.315 0.122, -0.1977 0.3157 0.1181, -0.1977 0.3157 0.122, -0.1961 0.3161 0.1181, -0.1961 0.3161 0.122, -0.1952 0.3161 0.1181, -0.1952 0.3161 0.122, -0.1929 0.3159 0.1181, -0.1929 0.3159 0.122, -0.191 0.3151 0.1181, -0.191 0.3151 0.122, -0.1908 0.315 0.1181, -0.1908 0.315 0.122, -0.1908 0.3176 0.122, -0.1908 0.3176 0.1181, -0.1952 0.3183 0.1181, -0.1952 0.3183 0.122, -0.1932 0.3182 0.1181, -0.1928 0.3181 0.122, -0.1928 0.3181 0.1181, -0.1965 0.3182 0.1181, -0.1979 0.318 0.122, -0.1979 0.318 0.1181, -0.1999 0.3172 0.1181, -0.1999 0.3172 0.122, -0.2016 0.316 0.1181, -0.2016 0.316 0.122, -0.2021 0.3156 0.1181, -0.2021 0.3156 0.122, -0.2034 0.3138 0.1181, -0.2034 0.3138 0.122, -0.2039 0.3126 0.1181, -0.2043 0.3117 0.122, -0.2043 0.3117 0.1181, -0.2047 0.3093 0.1181, -0.2047 0.3093 0.122, -0.2048 0.3083 0.1181, -0.2048 0.3083 0.122, -0.2044 0.3053 0.1181, -0.2044 0.3053 0.122, -0.2039 0.3041 0.1181, -0.2036 0.3033 0.122, -0.2036 0.3033 0.1181, -0.2025 0.3017 0.1181, -0.2025 0.3017 0.122, -0.2024 0.3016 0.1181, -0.2024 0.3016 0.122, -0.1971 0.2991 0.122, -0.2009 0.3003 0.1181, -0.2009 0.3003 0.122, -0.1991 0.2995 0.1181, -0.1991 0.2995 0.122, -0.1976 0.2992 0.1181, -0.1971 0.2991 0.1181, -0.177 0.3015 0.122, -0.177 0.2993 0.122, -0.177 0.3015 0.1181, -0.177 0.2993 0.1181, -0.1846 0.3015 0.1181, -0.1846 0.3015 0.122, -0.1796 0.3015 0.1181, -0.1846 0.3077 0.122, -0.1846 0.3077 0.1181, -0.178 0.3077 0.1181, -0.178 0.3077 0.122, -0.1796 0.3077 0.1181, -0.178 0.3099 0.122, -0.178 0.3099 0.1181, -0.1846 0.3099 0.1181, -0.1846 0.3099 0.122, -0.1796 0.3099 0.1181, -0.1846 0.3159 0.122, -0.1846 0.3159 0.1181, -0.1774 0.3159 0.1181, -0.1774 0.3159 0.122, -0.1796 0.3159 0.1181, -0.1774 0.318 0.122, -0.1774 0.318 0.1181, -0.1871 0.318 0.1181, -0.1871 0.318 0.122, -0.1796 0.318 0.1181, -0.1871 0.2993 0.122, -0.1871 0.2993 0.1181, -0.1796 0.2993 0.1181, -0.1611 0.3019 0.122, -0.163 0.3032 0.122, -0.163 0.3005 0.122, -0.1642 0.3024 0.122, -0.1652 0.2997 0.122, -0.1658 0.3018 0.122, -0.1683 0.2993 0.122, -0.1683 0.3015 0.122, -0.1735 0.2993 0.122, -0.1711 0.3015 0.122, -0.1735 0.318 0.122, -0.1711 0.3159 0.122, -0.1681 0.318 0.122, -0.1682 0.3159 0.122, -0.168 0.3159 0.122, -0.1653 0.3177 0.122, -0.1656 0.3155 0.122, -0.163 0.3169 0.122, -0.164 0.3149 0.122, -0.1611 0.3155 0.122, -0.1628 0.3141 0.122, -0.1604 0.3149 0.122, -0.1623 0.3136 0.122, -0.1593 0.3133 0.122, -0.1616 0.3125 0.122, -0.1586 0.3115 0.122, -0.1611 0.3112 0.122, -0.1583 0.3089 0.122, -0.1608 0.3088 0.122, -0.1583 0.3077 0.122, -0.1609 0.3075 0.122, -0.1588 0.3055 0.122, -0.1613 0.3058 0.122, -0.1597 0.3036 0.122, -0.1619 0.3045 0.122, -0.1628 0.3034 0.122, -0.1683 0.2993 0.1181, -0.1735 0.2993 0.1181, -0.1611 0.3019 0.1181, -0.1652 0.2997 0.1181, -0.1649 0.2998 0.1181, -0.163 0.3005 0.1181, -0.1597 0.3036 0.1181, -0.1588 0.3055 0.1181, -0.1583 0.3077 0.1181, -0.1583 0.3089 0.1181, -0.1586 0.3115 0.1181, -0.1593 0.3133 0.1181, -0.1604 0.3149 0.1181, -0.1611 0.3155 0.1181, -0.1681 0.318 0.1181, -0.163 0.3169 0.1181, -0.1649 0.3176 0.1181, -0.1653 0.3177 0.1181, -0.1735 0.318 0.1181, -0.1682 0.3159 0.1181, -0.1711 0.3159 0.1181, -0.1711 0.3015 0.1181, -0.1683 0.3015 0.1181, -0.1628 0.3034 0.1181, -0.163 0.3032 0.1181, -0.1642 0.3024 0.1181, -0.1658 0.3018 0.1181, -0.1608 0.3088 0.1181, -0.1609 0.3075 0.1181, -0.1613 0.3058 0.1181, -0.1619 0.3045 0.1181, -0.1628 0.3141 0.1181, -0.1623 0.3136 0.1181, -0.1616 0.3125 0.1181, -0.1611 0.3112 0.1181, -0.168 0.3159 0.1181, -0.1656 0.3155 0.1181, -0.164 0.3149 0.1181, -0.164 0.3149 0.1181
            ]
        }
        coordIndex [
            0,1,2,-1,2,1,3,-1,4,0,5,-1,5,0,2,-1,6,4,7,-1,7,4,5,-1,8,6,9,-1,9,6,7,-1,10,8,11,-1,11,8,9,-1,1,10,3,-1,3,10,11,-1,6,8,4,-1,4,8,10,-1,4,10,0,-1,0,10,1,-1,12,13,14,-1,14,13,15,-1,13,16,15,-1,15,16,17,-1,15,17,18,-1,18,17,19,-1,18,19,20,-1,21,20,22,-1,22,20,19,-1,21,22,23,-1,21,23,24,-1,24,23,25,-1,24,25,26,-1,26,25,27,-1,26,27,28,-1,28,27,29,-1,28,29,30,-1,30,29,31,-1,30,31,32,-1,32,31,33,-1,32,33,34,-1,34,33,35,-1,34,35,36,-1,36,35,37,-1,36,37,38,-1,38,37,39,-1,38,39,40,-1,40,39,41,-1,40,41,42,-1,42,41,43,-1,42,43,44,-1,44,43,45,-1,44,45,46,-1,46,45,47,-1,46,47,48,-1,48,47,49,-1,48,49,50,-1,50,49,51,-1,50,51,52,-1,52,51,53,-1,52,53,54,-1,54,53,55,-1,54,55,56,-1,56,55,57,-1,56,57,58,-1,58,57,59,-1,58,59,60,-1,60,59,61,-1,60,61,62,-1,62,61,63,-1,62,63,64,-1,64,63,65,-1,64,65,66,-1,67,66,68,-1,68,66,65,-1,69,70,71,-1,71,70,72,-1,71,72,73,-1,73,72,67,-1,73,67,68,-1,70,69,74,-1,70,74,75,-1,74,76,75,-1,75,76,77,-1,75,77,78,-1,78,77,79,-1,78,79,80,-1,80,79,81,-1,80,81,82,-1,82,81,83,-1,82,83,84,-1,84,83,85,-1,84,85,86,-1,85,87,86,-1,86,87,88,-1,86,88,89,-1,89,88,90,-1,89,90,91,-1,91,90,92,-1,91,92,93,-1,93,92,94,-1,93,94,95,-1,94,96,95,-1,95,96,97,-1,95,97,98,-1,98,97,99,-1,98,99,100,-1,12,14,101,-1,100,99,102,-1,100,102,103,-1,103,102,104,-1,103,104,105,-1,105,104,106,-1,105,106,101,-1,101,106,107,-1,101,107,12,-1,54,56,75,-1,46,48,84,-1,84,48,82,-1,75,56,70,-1,56,58,70,-1,70,58,60,-1,70,60,72,-1,72,60,62,-1,72,62,67,-1,67,62,64,-1,67,64,66,-1,20,21,18,-1,18,21,24,-1,18,24,15,-1,15,24,26,-1,15,26,14,-1,14,26,28,-1,14,28,101,-1,101,28,30,-1,101,30,105,-1,105,30,32,-1,105,32,103,-1,103,32,34,-1,103,34,100,-1,100,34,36,-1,100,36,98,-1,98,36,38,-1,98,38,95,-1,91,44,89,-1,89,44,46,-1,89,46,86,-1,86,46,84,-1,48,50,82,-1,82,50,52,-1,82,52,80,-1,80,52,54,-1,80,54,78,-1,78,54,75,-1,95,38,93,-1,93,38,40,-1,93,40,91,-1,91,40,42,-1,91,42,44,-1,108,109,110,-1,110,109,111,-1,112,113,114,-1,114,113,108,-1,114,108,110,-1,115,113,116,-1,116,113,112,-1,117,118,119,-1,119,118,115,-1,119,115,116,-1,120,118,121,-1,121,118,117,-1,122,123,124,-1,124,123,120,-1,124,120,121,-1,125,123,126,-1,126,123,122,-1,127,128,129,-1,129,128,125,-1,129,125,126,-1,130,128,131,-1,131,128,127,-1,132,133,134,-1,134,133,130,-1,134,130,131,-1,135,133,136,-1,136,133,132,-1,135,136,109,-1,109,136,137,-1,109,137,111,-1,135,109,108,-1,108,113,135,-1,135,113,115,-1,135,115,133,-1,128,130,125,-1,125,130,133,-1,125,133,123,-1,123,133,115,-1,123,115,120,-1,120,115,118,-1,138,139,140,-1,140,139,141,-1,140,141,142,-1,142,141,143,-1,142,143,144,-1,144,143,145,-1,144,145,146,-1,146,145,147,-1,146,147,148,-1,148,147,149,-1,148,149,150,-1,149,151,150,-1,150,151,152,-1,150,152,153,-1,153,152,154,-1,153,154,155,-1,155,154,156,-1,155,156,157,-1,157,156,158,-1,157,158,159,-1,159,158,160,-1,159,160,161,-1,161,160,162,-1,161,162,163,-1,163,162,164,-1,163,164,165,-1,165,164,166,-1,165,166,167,-1,167,166,168,-1,167,168,169,-1,169,168,170,-1,169,170,171,-1,171,170,172,-1,171,172,138,-1,138,172,173,-1,138,173,139,-1,144,146,174,-1,174,146,175,-1,176,138,140,-1,144,174,177,-1,144,177,142,-1,142,177,178,-1,142,178,140,-1,140,178,179,-1,140,179,176,-1,138,176,180,-1,138,180,171,-1,171,180,181,-1,171,181,169,-1,169,181,182,-1,169,182,167,-1,167,182,183,-1,167,183,165,-1,165,183,184,-1,165,184,163,-1,163,184,185,-1,163,185,161,-1,161,185,186,-1,161,186,159,-1,159,186,187,-1,159,187,157,-1,188,150,153,-1,157,187,189,-1,157,189,155,-1,155,189,190,-1,155,190,153,-1,153,190,191,-1,153,191,188,-1,148,150,192,-1,192,150,188,-1,146,148,175,-1,175,148,192,-1,151,149,193,-1,193,149,194,-1,149,147,194,-1,194,147,195,-1,147,145,195,-1,195,145,196,-1,173,197,198,-1,173,198,139,-1,139,198,199,-1,139,199,141,-1,141,199,200,-1,141,200,143,-1,143,200,196,-1,143,196,145,-1,166,201,202,-1,166,202,168,-1,168,202,203,-1,168,203,170,-1,170,203,204,-1,170,204,172,-1,172,204,197,-1,172,197,173,-1,158,205,206,-1,158,206,160,-1,160,206,207,-1,160,207,162,-1,162,207,208,-1,162,208,164,-1,164,208,201,-1,164,201,166,-1,151,193,209,-1,151,209,152,-1,152,209,210,-1,152,210,154,-1,154,210,211,-1,154,211,156,-1,156,211,205,-1,156,205,158,-1,
        ]
    }
}
Shape{
    appearance Appearance {
        material  Material 	{
            diffuseColor 1.0 1.0 1.0
            specularColor 0.5019607843137255 0.5019607843137255 0.5019607843137255
            ambientIntensity 0.2
            transparency 0
            shininess 0.5
        }
    }
    geometry IndexedFaceSet {
        ccw TRUE
        solid FALSE
        coord DEF co Coordinate {
            point [
                -0.1711 0.3159 0.1181, -0.1711 0.3015 0.1181, -0.1682 0.3159 0.1181, -0.1683 0.3015 0.1181, -0.168 0.3159 0.1181, -0.1658 0.3018 0.1181, -0.1642 0.3024 0.1181, -0.163 0.3032 0.1181, -0.1628 0.3034 0.1181, -0.1619 0.3045 0.1181, -0.1608 0.3088 0.1181, -0.1628 0.3141 0.1181, -0.1609 0.3075 0.1181, -0.164 0.3149 0.1181, -0.1613 0.3058 0.1181, -0.1656 0.3155 0.1181, -0.1611 0.3112 0.1181, -0.1616 0.3125 0.1181, -0.1623 0.3136 0.1181, -0.1623 0.3136 0.1181
            ]
        }
        coordIndex [
            0,1,2,-1,2,1,3,-1,2,3,4,-1,4,3,5,-1,4,5,6,-1,6,7,4,-1,4,7,8,-1,4,8,9,-1,10,11,12,-1,12,11,13,-1,9,14,4,-1,4,14,12,-1,4,12,15,-1,15,12,13,-1,16,17,10,-1,10,17,18,-1,10,18,11,-1,
        ]
    }
}
Shape{
    appearance Appearance {
        material  Material 	{
            diffuseColor 0.0 0.0 0.0
            specularColor 0.0 0.0 0.0
            ambientIntensity 0.2
            transparency 0
            shininess 0.5
        }
    }
    geometry IndexedFaceSet {
        ccw TRUE
        solid FALSE
        coord DEF co Coordinate {
            point [
                -0.152 0.3065 0.122, -0.1528 0.3044 0.122, -0.1457 0.3065 0.122, -0.145 0.3044 0.122, -0.1492 0.3143 0.122, -0.1501 0.318 0.122, -0.1572 0.2993 0.122, -0.1546 0.2993 0.122, -0.149 0.3149 0.122, -0.1489 0.3156 0.122, -0.1475 0.318 0.122, -0.1488 0.3156 0.122, -0.1487 0.3148 0.122, -0.1486 0.3143 0.122, -0.1404 0.2993 0.122, -0.1431 0.2993 0.122, -0.1475 0.318 0.1181, -0.1404 0.2993 0.1181, -0.1501 0.318 0.1181, -0.1572 0.2993 0.1181, -0.1546 0.2993 0.1181, -0.1528 0.3044 0.1181, -0.145 0.3044 0.1181, -0.1431 0.2993 0.1181, -0.152 0.3065 0.1181, -0.1457 0.3065 0.1181, -0.1486 0.3143 0.1181, -0.1488 0.3156 0.1181, -0.1487 0.3148 0.1181, -0.1489 0.3156 0.1181, -0.1492 0.3143 0.1181, -0.149 0.3149 0.1181, -0.149 0.3149 0.1181
            ]
        }
        coordIndex [
            0,1,2,-1,2,1,3,-1,4,5,0,-1,0,5,6,-1,0,6,1,-1,1,6,7,-1,4,8,5,-1,5,8,9,-1,5,9,10,-1,10,9,11,-1,10,11,12,-1,12,13,10,-1,10,13,2,-1,10,2,14,-1,14,2,3,-1,14,3,15,-1,10,14,16,-1,16,14,17,-1,5,10,18,-1,18,10,16,-1,6,5,19,-1,19,5,18,-1,7,6,20,-1,20,6,19,-1,1,7,21,-1,21,7,20,-1,3,1,22,-1,22,1,21,-1,15,3,23,-1,23,3,22,-1,14,15,17,-1,17,15,23,-1,0,2,24,-1,24,2,25,-1,2,13,25,-1,25,13,26,-1,11,27,28,-1,11,28,12,-1,12,28,26,-1,12,26,13,-1,11,9,27,-1,27,9,29,-1,4,30,31,-1,4,31,8,-1,8,31,29,-1,8,29,9,-1,4,0,30,-1,30,0,24,-1,
        ]
    }
}
Shape{
    appearance Appearance {
        material  Material 	{
            diffuseColor 1.0 1.0 1.0
            specularColor 0.5019607843137255 0.5019607843137255 0.5019607843137255
            ambientIntensity 0.2
            transparency 0
            shininess 0.5
        }
    }
    geometry IndexedFaceSet {
        ccw TRUE
        solid FALSE
        coord DEF co Coordinate {
            point [
                -0.1488 0.3156 0.1181, -0.1489 0.3156 0.1181, -0.1487 0.3148 0.1181, -0.149 0.3149 0.1181, -0.1486 0.3143 0.1181, -0.1492 0.3143 0.1181, -0.1457 0.3065 0.1181, -0.152 0.3065 0.1181, -0.152 0.3065 0.1181
            ]
        }
        coordIndex [
            0,1,2,-1,2,1,3,-1,2,3,4,-1,4,3,5,-1,4,5,6,-1,6,5,7,-1,
        ]
    }
}
Shape{
    appearance Appearance {
        material  Material 	{
            diffuseColor 0.0 0.0 0.0
            specularColor 0.0 0.0 0.0
            ambientIntensity 0.2
            transparency 0
            shininess 0.5
        }
    }
    geometry IndexedFaceSet {
        ccw TRUE
        solid FALSE
        coord DEF co Coordinate {
            point [
                -0.2053 0.2718 0.122, -0.2053 0.2697 0.122, -0.2053 0.2718 0.1181, -0.2053 0.2697 0.1181, -0.213 0.2718 0.122, -0.213 0.2718 0.1181, -0.213 0.2781 0.122, -0.213 0.2781 0.1181, -0.2063 0.2781 0.122, -0.2063 0.2781 0.1181, -0.2063 0.2802 0.122, -0.2063 0.2802 0.1181, -0.213 0.2802 0.122, -0.213 0.2802 0.1181, -0.213 0.2862 0.1181, -0.213 0.2862 0.122, -0.213 0.2859 0.1181, -0.2058 0.2862 0.122, -0.2058 0.2862 0.1181, -0.2058 0.2884 0.122, -0.2058 0.2884 0.1181, -0.2154 0.2884 0.122, -0.2154 0.2884 0.1181, -0.2154 0.2697 0.1181, -0.2154 0.2697 0.122, -0.2154 0.2859 0.1181, -0.1947 0.2697 0.122, -0.1924 0.2697 0.122, -0.1947 0.2717 0.122, -0.1924 0.2783 0.122, -0.1994 0.2756 0.122, -0.1978 0.276 0.122, -0.1947 0.2764 0.122, -0.1947 0.2751 0.122, -0.1948 0.2717 0.122, -0.196 0.2721 0.122, -0.1953 0.271 0.122, -0.1967 0.2716 0.122, -0.1947 0.2749 0.122, -0.1949 0.2739 0.122, -0.1952 0.2731 0.122, -0.1957 0.2724 0.122, -0.1956 0.2832 0.122, -0.1961 0.2812 0.122, -0.1947 0.2828 0.122, -0.1957 0.2809 0.122, -0.1999 0.2753 0.122, -0.1947 0.2782 0.122, -0.1948 0.2792 0.122, -0.1926 0.2802 0.122, -0.195 0.28 0.122, -0.193 0.2812 0.122, -0.1953 0.2805 0.122, -0.1935 0.282 0.122, -0.1939 0.2824 0.122, -0.2018 0.2821 0.122, -0.2018 0.2798 0.122, -0.2013 0.2824 0.122, -0.2002 0.2808 0.122, -0.1996 0.283 0.122, -0.1987 0.2813 0.122, -0.1972 0.2833 0.122, -0.1974 0.2814 0.122, -0.1966 0.2813 0.122, -0.2003 0.2721 0.122, -0.202 0.2704 0.122, -0.2001 0.2719 0.122, -0.2012 0.2699 0.122, -0.1996 0.2716 0.122, -0.2003 0.2695 0.122, -0.1991 0.2714 0.122, -0.1989 0.2694 0.122, -0.1983 0.2713 0.122, -0.1976 0.2695 0.122, -0.1974 0.2714 0.122, -0.1967 0.2699 0.122, -0.1961 0.2702 0.122, -0.1987 0.2776 0.122, -0.2006 0.2771 0.122, -0.2001 0.2751 0.122, -0.2015 0.2766 0.122, -0.2004 0.2748 0.122, -0.2022 0.276 0.122, -0.2006 0.2744 0.122, -0.2027 0.2752 0.122, -0.2007 0.2738 0.122, -0.203 0.2743 0.122, -0.2007 0.2734 0.122, -0.2031 0.2733 0.122, -0.2007 0.2729 0.122, -0.203 0.2722 0.122, -0.2005 0.2725 0.122, -0.2027 0.2714 0.122, -0.2022 0.2707 0.122, -0.1972 0.2833 0.1181, -0.1996 0.283 0.1181, -0.2013 0.2824 0.1181, -0.2018 0.2821 0.1181, -0.2018 0.2798 0.1181, -0.2002 0.2808 0.1181, -0.1987 0.2813 0.1181, -0.1974 0.2814 0.1181, -0.1966 0.2813 0.1181, -0.1961 0.2812 0.1181, -0.1957 0.2809 0.1181, -0.1953 0.2805 0.1181, -0.195 0.28 0.1181, -0.1948 0.2792 0.1181, -0.1947 0.2782 0.1181, -0.1987 0.2776 0.1181, -0.2006 0.2771 0.1181, -0.2015 0.2766 0.1181, -0.2022 0.276 0.1181, -0.2027 0.2752 0.1181, -0.203 0.2743 0.1181, -0.2031 0.2733 0.1181, -0.203 0.2722 0.1181, -0.2027 0.2714 0.1181, -0.2022 0.2707 0.1181, -0.202 0.2704 0.1181, -0.1989 0.2694 0.1181, -0.2002 0.2695 0.1181, -0.2003 0.2695 0.1181, -0.2012 0.2699 0.1181, -0.1976 0.2695 0.1181, -0.1967 0.2699 0.1181, -0.1961 0.2702 0.1181, -0.1953 0.271 0.1181, -0.1948 0.2717 0.1181, -0.1947 0.2717 0.1181, -0.1947 0.2697 0.1181, -0.1924 0.2697 0.1181, -0.1924 0.2783 0.1181, -0.1926 0.2802 0.1181, -0.193 0.2812 0.1181, -0.1935 0.282 0.1181, -0.1939 0.2824 0.1181, -0.1947 0.2828 0.1181, -0.1956 0.2832 0.1181, -0.2001 0.2751 0.1181, -0.1999 0.2753 0.1181, -0.1994 0.2756 0.1181, -0.1978 0.276 0.1181, -0.2007 0.2734 0.1181, -0.2007 0.2738 0.1181, -0.2006 0.2744 0.1181, -0.2004 0.2748 0.1181, -0.2001 0.2719 0.1181, -0.2003 0.2721 0.1181, -0.2005 0.2725 0.1181, -0.2007 0.2729 0.1181, -0.1983 0.2713 0.1181, -0.1991 0.2714 0.1181, -0.1996 0.2716 0.1181, -0.1957 0.2724 0.1181, -0.196 0.2721 0.1181, -0.1967 0.2716 0.1181, -0.1974 0.2714 0.1181, -0.1947 0.2751 0.1181, -0.1947 0.2749 0.1181, -0.1949 0.2739 0.1181, -0.1952 0.2731 0.1181, -0.1947 0.2764 0.1181, -0.1947 0.2764 0.1181
            ]
        }
        coordIndex [
            0,1,2,-1,2,1,3,-1,4,0,5,-1,5,0,2,-1,6,4,7,-1,7,4,5,-1,8,6,9,-1,9,6,7,-1,10,8,11,-1,11,8,9,-1,12,10,13,-1,13,10,11,-1,14,15,16,-1,16,15,12,-1,16,12,13,-1,17,15,18,-1,18,15,14,-1,19,17,20,-1,20,17,18,-1,21,19,22,-1,22,19,20,-1,23,24,25,-1,25,24,21,-1,25,21,22,-1,1,24,3,-1,3,24,23,-1,24,1,0,-1,0,4,24,-1,24,4,6,-1,24,6,21,-1,17,19,15,-1,15,19,21,-1,15,21,12,-1,12,21,6,-1,12,6,10,-1,10,6,8,-1,26,27,28,-1,28,27,29,-1,30,31,29,-1,29,31,32,-1,29,32,33,-1,34,35,36,-1,36,35,37,-1,33,38,29,-1,29,38,39,-1,29,39,28,-1,28,39,40,-1,28,40,34,-1,34,40,41,-1,34,41,35,-1,42,43,44,-1,44,43,45,-1,46,30,47,-1,47,30,29,-1,47,29,48,-1,48,29,49,-1,48,49,50,-1,50,49,51,-1,50,51,52,-1,52,51,53,-1,52,53,45,-1,45,53,54,-1,45,54,44,-1,55,56,57,-1,57,56,58,-1,57,58,59,-1,59,58,60,-1,59,60,61,-1,61,60,62,-1,61,62,42,-1,42,62,63,-1,42,63,43,-1,64,65,66,-1,66,65,67,-1,66,67,68,-1,68,67,69,-1,68,69,70,-1,70,69,71,-1,70,71,72,-1,72,71,73,-1,72,73,74,-1,74,73,75,-1,74,75,37,-1,37,75,76,-1,37,76,36,-1,47,77,46,-1,46,77,78,-1,46,78,79,-1,79,78,80,-1,79,80,81,-1,81,80,82,-1,81,82,83,-1,83,82,84,-1,83,84,85,-1,85,84,86,-1,85,86,87,-1,87,86,88,-1,87,88,89,-1,89,88,90,-1,89,90,91,-1,91,90,92,-1,91,92,64,-1,64,92,93,-1,64,93,65,-1,61,94,95,-1,61,95,59,-1,59,95,96,-1,59,96,57,-1,57,96,97,-1,57,97,55,-1,56,55,98,-1,98,55,97,-1,56,98,99,-1,56,99,58,-1,58,99,100,-1,58,100,60,-1,60,100,101,-1,60,101,62,-1,62,101,102,-1,62,102,63,-1,63,102,103,-1,63,103,43,-1,43,103,104,-1,43,104,45,-1,45,104,105,-1,45,105,52,-1,52,105,106,-1,52,106,50,-1,50,106,107,-1,50,107,48,-1,48,107,108,-1,48,108,47,-1,77,47,109,-1,109,47,108,-1,77,109,110,-1,77,110,78,-1,78,110,111,-1,78,111,80,-1,80,111,112,-1,80,112,82,-1,82,112,113,-1,82,113,84,-1,84,113,114,-1,84,114,86,-1,86,114,115,-1,86,115,88,-1,88,115,116,-1,88,116,90,-1,90,116,117,-1,90,117,92,-1,92,117,118,-1,92,118,93,-1,93,118,119,-1,93,119,65,-1,120,71,121,-1,121,71,69,-1,121,69,122,-1,122,69,67,-1,122,67,123,-1,123,67,65,-1,123,65,119,-1,71,120,124,-1,71,124,73,-1,73,124,125,-1,73,125,75,-1,75,125,126,-1,75,126,76,-1,76,126,127,-1,76,127,36,-1,36,127,128,-1,36,128,34,-1,28,34,129,-1,129,34,128,-1,26,28,130,-1,130,28,129,-1,27,26,131,-1,131,26,130,-1,29,27,132,-1,132,27,131,-1,29,132,133,-1,29,133,49,-1,49,133,134,-1,49,134,51,-1,51,134,135,-1,51,135,53,-1,53,135,136,-1,53,136,54,-1,54,136,137,-1,54,137,44,-1,44,137,138,-1,44,138,42,-1,42,138,94,-1,42,94,61,-1,79,139,140,-1,79,140,46,-1,46,140,141,-1,46,141,30,-1,30,141,142,-1,30,142,31,-1,87,143,144,-1,87,144,85,-1,85,144,145,-1,85,145,83,-1,83,145,146,-1,83,146,81,-1,81,146,139,-1,81,139,79,-1,66,147,148,-1,66,148,64,-1,64,148,149,-1,64,149,91,-1,91,149,150,-1,91,150,89,-1,89,150,143,-1,89,143,87,-1,72,151,152,-1,72,152,70,-1,70,152,153,-1,70,153,68,-1,68,153,147,-1,68,147,66,-1,41,154,155,-1,41,155,35,-1,35,155,156,-1,35,156,37,-1,37,156,157,-1,37,157,74,-1,74,157,151,-1,74,151,72,-1,33,158,159,-1,33,159,38,-1,38,159,160,-1,38,160,39,-1,39,160,161,-1,39,161,40,-1,40,161,154,-1,40,154,41,-1,33,32,158,-1,158,32,162,-1,32,31,162,-1,162,31,142,-1,
        ]
    }
}
Shape{
    appearance Appearance {
        material  Material 	{
            diffuseColor 1.0 1.0 1.0
            specularColor 0.5019607843137255 0.5019607843137255 0.5019607843137255
            ambientIntensity 0.2
            transparency 0
            shininess 0.5
        }
    }
    geometry IndexedFaceSet {
        ccw TRUE
        solid FALSE
        coord DEF co Coordinate {
            point [
                -0.1947 0.2749 0.1181, -0.1947 0.2751 0.1181, -0.2001 0.2751 0.1181, -0.1947 0.2764 0.1181, -0.1978 0.276 0.1181, -0.1994 0.2756 0.1181, -0.1999 0.2753 0.1181, -0.1949 0.2739 0.1181, -0.2004 0.2748 0.1181, -0.1952 0.2731 0.1181, -0.2003 0.2721 0.1181, -0.2001 0.2719 0.1181, -0.196 0.2721 0.1181, -0.2005 0.2725 0.1181, -0.1967 0.2716 0.1181, -0.1974 0.2714 0.1181, -0.1983 0.2713 0.1181, -0.2006 0.2744 0.1181, -0.2007 0.2738 0.1181, -0.1957 0.2724 0.1181, -0.2007 0.2734 0.1181, -0.2007 0.2729 0.1181, -0.1996 0.2716 0.1181, -0.1991 0.2714 0.1181, -0.1991 0.2714 0.1181
            ]
        }
        coordIndex [
            0,1,2,-1,1,3,4,-1,4,5,1,-1,1,5,6,-1,1,6,2,-1,0,2,7,-1,7,2,8,-1,7,8,9,-1,10,11,12,-1,10,12,13,-1,14,12,15,-1,15,12,16,-1,8,17,9,-1,9,17,18,-1,9,18,19,-1,19,18,20,-1,19,20,12,-1,12,20,21,-1,12,21,13,-1,11,22,12,-1,12,22,23,-1,12,23,16,-1,
        ]
    }
}
Shape{
    appearance Appearance {
        material  Material 	{
            diffuseColor 0.0 0.0 0.0
            specularColor 0.0 0.0 0.0
            ambientIntensity 0.2
            transparency 0
            shininess 0.5
        }
    }
    geometry IndexedFaceSet {
        ccw TRUE
        solid FALSE
        coord DEF co Coordinate {
            point [
                -0.1892 0.2726 0.1181, -0.1892 0.2726 0.122, -0.1882 0.272 0.122, -0.1854 0.2713 0.122, -0.1854 0.2713 0.1181, -0.1868 0.2714 0.1181, -0.1868 0.2714 0.122, -0.1881 0.2719 0.1181, -0.1882 0.272 0.1181, -0.1892 0.2702 0.122, -0.1892 0.2702 0.1181, -0.1881 0.2697 0.1181, -0.1878 0.2696 0.122, -0.1856 0.2694 0.1181, -0.1856 0.2694 0.122, -0.1869 0.2695 0.1181, -0.1878 0.2696 0.1181, -0.1843 0.2695 0.1181, -0.1835 0.2696 0.122, -0.1835 0.2696 0.1181, -0.1823 0.2701 0.1181, -0.1823 0.2701 0.122, -0.1817 0.2704 0.1181, -0.1817 0.2704 0.122, -0.181 0.271 0.1181, -0.181 0.271 0.122, -0.1806 0.2716 0.1181, -0.1806 0.2716 0.122, -0.1803 0.2724 0.1181, -0.1803 0.2724 0.122, -0.1802 0.2733 0.1181, -0.1802 0.2733 0.122, -0.1803 0.2742 0.1181, -0.1803 0.2742 0.122, -0.1805 0.2749 0.1181, -0.1805 0.2749 0.122, -0.181 0.2755 0.1181, -0.181 0.2755 0.122, -0.1815 0.276 0.1181, -0.1815 0.276 0.122, -0.1831 0.2769 0.1181, -0.1831 0.2769 0.122, -0.184 0.2772 0.1181, -0.184 0.2772 0.122, -0.1855 0.2779 0.1181, -0.1855 0.2779 0.122, -0.1863 0.2784 0.1181, -0.1863 0.2784 0.122, -0.1865 0.2786 0.1181, -0.1865 0.2786 0.122, -0.1867 0.279 0.1181, -0.1867 0.279 0.122, -0.1868 0.2793 0.1181, -0.1868 0.2793 0.122, -0.1868 0.2796 0.1181, -0.1868 0.2796 0.122, -0.1867 0.28 0.1181, -0.1867 0.28 0.122, -0.1866 0.2803 0.1181, -0.1866 0.2803 0.122, -0.1864 0.2806 0.1181, -0.1864 0.2806 0.122, -0.1861 0.2809 0.1181, -0.1861 0.2809 0.122, -0.1856 0.2812 0.1181, -0.1856 0.2812 0.122, -0.1849 0.2814 0.1181, -0.1849 0.2814 0.122, -0.1842 0.2814 0.1181, -0.1842 0.2814 0.122, -0.1828 0.2813 0.1181, -0.1828 0.2813 0.122, -0.1815 0.2808 0.1181, -0.1815 0.2808 0.122, -0.1808 0.2805 0.1181, -0.1808 0.2805 0.122, -0.1808 0.2827 0.122, -0.1808 0.2827 0.1181, -0.1824 0.2832 0.1181, -0.1824 0.2832 0.122, -0.184 0.2833 0.1181, -0.184 0.2833 0.122, -0.1859 0.2831 0.1181, -0.1859 0.2831 0.122, -0.1871 0.2826 0.1181, -0.1871 0.2826 0.122, -0.1877 0.2823 0.1181, -0.1877 0.2823 0.122, -0.1881 0.2819 0.1181, -0.1884 0.2816 0.122, -0.1884 0.2816 0.1181, -0.1888 0.281 0.1181, -0.1888 0.281 0.122, -0.1891 0.2803 0.1181, -0.1891 0.2803 0.122, -0.1892 0.2794 0.1181, -0.1892 0.2794 0.122, -0.1891 0.2785 0.1181, -0.1891 0.2785 0.122, -0.1888 0.2778 0.1181, -0.1888 0.2778 0.122, -0.1885 0.2773 0.1181, -0.1885 0.2773 0.122, -0.1857 0.2755 0.1181, -0.1857 0.2755 0.122, -0.1871 0.2762 0.122, -0.1882 0.2769 0.1181, -0.1882 0.2769 0.122, -0.1881 0.2769 0.1181, -0.1871 0.2762 0.1181, -0.1841 0.2749 0.1181, -0.1841 0.2749 0.122, -0.1832 0.2744 0.1181, -0.1832 0.2744 0.122, -0.1829 0.2741 0.1181, -0.1829 0.2741 0.122, -0.1827 0.2737 0.1181, -0.1827 0.2737 0.122, -0.1826 0.2734 0.1181, -0.1826 0.2734 0.122, -0.1826 0.2731 0.1181, -0.1826 0.2731 0.122, -0.1827 0.2726 0.1181, -0.1827 0.2726 0.122, -0.1828 0.2723 0.1181, -0.1828 0.2723 0.122, -0.183 0.272 0.1181, -0.183 0.272 0.122, -0.1832 0.2718 0.1181, -0.1832 0.2718 0.122, -0.1835 0.2716 0.1181, -0.1835 0.2716 0.122, -0.1841 0.2714 0.1181, -0.1841 0.2714 0.122, -0.1853 0.2713 0.1181, -0.1853 0.2713 0.122, -0.1686 0.283 0.122, -0.1662 0.283 0.122, -0.1686 0.283 0.1181, -0.1662 0.283 0.1181, -0.1722 0.273 0.122, -0.1722 0.273 0.1181, -0.1724 0.2724 0.1181, -0.1724 0.2724 0.122, -0.1725 0.2719 0.1181, -0.1725 0.2719 0.122, -0.1726 0.2719 0.122, -0.1726 0.2719 0.1181, -0.1729 0.273 0.122, -0.1729 0.273 0.1181, -0.1764 0.283 0.122, -0.1752 0.2798 0.1181, -0.1764 0.283 0.1181, -0.179 0.283 0.122, -0.179 0.283 0.1181, -0.1738 0.2697 0.122, -0.1752 0.2735 0.1181, -0.1738 0.2697 0.1181, -0.1748 0.2673 0.1181, -0.1748 0.2673 0.122, -0.1738 0.2695 0.1181, -0.1752 0.2664 0.1181, -0.1752 0.2664 0.122, -0.1752 0.2664 0.1181, -0.1757 0.2659 0.1181, -0.1757 0.2659 0.122, -0.1761 0.2657 0.1181, -0.1761 0.2657 0.122, -0.1766 0.2655 0.1181, -0.1766 0.2655 0.122, -0.1772 0.2654 0.1181, -0.1772 0.2654 0.122, -0.178 0.2655 0.1181, -0.178 0.2655 0.122, -0.1785 0.2657 0.1181, -0.1785 0.2657 0.122, -0.1785 0.2636 0.122, -0.1785 0.2636 0.1181, -0.1775 0.2634 0.1181, -0.1775 0.2634 0.122, -0.177 0.2634 0.1181, -0.177 0.2634 0.122, -0.176 0.2635 0.1181, -0.176 0.2635 0.122, -0.1752 0.2638 0.1181, -0.1751 0.2639 0.122, -0.1751 0.2639 0.1181, -0.1743 0.2644 0.1181, -0.1743 0.2644 0.122, -0.1741 0.2646 0.1181, -0.1741 0.2646 0.122, -0.1733 0.2656 0.1181, -0.1733 0.2656 0.122, -0.1722 0.2677 0.1181, -0.1722 0.2677 0.122, -0.1715 0.2695 0.1181, -0.1536 0.2718 0.122, -0.1536 0.2697 0.122, -0.1536 0.2718 0.1181, -0.1536 0.2697 0.1181, -0.1612 0.2718 0.122, -0.1577 0.2718 0.1181, -0.1612 0.2718 0.1181, -0.1612 0.2781 0.122, -0.1612 0.2781 0.1181, -0.1546 0.2781 0.122, -0.1577 0.2781 0.1181, -0.1546 0.2781 0.1181, -0.1546 0.2802 0.122, -0.1546 0.2802 0.1181, -0.1612 0.2802 0.1181, -0.1612 0.2802 0.122, -0.1577 0.2802 0.1181, -0.1612 0.2862 0.1181, -0.1612 0.2862 0.122, -0.1612 0.2859 0.1181, -0.154 0.2862 0.1181, -0.154 0.2862 0.122, -0.1577 0.2862 0.1181, -0.154 0.2884 0.122, -0.154 0.2884 0.1181, -0.1637 0.2884 0.1181, -0.1637 0.2884 0.122, -0.1577 0.2884 0.1181, -0.1637 0.2697 0.1181, -0.1637 0.2697 0.122, -0.1637 0.2859 0.1181, -0.1577 0.2697 0.1181, -0.1377 0.2723 0.122, -0.1396 0.2736 0.122, -0.1396 0.2709 0.122, -0.1408 0.2727 0.122, -0.1418 0.2701 0.122, -0.1424 0.2721 0.122, -0.1449 0.2697 0.122, -0.145 0.2718 0.122, -0.1501 0.2697 0.122, -0.1477 0.2718 0.122, -0.1501 0.2884 0.122, -0.1477 0.2862 0.122, -0.1447 0.2884 0.122, -0.1448 0.2862 0.122, -0.1446 0.2862 0.122, -0.1419 0.2881 0.122, -0.1422 0.2859 0.122, -0.1396 0.2872 0.122, -0.1406 0.2853 0.122, -0.1377 0.2859 0.122, -0.1394 0.2845 0.122, -0.137 0.2853 0.122, -0.1389 0.2839 0.122, -0.1359 0.2836 0.122, -0.1382 0.2829 0.122, -0.1352 0.2818 0.122, -0.1377 0.2815 0.122, -0.1349 0.2793 0.122, -0.1374 0.2792 0.122, -0.1349 0.2781 0.122, -0.1375 0.2779 0.122, -0.1354 0.2759 0.122, -0.1379 0.2762 0.122, -0.1363 0.274 0.122, -0.1385 0.2748 0.122, -0.1394 0.2738 0.122, -0.1449 0.2697 0.1181, -0.1501 0.2697 0.1181, -0.1418 0.2701 0.1181, -0.1396 0.2709 0.1181, -0.1377 0.2723 0.1181, -0.1363 0.274 0.1181, -0.1354 0.2759 0.1181, -0.1349 0.2781 0.1181, -0.1349 0.2793 0.1181, -0.1377 0.2859 0.1181, -0.1376 0.2859 0.1181, -0.137 0.2853 0.1181, -0.1359 0.2836 0.1181, -0.1352 0.2818 0.1181, -0.1396 0.2872 0.1181, -0.1419 0.2881 0.1181, -0.1447 0.2884 0.1181, -0.1501 0.2884 0.1181, -0.1501 0.2859 0.1181, -0.1448 0.2862 0.1181, -0.1477 0.2862 0.1181, -0.1477 0.2718 0.1181, -0.145 0.2718 0.1181, -0.1394 0.2738 0.1181, -0.1396 0.2736 0.1181, -0.1408 0.2727 0.1181, -0.1424 0.2721 0.1181, -0.1374 0.2792 0.1181, -0.1375 0.2779 0.1181, -0.1379 0.2762 0.1181, -0.1385 0.2748 0.1181, -0.1394 0.2845 0.1181, -0.1389 0.2839 0.1181, -0.1382 0.2829 0.1181, -0.1377 0.2815 0.1181, -0.1446 0.2862 0.1181, -0.1422 0.2859 0.1181, -0.1406 0.2853 0.1181, -0.1406 0.2853 0.1181
            ]
        }
        coordIndex [
            0,1,2,-1,3,4,5,-1,3,5,6,-1,6,5,7,-1,6,7,2,-1,2,7,8,-1,2,8,0,-1,9,1,10,-1,10,1,0,-1,10,11,9,-1,9,11,12,-1,13,14,15,-1,15,14,12,-1,15,12,16,-1,16,12,11,-1,13,17,14,-1,14,17,18,-1,17,19,18,-1,18,19,20,-1,18,20,21,-1,21,20,22,-1,21,22,23,-1,23,22,24,-1,23,24,25,-1,25,24,26,-1,25,26,27,-1,27,26,28,-1,27,28,29,-1,29,28,30,-1,29,30,31,-1,31,30,32,-1,31,32,33,-1,33,32,34,-1,33,34,35,-1,35,34,36,-1,35,36,37,-1,37,36,38,-1,37,38,39,-1,39,38,40,-1,39,40,41,-1,41,40,42,-1,41,42,43,-1,43,42,44,-1,43,44,45,-1,45,44,46,-1,45,46,47,-1,47,46,48,-1,47,48,49,-1,49,48,50,-1,49,50,51,-1,51,50,52,-1,51,52,53,-1,53,52,54,-1,53,54,55,-1,55,54,56,-1,55,56,57,-1,57,56,58,-1,57,58,59,-1,59,58,60,-1,59,60,61,-1,61,60,62,-1,61,62,63,-1,63,62,64,-1,63,64,65,-1,65,64,66,-1,65,66,67,-1,67,66,68,-1,67,68,69,-1,69,68,70,-1,69,70,71,-1,71,70,72,-1,71,72,73,-1,73,72,74,-1,73,74,75,-1,76,75,77,-1,77,75,74,-1,76,77,78,-1,76,78,79,-1,79,78,80,-1,79,80,81,-1,81,80,82,-1,81,82,83,-1,83,82,84,-1,83,84,85,-1,85,84,86,-1,85,86,87,-1,86,88,87,-1,87,88,89,-1,88,90,89,-1,89,90,91,-1,89,91,92,-1,92,91,93,-1,92,93,94,-1,94,93,95,-1,94,95,96,-1,96,95,97,-1,96,97,98,-1,98,97,99,-1,98,99,100,-1,100,99,101,-1,100,101,102,-1,103,104,105,-1,102,101,106,-1,102,106,107,-1,107,106,108,-1,107,108,105,-1,105,108,109,-1,105,109,103,-1,104,103,110,-1,104,110,111,-1,111,110,112,-1,111,112,113,-1,113,112,114,-1,113,114,115,-1,115,114,116,-1,115,116,117,-1,117,116,118,-1,117,118,119,-1,119,118,120,-1,119,120,121,-1,121,120,122,-1,121,122,123,-1,123,122,124,-1,123,124,125,-1,125,124,126,-1,125,126,127,-1,127,126,128,-1,127,128,129,-1,129,128,130,-1,129,130,131,-1,131,130,132,-1,131,132,133,-1,133,132,134,-1,133,134,135,-1,135,134,4,-1,135,4,3,-1,61,63,85,-1,85,63,83,-1,111,43,104,-1,104,43,45,-1,21,23,127,-1,127,23,25,-1,127,25,125,-1,125,25,27,-1,125,27,123,-1,123,27,29,-1,123,29,121,-1,121,29,31,-1,121,31,119,-1,119,31,33,-1,119,33,117,-1,117,33,35,-1,117,35,115,-1,115,35,37,-1,115,37,113,-1,113,37,39,-1,113,39,111,-1,111,39,41,-1,111,41,43,-1,14,3,12,-1,12,3,6,-1,12,6,9,-1,9,6,2,-1,9,2,1,-1,63,65,83,-1,83,65,67,-1,83,67,81,-1,81,67,69,-1,81,69,79,-1,79,69,71,-1,79,71,76,-1,76,71,73,-1,76,73,75,-1,127,129,21,-1,21,129,131,-1,21,131,18,-1,18,131,133,-1,18,133,14,-1,14,133,135,-1,14,135,3,-1,85,87,61,-1,61,87,89,-1,61,89,59,-1,59,89,92,-1,59,92,57,-1,57,92,94,-1,57,94,55,-1,55,94,96,-1,55,96,53,-1,53,96,98,-1,53,98,51,-1,51,98,100,-1,51,100,49,-1,49,100,102,-1,49,102,47,-1,47,102,107,-1,47,107,45,-1,45,107,105,-1,45,105,104,-1,136,137,138,-1,138,137,139,-1,140,136,141,-1,141,136,138,-1,140,141,142,-1,140,142,143,-1,143,142,144,-1,143,144,145,-1,146,145,147,-1,147,145,144,-1,148,146,149,-1,149,146,147,-1,148,149,150,-1,150,149,151,-1,150,151,152,-1,153,150,154,-1,154,150,152,-1,153,154,155,-1,155,154,156,-1,155,156,157,-1,158,159,160,-1,160,159,155,-1,160,155,157,-1,158,161,159,-1,159,161,162,-1,161,163,162,-1,162,163,164,-1,162,164,165,-1,165,164,166,-1,165,166,167,-1,167,166,168,-1,167,168,169,-1,169,168,170,-1,169,170,171,-1,171,170,172,-1,171,172,173,-1,173,172,174,-1,173,174,175,-1,176,175,177,-1,177,175,174,-1,176,177,178,-1,176,178,179,-1,179,178,180,-1,179,180,181,-1,181,180,182,-1,181,182,183,-1,183,182,184,-1,183,184,185,-1,184,186,185,-1,185,186,187,-1,185,187,188,-1,188,187,189,-1,188,189,190,-1,190,189,191,-1,190,191,192,-1,192,191,193,-1,192,193,194,-1,139,137,195,-1,195,137,194,-1,195,194,193,-1,143,145,194,-1,137,136,194,-1,194,136,140,-1,194,140,143,-1,150,153,148,-1,148,153,155,-1,148,155,146,-1,175,176,173,-1,173,176,179,-1,173,179,171,-1,171,179,181,-1,171,181,169,-1,169,181,183,-1,169,183,167,-1,167,183,185,-1,167,185,165,-1,145,146,194,-1,194,146,155,-1,194,155,192,-1,155,159,192,-1,192,159,162,-1,192,162,190,-1,190,162,165,-1,190,165,188,-1,188,165,185,-1,196,197,198,-1,198,197,199,-1,196,198,200,-1,200,198,201,-1,200,201,202,-1,203,200,204,-1,204,200,202,-1,203,204,205,-1,205,204,206,-1,205,206,207,-1,208,205,209,-1,209,205,207,-1,210,211,212,-1,212,211,208,-1,212,208,209,-1,213,214,215,-1,215,214,211,-1,215,211,210,-1,216,217,218,-1,218,217,214,-1,218,214,213,-1,219,217,220,-1,220,217,216,-1,221,222,223,-1,223,222,219,-1,223,219,220,-1,224,225,226,-1,226,225,222,-1,226,222,221,-1,225,224,197,-1,197,224,227,-1,197,227,199,-1,225,197,196,-1,196,200,225,-1,225,200,203,-1,225,203,222,-1,217,219,214,-1,214,219,222,-1,214,222,211,-1,211,222,203,-1,211,203,208,-1,208,203,205,-1,228,229,230,-1,230,229,231,-1,230,231,232,-1,232,231,233,-1,232,233,234,-1,234,233,235,-1,234,235,236,-1,236,235,237,-1,236,237,238,-1,238,237,239,-1,238,239,240,-1,239,241,240,-1,240,241,242,-1,240,242,243,-1,243,242,244,-1,243,244,245,-1,245,244,246,-1,245,246,247,-1,247,246,248,-1,247,248,249,-1,249,248,250,-1,249,250,251,-1,251,250,252,-1,251,252,253,-1,253,252,254,-1,253,254,255,-1,255,254,256,-1,255,256,257,-1,257,256,258,-1,257,258,259,-1,259,258,260,-1,259,260,261,-1,261,260,262,-1,261,262,228,-1,228,262,263,-1,228,263,229,-1,234,236,264,-1,264,236,265,-1,234,264,266,-1,234,266,232,-1,232,266,267,-1,232,267,230,-1,230,267,268,-1,230,268,228,-1,228,268,269,-1,228,269,261,-1,261,269,270,-1,261,270,259,-1,259,270,271,-1,259,271,257,-1,257,271,272,-1,257,272,255,-1,273,247,274,-1,274,247,249,-1,274,249,275,-1,275,249,251,-1,275,251,276,-1,276,251,253,-1,276,253,277,-1,277,253,255,-1,277,255,272,-1,247,273,278,-1,247,278,245,-1,245,278,279,-1,245,279,243,-1,243,279,280,-1,243,280,240,-1,238,240,281,-1,281,240,280,-1,265,236,282,-1,282,236,238,-1,282,238,281,-1,241,239,283,-1,283,239,284,-1,239,237,284,-1,284,237,285,-1,237,235,285,-1,285,235,286,-1,263,287,288,-1,263,288,229,-1,229,288,289,-1,229,289,231,-1,231,289,290,-1,231,290,233,-1,233,290,286,-1,233,286,235,-1,256,291,292,-1,256,292,258,-1,258,292,293,-1,258,293,260,-1,260,293,294,-1,260,294,262,-1,262,294,287,-1,262,287,263,-1,248,295,296,-1,248,296,250,-1,250,296,297,-1,250,297,252,-1,252,297,298,-1,252,298,254,-1,254,298,291,-1,254,291,256,-1,241,283,299,-1,241,299,242,-1,242,299,300,-1,242,300,244,-1,244,300,301,-1,244,301,246,-1,246,301,295,-1,246,295,248,-1,
        ]
    }
}
Shape{
    appearance Appearance {
        material  Material 	{
            diffuseColor 1.0 1.0 1.0
            specularColor 0.5019607843137255 0.5019607843137255 0.5019607843137255
            ambientIntensity 0.2
            transparency 0
            shininess 0.5
        }
    }
    geometry IndexedFaceSet {
        ccw TRUE
        solid FALSE
        coord DEF co Coordinate {
            point [
                -0.1477 0.2862 0.1181, -0.1477 0.2718 0.1181, -0.1448 0.2862 0.1181, -0.145 0.2718 0.1181, -0.1446 0.2862 0.1181, -0.1424 0.2721 0.1181, -0.1408 0.2727 0.1181, -0.1396 0.2736 0.1181, -0.1394 0.2738 0.1181, -0.1385 0.2748 0.1181, -0.1374 0.2792 0.1181, -0.1394 0.2845 0.1181, -0.1375 0.2779 0.1181, -0.1406 0.2853 0.1181, -0.1379 0.2762 0.1181, -0.1422 0.2859 0.1181, -0.1377 0.2815 0.1181, -0.1382 0.2829 0.1181, -0.1389 0.2839 0.1181, -0.1389 0.2839 0.1181
            ]
        }
        coordIndex [
            0,1,2,-1,2,1,3,-1,2,3,4,-1,4,3,5,-1,4,5,6,-1,6,7,4,-1,4,7,8,-1,4,8,9,-1,10,11,12,-1,12,11,13,-1,9,14,4,-1,4,14,12,-1,4,12,15,-1,15,12,13,-1,16,17,10,-1,10,17,18,-1,10,18,11,-1,
        ]
    }
}
Shape{
    appearance Appearance {
        material  Material 	{
            diffuseColor 0.0 0.0 0.0
            specularColor 0.0 0.0 0.0
            ambientIntensity 0.2
            transparency 0
            shininess 0.5
        }
    }
    geometry IndexedFaceSet {
        ccw TRUE
        solid FALSE
        coord DEF co Coordinate {
            point [
                -0.1286 0.2769 0.122, -0.1294 0.2748 0.122, -0.1223 0.2769 0.122, -0.1216 0.2748 0.122, -0.1258 0.2847 0.122, -0.1267 0.2884 0.122, -0.1338 0.2697 0.122, -0.1312 0.2697 0.122, -0.1256 0.2852 0.122, -0.1255 0.286 0.122, -0.1241 0.2884 0.122, -0.1254 0.286 0.122, -0.1253 0.2852 0.122, -0.1252 0.2847 0.122, -0.117 0.2697 0.122, -0.1197 0.2697 0.122, -0.117 0.2697 0.1181, -0.1232 0.2859 0.1181, -0.1241 0.2884 0.1181, -0.1267 0.2884 0.1181, -0.1338 0.2697 0.1181, -0.1277 0.2859 0.1181, -0.1312 0.2697 0.1181, -0.1294 0.2748 0.1181, -0.1216 0.2748 0.1181, -0.1197 0.2697 0.1181, -0.1286 0.2769 0.1181, -0.1223 0.2769 0.1181, -0.1252 0.2847 0.1181, -0.1254 0.286 0.1181, -0.1253 0.2852 0.1181, -0.1255 0.286 0.1181, -0.1258 0.2847 0.1181, -0.1256 0.2852 0.1181, -0.1256 0.2852 0.1181
            ]
        }
        coordIndex [
            0,1,2,-1,2,1,3,-1,4,5,0,-1,0,5,6,-1,0,6,1,-1,1,6,7,-1,4,8,5,-1,5,8,9,-1,5,9,10,-1,10,9,11,-1,10,11,12,-1,12,13,10,-1,10,13,2,-1,10,2,14,-1,14,2,3,-1,14,3,15,-1,14,16,10,-1,10,16,17,-1,10,17,18,-1,5,10,19,-1,19,10,18,-1,20,6,21,-1,21,6,5,-1,21,5,19,-1,7,6,22,-1,22,6,20,-1,1,7,23,-1,23,7,22,-1,3,1,24,-1,24,1,23,-1,15,3,25,-1,25,3,24,-1,14,15,16,-1,16,15,25,-1,0,2,26,-1,26,2,27,-1,2,13,27,-1,27,13,28,-1,11,29,30,-1,11,30,12,-1,12,30,28,-1,12,28,13,-1,11,9,29,-1,29,9,31,-1,4,32,33,-1,4,33,8,-1,8,33,31,-1,8,31,9,-1,4,0,32,-1,32,0,26,-1,
        ]
    }
}
Shape{
    appearance Appearance {
        material  Material 	{
            diffuseColor 1.0 1.0 1.0
            specularColor 0.5019607843137255 0.5019607843137255 0.5019607843137255
            ambientIntensity 0.2
            transparency 0
            shininess 0.5
        }
    }
    geometry IndexedFaceSet {
        ccw TRUE
        solid FALSE
        coord DEF co Coordinate {
            point [
                -0.1254 0.286 0.1181, -0.1255 0.286 0.1181, -0.1253 0.2852 0.1181, -0.1256 0.2852 0.1181, -0.1252 0.2847 0.1181, -0.1258 0.2847 0.1181, -0.1223 0.2769 0.1181, -0.1286 0.2769 0.1181, -0.1286 0.2769 0.1181
            ]
        }
        coordIndex [
            0,1,2,-1,2,1,3,-1,2,3,4,-1,4,3,5,-1,4,5,6,-1,6,5,7,-1,
        ]
    }
}
Shape{
    appearance Appearance {
        material  Material 	{
            diffuseColor 0.0 0.0 0.0
            specularColor 0.0 0.0 0.0
            ambientIntensity 0.2
            transparency 0
            shininess 0.5
        }
    }
    geometry IndexedFaceSet {
        ccw TRUE
        solid FALSE
        coord DEF co Coordinate {
            point [
                -0.2979 0.267 0.122, -0.2959 0.2646 0.122, -0.2991 0.2788 0.122, -0.3014 0.3019 0.122, -0.2984 0.3034 0.122, -0.2991 0.3116 0.122, -0.2909 0.312 0.122, -0.2868 0.3023 0.122, -0.2847 0.3065 0.122, -0.2733 0.2741 0.122, -0.2733 0.2755 0.122, -0.2846 0.2787 0.122, -0.2858 0.2791 0.122, -0.302 0.2806 0.122, -0.3011 0.2704 0.122, -0.2992 0.2699 0.122, -0.2939 0.3123 0.122, -0.2826 0.2771 0.122, -0.282 0.276 0.122, -0.2734 0.2728 0.122, -0.2547 0.2853 0.122, -0.2589 0.2923 0.122, -0.2767 0.283 0.122, -0.2868 0.2792 0.122, -0.288 0.279 0.122, -0.2898 0.2872 0.122, -0.2891 0.2786 0.122, -0.2927 0.286 0.122, -0.2902 0.2779 0.122, -0.2954 0.2842 0.122, -0.2909 0.2771 0.122, -0.2976 0.2816 0.122, -0.2916 0.2759 0.122, -0.2919 0.2747 0.122, -0.2818 0.2867 0.122, -0.285 0.2875 0.122, -0.2866 0.2876 0.122, -0.2835 0.278 0.122, -0.2901 0.2701 0.122, -0.2891 0.2694 0.122, -0.2933 0.2626 0.122, -0.2878 0.2689 0.122, -0.2504 0.2984 0.122, -0.2493 0.2984 0.122, -0.2438 0.3056 0.122, -0.2468 0.2981 0.122, -0.2432 0.3054 0.122, -0.2444 0.2972 0.122, -0.2392 0.3034 0.122, -0.2356 0.3004 0.122, -0.2881 0.3152 0.122, -0.2817 0.3101 0.122, -0.285 0.3178 0.122, -0.2782 0.3127 0.122, -0.2811 0.3202 0.122, -0.2952 0.3042 0.122, -0.2938 0.3043 0.122, -0.2924 0.3122 0.122, -0.2907 0.3039 0.122, -0.2877 0.3028 0.122, -0.279 0.2851 0.122, -0.2356 0.2756 0.122, -0.2418 0.2809 0.122, -0.2392 0.2725 0.122, -0.2438 0.2793 0.122, -0.2433 0.2706 0.122, -0.2461 0.2782 0.122, -0.2477 0.2696 0.122, -0.2485 0.2777 0.122, -0.2555 0.2696 0.122, -0.2545 0.2777 0.122, -0.2563 0.2697 0.122, -0.291 0.2711 0.122, -0.2916 0.2721 0.122, -0.2919 0.2734 0.122, -0.2424 0.2958 0.122, -0.2409 0.2941 0.122, -0.2329 0.2966 0.122, -0.2396 0.2918 0.122, -0.2313 0.2925 0.122, -0.239 0.2892 0.122, -0.2307 0.2882 0.122, -0.2389 0.2881 0.122, -0.2313 0.2835 0.122, -0.2392 0.2855 0.122, -0.233 0.2793 0.122, -0.2402 0.2831 0.122, -0.2416 0.2811 0.122, -0.251 0.3161 0.122, -0.2562 0.31 0.122, -0.2463 0.3106 0.122, -0.2532 0.3064 0.122, -0.2512 0.3021 0.122, -0.3067 0.2942 0.122, -0.3154 0.2921 0.122, -0.3071 0.291 0.122, -0.3154 0.2907 0.122, -0.3069 0.289 0.122, -0.3148 0.2856 0.122, -0.306 0.2857 0.122, -0.3129 0.2807 0.122, -0.3044 0.283 0.122, -0.3099 0.2763 0.122, -0.3058 0.2728 0.122, -0.2749 0.3224 0.122, -0.2738 0.3144 0.122, -0.2691 0.323 0.122, -0.269 0.315 0.122, -0.2626 0.3222 0.122, -0.2645 0.3145 0.122, -0.256 0.3196 0.122, -0.2603 0.3129 0.122, -0.2566 0.3103 0.122, -0.304 0.3097 0.122, -0.3082 0.3068 0.122, -0.3037 0.2998 0.122, -0.3092 0.3059 0.122, -0.3055 0.2972 0.122, -0.3124 0.3018 0.122, -0.3145 0.2971 0.122, -0.2551 0.2778 0.122, -0.2583 0.271 0.122, -0.258 0.2707 0.122, -0.2816 0.2748 0.122, -0.2816 0.2735 0.122, -0.2742 0.2695 0.122, -0.2819 0.2722 0.122, -0.2758 0.2665 0.122, -0.2825 0.2711 0.122, -0.2778 0.2642 0.122, -0.2833 0.2701 0.122, -0.2804 0.2624 0.122, -0.2844 0.2694 0.122, -0.2834 0.2612 0.122, -0.2855 0.269 0.122, -0.2866 0.2609 0.122, -0.2868 0.2688 0.122, -0.2871 0.2609 0.122, -0.2903 0.2614 0.122, -0.2547 0.2778 0.122, -0.2572 0.2701 0.122, -0.2594 0.2737 0.122, -0.2593 0.2727 0.122, -0.2589 0.2718 0.122, -0.2563 0.2777 0.122, -0.2572 0.2774 0.122, -0.2594 0.2743 0.122, -0.258 0.2768 0.122, -0.2586 0.2762 0.122, -0.2591 0.2753 0.122, -0.2553 0.2779 0.122, -0.2307 0.2882 0.1181, -0.2313 0.2925 0.1181, -0.2329 0.2966 0.1181, -0.2348 0.2992 0.1181, -0.2356 0.3004 0.1181, -0.2392 0.3034 0.1181, -0.2432 0.3054 0.1181, -0.2438 0.3056 0.1181, -0.2463 0.3106 0.1181, -0.251 0.3161 0.1181, -0.254 0.3182 0.1181, -0.256 0.3196 0.1181, -0.2626 0.3222 0.1181, -0.2691 0.323 0.1181, -0.285 0.3178 0.1181, -0.2845 0.3182 0.1181, -0.2811 0.3202 0.1181, -0.2749 0.3224 0.1181, -0.2881 0.3152 0.1181, -0.2909 0.312 0.1181, -0.2924 0.3122 0.1181, -0.2939 0.3123 0.1181, -0.2955 0.3121 0.1181, -0.2991 0.3116 0.1181, -0.304 0.3097 0.1181, -0.3082 0.3068 0.1181, -0.3092 0.3059 0.1181, -0.3124 0.3018 0.1181, -0.3136 0.2992 0.1181, -0.3145 0.2971 0.1181, -0.3154 0.2921 0.1181, -0.3154 0.2907 0.1181, -0.3148 0.2859 0.1181, -0.3148 0.2856 0.1181, -0.3129 0.2807 0.1181, -0.3099 0.2763 0.1181, -0.3058 0.2728 0.1181, -0.3011 0.2704 0.1181, -0.2992 0.2699 0.1181, -0.2991 0.2695 0.1181, -0.2979 0.267 0.1181, -0.2959 0.2646 0.1181, -0.2955 0.2643 0.1181, -0.2933 0.2626 0.1181, -0.2921 0.2621 0.1181, -0.2903 0.2614 0.1181, -0.2871 0.2609 0.1181, -0.2866 0.2609 0.1181, -0.2733 0.2741 0.1181, -0.2834 0.2612 0.1181, -0.2811 0.2621 0.1181, -0.2804 0.2624 0.1181, -0.2778 0.2642 0.1181, -0.2758 0.2665 0.1181, -0.2742 0.2695 0.1181, -0.2742 0.2695 0.1181, -0.2734 0.2728 0.1181, -0.2733 0.2755 0.1181, -0.2547 0.2853 0.1181, -0.2589 0.2923 0.1181, -0.2551 0.2859 0.1181, -0.2713 0.2859 0.1181, -0.2767 0.283 0.1181, -0.279 0.2851 0.1181, -0.2803 0.2859 0.1181, -0.2818 0.2867 0.1181, -0.285 0.2875 0.1181, -0.2866 0.2876 0.1181, -0.2991 0.2788 0.1181, -0.2898 0.2872 0.1181, -0.2927 0.286 0.1181, -0.293 0.2859 0.1181, -0.2954 0.2842 0.1181, -0.2955 0.2841 0.1181, -0.2976 0.2816 0.1181, -0.3071 0.291 0.1181, -0.302 0.2806 0.1181, -0.3044 0.283 0.1181, -0.306 0.2857 0.1181, -0.306 0.2859 0.1181, -0.3069 0.289 0.1181, -0.2938 0.3043 0.1181, -0.3067 0.2942 0.1181, -0.3055 0.2972 0.1181, -0.3042 0.2992 0.1181, -0.3037 0.2998 0.1181, -0.3014 0.3019 0.1181, -0.2984 0.3034 0.1181, -0.2955 0.3041 0.1181, -0.2952 0.3042 0.1181, -0.2907 0.3039 0.1181, -0.2877 0.3028 0.1181, -0.2868 0.3023 0.1181, -0.2847 0.3065 0.1181, -0.2817 0.3101 0.1181, -0.2782 0.3127 0.1181, -0.2738 0.3144 0.1181, -0.269 0.315 0.1181, -0.2504 0.2984 0.1181, -0.2505 0.2992 0.1181, -0.2512 0.3021 0.1181, -0.2532 0.3064 0.1181, -0.2562 0.31 0.1181, -0.2566 0.3103 0.1181, -0.2603 0.3129 0.1181, -0.2645 0.3145 0.1181, -0.2493 0.2984 0.1181, -0.2468 0.2981 0.1181, -0.2444 0.2972 0.1181, -0.2424 0.2958 0.1181, -0.2409 0.2941 0.1181, -0.2396 0.2918 0.1181, -0.239 0.2892 0.1181, -0.2389 0.2881 0.1181, -0.2392 0.2859 0.1181, -0.2392 0.2855 0.1181, -0.2402 0.2831 0.1181, -0.2416 0.2811 0.1181, -0.2418 0.2809 0.1181, -0.2438 0.2793 0.1181, -0.2461 0.2782 0.1181, -0.2485 0.2777 0.1181, -0.2545 0.2777 0.1181, -0.2547 0.2778 0.1181, -0.2551 0.2778 0.1181, -0.2553 0.2779 0.1181, -0.2563 0.2777 0.1181, -0.2572 0.2774 0.1181, -0.258 0.2768 0.1181, -0.2586 0.2762 0.1181, -0.2591 0.2753 0.1181, -0.2594 0.2743 0.1181, -0.2594 0.2737 0.1181, -0.2593 0.2727 0.1181, -0.2589 0.2718 0.1181, -0.2583 0.271 0.1181, -0.258 0.2707 0.1181, -0.2572 0.2701 0.1181, -0.2563 0.2697 0.1181, -0.2555 0.2696 0.1181, -0.2477 0.2696 0.1181, -0.2433 0.2706 0.1181, -0.2392 0.2725 0.1181, -0.2356 0.2756 0.1181, -0.233 0.2793 0.1181, -0.2313 0.2835 0.1181, -0.231 0.2859 0.1181, -0.2868 0.2792 0.1181, -0.2858 0.2791 0.1181, -0.2846 0.2787 0.1181, -0.2835 0.278 0.1181, -0.2826 0.2771 0.1181, -0.282 0.276 0.1181, -0.2816 0.2748 0.1181, -0.2816 0.2735 0.1181, -0.2819 0.2722 0.1181, -0.2825 0.2711 0.1181, -0.2833 0.2701 0.1181, -0.2844 0.2694 0.1181, -0.2855 0.269 0.1181, -0.2868 0.2688 0.1181, -0.2878 0.2689 0.1181, -0.2891 0.2694 0.1181, -0.2901 0.2701 0.1181, -0.291 0.2711 0.1181, -0.2916 0.2721 0.1181, -0.2919 0.2734 0.1181, -0.2919 0.2747 0.1181, -0.2916 0.2759 0.1181, -0.2909 0.2771 0.1181, -0.2902 0.2779 0.1181, -0.2891 0.2786 0.1181, -0.288 0.279 0.1181, -0.288 0.279 0.1181
            ]
        }
        coordIndex [
            0,1,2,-1,3,4,5,-1,6,7,8,-1,9,10,11,-1,11,10,12,-1,13,14,2,-1,2,14,15,-1,2,15,0,-1,5,4,16,-1,17,18,19,-1,20,21,10,-1,10,21,22,-1,10,22,12,-1,12,22,23,-1,24,25,26,-1,26,25,27,-1,26,27,28,-1,28,27,29,-1,28,29,30,-1,30,29,31,-1,30,31,32,-1,32,31,2,-1,32,2,33,-1,34,35,24,-1,24,35,36,-1,24,36,25,-1,9,11,19,-1,19,11,37,-1,19,37,17,-1,38,1,39,-1,39,1,40,-1,39,40,41,-1,42,43,44,-1,44,43,45,-1,44,45,46,-1,46,45,47,-1,46,47,48,-1,48,47,49,-1,6,8,50,-1,50,8,51,-1,50,51,52,-1,52,51,53,-1,52,53,54,-1,4,55,16,-1,16,55,56,-1,16,56,57,-1,57,56,58,-1,57,58,6,-1,6,58,59,-1,6,59,7,-1,23,22,24,-1,24,22,60,-1,24,60,34,-1,61,62,63,-1,63,62,64,-1,63,64,65,-1,65,64,66,-1,65,66,67,-1,67,66,68,-1,67,68,69,-1,69,68,70,-1,69,70,71,-1,38,72,1,-1,1,72,73,-1,1,73,2,-1,2,73,74,-1,2,74,33,-1,47,75,49,-1,49,75,76,-1,49,76,77,-1,77,76,78,-1,77,78,79,-1,79,78,80,-1,79,80,81,-1,81,80,82,-1,81,82,83,-1,83,82,84,-1,83,84,85,-1,85,84,86,-1,85,86,61,-1,61,86,87,-1,61,87,62,-1,88,89,90,-1,90,89,91,-1,90,91,44,-1,44,91,92,-1,44,92,42,-1,93,94,95,-1,95,94,96,-1,95,96,97,-1,97,96,98,-1,97,98,99,-1,99,98,100,-1,99,100,101,-1,101,100,102,-1,101,102,13,-1,13,102,103,-1,13,103,14,-1,54,53,104,-1,104,53,105,-1,104,105,106,-1,106,105,107,-1,106,107,108,-1,108,107,109,-1,108,109,110,-1,110,109,111,-1,110,111,88,-1,88,111,112,-1,88,112,89,-1,5,113,3,-1,3,113,114,-1,3,114,115,-1,115,114,116,-1,115,116,117,-1,117,116,118,-1,117,118,93,-1,93,118,119,-1,93,119,94,-1,120,121,122,-1,18,123,19,-1,19,123,124,-1,19,124,125,-1,125,124,126,-1,125,126,127,-1,127,126,128,-1,127,128,129,-1,129,128,130,-1,129,130,131,-1,131,130,132,-1,131,132,133,-1,133,132,134,-1,133,134,135,-1,135,134,136,-1,135,136,137,-1,137,136,41,-1,137,41,138,-1,138,41,40,-1,70,139,71,-1,71,139,120,-1,71,120,140,-1,140,120,122,-1,141,142,120,-1,120,142,143,-1,120,143,121,-1,144,145,146,-1,145,147,146,-1,146,147,148,-1,146,148,149,-1,141,120,146,-1,146,120,150,-1,146,150,144,-1,81,151,152,-1,81,152,79,-1,79,152,153,-1,79,153,77,-1,77,153,154,-1,77,154,49,-1,154,155,49,-1,49,155,156,-1,49,156,48,-1,48,156,157,-1,48,157,46,-1,46,157,158,-1,46,158,44,-1,44,158,159,-1,44,159,90,-1,90,159,160,-1,90,160,88,-1,88,160,110,-1,110,160,161,-1,161,162,110,-1,110,162,163,-1,110,163,108,-1,108,163,164,-1,108,164,106,-1,165,52,166,-1,166,52,54,-1,166,54,167,-1,167,54,104,-1,167,104,168,-1,168,104,106,-1,168,106,164,-1,52,165,169,-1,52,169,50,-1,50,169,170,-1,50,170,6,-1,6,170,171,-1,6,171,57,-1,57,171,172,-1,57,172,16,-1,16,172,173,-1,16,173,5,-1,173,174,5,-1,5,174,175,-1,5,175,113,-1,113,175,176,-1,113,176,114,-1,114,176,177,-1,114,177,116,-1,116,177,178,-1,179,119,178,-1,178,119,118,-1,178,118,116,-1,179,180,119,-1,119,180,181,-1,119,181,94,-1,94,181,182,-1,94,182,96,-1,182,183,96,-1,96,183,98,-1,183,184,98,-1,98,184,185,-1,98,185,100,-1,100,185,186,-1,100,186,102,-1,102,186,187,-1,102,187,103,-1,103,187,188,-1,103,188,14,-1,14,188,189,-1,14,189,15,-1,15,189,190,-1,15,190,0,-1,190,191,0,-1,0,191,192,-1,0,192,1,-1,1,192,193,-1,1,193,40,-1,193,194,40,-1,40,194,195,-1,40,195,138,-1,195,196,138,-1,138,196,197,-1,138,197,137,-1,137,197,198,-1,137,198,135,-1,199,9,19,-1,135,198,200,-1,135,200,133,-1,133,200,201,-1,133,201,131,-1,201,202,131,-1,131,202,203,-1,131,203,129,-1,129,203,204,-1,129,204,127,-1,127,204,205,-1,127,205,125,-1,125,205,206,-1,125,206,19,-1,19,206,207,-1,19,207,199,-1,10,9,208,-1,208,9,199,-1,20,10,209,-1,209,10,208,-1,210,21,211,-1,211,21,20,-1,211,20,209,-1,21,210,22,-1,22,210,212,-1,22,212,213,-1,22,213,214,-1,22,214,60,-1,60,214,215,-1,60,215,34,-1,215,216,34,-1,34,216,217,-1,34,217,35,-1,35,217,218,-1,35,218,36,-1,219,2,31,-1,36,218,220,-1,36,220,25,-1,25,220,221,-1,25,221,27,-1,27,221,222,-1,27,222,29,-1,222,223,29,-1,29,223,224,-1,29,224,31,-1,31,224,225,-1,31,225,219,-1,226,95,97,-1,2,219,227,-1,2,227,13,-1,13,227,228,-1,13,228,101,-1,101,228,229,-1,101,229,99,-1,99,229,230,-1,99,230,97,-1,97,230,231,-1,97,231,226,-1,232,56,55,-1,95,226,233,-1,95,233,93,-1,93,233,234,-1,93,234,117,-1,117,234,235,-1,117,235,115,-1,235,236,115,-1,115,236,237,-1,115,237,3,-1,3,237,238,-1,3,238,4,-1,4,238,239,-1,4,239,55,-1,55,239,240,-1,55,240,232,-1,56,232,241,-1,56,241,58,-1,58,241,242,-1,58,242,59,-1,59,242,243,-1,59,243,7,-1,7,243,244,-1,7,244,8,-1,8,244,245,-1,8,245,51,-1,51,245,246,-1,51,246,53,-1,53,246,247,-1,53,247,105,-1,105,247,248,-1,105,248,107,-1,249,42,250,-1,250,42,92,-1,250,92,251,-1,251,92,91,-1,251,91,252,-1,252,91,89,-1,252,89,253,-1,253,89,112,-1,253,112,254,-1,254,112,111,-1,254,111,255,-1,255,111,109,-1,255,109,256,-1,256,109,107,-1,256,107,248,-1,43,42,257,-1,257,42,249,-1,43,257,258,-1,43,258,45,-1,45,258,259,-1,45,259,47,-1,47,259,260,-1,47,260,75,-1,75,260,261,-1,75,261,76,-1,76,261,262,-1,76,262,78,-1,78,262,263,-1,78,263,80,-1,80,263,264,-1,80,264,82,-1,264,265,82,-1,82,265,84,-1,265,266,84,-1,84,266,267,-1,84,267,86,-1,86,267,268,-1,86,268,87,-1,87,268,269,-1,87,269,62,-1,62,269,270,-1,62,270,64,-1,64,270,271,-1,64,271,66,-1,66,271,272,-1,66,272,68,-1,70,68,273,-1,273,68,272,-1,70,273,274,-1,70,274,139,-1,139,274,275,-1,139,275,120,-1,120,275,276,-1,120,276,150,-1,150,276,277,-1,150,277,144,-1,144,277,278,-1,144,278,145,-1,145,278,279,-1,145,279,147,-1,147,279,280,-1,147,280,148,-1,148,280,281,-1,148,281,149,-1,149,281,282,-1,149,282,146,-1,146,282,283,-1,146,283,141,-1,141,283,284,-1,141,284,142,-1,142,284,285,-1,142,285,143,-1,143,285,286,-1,143,286,121,-1,121,286,287,-1,121,287,122,-1,122,287,288,-1,122,288,140,-1,140,288,289,-1,140,289,71,-1,71,289,290,-1,71,290,69,-1,67,69,291,-1,291,69,290,-1,67,291,292,-1,67,292,65,-1,65,292,293,-1,65,293,63,-1,63,293,294,-1,63,294,61,-1,61,294,295,-1,61,295,85,-1,85,295,296,-1,85,296,83,-1,83,296,81,-1,81,296,297,-1,81,297,151,-1,23,298,299,-1,23,299,12,-1,12,299,300,-1,12,300,11,-1,11,300,301,-1,11,301,37,-1,37,301,302,-1,37,302,17,-1,17,302,303,-1,17,303,18,-1,18,303,304,-1,18,304,123,-1,123,304,305,-1,123,305,124,-1,124,305,306,-1,124,306,126,-1,126,306,307,-1,126,307,128,-1,128,307,308,-1,128,308,130,-1,130,308,309,-1,130,309,132,-1,132,309,310,-1,132,310,134,-1,134,310,311,-1,134,311,136,-1,136,311,312,-1,136,312,41,-1,41,312,313,-1,41,313,39,-1,39,313,314,-1,39,314,38,-1,38,314,315,-1,38,315,72,-1,72,315,316,-1,72,316,73,-1,73,316,317,-1,73,317,74,-1,74,317,318,-1,74,318,33,-1,33,318,319,-1,33,319,32,-1,32,319,320,-1,32,320,30,-1,30,320,321,-1,30,321,28,-1,28,321,322,-1,28,322,26,-1,26,322,323,-1,26,323,24,-1,24,323,298,-1,24,298,23,-1,
        ]
    }
}
Shape{
    appearance Appearance {
        material  Material 	{
            diffuseColor 1.0 1.0 1.0
            specularColor 0.5019607843137255 0.5019607843137255 0.5019607843137255
            ambientIntensity 0.2
            transparency 0
            shininess 0.5
        }
    }
    geometry IndexedFaceSet {
        ccw TRUE
        solid FALSE
        coord DEF co Coordinate {
            point [
                -0.2855 0.269 0.1181, -0.2858 0.2791 0.1181, -0.2868 0.2688 0.1181, -0.2868 0.2792 0.1181, -0.288 0.279 0.1181, -0.2891 0.2786 0.1181, -0.2902 0.2779 0.1181, -0.2909 0.2771 0.1181, -0.2916 0.2721 0.1181, -0.291 0.2711 0.1181, -0.2901 0.2701 0.1181, -0.2833 0.2701 0.1181, -0.2826 0.2771 0.1181, -0.2835 0.278 0.1181, -0.2891 0.2694 0.1181, -0.2878 0.2689 0.1181, -0.2844 0.2694 0.1181, -0.2846 0.2787 0.1181, -0.2916 0.2759 0.1181, -0.2919 0.2747 0.1181, -0.2919 0.2734 0.1181, -0.2819 0.2722 0.1181, -0.2816 0.2735 0.1181, -0.2825 0.2711 0.1181, -0.2816 0.2748 0.1181, -0.282 0.276 0.1181, -0.282 0.276 0.1181
            ]
        }
        coordIndex [
            0,1,2,-1,2,1,3,-1,2,3,4,-1,4,5,2,-1,2,5,6,-1,2,6,7,-1,8,9,7,-1,7,9,10,-1,11,12,13,-1,10,14,7,-1,7,14,15,-1,7,15,2,-1,0,16,1,-1,1,16,11,-1,1,11,17,-1,17,11,13,-1,18,19,7,-1,7,19,20,-1,7,20,8,-1,21,22,23,-1,23,22,24,-1,23,24,11,-1,11,24,25,-1,11,25,12,-1,
        ]
    }
}
Shape{
    appearance Appearance {
        material  Material 	{
            diffuseColor 1.0 1.0 0.5019607843137255
            specularColor 0.5019607843137255 0.5019607843137255 0.25098039215686274
            ambientIntensity 0.2
            transparency 0
            shininess 0.5
        }
    }
    geometry IndexedFaceSet {
        ccw TRUE
        solid FALSE
        coord DEF co Coordinate {
            point [
                0.2692 -0.0591 -0.0039, 0.2692 -0.0591 0.0, 0.274 -0.0297 -0.0039, 0.274 -0.0297 -0.0, 0.2756 -0.0 -0.0039, 0.2756 -0.0 -0.0, 0.274 0.0297 -0.0039, 0.274 0.0297 -0.0, 0.2692 0.0591 -0.0039, 0.2692 0.0591 0.0, 0.3346 0.0591 0.0, 0.3346 0.0591 0.0394, 0.3937 0.0591 0.0394, 0.3937 0.0591 -0.0039, 0.3346 -0.0591 0.0, 0.3937 -0.0591 -0.0039, 0.3346 -0.0591 0.0394, 0.3937 -0.0591 0.0394, -0.2559 0.2854 0.0, -0.2559 0.2854 -0.0039, 0.2559 0.2854 0.0, 0.2559 0.2854 -0.0039, -0.2559 0.3346 0.0, -0.2559 0.3346 0.0394, -0.2559 0.4035 0.0394, -0.2559 0.4035 -0.0039, 0.2559 0.3346 0.0, 0.2559 0.4035 -0.0039, 0.2559 0.3346 0.0394, 0.2559 0.4035 0.0394, 0.2559 -0.2854 0.0, 0.2559 -0.2854 -0.0039, -0.2559 -0.2854 0.0, -0.2559 -0.2854 -0.0039, -0.2559 -0.3346 0.0, -0.2559 -0.4035 -0.0039, -0.2559 -0.3346 0.0394, -0.2559 -0.4035 0.0394, 0.2559 -0.3346 0.0, 0.2559 -0.3346 0.0394, 0.2559 -0.4035 0.0394, 0.2559 -0.4035 -0.0039, 0.1429 -0.4035 0.0394, 0.1354 -0.3909 0.0394, 0.1249 -0.3806 0.0394, 0.1122 -0.3734 0.0394, 0.0383 -0.4035 0.0394, 0.0459 -0.3909 0.0394, 0.0563 -0.3806 0.0394, 0.0691 -0.3734 0.0394, 0.0833 -0.3696 0.0394, 0.098 -0.3696 0.0394, 0.0383 -0.4035 -0.0039, 0.1429 -0.4035 -0.0039, 0.1354 -0.3909 -0.0039, 0.1249 -0.3806 -0.0039, 0.1122 -0.3734 -0.0039, 0.098 -0.3696 -0.0039, 0.0833 -0.3696 -0.0039, 0.0691 -0.3734 -0.0039, 0.0459 -0.3909 -0.0039, 0.0563 -0.3806 -0.0039, 0.1429 0.4035 0.0394, 0.1429 0.4035 -0.0039, 0.1354 0.3909 0.0394, 0.1354 0.3909 -0.0039, 0.1249 0.3806 0.0394, 0.1249 0.3806 -0.0039, 0.1122 0.3734 0.0394, 0.1122 0.3734 -0.0039, 0.098 0.3696 0.0394, 0.098 0.3696 -0.0039, 0.0833 0.3696 0.0394, 0.0833 0.3696 -0.0039, 0.0691 0.3734 0.0394, 0.0691 0.3734 -0.0039, 0.0563 0.3806 0.0394, 0.0563 0.3806 -0.0039, 0.0459 0.3909 0.0394, 0.0459 0.3909 -0.0039, 0.0383 0.4035 0.0394, 0.0383 0.4035 -0.0039, 0.0383 0.4035 -0.0039
            ]
        }
        coordIndex [
            0,1,2,-1,2,1,3,-1,2,3,4,-1,4,3,5,-1,4,5,6,-1,6,5,7,-1,6,7,8,-1,8,7,9,-1,8,9,10,-1,11,12,10,-1,10,12,13,-1,10,13,8,-1,1,0,14,-1,14,0,15,-1,14,15,16,-1,16,15,17,-1,17,12,16,-1,16,12,11,-1,17,15,12,-1,12,15,13,-1,0,2,15,-1,15,2,4,-1,15,4,13,-1,13,4,6,-1,13,6,8,-1,18,19,20,-1,20,19,21,-1,19,18,22,-1,23,24,22,-1,22,24,25,-1,22,25,19,-1,20,21,26,-1,26,21,27,-1,26,27,28,-1,28,27,29,-1,30,31,32,-1,32,31,33,-1,32,33,34,-1,34,33,35,-1,34,35,36,-1,36,35,37,-1,31,30,38,-1,39,40,38,-1,38,40,41,-1,38,41,31,-1,42,40,43,-1,43,40,39,-1,43,39,44,-1,44,39,45,-1,37,46,36,-1,36,46,47,-1,36,47,48,-1,48,49,36,-1,36,49,50,-1,36,50,39,-1,39,50,51,-1,39,51,45,-1,46,37,52,-1,52,37,35,-1,31,41,53,-1,53,54,31,-1,31,54,55,-1,31,55,56,-1,56,57,31,-1,31,57,58,-1,31,58,33,-1,33,58,59,-1,52,35,60,-1,60,35,33,-1,60,33,61,-1,61,33,59,-1,46,52,47,-1,47,52,60,-1,47,60,48,-1,48,60,61,-1,48,61,49,-1,49,61,59,-1,49,59,50,-1,50,59,58,-1,50,58,51,-1,51,58,57,-1,51,57,45,-1,45,57,56,-1,45,56,44,-1,44,56,55,-1,44,55,43,-1,43,55,54,-1,43,54,42,-1,42,54,53,-1,62,63,64,-1,64,63,65,-1,64,65,66,-1,66,65,67,-1,66,67,68,-1,68,67,69,-1,68,69,70,-1,70,69,71,-1,70,71,72,-1,72,71,73,-1,72,73,74,-1,74,73,75,-1,74,75,76,-1,76,75,77,-1,76,77,78,-1,78,77,79,-1,78,79,80,-1,80,79,81,-1,
        ]
    }
}
Shape{
    appearance Appearance {
        material  Material 	{
            diffuseColor 1.0 1.0 1.0
            specularColor 0.5019607843137255 0.5019607843137255 0.5019607843137255
            ambientIntensity 0.2
            transparency 0
            shininess 0.5
        }
    }
    geometry IndexedFaceSet {
        ccw TRUE
        solid FALSE
        coord DEF co Coordinate {
            point [
                0.2953 -0.3346 0.1181, 0.2953 -0.3346 0.0, 0.3055 -0.3333 0.0, 0.3055 -0.3333 0.1181, 0.315 -0.3294 0.0, 0.315 -0.3294 0.1181, 0.3231 -0.3231 0.0, 0.3231 -0.3231 0.1181, 0.3294 -0.315 0.0, 0.3294 -0.315 0.1181, 0.3333 -0.3055 0.0, 0.3333 -0.3055 0.1181, 0.3346 -0.2953 0.0, 0.3346 -0.2953 0.1181, 0.3346 -0.2953 0.1181
            ]
        }
        coordIndex [
            0,1,2,-1,0,2,3,-1,3,2,4,-1,3,4,5,-1,5,4,6,-1,5,6,7,-1,7,6,8,-1,7,8,9,-1,9,8,10,-1,9,10,11,-1,11,10,12,-1,11,12,13,-1,
        ]
    }
}