#VRML V2.0 utf8
# 3D model generated by easyeda2kicad.py (https://github.com/uPesy/easyeda2kicad.py)

Shape{
    appearance Appearance {
        material  Material 	{
            diffuseColor 1.0 1.0 1.0
            specularColor 0.5019607843137255 0.5019607843137255 0.5019607843137255
            ambientIntensity 0.2
            transparency 0
            shininess 0.5
        }
    }
    geometry IndexedFaceSet {
        ccw TRUE
        solid FALSE
        coord DEF co Coordinate {
            point [
                -0.0821 -0.436 -0.2618, -0.081 -0.4367 -0.1915, -0.0746 -0.4393 -0.2618, -0.0753 -0.4391 -0.191, -0.0746 -0.4393 -0.1909, -0.0894 -0.4305 -0.1942, -0.0863 -0.4333 -0.1928, -0.0821 -0.436 -0.1917, -0.0897 -0.4303 -0.1944, -0.0898 -0.4304 -0.2618, -0.0911 -0.4291 -0.195, -0.0952 -0.4241 -0.2618, -0.0952 -0.4241 -0.198, 0.0315 -0.313 -0.2618, 0.126 -0.313 -0.2618, 0.0315 -0.313 -0.2421, 0.126 -0.313 -0.2028, -0.0315 -0.313 -0.2421, -0.126 -0.313 -0.2028, -0.0315 -0.313 -0.2618, -0.126 -0.313 -0.2618, 0.126 -0.3672 -0.2028, 0.126 -0.3672 -0.2618, 0.1252 -0.3751 -0.2028, 0.1252 -0.3751 -0.2618, 0.1228 -0.3826 -0.2028, 0.1228 -0.3826 -0.2618, 0.119 -0.3896 -0.2028, 0.119 -0.3896 -0.2618, 0.1004 -0.4166 -0.2028, 0.0952 -0.4241 -0.2618, 0.0977 -0.4204 -0.2004, 0.0952 -0.4241 -0.198, -0.126 -0.3672 -0.2028, -0.126 -0.3672 -0.2618, -0.1252 -0.3751 -0.2618, -0.1252 -0.3751 -0.2028, -0.1228 -0.3826 -0.2618, -0.1228 -0.3826 -0.2028, -0.119 -0.3896 -0.2618, -0.119 -0.3896 -0.2028, -0.1004 -0.4166 -0.2028, -0.0977 -0.4204 -0.2004, 0.0709 -0.6004 -0.2618, 0.0709 -0.6004 -0.2421, 0.0709 -0.4404 -0.2618, 0.0709 -0.4404 -0.2421, -0.2165 -0.4041 -0.2099, -0.2165 -0.4052 -0.2118, -0.2165 -0.6004 -0.2028, -0.2165 -0.4133 -0.2172, -0.2165 -0.4149 -0.2178, -0.2165 -0.4168 -0.2181, -0.2165 -0.4035 -0.2028, -0.2165 -0.4035 -0.2067, -0.2165 -0.41 -0.2159, -0.2165 -0.41 -0.216, -0.2165 -0.4036 -0.2077, -0.2165 -0.404 -0.2093, -0.2165 -0.4073 -0.2141, -0.2165 -0.5965 -0.2618, -0.2165 -0.6004 -0.2618, -0.2165 -0.5965 -0.2185, -0.2165 -0.4205 -0.2185, -0.2165 -0.4053 -0.2119, 0.2165 -0.6004 -0.2028, 0.2165 -0.6004 -0.2618, 0.2165 -0.5965 -0.2185, 0.2165 -0.5965 -0.2618, 0.2165 -0.4041 -0.2099, 0.2165 -0.404 -0.2093, 0.2165 -0.4052 -0.2118, 0.2165 -0.4205 -0.2185, 0.2165 -0.4168 -0.2181, 0.2165 -0.4149 -0.2178, 0.2165 -0.4133 -0.2172, 0.2165 -0.4036 -0.2077, 0.2165 -0.4035 -0.2067, 0.2165 -0.4035 -0.2028, 0.2165 -0.41 -0.216, 0.2165 -0.41 -0.2159, 0.2165 -0.4073 -0.2141, 0.2165 -0.4053 -0.2119, 0.2165 -0.4053 -0.2119
            ]
        }
        coordIndex [
            0,1,2,-1,2,1,3,-1,2,3,4,-1,5,6,0,-1,0,6,7,-1,0,7,1,-1,5,0,8,-1,8,0,9,-1,8,9,10,-1,10,9,11,-1,10,11,12,-1,13,14,15,-1,15,14,16,-1,15,16,17,-1,17,16,18,-1,17,18,19,-1,19,18,20,-1,21,16,22,-1,22,16,14,-1,21,22,23,-1,23,22,24,-1,23,24,25,-1,25,24,26,-1,25,26,27,-1,27,26,28,-1,27,28,29,-1,29,28,30,-1,29,30,31,-1,31,30,32,-1,18,33,20,-1,20,33,34,-1,34,33,35,-1,35,33,36,-1,35,36,37,-1,37,36,38,-1,37,38,39,-1,39,38,40,-1,11,39,40,-1,40,41,11,-1,11,41,42,-1,11,42,12,-1,43,44,45,-1,45,44,46,-1,47,48,49,-1,50,51,52,-1,49,53,54,-1,55,56,50,-1,54,57,49,-1,49,57,58,-1,49,58,47,-1,55,50,59,-1,60,61,62,-1,62,61,49,-1,62,49,63,-1,63,49,48,-1,63,48,52,-1,52,48,50,-1,50,48,64,-1,50,64,59,-1,65,66,67,-1,67,66,68,-1,69,70,65,-1,69,65,71,-1,71,65,67,-1,71,67,72,-1,73,74,75,-1,70,76,65,-1,65,76,77,-1,65,77,78,-1,79,80,75,-1,75,80,81,-1,72,73,71,-1,71,73,75,-1,71,75,82,-1,82,75,81,-1,
        ]
    }
}
Shape{
    appearance Appearance {
        material  Material 	{
            diffuseColor 0.9882352941176471 0.7372549019607844 0.5176470588235295
            specularColor 0.49411764705882355 0.3686274509803922 0.25882352941176473
            ambientIntensity 0.2
            transparency 0
            shininess 0.5
        }
    }
    geometry IndexedFaceSet {
        ccw TRUE
        solid FALSE
        coord DEF co Coordinate {
            point [
                0.0315 -0.313 -0.2657, 0.0315 -0.3799 -0.2657, -0.0315 -0.313 -0.2657, -0.0315 -0.3799 -0.2657, 0.3937 0.1831 -0.2657, 0.3937 -0.0059 -0.2657, 0.3173 0.1634 -0.2657, 0.3214 0.1693 -0.2657, 0.3239 0.176 -0.2657, 0.3248 0.1831 -0.2657, 0.2729 0.1638 -0.2657, 0.2782 0.159 -0.2657, 0.3543 -0.0453 -0.2657, 0.2845 0.1556 -0.2657, 0.2914 0.1538 -0.2657, 0.3248 -0.5886 -0.2657, 0.3239 -0.5815 -0.2657, 0.3937 -0.5886 -0.2657, 0.3214 -0.5748 -0.2657, 0.3937 -0.3996 -0.2657, 0.2986 0.1537 -0.2657, 0.3056 0.1554 -0.2657, 0.3119 0.1587 -0.2657, 0.3173 -0.5689 -0.2657, 0.3119 -0.5642 -0.2657, 0.3543 -0.3602 -0.2657, 0.3056 -0.5609 -0.2657, 0.2986 -0.5592 -0.2657, 0.2914 -0.5593 -0.2657, 0.2845 -0.5611 -0.2657, 0.2782 -0.5645 -0.2657, 0.2729 -0.5693 -0.2657, 0.2165 -0.5965 -0.2657, 0.2165 0.1909 -0.2657, 0.2518 0.1905 -0.2657, 0.2652 0.1799 -0.2657, 0.2475 0.1909 -0.2657, 0.2666 0.176 -0.2657, 0.2689 0.1698 -0.2657, 0.256 0.189 -0.2657, 0.2597 0.1867 -0.2657, 0.2628 0.1836 -0.2657, 0.256 -0.5945 -0.2657, 0.2652 -0.5855 -0.2657, 0.2597 -0.5922 -0.2657, 0.2628 -0.5891 -0.2657, 0.2689 -0.5753 -0.2657, 0.2666 -0.5815 -0.2657, 0.2475 -0.5965 -0.2657, 0.2518 -0.596 -0.2657, 0.2518 -0.596 -0.2657
            ]
        }
        coordIndex [
            0,1,2,-1,2,1,3,-1,4,5,6,-1,6,7,4,-1,4,7,8,-1,4,8,9,-1,10,11,12,-1,12,11,13,-1,12,13,14,-1,15,16,17,-1,17,16,18,-1,17,18,19,-1,14,20,12,-1,12,20,21,-1,12,21,5,-1,5,21,22,-1,5,22,6,-1,18,23,19,-1,19,23,24,-1,19,24,25,-1,25,24,26,-1,25,26,27,-1,27,28,25,-1,25,28,29,-1,25,29,30,-1,30,31,25,-1,25,31,32,-1,25,32,12,-1,12,32,33,-1,12,33,10,-1,34,35,36,-1,36,35,37,-1,36,37,33,-1,33,37,38,-1,33,38,10,-1,39,40,34,-1,34,40,41,-1,34,41,35,-1,42,43,44,-1,44,43,45,-1,31,46,32,-1,32,46,47,-1,32,47,48,-1,48,47,43,-1,48,43,49,-1,49,43,42,-1,
        ]
    }
}
Shape{
    appearance Appearance {
        material  Material 	{
            diffuseColor 1.0 1.0 1.0
            specularColor 0.5019607843137255 0.5019607843137255 0.5019607843137255
            ambientIntensity 0.2
            transparency 0
            shininess 0.5
        }
    }
    geometry IndexedFaceSet {
        ccw TRUE
        solid FALSE
        coord DEF co Coordinate {
            point [
                0.0952 -0.4241 -0.198, 0.0952 -0.4241 -0.2618, 0.0945 -0.425 -0.1975, 0.0898 -0.4304 -0.2618, 0.0906 -0.4296 -0.1947, 0.0821 -0.4359 -0.1918, 0.0857 -0.4337 -0.1926, 0.0821 -0.436 -0.2618, 0.0895 -0.4306 -0.1942, 0.0898 -0.4303 -0.1944, 0.0804 -0.437 -0.1914, 0.0746 -0.4393 -0.2618, 0.0746 -0.4393 -0.1909, 0.0746 -0.4393 -0.1909
            ]
        }
        coordIndex [
            0,1,2,-1,2,1,3,-1,2,3,4,-1,5,6,7,-1,7,6,8,-1,7,8,3,-1,3,8,9,-1,3,9,4,-1,5,7,10,-1,10,7,11,-1,10,11,12,-1,
        ]
    }
}
Shape{
    appearance Appearance {
        material  Material 	{
            diffuseColor 0.9882352941176471 0.7372549019607844 0.5176470588235295
            specularColor 0.49411764705882355 0.3686274509803922 0.25882352941176473
            ambientIntensity 0.2
            transparency 0
            shininess 0.5
        }
    }
    geometry IndexedFaceSet {
        ccw TRUE
        solid FALSE
        coord DEF co Coordinate {
            point [
                0.0552 -0.4446 -0.2421, 0.0746 -0.4393 -0.1909, 0.0709 -0.4404 -0.2421, 0.0746 -0.4393 -0.2618, 0.0709 -0.4404 -0.2618, 0.1239 -0.4174 -0.1909, 0.122 -0.4187 -0.1909, 0.124 -0.4176 -0.0571, 0.0907 -0.4336 -0.1909, 0.0906 -0.4336 -0.0571, 0.0906 -0.4336 -0.1909, 0.0552 -0.4446 -0.0571, 0.151 -0.3996 -0.1909, 0.1546 -0.3967 -0.0571, 0.1545 -0.3965 -0.1909, 0.1769 -0.3766 -0.1909, 0.1818 -0.3715 -0.0571, 0.1815 -0.3712 -0.1909, 0.1995 -0.3502 -0.1909, 0.2049 -0.3425 -0.0571, 0.2045 -0.3422 -0.1909, 0.2181 -0.3209 -0.1909, 0.2235 -0.3104 -0.0571, 0.223 -0.3101 -0.1909, 0.2324 -0.2893 -0.1909, 0.237 -0.2759 -0.0571, 0.2364 -0.2757 -0.1909, 0.2422 -0.256 -0.1909, 0.2453 -0.2397 -0.0571, 0.2447 -0.2396 -0.1909, 0.2473 -0.2217 -0.1909, 0.248 -0.2028 -0.0571, 0.248 -0.2028 -0.1909, -0.248 -0.2028 -0.1909, -0.248 -0.2028 -0.0571, -0.2473 -0.2217 -0.1909, -0.2453 -0.2397 -0.0571, -0.237 -0.2759 -0.0571, -0.2422 -0.256 -0.1909, -0.2447 -0.2396 -0.1909, -0.2235 -0.3104 -0.0571, -0.2324 -0.2893 -0.1909, -0.2364 -0.2757 -0.1909, -0.2049 -0.3425 -0.0571, -0.2181 -0.3209 -0.1909, -0.223 -0.3101 -0.1909, -0.1818 -0.3715 -0.0571, -0.1995 -0.3502 -0.1909, -0.2045 -0.3422 -0.1909, -0.1546 -0.3967 -0.0571, -0.1769 -0.3766 -0.1909, -0.1815 -0.3712 -0.1909, -0.122 -0.4187 -0.1909, -0.1239 -0.4174 -0.1909, -0.124 -0.4176 -0.0571, -0.151 -0.3996 -0.1909, -0.1545 -0.3965 -0.1909, -0.0552 -0.4446 -0.0571, -0.0746 -0.4393 -0.1909, -0.0906 -0.4336 -0.0571, -0.0906 -0.4336 -0.1909, -0.0907 -0.4336 -0.1909, 0.0185 -0.4501 -0.0571, 0.0185 -0.4501 -0.2421, -0.0185 -0.4501 -0.0571, -0.0185 -0.4501 -0.2421, -0.0552 -0.4446 -0.2421, -0.0709 -0.4404 -0.2421, -0.0746 -0.4393 -0.2618, -0.0709 -0.4404 -0.2618, -0.0709 -0.4404 -0.2618
            ]
        }
        coordIndex [
            0,1,2,-1,2,1,3,-1,2,3,4,-1,5,6,7,-1,7,6,8,-1,7,8,9,-1,9,8,10,-1,9,10,11,-1,5,7,12,-1,12,7,13,-1,12,13,14,-1,14,13,15,-1,15,13,16,-1,15,16,17,-1,17,16,18,-1,18,16,19,-1,18,19,20,-1,20,19,21,-1,21,19,22,-1,21,22,23,-1,23,22,24,-1,24,22,25,-1,24,25,26,-1,26,25,27,-1,27,25,28,-1,27,28,29,-1,29,28,30,-1,30,28,31,-1,30,31,32,-1,33,34,35,-1,35,34,36,-1,37,38,36,-1,36,38,39,-1,36,39,35,-1,40,41,37,-1,37,41,42,-1,37,42,38,-1,43,44,40,-1,40,44,45,-1,40,45,41,-1,46,47,43,-1,43,47,48,-1,43,48,44,-1,49,50,46,-1,46,50,51,-1,46,51,47,-1,52,53,54,-1,54,53,55,-1,54,55,49,-1,49,55,56,-1,49,56,50,-1,57,58,59,-1,59,58,60,-1,59,60,54,-1,54,60,61,-1,54,61,52,-1,10,1,11,-1,11,1,0,-1,11,0,62,-1,62,0,63,-1,62,63,64,-1,64,63,65,-1,64,65,57,-1,57,65,66,-1,57,66,58,-1,58,66,67,-1,58,67,68,-1,68,67,69,-1,
        ]
    }
}
Shape{
    appearance Appearance {
        material  Material 	{
            diffuseColor 1.0 1.0 1.0
            specularColor 0.5019607843137255 0.5019607843137255 0.5019607843137255
            ambientIntensity 0.2
            transparency 0
            shininess 0.5
        }
    }
    geometry IndexedFaceSet {
        ccw TRUE
        solid FALSE
        coord DEF co Coordinate {
            point [
                -0.0709 -0.4404 -0.2618, -0.0709 -0.4404 -0.2421, -0.0709 -0.6004 -0.2618, -0.0709 -0.6004 -0.2421, 0.0709 -0.6004 -0.2618, 0.2165 -0.6004 -0.2618, 0.0709 -0.6004 -0.2421, 0.2165 -0.6004 -0.2028, -0.2165 -0.6004 -0.2028, -0.2165 -0.6004 -0.2618, -0.2165 -0.6004 -0.2618
            ]
        }
        coordIndex [
            0,1,2,-1,2,1,3,-1,4,5,6,-1,6,5,7,-1,6,7,3,-1,3,7,8,-1,3,8,2,-1,2,8,9,-1,
        ]
    }
}
Shape{
    appearance Appearance {
        material  Material 	{
            diffuseColor 0.9882352941176471 0.7372549019607844 0.5176470588235295
            specularColor 0.49411764705882355 0.3686274509803922 0.25882352941176473
            ambientIntensity 0.2
            transparency 0
            shininess 0.5
        }
    }
    geometry IndexedFaceSet {
        ccw TRUE
        solid FALSE
        coord DEF co Coordinate {
            point [
                0.2165 -0.5965 -0.2657, 0.2475 -0.5965 -0.2657, 0.2165 -0.5965 -0.2618, 0.2475 -0.5965 -0.2185, 0.2165 -0.5965 -0.2185, -0.2165 -0.5965 -0.2185, -0.2475 -0.5965 -0.2185, -0.2165 -0.5965 -0.2618, -0.2475 -0.5965 -0.2657, -0.2165 -0.5965 -0.2657, -0.2439 -0.0205 -0.2182, -0.2596 -0.0436 -0.2182, -0.2574 -0.0449 -0.2173, -0.3058 -0.1746 -0.2185, -0.3071 -0.2028 -0.2185, -0.3045 -0.2028 -0.2182, -0.3019 -0.1468 -0.2185, -0.3032 -0.1749 -0.2182, -0.1654 0.0431 -0.2114, -0.1654 0.0433 -0.2118, -0.1804 0.0325 -0.2118, -0.1654 0.0536 -0.2183, -0.1654 0.056 -0.2185, -0.1869 0.0409 -0.2185, -0.1654 0.0529 -0.2181, -0.1838 0.0369 -0.2173, -0.1654 0.0498 -0.2173, -0.1824 0.0351 -0.2159, -0.1654 0.0473 -0.2159, -0.1813 0.0336 -0.2141, -0.1654 0.0446 -0.2137, -0.1654 0.045 -0.214, -0.1654 0.0468 -0.2156, -0.1702 0.0384 -0.2067, -0.1654 0.0419 -0.2067, -0.1654 0.0422 -0.2091, -0.1654 0.0423 -0.2093, -0.1799 0.0318 -0.2093, -0.1797 0.0315 -0.2067, -0.2618 -0.0423 -0.2185, -0.246 -0.019 -0.2185, -0.2282 0.0028 -0.2185, -0.2688 -0.0702 -0.2159, -0.2708 -0.0692 -0.2173, -0.273 -0.0681 -0.2182, -0.2754 -0.0669 -0.2185, -0.2781 -0.096 -0.2141, -0.2798 -0.0953 -0.2159, -0.2819 -0.0945 -0.2173, -0.2842 -0.0936 -0.2182, -0.2867 -0.0927 -0.2185, -0.2853 -0.1223 -0.2118, -0.2867 -0.1219 -0.2141, -0.2885 -0.1214 -0.2159, -0.2906 -0.1208 -0.2173, -0.293 -0.1201 -0.2182, -0.2956 -0.1194 -0.2185, -0.2203 -0.0044 -0.2118, -0.2012 0.015 -0.2118, -0.2021 0.016 -0.2141, -0.2906 -0.1489 -0.2093, -0.2915 -0.1487 -0.2118, -0.2929 -0.1485 -0.2141, -0.2947 -0.1481 -0.2159, -0.2969 -0.1477 -0.2173, -0.2994 -0.1473 -0.2182, -0.2006 0.0143 -0.2093, -0.2196 -0.0049 -0.2093, -0.2368 -0.0259 -0.2093, -0.2522 -0.0494 -0.2067, -0.2517 -0.0484 -0.2067, -0.252 -0.0483 -0.2093, -0.2375 -0.0253 -0.2118, -0.2213 -0.0034 -0.2141, -0.2034 0.0174 -0.2159, -0.2759 -0.0968 -0.2093, -0.2651 -0.072 -0.2093, -0.2659 -0.0716 -0.2118, -0.2527 -0.0478 -0.2118, -0.2539 -0.0471 -0.2141, -0.2386 -0.0245 -0.2141, -0.2401 -0.0234 -0.2159, -0.2227 -0.0022 -0.2159, -0.2244 -0.0007 -0.2173, -0.2049 0.019 -0.2173, -0.2066 0.0209 -0.2182, -0.1853 0.0388 -0.2182, -0.2084 0.0228 -0.2185, -0.2262 0.001 -0.2182, -0.2419 -0.022 -0.2173, -0.2555 -0.0461 -0.2159, -0.2671 -0.071 -0.2141, -0.2767 -0.0965 -0.2118, -0.2845 -0.1225 -0.2093, -0.2842 -0.1226 -0.2067, -0.2843 -0.1231 -0.2067, -0.2004 0.0141 -0.2067, -0.2366 -0.026 -0.2067, -0.2288 -0.0166 -0.2067, -0.2194 -0.0051 -0.2067, -0.2015 0.013 -0.2067, -0.2757 -0.0969 -0.2067, -0.2705 -0.0852 -0.2067, -0.2648 -0.0721 -0.2067, -0.2903 -0.1489 -0.2067, -0.2943 -0.1757 -0.2093, -0.294 -0.1757 -0.2067, -0.2922 -0.1626 -0.2067, -0.3007 -0.1751 -0.2173, -0.2985 -0.1753 -0.2159, -0.2966 -0.1755 -0.2141, -0.2952 -0.1756 -0.2118, -0.302 -0.2028 -0.2173, -0.2997 -0.2028 -0.2159, -0.2979 -0.2028 -0.2141, -0.2964 -0.2028 -0.2118, -0.2956 -0.2028 -0.2093, -0.2953 -0.2028 -0.2067, -0.2953 -0.2028 -0.2067
            ]
        }
        coordIndex [
            0,1,2,-1,2,1,3,-1,2,3,4,-1,5,6,7,-1,7,6,8,-1,7,8,9,-1,10,11,12,-1,13,14,15,-1,16,13,17,-1,18,19,20,-1,21,22,23,-1,24,25,26,-1,26,25,27,-1,26,27,28,-1,20,19,29,-1,19,30,29,-1,29,30,31,-1,29,31,27,-1,27,31,32,-1,27,32,28,-1,33,34,35,-1,18,20,36,-1,36,20,37,-1,36,37,35,-1,35,37,38,-1,35,38,33,-1,39,11,40,-1,40,11,10,-1,40,10,41,-1,42,12,43,-1,43,12,11,-1,43,11,44,-1,44,11,39,-1,44,39,45,-1,46,42,47,-1,47,42,43,-1,47,43,48,-1,48,43,44,-1,48,44,49,-1,49,44,45,-1,49,45,50,-1,51,46,52,-1,52,46,47,-1,52,47,53,-1,53,47,48,-1,53,48,54,-1,54,48,49,-1,54,49,55,-1,55,49,50,-1,55,50,56,-1,57,58,59,-1,60,51,61,-1,61,51,52,-1,61,52,62,-1,62,52,53,-1,62,53,63,-1,63,53,54,-1,63,54,64,-1,64,54,55,-1,64,55,65,-1,65,55,56,-1,65,56,16,-1,66,58,67,-1,67,58,57,-1,67,57,68,-1,69,70,71,-1,71,70,68,-1,71,68,72,-1,72,68,57,-1,72,57,73,-1,73,57,59,-1,73,59,74,-1,75,76,77,-1,77,76,78,-1,77,78,79,-1,79,78,80,-1,79,80,81,-1,81,80,82,-1,81,82,83,-1,83,82,84,-1,83,84,85,-1,85,84,86,-1,85,86,23,-1,23,87,85,-1,85,87,88,-1,85,88,83,-1,83,88,89,-1,83,89,81,-1,81,89,90,-1,81,90,79,-1,79,90,91,-1,79,91,77,-1,77,91,92,-1,77,92,75,-1,75,92,93,-1,75,93,94,-1,94,93,95,-1,25,74,27,-1,27,74,59,-1,27,59,29,-1,29,59,58,-1,29,58,20,-1,20,58,66,-1,20,66,37,-1,37,66,96,-1,37,96,38,-1,70,97,68,-1,68,97,98,-1,68,98,67,-1,67,98,99,-1,67,99,66,-1,66,99,100,-1,66,100,96,-1,21,23,24,-1,24,23,86,-1,24,86,25,-1,25,86,84,-1,25,84,74,-1,74,84,82,-1,74,82,73,-1,73,82,80,-1,73,80,72,-1,72,80,78,-1,72,78,71,-1,71,78,76,-1,71,76,69,-1,94,101,75,-1,75,101,102,-1,75,102,76,-1,76,102,103,-1,76,103,69,-1,104,95,60,-1,60,95,93,-1,60,93,51,-1,51,93,92,-1,51,92,46,-1,46,92,91,-1,46,91,42,-1,42,91,90,-1,42,90,12,-1,12,90,89,-1,12,89,10,-1,10,89,88,-1,10,88,41,-1,41,88,87,-1,105,106,107,-1,16,17,65,-1,65,17,108,-1,65,108,64,-1,64,108,109,-1,64,109,63,-1,63,109,110,-1,63,110,62,-1,62,110,111,-1,62,111,61,-1,61,111,105,-1,61,105,60,-1,60,105,107,-1,60,107,104,-1,13,15,17,-1,17,15,112,-1,17,112,108,-1,108,112,113,-1,108,113,109,-1,109,113,114,-1,109,114,110,-1,110,114,115,-1,110,115,111,-1,111,115,116,-1,111,116,105,-1,105,116,117,-1,105,117,106,-1,
        ]
    }
}
Shape{
    appearance Appearance {
        material  Material 	{
            diffuseColor 1.0 1.0 1.0
            specularColor 0.5019607843137255 0.5019607843137255 0.5019607843137255
            ambientIntensity 0.2
            transparency 0
            shininess 0.5
        }
    }
    geometry IndexedFaceSet {
        ccw TRUE
        solid FALSE
        coord DEF co Coordinate {
            point [
                -0.0977 -0.4204 -0.2004, -0.1004 -0.4166 -0.2028, -0.1162 -0.4084 -0.2028, -0.0907 -0.4336 -0.1909, -0.0897 -0.4303 -0.1944, -0.122 -0.4187 -0.1909, -0.0911 -0.4291 -0.195, -0.0952 -0.4241 -0.198, -0.081 -0.4367 -0.1915, -0.0906 -0.4336 -0.1909, -0.0753 -0.4391 -0.191, -0.0746 -0.4393 -0.1909, -0.0821 -0.436 -0.1917, -0.0863 -0.4333 -0.1928, -0.0894 -0.4305 -0.1942, -0.1239 -0.4174 -0.1909, -0.1438 -0.3902 -0.2028, -0.151 -0.3996 -0.1909, -0.1545 -0.3965 -0.1909, -0.1685 -0.3683 -0.2028, -0.1769 -0.3766 -0.1909, -0.1815 -0.3712 -0.1909, -0.19 -0.3432 -0.2028, -0.1995 -0.3502 -0.1909, -0.2045 -0.3422 -0.1909, -0.2077 -0.3153 -0.2028, -0.2181 -0.3209 -0.1909, -0.2214 -0.2852 -0.2028, -0.2307 -0.2535 -0.2028, -0.2422 -0.256 -0.1909, -0.2364 -0.2757 -0.1909, -0.2324 -0.2893 -0.1909, -0.223 -0.3101 -0.1909, -0.2362 -0.2028 -0.2028, -0.248 -0.2028 -0.1909, -0.2355 -0.2208 -0.2028, -0.2473 -0.2217 -0.1909, -0.2447 -0.2396 -0.1909, 0.2362 -0.2028 -0.2028, 0.248 -0.2028 -0.1909, 0.2336 -0.1675 -0.2028, 0.2453 -0.1658 -0.1909, 0.2257 -0.1331 -0.2028, 0.237 -0.1296 -0.1909, 0.2128 -0.1003 -0.2028, 0.2235 -0.0951 -0.1909, 0.1952 -0.0697 -0.2028, 0.2049 -0.063 -0.1909, 0.1732 -0.0421 -0.2028, 0.1818 -0.0341 -0.1909, 0.1473 -0.0181 -0.2028, 0.1546 -0.0088 -0.1909, 0.1181 0.0018 -0.2028, 0.124 0.012 -0.1909, 0.0863 0.0171 -0.2028, 0.0906 0.0281 -0.1909, 0.0526 0.0275 -0.2028, 0.0552 0.0391 -0.1909, 0.0177 0.0328 -0.2028, 0.0185 0.0446 -0.1909, -0.0177 0.0328 -0.2028, -0.0185 0.0446 -0.1909, -0.0526 0.0275 -0.2028, -0.0552 0.0391 -0.1909, -0.0863 0.0171 -0.2028, -0.0906 0.0281 -0.1909, -0.1181 0.0018 -0.2028, -0.124 0.012 -0.1909, -0.1473 -0.0181 -0.2028, -0.1546 -0.0088 -0.1909, -0.1732 -0.0421 -0.2028, -0.1818 -0.0341 -0.1909, -0.1952 -0.0697 -0.2028, -0.2049 -0.063 -0.1909, -0.2128 -0.1003 -0.2028, -0.2235 -0.0951 -0.1909, -0.2257 -0.1331 -0.2028, -0.237 -0.1296 -0.1909, -0.2336 -0.1675 -0.2028, -0.2453 -0.1658 -0.1909, -0.2453 -0.1658 -0.1909
            ]
        }
        coordIndex [
            0,1,2,-1,3,4,5,-1,5,4,6,-1,5,6,7,-1,8,9,10,-1,10,9,11,-1,8,12,9,-1,9,12,13,-1,9,13,3,-1,3,13,14,-1,3,14,4,-1,7,0,5,-1,5,0,2,-1,5,2,15,-1,15,2,16,-1,15,16,17,-1,17,16,18,-1,18,16,19,-1,18,19,20,-1,20,19,21,-1,21,19,22,-1,21,22,23,-1,23,22,24,-1,24,22,25,-1,24,25,26,-1,27,28,29,-1,29,30,27,-1,27,30,31,-1,27,31,25,-1,25,31,32,-1,25,32,26,-1,33,34,35,-1,35,34,36,-1,35,36,28,-1,28,36,37,-1,28,37,29,-1,38,39,40,-1,40,39,41,-1,40,41,42,-1,42,41,43,-1,42,43,44,-1,44,43,45,-1,44,45,46,-1,46,45,47,-1,46,47,48,-1,48,47,49,-1,48,49,50,-1,50,49,51,-1,50,51,52,-1,52,51,53,-1,52,53,54,-1,54,53,55,-1,54,55,56,-1,56,55,57,-1,56,57,58,-1,58,57,59,-1,58,59,60,-1,60,59,61,-1,60,61,62,-1,62,61,63,-1,62,63,64,-1,64,63,65,-1,64,65,66,-1,66,65,67,-1,66,67,68,-1,68,67,69,-1,68,69,70,-1,70,69,71,-1,70,71,72,-1,72,71,73,-1,72,73,74,-1,74,73,75,-1,74,75,76,-1,76,75,77,-1,76,77,78,-1,78,77,79,-1,78,79,33,-1,33,79,34,-1,
        ]
    }
}
Shape{
    appearance Appearance {
        material  Material 	{
            diffuseColor 0.9882352941176471 0.7372549019607844 0.5176470588235295
            specularColor 0.49411764705882355 0.3686274509803922 0.25882352941176473
            ambientIntensity 0.2
            transparency 0
            shininess 0.5
        }
    }
    geometry IndexedFaceSet {
        ccw TRUE
        solid FALSE
        coord DEF co Coordinate {
            point [
                0.0 -0.2776 -0.1004, 0.0 -0.2776 -0.2028, 0.0193 -0.275 -0.2028, 0.0193 -0.275 -0.1004, 0.0372 -0.2676 -0.2028, 0.0372 -0.2676 -0.1004, 0.0527 -0.2559 -0.2028, 0.0527 -0.2559 -0.1004, 0.0646 -0.2405 -0.2028, 0.0646 -0.2405 -0.1004, 0.0721 -0.2226 -0.2028, 0.0721 -0.2226 -0.1004, 0.0748 -0.2034 -0.2028, 0.0748 -0.2034 -0.1004, 0.0724 -0.1841 -0.2028, 0.0724 -0.1841 -0.1004, 0.0652 -0.1661 -0.2028, 0.0652 -0.1661 -0.1004, 0.0536 -0.1506 -0.2028, 0.0536 -0.1506 -0.1004, 0.0383 -0.1385 -0.2028, 0.0383 -0.1385 -0.1004, 0.0205 -0.1308 -0.2028, 0.0205 -0.1308 -0.1004, 0.0013 -0.128 -0.2028, 0.0013 -0.128 -0.1004, 0.0 -0.2539 -0.0945, 0.0 -0.2598 -0.0886, 0.0132 -0.2522 -0.0945, 0.0147 -0.2579 -0.0886, 0.0255 -0.2472 -0.0945, 0.0284 -0.2523 -0.0886, 0.036 -0.2391 -0.0945, 0.0402 -0.2433 -0.0886, 0.0442 -0.2286 -0.0945, 0.0493 -0.2316 -0.0886, 0.0493 -0.2164 -0.0945, 0.055 -0.2179 -0.0886, 0.0512 -0.2032 -0.0945, 0.0571 -0.2033 -0.0886, 0.0496 -0.19 -0.0945, 0.0553 -0.1885 -0.0886, 0.0446 -0.1777 -0.0945, 0.0498 -0.1748 -0.0886, 0.0367 -0.167 -0.0945, 0.0409 -0.1629 -0.0886, 0.0262 -0.1588 -0.0945, 0.0293 -0.1537 -0.0886, 0.014 -0.1535 -0.0945, 0.0157 -0.1479 -0.0886, 0.0009 -0.1516 -0.0945, 0.001 -0.1457 -0.0886, 0.0 -0.2539 -0.1909, -0.0132 -0.2522 -0.0945, -0.0132 -0.2522 -0.1909, -0.0255 -0.2472 -0.0945, -0.0132 -0.2522 -0.1909, -0.0255 -0.2471 -0.1909, -0.036 -0.2391 -0.0945, -0.0256 -0.2471 -0.1909, -0.036 -0.2391 -0.1909, -0.0442 -0.2286 -0.0945, -0.0362 -0.2389 -0.1909, -0.0441 -0.2286 -0.1909, -0.0493 -0.2164 -0.0945, -0.0443 -0.2283 -0.1909, -0.0493 -0.2163 -0.1909, -0.0512 -0.2032 -0.0945, -0.0494 -0.216 -0.1909, -0.0511 -0.2032 -0.1909, -0.0496 -0.19 -0.0945, -0.0512 -0.2028 -0.1909, -0.0495 -0.19 -0.1909, -0.0494 -0.1895 -0.1909, -0.0446 -0.1777 -0.0945, -0.0446 -0.1777 -0.1909, -0.0443 -0.1772 -0.1909, -0.0367 -0.167 -0.0945, -0.0366 -0.1671 -0.1909, -0.0362 -0.1666 -0.1909, -0.0262 -0.1588 -0.0945, -0.0262 -0.1589 -0.1909, -0.0256 -0.1584 -0.1909, -0.014 -0.1535 -0.0945, -0.0009 -0.1516 -0.1909, -0.0009 -0.1516 -0.0945, -0.0132 -0.1533 -0.1909, -0.014 -0.1536 -0.1909, -0.014 -0.1536 -0.1909
            ]
        }
        coordIndex [
            0,1,2,-1,0,2,3,-1,3,2,4,-1,3,4,5,-1,5,4,6,-1,5,6,7,-1,7,6,8,-1,7,8,9,-1,9,8,10,-1,9,10,11,-1,11,10,12,-1,11,12,13,-1,13,12,14,-1,13,14,15,-1,15,14,16,-1,15,16,17,-1,17,16,18,-1,17,18,19,-1,19,18,20,-1,19,20,21,-1,21,20,22,-1,21,22,23,-1,23,22,24,-1,23,24,25,-1,26,27,28,-1,28,27,29,-1,28,29,30,-1,30,29,31,-1,30,31,32,-1,32,31,33,-1,32,33,34,-1,34,33,35,-1,34,35,36,-1,36,35,37,-1,36,37,38,-1,38,37,39,-1,38,39,40,-1,40,39,41,-1,40,41,42,-1,42,41,43,-1,42,43,44,-1,44,43,45,-1,44,45,46,-1,46,45,47,-1,46,47,48,-1,48,47,49,-1,48,49,50,-1,50,49,51,-1,26,52,53,-1,53,52,54,-1,53,54,55,-1,54,56,55,-1,55,56,57,-1,55,57,58,-1,57,59,58,-1,58,59,60,-1,58,60,61,-1,60,62,61,-1,61,62,63,-1,61,63,64,-1,63,65,64,-1,64,65,66,-1,64,66,67,-1,66,68,67,-1,67,68,69,-1,67,69,70,-1,70,69,71,-1,71,72,70,-1,70,72,73,-1,70,73,74,-1,73,75,74,-1,74,75,76,-1,74,76,77,-1,76,78,77,-1,77,78,79,-1,77,79,80,-1,79,81,80,-1,80,81,82,-1,80,82,83,-1,84,85,86,-1,86,85,83,-1,86,83,87,-1,87,83,82,-1,
        ]
    }
}
Shape{
    appearance Appearance {
        material  Material 	{
            diffuseColor 1.0 1.0 1.0
            specularColor 0.5019607843137255 0.5019607843137255 0.5019607843137255
            ambientIntensity 0.2
            transparency 0
            shininess 0.5
        }
    }
    geometry IndexedFaceSet {
        ccw TRUE
        solid FALSE
        coord DEF co Coordinate {
            point [
                0.1358 -0.4649 -0.2028, 0.0989 -0.481 -0.2028, 0.2165 -0.6004 -0.2028, -0.0601 -0.4919 -0.2028, -0.0989 -0.481 -0.2028, -0.2165 -0.6004 -0.2028, -0.1358 -0.4649 -0.2028, -0.1703 -0.444 -0.2028, -0.2015 -0.4186 -0.2028, -0.2165 -0.4035 -0.2028, 0.2165 -0.4035 -0.2028, 0.2015 -0.4186 -0.2028, 0.1703 -0.444 -0.2028, 0.0601 -0.4919 -0.2028, 0.0202 -0.4973 -0.2028, -0.0202 -0.4973 -0.2028, -0.0202 -0.4973 -0.2028
            ]
        }
        coordIndex [
            0,1,2,-1,3,4,5,-1,5,4,6,-1,6,7,5,-1,5,7,8,-1,5,8,9,-1,10,11,2,-1,2,11,12,-1,2,12,0,-1,1,13,2,-1,2,13,14,-1,2,14,5,-1,5,14,15,-1,5,15,3,-1,
        ]
    }
}
Shape{
    appearance Appearance {
        material  Material 	{
            diffuseColor 0.9882352941176471 0.7372549019607844 0.5176470588235295
            specularColor 0.49411764705882355 0.3686274509803922 0.25882352941176473
            ambientIntensity 0.2
            transparency 0
            shininess 0.5
        }
    }
    geometry IndexedFaceSet {
        ccw TRUE
        solid FALSE
        coord DEF co Coordinate {
            point [
                -0.2756 -0.2028 -0.1516, -0.2756 -0.2028 -0.124, -0.273 -0.1652 -0.1516, -0.273 -0.1652 -0.124, -0.2727 -0.1636 -0.1516, -0.2727 -0.1636 -0.124, -0.2654 -0.1284 -0.1516, -0.2654 -0.1284 -0.124, -0.2642 -0.1252 -0.1516, -0.2642 -0.1252 -0.124, -0.2528 -0.093 -0.1516, -0.2528 -0.093 -0.124, -0.2504 -0.0884 -0.1516, -0.2504 -0.0884 -0.124, -0.2355 -0.0596 -0.1516, -0.2355 -0.0596 -0.124, -0.2315 -0.054 -0.1516, -0.2315 -0.054 -0.124, -0.2138 -0.0288 -0.1516, -0.2138 -0.0288 -0.124, -0.2079 -0.0226 -0.1516, -0.2079 -0.0226 -0.124, -0.1881 -0.0013 -0.1516, -0.1881 -0.0013 -0.124, -0.1802 0.0051 -0.1516, -0.1802 0.0051 -0.124, -0.1589 0.0224 -0.1516, -0.1589 0.0224 -0.124, -0.1487 0.0286 -0.1516, -0.1487 0.0286 -0.124, -0.1268 0.0419 -0.1516, -0.1268 0.0419 -0.124, -0.1142 0.0474 -0.1516, -0.1142 0.0474 -0.124, -0.0923 0.0569 -0.1516, -0.0923 0.0569 -0.124, -0.0775 0.0611 -0.1516, -0.0775 0.0611 -0.124, -0.0561 0.0671 -0.1516, -0.0561 0.0671 -0.124, -0.0391 0.0694 -0.1516, -0.0391 0.0694 -0.124, -0.0188 0.0722 -0.1516, -0.0188 0.0722 -0.124, -0.0 0.0722 -0.1516, -0.0 0.0722 -0.124, 0.0188 0.0722 -0.1516, 0.0188 0.0722 -0.124, 0.0391 0.0694 -0.1516, 0.0391 0.0694 -0.124, 0.0561 0.0671 -0.1516, 0.0561 0.0671 -0.124, 0.0775 0.0611 -0.1516, 0.0775 0.0611 -0.124, 0.0923 0.0569 -0.1516, 0.0923 0.0569 -0.124, 0.1142 0.0474 -0.1516, 0.1142 0.0474 -0.124, 0.1268 0.0419 -0.1516, 0.1268 0.0419 -0.124, 0.1487 0.0286 -0.1516, 0.1487 0.0286 -0.124, 0.1589 0.0224 -0.1516, 0.1589 0.0224 -0.124, 0.1802 0.0051 -0.1516, 0.1802 0.0051 -0.124, 0.1881 -0.0013 -0.1516, 0.1881 -0.0013 -0.124, 0.2079 -0.0226 -0.1516, 0.2079 -0.0226 -0.124, 0.2138 -0.0288 -0.1516, 0.2138 -0.0288 -0.124, 0.2315 -0.054 -0.1516, 0.2315 -0.054 -0.124, 0.2355 -0.0596 -0.1516, 0.2355 -0.0596 -0.124, 0.2504 -0.0884 -0.1516, 0.2504 -0.0884 -0.124, 0.2528 -0.093 -0.1516, 0.2528 -0.093 -0.124, 0.2642 -0.1252 -0.1516, 0.2642 -0.1252 -0.124, 0.2654 -0.1284 -0.1516, 0.2654 -0.1284 -0.124, 0.2727 -0.1636 -0.1516, 0.2727 -0.1636 -0.124, 0.273 -0.1652 -0.1516, 0.273 -0.1652 -0.124, 0.2756 -0.2028 -0.1516, 0.2756 -0.2028 -0.124, 0.0009 -0.1516 -0.1909, 0.0009 -0.1516 -0.2028, 0.0 -0.1516 -0.1909, -0.0009 -0.1516 -0.2028, -0.0009 -0.1516 -0.1909, -0.0009 -0.1516 -0.1909
            ]
        }
        coordIndex [
            0,1,2,-1,2,1,3,-1,2,3,4,-1,4,3,5,-1,4,5,6,-1,6,5,7,-1,6,7,8,-1,8,7,9,-1,8,9,10,-1,10,9,11,-1,10,11,12,-1,12,11,13,-1,12,13,14,-1,14,13,15,-1,14,15,16,-1,16,15,17,-1,16,17,18,-1,18,17,19,-1,18,19,20,-1,20,19,21,-1,20,21,22,-1,22,21,23,-1,22,23,24,-1,24,23,25,-1,24,25,26,-1,26,25,27,-1,26,27,28,-1,28,27,29,-1,28,29,30,-1,30,29,31,-1,30,31,32,-1,32,31,33,-1,32,33,34,-1,34,33,35,-1,34,35,36,-1,36,35,37,-1,36,37,38,-1,38,37,39,-1,38,39,40,-1,40,39,41,-1,40,41,42,-1,42,41,43,-1,42,43,44,-1,44,43,45,-1,44,45,46,-1,46,45,47,-1,46,47,48,-1,48,47,49,-1,48,49,50,-1,50,49,51,-1,50,51,52,-1,52,51,53,-1,52,53,54,-1,54,53,55,-1,54,55,56,-1,56,55,57,-1,56,57,58,-1,58,57,59,-1,58,59,60,-1,60,59,61,-1,60,61,62,-1,62,61,63,-1,62,63,64,-1,64,63,65,-1,64,65,66,-1,66,65,67,-1,66,67,68,-1,68,67,69,-1,68,69,70,-1,70,69,71,-1,70,71,72,-1,72,71,73,-1,72,73,74,-1,74,73,75,-1,74,75,76,-1,76,75,77,-1,76,77,78,-1,78,77,79,-1,78,79,80,-1,80,79,81,-1,80,81,82,-1,82,81,83,-1,82,83,84,-1,84,83,85,-1,84,85,86,-1,86,85,87,-1,86,87,88,-1,88,87,89,-1,90,91,92,-1,92,91,93,-1,92,93,94,-1,
        ]
    }
}
Shape{
    appearance Appearance {
        material  Material 	{
            diffuseColor 1.0 1.0 1.0
            specularColor 0.5019607843137255 0.5019607843137255 0.5019607843137255
            ambientIntensity 0.2
            transparency 0
            shininess 0.5
        }
    }
    geometry IndexedFaceSet {
        ccw TRUE
        solid FALSE
        coord DEF co Coordinate {
            point [
                -0.0102 -0.1647 -0.2028, -0.0197 -0.1687 -0.2028, 0.0394 -0.2028 -0.2028, -0.0278 -0.1749 -0.2028, -0.0341 -0.1831 -0.2028, 0.038 -0.1926 -0.2028, 0.0341 -0.1831 -0.2028, 0.0278 -0.1749 -0.2028, 0.0197 -0.1687 -0.2028, 0.0102 -0.1647 -0.2028, 0.0 -0.1634 -0.2028, 0.0341 -0.2224 -0.2028, 0.038 -0.2129 -0.2028, -0.0394 -0.2028 -0.2028, -0.038 -0.1926 -0.2028, -0.038 -0.2129 -0.2028, -0.0341 -0.2224 -0.2028, 0.0102 -0.2408 -0.2028, 0.0 -0.2421 -0.2028, -0.0102 -0.2408 -0.2028, 0.0197 -0.2369 -0.2028, 0.0278 -0.2306 -0.2028, -0.0278 -0.2306 -0.2028, -0.0197 -0.2369 -0.2028, 0.0512 -0.2028 -0.1909, 0.0511 -0.2032 -0.1909, 0.0494 -0.216 -0.1909, 0.0493 -0.2163 -0.1909, 0.0443 -0.2283 -0.1909, 0.0441 -0.2286 -0.1909, 0.0362 -0.2389 -0.1909, 0.036 -0.2391 -0.1909, 0.0256 -0.2471 -0.1909, 0.0255 -0.2471 -0.1909, 0.0132 -0.2522 -0.1909, 0.0132 -0.2522 -0.1909, 0.0 -0.2539 -0.1909, -0.0132 -0.2522 -0.1909, -0.0132 -0.2522 -0.1909, -0.0255 -0.2471 -0.1909, -0.0256 -0.2471 -0.1909, -0.036 -0.2391 -0.1909, -0.0362 -0.2389 -0.1909, -0.0441 -0.2286 -0.1909, -0.0443 -0.2283 -0.1909, -0.0493 -0.2163 -0.1909, -0.0494 -0.216 -0.1909, -0.0511 -0.2032 -0.1909, -0.0512 -0.2028 -0.1909, -0.0495 -0.19 -0.1909, -0.0494 -0.1895 -0.1909, -0.0446 -0.1777 -0.1909, -0.0443 -0.1772 -0.1909, -0.0366 -0.1671 -0.1909, -0.0362 -0.1666 -0.1909, -0.0262 -0.1589 -0.1909, -0.0256 -0.1584 -0.1909, -0.014 -0.1536 -0.1909, -0.0132 -0.1533 -0.1909, -0.0009 -0.1516 -0.1909, 0.0 -0.1516 -0.1909, 0.0009 -0.1516 -0.1909, 0.0132 -0.1533 -0.1909, 0.014 -0.1536 -0.1909, 0.0256 -0.1584 -0.1909, 0.0262 -0.1589 -0.1909, 0.0362 -0.1666 -0.1909, 0.0366 -0.1671 -0.1909, 0.0443 -0.1772 -0.1909, 0.0446 -0.1777 -0.1909, 0.0494 -0.1895 -0.1909, 0.0495 -0.19 -0.1909, 0.0495 -0.19 -0.1909
            ]
        }
        coordIndex [
            0,1,2,-1,2,1,3,-1,2,3,4,-1,5,6,2,-1,2,6,7,-1,2,7,8,-1,8,9,2,-1,2,9,10,-1,2,10,0,-1,11,12,13,-1,13,12,2,-1,13,2,14,-1,14,2,4,-1,13,15,16,-1,17,13,18,-1,18,13,19,-1,17,20,13,-1,13,20,21,-1,13,21,11,-1,16,22,13,-1,13,22,23,-1,13,23,19,-1,24,2,25,-1,25,2,12,-1,25,12,26,-1,26,12,27,-1,27,12,11,-1,27,11,28,-1,28,11,29,-1,29,11,21,-1,29,21,30,-1,30,21,31,-1,31,21,20,-1,31,20,32,-1,32,20,33,-1,33,20,17,-1,33,17,34,-1,34,17,35,-1,35,17,18,-1,35,18,36,-1,36,18,37,-1,37,18,19,-1,37,19,38,-1,38,19,39,-1,39,19,23,-1,39,23,40,-1,40,23,41,-1,41,23,22,-1,41,22,42,-1,42,22,43,-1,43,22,16,-1,43,16,44,-1,44,16,45,-1,45,16,15,-1,45,15,46,-1,46,15,47,-1,47,15,13,-1,47,13,48,-1,48,13,49,-1,49,13,14,-1,49,14,50,-1,50,14,51,-1,51,14,4,-1,51,4,52,-1,52,4,53,-1,53,4,3,-1,53,3,54,-1,54,3,55,-1,55,3,1,-1,55,1,56,-1,56,1,57,-1,57,1,0,-1,57,0,58,-1,58,0,59,-1,59,0,10,-1,59,10,60,-1,60,10,61,-1,61,10,9,-1,61,9,62,-1,62,9,63,-1,63,9,8,-1,63,8,64,-1,64,8,65,-1,65,8,7,-1,65,7,66,-1,66,7,67,-1,67,7,6,-1,67,6,68,-1,68,6,69,-1,69,6,5,-1,69,5,70,-1,70,5,71,-1,71,5,2,-1,71,2,24,-1,
        ]
    }
}
Shape{
    appearance Appearance {
        material  Material 	{
            diffuseColor 0.9882352941176471 0.7372549019607844 0.5176470588235295
            specularColor 0.49411764705882355 0.3686274509803922 0.25882352941176473
            ambientIntensity 0.2
            transparency 0
            shininess 0.5
        }
    }
    geometry IndexedFaceSet {
        ccw TRUE
        solid FALSE
        coord DEF co Coordinate {
            point [
                0.0009 -0.1516 -0.1909, 0.0132 -0.1533 -0.1909, 0.0009 -0.1516 -0.0945, 0.014 -0.1535 -0.0945, 0.014 -0.1536 -0.1909, 0.0256 -0.1584 -0.1909, 0.0262 -0.1588 -0.0945, 0.0262 -0.1589 -0.1909, 0.0362 -0.1666 -0.1909, 0.0367 -0.167 -0.0945, 0.0366 -0.1671 -0.1909, 0.0443 -0.1772 -0.1909, 0.0446 -0.1777 -0.0945, 0.0446 -0.1777 -0.1909, 0.0494 -0.1895 -0.1909, 0.0496 -0.19 -0.0945, 0.0495 -0.19 -0.1909, 0.0512 -0.2028 -0.1909, 0.0512 -0.2032 -0.0945, 0.0511 -0.2032 -0.1909, 0.0494 -0.216 -0.1909, 0.0493 -0.2164 -0.0945, 0.0493 -0.2163 -0.1909, 0.0443 -0.2283 -0.1909, 0.0442 -0.2286 -0.0945, 0.0441 -0.2286 -0.1909, 0.0362 -0.2389 -0.1909, 0.036 -0.2391 -0.0945, 0.036 -0.2391 -0.1909, 0.0256 -0.2471 -0.1909, 0.0255 -0.2472 -0.0945, 0.0255 -0.2471 -0.1909, 0.0132 -0.2522 -0.1909, 0.0132 -0.2522 -0.0945, 0.0132 -0.2522 -0.1909, 0.0 -0.2539 -0.0945, 0.0 -0.2539 -0.1909, -0.0011 -0.1398 -0.0886, -0.0013 -0.128 -0.1004, -0.0205 -0.1308 -0.1004, -0.0173 -0.1422 -0.0886, -0.0383 -0.1385 -0.1004, -0.0323 -0.1487 -0.0886, -0.0536 -0.1506 -0.1004, -0.0451 -0.1588 -0.0886, -0.0652 -0.1661 -0.1004, -0.0549 -0.1719 -0.0886, -0.0724 -0.1841 -0.1004, -0.061 -0.1871 -0.0886, -0.0748 -0.2034 -0.1004, -0.063 -0.2033 -0.0886, -0.0721 -0.2226 -0.1004, -0.0607 -0.2195 -0.0886, -0.0646 -0.2405 -0.1004, -0.0544 -0.2346 -0.0886, -0.0527 -0.2559 -0.1004, -0.0443 -0.2475 -0.0886, -0.0372 -0.2676 -0.1004, -0.0313 -0.2574 -0.0886, -0.0193 -0.275 -0.1004, -0.0162 -0.2636 -0.0886, 0.0 -0.2776 -0.1004, 0.0 -0.2657 -0.0886, 0.0193 -0.275 -0.1004, 0.0162 -0.2636 -0.0886, 0.0372 -0.2676 -0.1004, 0.0313 -0.2574 -0.0886, 0.0527 -0.2559 -0.1004, 0.0443 -0.2475 -0.0886, 0.0646 -0.2405 -0.1004, 0.0544 -0.2346 -0.0886, 0.0721 -0.2226 -0.1004, 0.0607 -0.2195 -0.0886, 0.0748 -0.2034 -0.1004, 0.063 -0.2033 -0.0886, 0.0724 -0.1841 -0.1004, 0.061 -0.1871 -0.0886, 0.0652 -0.1661 -0.1004, 0.0549 -0.1719 -0.0886, 0.0536 -0.1506 -0.1004, 0.0451 -0.1588 -0.0886, 0.0383 -0.1385 -0.1004, 0.0323 -0.1487 -0.0886, 0.0205 -0.1308 -0.1004, 0.0173 -0.1422 -0.0886, 0.0013 -0.128 -0.1004, 0.0011 -0.1398 -0.0886, 0.0013 -0.128 -0.2028, 0.0009 -0.1516 -0.2028, 0.001 -0.1457 -0.0886, -0.001 -0.1457 -0.0886, -0.0157 -0.1479 -0.0886, -0.0293 -0.1537 -0.0886, -0.0409 -0.1629 -0.0886, -0.0498 -0.1748 -0.0886, -0.0553 -0.1885 -0.0886, -0.0571 -0.2033 -0.0886, -0.055 -0.2179 -0.0886, -0.0493 -0.2316 -0.0886, -0.0402 -0.2433 -0.0886, -0.0284 -0.2523 -0.0886, -0.0147 -0.2579 -0.0886, 0.0 -0.2598 -0.0886, 0.0147 -0.2579 -0.0886, 0.0284 -0.2523 -0.0886, 0.0402 -0.2433 -0.0886, 0.0493 -0.2316 -0.0886, 0.055 -0.2179 -0.0886, 0.0571 -0.2033 -0.0886, 0.0553 -0.1885 -0.0886, 0.0498 -0.1748 -0.0886, 0.0409 -0.1629 -0.0886, 0.0293 -0.1537 -0.0886, 0.0157 -0.1479 -0.0886, -0.0009 -0.1516 -0.0945, -0.014 -0.1535 -0.0945, -0.0262 -0.1588 -0.0945, -0.0367 -0.167 -0.0945, -0.0446 -0.1777 -0.0945, -0.0496 -0.19 -0.0945, -0.0512 -0.2032 -0.0945, -0.0493 -0.2164 -0.0945, -0.0442 -0.2286 -0.0945, -0.036 -0.2391 -0.0945, -0.0255 -0.2472 -0.0945, -0.0132 -0.2522 -0.0945, -0.0009 -0.1516 -0.1909, -0.0009 -0.1516 -0.2028, -0.0013 -0.128 -0.2028, -0.0205 -0.1308 -0.2028, -0.0383 -0.1385 -0.2028, -0.0536 -0.1506 -0.2028, -0.0652 -0.1661 -0.2028, -0.0724 -0.1841 -0.2028, -0.0748 -0.2034 -0.2028, -0.0721 -0.2226 -0.2028, -0.0646 -0.2405 -0.2028, -0.0527 -0.2559 -0.2028, -0.0372 -0.2676 -0.2028, -0.0193 -0.275 -0.2028, 0.0 -0.2776 -0.2028, -0.0315 -0.313 -0.2657, -0.0315 -0.3799 -0.2657, -0.0315 -0.313 -0.2618, -0.0315 -0.3799 -0.2421, -0.0315 -0.313 -0.2421, 0.0315 -0.3799 -0.2421, 0.0315 -0.3799 -0.2657, 0.0315 -0.313 -0.2421, 0.0315 -0.313 -0.2618, 0.0315 -0.313 -0.2657, 0.0315 -0.313 -0.2657
            ]
        }
        coordIndex [
            0,1,2,-1,2,1,3,-1,1,4,3,-1,3,4,5,-1,3,5,6,-1,5,7,6,-1,6,7,8,-1,6,8,9,-1,8,10,9,-1,9,10,11,-1,9,11,12,-1,11,13,12,-1,12,13,14,-1,12,14,15,-1,14,16,15,-1,15,16,17,-1,15,17,18,-1,17,19,18,-1,18,19,20,-1,18,20,21,-1,20,22,21,-1,21,22,23,-1,21,23,24,-1,23,25,24,-1,24,25,26,-1,24,26,27,-1,26,28,27,-1,27,28,29,-1,27,29,30,-1,29,31,30,-1,30,31,32,-1,30,32,33,-1,33,32,34,-1,33,34,35,-1,35,34,36,-1,37,38,39,-1,37,39,40,-1,40,39,41,-1,40,41,42,-1,42,41,43,-1,42,43,44,-1,44,43,45,-1,44,45,46,-1,46,45,47,-1,46,47,48,-1,48,47,49,-1,48,49,50,-1,50,49,51,-1,50,51,52,-1,52,51,53,-1,52,53,54,-1,54,53,55,-1,54,55,56,-1,56,55,57,-1,56,57,58,-1,58,57,59,-1,58,59,60,-1,60,59,61,-1,60,61,62,-1,62,61,63,-1,62,63,64,-1,64,63,65,-1,64,65,66,-1,66,65,67,-1,66,67,68,-1,68,67,69,-1,68,69,70,-1,70,69,71,-1,70,71,72,-1,72,71,73,-1,72,73,74,-1,74,73,75,-1,74,75,76,-1,76,75,77,-1,76,77,78,-1,78,77,79,-1,78,79,80,-1,80,79,81,-1,80,81,82,-1,82,81,83,-1,82,83,84,-1,84,83,85,-1,84,85,86,-1,87,88,0,-1,86,85,89,-1,89,85,87,-1,89,87,2,-1,2,87,0,-1,90,37,91,-1,91,37,40,-1,91,40,92,-1,92,40,42,-1,92,42,93,-1,93,42,44,-1,93,44,94,-1,94,44,46,-1,94,46,95,-1,95,46,48,-1,95,48,96,-1,96,48,50,-1,96,50,97,-1,97,50,52,-1,97,52,98,-1,98,52,54,-1,98,54,99,-1,99,54,56,-1,99,56,100,-1,100,56,58,-1,100,58,101,-1,101,58,60,-1,101,60,102,-1,102,60,62,-1,102,62,103,-1,103,62,64,-1,103,64,104,-1,104,64,66,-1,104,66,105,-1,105,66,68,-1,105,68,106,-1,106,68,70,-1,106,70,107,-1,107,70,72,-1,107,72,108,-1,108,72,74,-1,108,74,109,-1,109,74,76,-1,109,76,110,-1,110,76,78,-1,110,78,111,-1,111,78,80,-1,111,80,112,-1,112,80,82,-1,112,82,113,-1,113,82,84,-1,113,84,89,-1,89,84,86,-1,114,90,115,-1,115,90,91,-1,115,91,116,-1,116,91,92,-1,116,92,117,-1,117,92,93,-1,117,93,118,-1,118,93,94,-1,118,94,119,-1,119,94,95,-1,119,95,120,-1,120,95,96,-1,120,96,121,-1,121,96,97,-1,121,97,122,-1,122,97,98,-1,122,98,123,-1,123,98,99,-1,123,99,124,-1,124,99,100,-1,124,100,125,-1,125,100,101,-1,125,101,35,-1,35,101,102,-1,126,127,128,-1,114,126,90,-1,90,126,128,-1,90,128,37,-1,37,128,38,-1,38,128,129,-1,38,129,39,-1,39,129,130,-1,39,130,41,-1,41,130,131,-1,41,131,43,-1,43,131,132,-1,43,132,45,-1,45,132,133,-1,45,133,47,-1,47,133,134,-1,47,134,49,-1,49,134,135,-1,49,135,51,-1,51,135,136,-1,51,136,53,-1,53,136,137,-1,53,137,55,-1,55,137,138,-1,55,138,57,-1,57,138,139,-1,57,139,59,-1,59,139,140,-1,59,140,61,-1,141,142,143,-1,143,142,144,-1,143,144,145,-1,144,142,146,-1,146,142,147,-1,148,146,149,-1,149,146,147,-1,149,147,150,-1,146,148,144,-1,144,148,145,-1,
        ]
    }
}
Shape{
    appearance Appearance {
        material  Material 	{
            diffuseColor 1.0 1.0 1.0
            specularColor 0.5019607843137255 0.5019607843137255 0.5019607843137255
            ambientIntensity 0.2
            transparency 0
            shininess 0.5
        }
    }
    geometry IndexedFaceSet {
        ccw TRUE
        solid FALSE
        coord DEF co Coordinate {
            point [
                -0.0009 -0.1516 -0.2028, 0.0009 -0.1516 -0.2028, -0.0013 -0.128 -0.2028, 0.0013 -0.128 -0.2028, 0.126 -0.3672 -0.2028, 0.1252 -0.3751 -0.2028, 0.1685 -0.3683 -0.2028, -0.1685 -0.3683 -0.2028, -0.1438 -0.3902 -0.2028, -0.1228 -0.3826 -0.2028, 0.1438 -0.3902 -0.2028, -0.119 -0.3896 -0.2028, -0.1162 -0.4084 -0.2028, -0.1004 -0.4166 -0.2028, 0.1181 0.0018 -0.2028, 0.0863 0.0171 -0.2028, 0.0526 0.0275 -0.2028, 0.0527 -0.2559 -0.2028, 0.0372 -0.2676 -0.2028, 0.126 -0.313 -0.2028, -0.1473 -0.0181 -0.2028, -0.0536 -0.1506 -0.2028, -0.0383 -0.1385 -0.2028, 0.0177 0.0328 -0.2028, -0.0177 0.0328 -0.2028, -0.0205 -0.1308 -0.2028, 0.0748 -0.2034 -0.2028, 0.0721 -0.2226 -0.2028, 0.2355 -0.2208 -0.2028, 0.0193 -0.275 -0.2028, 0.0 -0.2776 -0.2028, -0.126 -0.313 -0.2028, -0.0193 -0.275 -0.2028, -0.0372 -0.2676 -0.2028, 0.1228 -0.3826 -0.2028, 0.119 -0.3896 -0.2028, 0.1162 -0.4084 -0.2028, 0.1004 -0.4166 -0.2028, -0.2362 -0.2028 -0.2028, -0.2355 -0.2208 -0.2028, -0.2307 -0.2535 -0.2028, -0.2214 -0.2852 -0.2028, -0.1252 -0.3751 -0.2028, -0.126 -0.3672 -0.2028, -0.19 -0.3432 -0.2028, -0.2077 -0.3153 -0.2028, -0.0527 -0.2559 -0.2028, -0.0646 -0.2405 -0.2028, -0.0526 0.0275 -0.2028, -0.0863 0.0171 -0.2028, -0.1181 0.0018 -0.2028, 0.0205 -0.1308 -0.2028, 0.0383 -0.1385 -0.2028, 0.1473 -0.0181 -0.2028, 0.0536 -0.1506 -0.2028, 0.19 -0.3432 -0.2028, 0.2077 -0.3153 -0.2028, 0.2214 -0.2852 -0.2028, 0.2307 -0.2535 -0.2028, 0.0646 -0.2405 -0.2028, 0.0652 -0.1661 -0.2028, 0.1952 -0.0697 -0.2028, 0.1732 -0.0421 -0.2028, 0.2362 -0.2028 -0.2028, 0.2336 -0.1675 -0.2028, 0.0724 -0.1841 -0.2028, 0.2257 -0.1331 -0.2028, 0.2128 -0.1003 -0.2028, -0.0721 -0.2226 -0.2028, -0.0748 -0.2034 -0.2028, -0.2336 -0.1675 -0.2028, -0.0724 -0.1841 -0.2028, -0.1732 -0.0421 -0.2028, -0.1952 -0.0697 -0.2028, -0.0652 -0.1661 -0.2028, -0.2128 -0.1003 -0.2028, -0.2257 -0.1331 -0.2028, 0.0804 -0.437 -0.1914, 0.0746 -0.4393 -0.1909, 0.0906 -0.4336 -0.1909, 0.0821 -0.4359 -0.1918, 0.0906 -0.4296 -0.1947, 0.0907 -0.4336 -0.1909, 0.0945 -0.425 -0.1975, 0.122 -0.4187 -0.1909, 0.0952 -0.4241 -0.198, 0.0977 -0.4204 -0.2004, 0.0898 -0.4303 -0.1944, 0.0895 -0.4306 -0.1942, 0.0857 -0.4337 -0.1926, 0.248 -0.2028 -0.1909, 0.2473 -0.2217 -0.1909, 0.2447 -0.2396 -0.1909, 0.2422 -0.256 -0.1909, 0.2364 -0.2757 -0.1909, 0.2324 -0.2893 -0.1909, 0.223 -0.3101 -0.1909, 0.2181 -0.3209 -0.1909, 0.2045 -0.3422 -0.1909, 0.1995 -0.3502 -0.1909, 0.1815 -0.3712 -0.1909, 0.1769 -0.3766 -0.1909, 0.1545 -0.3965 -0.1909, 0.151 -0.3996 -0.1909, 0.1239 -0.4174 -0.1909, 0.1239 -0.4174 -0.1909
            ]
        }
        coordIndex [
            0,1,2,-1,2,1,3,-1,4,5,6,-1,7,8,9,-1,6,5,10,-1,9,8,11,-1,11,8,12,-1,11,12,13,-1,3,14,2,-1,2,14,15,-1,2,15,16,-1,17,18,19,-1,20,21,22,-1,16,23,2,-1,2,23,24,-1,2,24,25,-1,26,27,28,-1,18,29,19,-1,19,29,30,-1,19,30,31,-1,31,30,32,-1,31,32,33,-1,5,34,10,-1,10,34,35,-1,10,35,36,-1,36,35,37,-1,38,39,31,-1,31,39,40,-1,31,40,41,-1,9,42,7,-1,7,42,43,-1,7,43,44,-1,44,43,31,-1,44,31,45,-1,45,31,41,-1,33,46,31,-1,31,46,47,-1,31,47,38,-1,24,48,25,-1,25,48,49,-1,25,49,22,-1,22,49,50,-1,22,50,20,-1,3,51,14,-1,14,51,52,-1,14,52,53,-1,53,52,54,-1,4,6,19,-1,19,6,55,-1,19,55,56,-1,56,57,19,-1,19,57,58,-1,19,58,28,-1,28,27,19,-1,19,27,59,-1,19,59,17,-1,60,61,54,-1,54,61,62,-1,54,62,53,-1,28,63,26,-1,26,63,64,-1,26,64,65,-1,65,64,66,-1,65,66,60,-1,60,66,67,-1,60,67,61,-1,47,68,38,-1,38,68,69,-1,38,69,70,-1,70,69,71,-1,20,72,21,-1,21,72,73,-1,21,73,74,-1,74,73,75,-1,74,75,71,-1,71,75,76,-1,71,76,70,-1,77,78,79,-1,77,79,80,-1,81,82,83,-1,83,82,84,-1,83,84,85,-1,85,84,86,-1,81,87,82,-1,82,87,88,-1,82,88,79,-1,79,88,89,-1,79,89,80,-1,90,63,91,-1,91,63,28,-1,91,28,92,-1,92,28,58,-1,92,58,93,-1,93,58,94,-1,94,58,57,-1,94,57,95,-1,95,57,96,-1,96,57,56,-1,96,56,97,-1,97,56,98,-1,98,56,55,-1,98,55,99,-1,99,55,100,-1,100,55,6,-1,100,6,101,-1,101,6,102,-1,102,6,10,-1,102,10,103,-1,103,10,104,-1,104,10,36,-1,104,36,84,-1,84,36,37,-1,84,37,86,-1,
        ]
    }
}
Shape{
    appearance Appearance {
        material  Material 	{
            diffuseColor 0.9882352941176471 0.7372549019607844 0.5176470588235295
            specularColor 0.49411764705882355 0.3686274509803922 0.25882352941176473
            ambientIntensity 0.2
            transparency 0
            shininess 0.5
        }
    }
    geometry IndexedFaceSet {
        ccw TRUE
        solid FALSE
        coord DEF co Coordinate {
            point [
                -0.248 -0.2028 -0.0571, -0.248 -0.2028 -0.1909, -0.2453 -0.1658 -0.0571, -0.2453 -0.1658 -0.1909, -0.237 -0.1296 -0.0571, -0.237 -0.1296 -0.1909, -0.2235 -0.0951 -0.0571, -0.2235 -0.0951 -0.1909, -0.2049 -0.063 -0.0571, -0.2049 -0.063 -0.1909, -0.1818 -0.0341 -0.0571, -0.1818 -0.0341 -0.1909, -0.1546 -0.0088 -0.0571, -0.1546 -0.0088 -0.1909, -0.124 0.012 -0.0571, -0.124 0.012 -0.1909, -0.0906 0.0281 -0.0571, -0.0906 0.0281 -0.1909, -0.0552 0.0391 -0.0571, -0.0552 0.0391 -0.1909, -0.0185 0.0446 -0.0571, -0.0185 0.0446 -0.1909, 0.0185 0.0446 -0.0571, 0.0185 0.0446 -0.1909, 0.0552 0.0391 -0.0571, 0.0552 0.0391 -0.1909, 0.0906 0.0281 -0.0571, 0.0906 0.0281 -0.1909, 0.124 0.012 -0.0571, 0.124 0.012 -0.1909, 0.1546 -0.0088 -0.0571, 0.1546 -0.0088 -0.1909, 0.1818 -0.0341 -0.0571, 0.1818 -0.0341 -0.1909, 0.2049 -0.063 -0.0571, 0.2049 -0.063 -0.1909, 0.2235 -0.0951 -0.0571, 0.2235 -0.0951 -0.1909, 0.237 -0.1296 -0.0571, 0.237 -0.1296 -0.1909, 0.2453 -0.1658 -0.0571, 0.2453 -0.1658 -0.1909, 0.248 -0.2028 -0.0571, 0.248 -0.2028 -0.1909, -0.2168 -0.0263 -0.0571, -0.2388 -0.0575 -0.0571, -0.2564 -0.0914 -0.0571, -0.2692 -0.1273 -0.0571, -0.2769 -0.1647 -0.0571, -0.2795 -0.2028 -0.0571, -0.2453 -0.2397 -0.0571, -0.2769 -0.2408 -0.0571, -0.237 -0.2759 -0.0571, -0.2692 -0.2782 -0.0571, -0.2235 -0.3104 -0.0571, -0.2564 -0.3141 -0.0571, -0.2049 -0.3425 -0.0571, -0.2388 -0.348 -0.0571, -0.1818 -0.3715 -0.0571, 0.1818 -0.3715 -0.0571, 0.2168 -0.3792 -0.0571, 0.2049 -0.3425 -0.0571, 0.2388 -0.348 -0.0571, 0.2235 -0.3104 -0.0571, 0.2564 -0.3141 -0.0571, 0.237 -0.2759 -0.0571, 0.2692 -0.2782 -0.0571, 0.2453 -0.2397 -0.0571, 0.2769 -0.2408 -0.0571, 0.2795 -0.2028 -0.0571, 0.2769 -0.1647 -0.0571, 0.2692 -0.1273 -0.0571, 0.2564 -0.0914 -0.0571, 0.2388 -0.0575 -0.0571, -0.2168 -0.3792 -0.0571, -0.1908 -0.407 -0.0571, -0.1546 -0.3967 -0.0571, -0.1612 -0.4311 -0.0571, -0.124 -0.4176 -0.0571, -0.1286 -0.4509 -0.0571, -0.0906 -0.4336 -0.0571, -0.0936 -0.4661 -0.0571, -0.0552 -0.4446 -0.0571, -0.0569 -0.4764 -0.0571, -0.0185 -0.4501 -0.0571, -0.0191 -0.4816 -0.0571, 0.0185 -0.4501 -0.0571, 0.0191 -0.4816 -0.0571, 0.0552 -0.4446 -0.0571, 0.0569 -0.4764 -0.0571, 0.0906 -0.4336 -0.0571, 0.0936 -0.4661 -0.0571, 0.124 -0.4176 -0.0571, 0.1286 -0.4509 -0.0571, 0.1546 -0.3967 -0.0571, 0.1612 -0.4311 -0.0571, 0.1908 -0.407 -0.0571, 0.2168 -0.0263 -0.0571, 0.1908 0.0015 -0.0571, 0.1612 0.0256 -0.0571, 0.1286 0.0454 -0.0571, 0.0936 0.0606 -0.0571, 0.0569 0.0709 -0.0571, 0.0191 0.0761 -0.0571, -0.0191 0.0761 -0.0571, -0.0569 0.0709 -0.0571, -0.0936 0.0606 -0.0571, -0.1286 0.0454 -0.0571, -0.1612 0.0256 -0.0571, -0.1908 0.0015 -0.0571, 0.2953 -0.2028 -0.0768, 0.2925 -0.1625 -0.0768, 0.2843 -0.1231 -0.0768, 0.2708 -0.0851 -0.0768, 0.2523 -0.0493 -0.0768, 0.229 -0.0164 -0.0768, 0.2015 0.013 -0.0768, 0.1703 0.0385 -0.0768, 0.1358 0.0594 -0.0768, 0.0989 0.0755 -0.0768, 0.0601 0.0863 -0.0768, 0.0202 0.0918 -0.0768, -0.0202 0.0918 -0.0768, -0.0601 0.0863 -0.0768, -0.0989 0.0755 -0.0768, -0.1358 0.0594 -0.0768, -0.1703 0.0385 -0.0768, -0.2015 0.013 -0.0768, -0.229 -0.0164 -0.0768, -0.2523 -0.0493 -0.0768, -0.2708 -0.0851 -0.0768, -0.2843 -0.1231 -0.0768, -0.2925 -0.1625 -0.0768, -0.2953 -0.2028 -0.0768, -0.2925 -0.243 -0.0768, -0.2843 -0.2824 -0.0768, -0.2708 -0.3204 -0.0768, -0.2523 -0.3562 -0.0768, -0.229 -0.3891 -0.0768, -0.2015 -0.4186 -0.0768, -0.1703 -0.444 -0.0768, -0.1358 -0.4649 -0.0768, -0.0989 -0.481 -0.0768, -0.0601 -0.4919 -0.0768, -0.0202 -0.4973 -0.0768, 0.0202 -0.4973 -0.0768, 0.0601 -0.4919 -0.0768, 0.0989 -0.481 -0.0768, 0.1358 -0.4649 -0.0768, 0.1703 -0.444 -0.0768, 0.2015 -0.4186 -0.0768, 0.229 -0.3891 -0.0768, 0.2523 -0.3562 -0.0768, 0.2708 -0.3204 -0.0768, 0.2843 -0.2824 -0.0768, 0.2925 -0.243 -0.0768, -0.2953 -0.2028 -0.1122, -0.2925 -0.243 -0.1122, -0.2843 -0.2824 -0.1122, -0.2708 -0.3204 -0.1122, -0.2523 -0.3562 -0.1122, -0.229 -0.3891 -0.1122, -0.2015 -0.4186 -0.1122, -0.1703 -0.444 -0.1122, -0.1358 -0.4649 -0.1122, -0.0989 -0.481 -0.1122, -0.0601 -0.4919 -0.1122, -0.0202 -0.4973 -0.1122, 0.0202 -0.4973 -0.1122, 0.0601 -0.4919 -0.1122, 0.0989 -0.481 -0.1122, 0.1358 -0.4649 -0.1122, 0.1703 -0.444 -0.1122, 0.2015 -0.4186 -0.1122, 0.229 -0.3891 -0.1122, 0.2523 -0.3562 -0.1122, 0.2708 -0.3204 -0.1122, 0.2843 -0.2824 -0.1122, 0.2925 -0.243 -0.1122, 0.2953 -0.2028 -0.1122, 0.2925 -0.1625 -0.1122, 0.2843 -0.1231 -0.1122, 0.2708 -0.0851 -0.1122, 0.2523 -0.0493 -0.1122, 0.229 -0.0164 -0.1122, 0.2015 0.013 -0.1122, 0.1703 0.0385 -0.1122, 0.1358 0.0594 -0.1122, 0.0989 0.0755 -0.1122, 0.0601 0.0863 -0.1122, 0.0202 0.0918 -0.1122, -0.0202 0.0918 -0.1122, -0.0601 0.0863 -0.1122, -0.0989 0.0755 -0.1122, -0.1358 0.0594 -0.1122, -0.1703 0.0385 -0.1122, -0.2015 0.013 -0.1122, -0.229 -0.0164 -0.1122, -0.2523 -0.0493 -0.1122, -0.2708 -0.0851 -0.1122, -0.2843 -0.1231 -0.1122, -0.2925 -0.1625 -0.1122, -0.0 0.0722 -0.124, -0.0188 0.0722 -0.124, -0.2756 -0.2028 -0.124, -0.273 -0.1652 -0.124, -0.2727 -0.1636 -0.124, -0.2654 -0.1284 -0.124, -0.2642 -0.1252 -0.124, -0.2528 -0.093 -0.124, -0.2504 -0.0884 -0.124, -0.2355 -0.0596 -0.124, -0.2315 -0.054 -0.124, -0.2138 -0.0288 -0.124, -0.2079 -0.0226 -0.124, -0.1881 -0.0013 -0.124, -0.1802 0.0051 -0.124, -0.1589 0.0224 -0.124, -0.0923 0.0569 -0.124, -0.1142 0.0474 -0.124, -0.1268 0.0419 -0.124, -0.1487 0.0286 -0.124, -0.0391 0.0694 -0.124, -0.0561 0.0671 -0.124, -0.0775 0.0611 -0.124, 0.0188 0.0722 -0.124, 0.0391 0.0694 -0.124, 0.0561 0.0671 -0.124, 0.0775 0.0611 -0.124, 0.0923 0.0569 -0.124, 0.1142 0.0474 -0.124, 0.1268 0.0419 -0.124, 0.1487 0.0286 -0.124, 0.1589 0.0224 -0.124, 0.1802 0.0051 -0.124, 0.1881 -0.0013 -0.124, 0.2079 -0.0226 -0.124, 0.2138 -0.0288 -0.124, 0.2315 -0.054 -0.124, 0.2355 -0.0596 -0.124, 0.2504 -0.0884 -0.124, 0.2528 -0.093 -0.124, 0.2642 -0.1252 -0.124, 0.2654 -0.1284 -0.124, 0.2727 -0.1636 -0.124, 0.273 -0.1652 -0.124, 0.2756 -0.2028 -0.124, 0.0 -0.4777 -0.124, 0.0188 -0.4777 -0.124, 0.273 -0.2403 -0.124, 0.2727 -0.242 -0.124, 0.2654 -0.2771 -0.124, 0.2642 -0.2803 -0.124, 0.2528 -0.3126 -0.124, 0.2504 -0.3171 -0.124, 0.2355 -0.3459 -0.124, 0.2315 -0.3515 -0.124, 0.2138 -0.3767 -0.124, 0.2079 -0.3829 -0.124, 0.1881 -0.4042 -0.124, 0.1802 -0.4106 -0.124, 0.1589 -0.4279 -0.124, 0.0923 -0.4624 -0.124, 0.1142 -0.4529 -0.124, 0.1268 -0.4474 -0.124, 0.1487 -0.4341 -0.124, 0.0391 -0.4749 -0.124, 0.0561 -0.4726 -0.124, 0.0775 -0.4666 -0.124, -0.0188 -0.4777 -0.124, -0.0391 -0.4749 -0.124, -0.0561 -0.4726 -0.124, -0.0775 -0.4666 -0.124, -0.0923 -0.4624 -0.124, -0.1142 -0.4529 -0.124, -0.1268 -0.4474 -0.124, -0.1487 -0.4341 -0.124, -0.1589 -0.4279 -0.124, -0.1802 -0.4106 -0.124, -0.1881 -0.4042 -0.124, -0.2079 -0.3829 -0.124, -0.2138 -0.3767 -0.124, -0.2315 -0.3515 -0.124, -0.2355 -0.3459 -0.124, -0.2504 -0.3171 -0.124, -0.2528 -0.3126 -0.124, -0.2642 -0.2803 -0.124, -0.2654 -0.2771 -0.124, -0.2727 -0.242 -0.124, -0.273 -0.2403 -0.124, -0.2756 -0.2028 -0.1516, -0.273 -0.2403 -0.1516, -0.2727 -0.242 -0.1516, -0.2654 -0.2771 -0.1516, -0.2642 -0.2803 -0.1516, -0.2528 -0.3126 -0.1516, -0.2504 -0.3171 -0.1516, -0.2355 -0.3459 -0.1516, -0.2315 -0.3515 -0.1516, -0.2138 -0.3767 -0.1516, -0.2079 -0.3829 -0.1516, -0.1881 -0.4042 -0.1516, -0.1802 -0.4106 -0.1516, -0.1589 -0.4279 -0.1516, -0.1487 -0.4341 -0.1516, -0.1268 -0.4474 -0.1516, -0.1142 -0.4529 -0.1516, -0.0923 -0.4624 -0.1516, -0.0775 -0.4666 -0.1516, -0.0561 -0.4726 -0.1516, -0.0391 -0.4749 -0.1516, -0.0188 -0.4777 -0.1516, 0.0 -0.4777 -0.1516, 0.0188 -0.4777 -0.1516, 0.0391 -0.4749 -0.1516, 0.0561 -0.4726 -0.1516, 0.0775 -0.4666 -0.1516, 0.0923 -0.4624 -0.1516, 0.1142 -0.4529 -0.1516, 0.1268 -0.4474 -0.1516, 0.1487 -0.4341 -0.1516, 0.1589 -0.4279 -0.1516, 0.1802 -0.4106 -0.1516, 0.1881 -0.4042 -0.1516, 0.2079 -0.3829 -0.1516, 0.2138 -0.3767 -0.1516, 0.2315 -0.3515 -0.1516, 0.2355 -0.3459 -0.1516, 0.2504 -0.3171 -0.1516, 0.2528 -0.3126 -0.1516, 0.2642 -0.2803 -0.1516, 0.2654 -0.2771 -0.1516, 0.2727 -0.242 -0.1516, 0.273 -0.2403 -0.1516, 0.2756 -0.2028 -0.1516, -0.0202 -0.4973 -0.1634, -0.2953 -0.2028 -0.1634, -0.2925 -0.243 -0.1634, -0.2843 -0.2824 -0.1634, -0.2708 -0.3204 -0.1634, -0.2523 -0.3562 -0.1634, -0.229 -0.3891 -0.1634, -0.2015 -0.4186 -0.1634, -0.1703 -0.444 -0.1634, -0.1358 -0.4649 -0.1634, -0.0989 -0.481 -0.1634, -0.0601 -0.4919 -0.1634, 0.0202 -0.4973 -0.1634, 0.0601 -0.4919 -0.1634, 0.0989 -0.481 -0.1634, 0.1358 -0.4649 -0.1634, 0.1703 -0.444 -0.1634, 0.2015 -0.4186 -0.1634, 0.229 -0.3891 -0.1634, 0.2523 -0.3562 -0.1634, 0.2708 -0.3204 -0.1634, 0.2843 -0.2824 -0.1634, 0.2925 -0.243 -0.1634, 0.2953 -0.2028 -0.1634, 0.0391 0.0694 -0.1516, 0.0561 0.0671 -0.1516, 0.0601 0.0863 -0.1634, 0.2925 -0.1625 -0.1634, 0.273 -0.1652 -0.1516, 0.2727 -0.1636 -0.1516, 0.2843 -0.1231 -0.1634, 0.2654 -0.1284 -0.1516, 0.2642 -0.1252 -0.1516, 0.2708 -0.0851 -0.1634, 0.2528 -0.093 -0.1516, 0.2504 -0.0884 -0.1516, 0.2523 -0.0493 -0.1634, 0.2355 -0.0596 -0.1516, 0.2315 -0.054 -0.1516, 0.229 -0.0164 -0.1634, 0.2138 -0.0288 -0.1516, 0.2079 -0.0226 -0.1516, 0.2015 0.013 -0.1634, 0.1881 -0.0013 -0.1516, 0.1802 0.0051 -0.1516, 0.1703 0.0385 -0.1634, 0.1589 0.0224 -0.1516, 0.1358 0.0594 -0.1634, 0.1268 0.0419 -0.1516, 0.1487 0.0286 -0.1516, 0.0989 0.0755 -0.1634, 0.0775 0.0611 -0.1516, 0.0923 0.0569 -0.1516, 0.1142 0.0474 -0.1516, 0.0188 0.0722 -0.1516, 0.0202 0.0918 -0.1634, -0.0 0.0722 -0.1516, -0.0202 0.0918 -0.1634, -0.0188 0.0722 -0.1516, -0.0391 0.0694 -0.1516, -0.0601 0.0863 -0.1634, -0.0561 0.0671 -0.1516, -0.0775 0.0611 -0.1516, -0.0989 0.0755 -0.1634, -0.0923 0.0569 -0.1516, -0.1142 0.0474 -0.1516, -0.1358 0.0594 -0.1634, -0.1268 0.0419 -0.1516, -0.1487 0.0286 -0.1516, -0.1703 0.0385 -0.1634, -0.1589 0.0224 -0.1516, -0.1802 0.0051 -0.1516, -0.2015 0.013 -0.1634, -0.1881 -0.0013 -0.1516, -0.2079 -0.0226 -0.1516, -0.229 -0.0164 -0.1634, -0.2138 -0.0288 -0.1516, -0.2315 -0.054 -0.1516, -0.2523 -0.0493 -0.1634, -0.2355 -0.0596 -0.1516, -0.2504 -0.0884 -0.1516, -0.2708 -0.0851 -0.1634, -0.2528 -0.093 -0.1516, -0.2642 -0.1252 -0.1516, -0.2843 -0.1231 -0.1634, -0.2654 -0.1284 -0.1516, -0.2727 -0.1636 -0.1516, -0.2925 -0.1625 -0.1634, -0.273 -0.1652 -0.1516, -0.1654 0.0419 -0.2067, -0.1702 0.0384 -0.2067, -0.1654 0.0419 -0.2028, -0.1358 0.0594 -0.2028, -0.0989 0.0755 -0.2028, -0.0601 0.0863 -0.2028, -0.0202 0.0918 -0.2028, 0.0202 0.0918 -0.2028, 0.0601 0.0863 -0.2028, 0.0989 0.0755 -0.2028, 0.1358 0.0594 -0.2028, 0.1702 0.0384 -0.2067, 0.1654 0.0419 -0.2067, 0.1654 0.0419 -0.2028, 0.2923 -0.1626 -0.2067, 0.2948 -0.1853 -0.2067, 0.2953 -0.2028 -0.2067, 0.2918 -0.1573 -0.2067, 0.2861 -0.1297 -0.2067, 0.2841 -0.1232 -0.2067, 0.2778 -0.1028 -0.2067, 0.2538 -0.0519 -0.2067, 0.2671 -0.0768 -0.2067, 0.2706 -0.0852 -0.2067, 0.2522 -0.0494 -0.2067, 0.2383 -0.0284 -0.2067, 0.2288 -0.0166 -0.2067, 0.2207 -0.0065 -0.2067, 0.2015 0.013 -0.2067, 0.201 0.0136 -0.2067, 0.1795 0.0317 -0.2067, -0.1797 0.0315 -0.2067, -0.2004 0.0141 -0.2067, -0.2288 -0.0166 -0.2067, -0.2194 -0.0051 -0.2067, -0.2015 0.013 -0.2067, -0.2366 -0.026 -0.2067, -0.2517 -0.0484 -0.2067, -0.2705 -0.0852 -0.2067, -0.2648 -0.0721 -0.2067, -0.2522 -0.0494 -0.2067, -0.2757 -0.0969 -0.2067, -0.2842 -0.1226 -0.2067, -0.2843 -0.1231 -0.2067, -0.2903 -0.1489 -0.2067, -0.2953 -0.2028 -0.2067, -0.294 -0.1757 -0.2067, -0.2922 -0.1626 -0.2067, 0.2541 -0.0518 -0.2093, 0.2864 -0.1296 -0.2093, 0.252 -0.356 -0.2067, 0.2423 -0.3715 -0.2067, 0.2426 -0.3716 -0.2093, 0.2783 -0.3262 -0.2182, 0.2888 -0.2991 -0.2182, 0.2864 -0.2984 -0.2173, 0.209 0.0222 -0.2185, 0.1866 0.0411 -0.2185, 0.185 0.039 -0.2182, 0.2295 0.0013 -0.2185, 0.2072 0.0203 -0.2182, 0.2479 -0.0215 -0.2185, 0.2275 -0.0004 -0.2182, 0.264 -0.0459 -0.2185, 0.2457 -0.023 -0.2182, 0.2777 -0.0717 -0.2185, 0.2617 -0.0472 -0.2182, 0.2889 -0.0988 -0.2185, 0.2754 -0.0729 -0.2182, 0.2975 -0.1268 -0.2185, 0.2865 -0.0997 -0.2182, 0.3034 -0.1554 -0.2185, 0.295 -0.1274 -0.2182, 0.3065 -0.1846 -0.2185, 0.3008 -0.1559 -0.2182, 0.2165 -0.4041 -0.2099, 0.2165 -0.4052 -0.2118, 0.2261 -0.3945 -0.2118, 0.2165 -0.41 -0.216, 0.2165 -0.4133 -0.2172, 0.2303 -0.3981 -0.2173, 0.1796 0.032 -0.2093, 0.1654 0.0423 -0.2093, 0.1654 0.0422 -0.2091, 0.1654 0.0431 -0.2115, 0.1802 0.0327 -0.2118, 0.1654 0.0433 -0.2118, 0.1654 0.0447 -0.2138, 0.181 0.0338 -0.2141, 0.1654 0.045 -0.214, 0.1822 0.0353 -0.2159, 0.1654 0.0472 -0.2159, 0.1835 0.037 -0.2173, 0.1654 0.0499 -0.2173, 0.1654 0.0504 -0.2175, 0.1654 0.0529 -0.2181, 0.1654 0.0542 -0.2184, 0.1654 0.056 -0.2185, 0.2165 -0.4149 -0.2178, 0.2322 -0.3997 -0.2182, 0.2165 -0.4168 -0.2181, 0.2165 -0.4205 -0.2185, 0.2165 -0.4053 -0.2119, 0.2271 -0.3955 -0.2141, 0.2165 -0.4073 -0.2141, 0.2165 -0.41 -0.2159, 0.2165 -0.404 -0.2093, 0.2252 -0.3938 -0.2067, 0.2165 -0.4035 -0.2067, 0.2254 -0.394 -0.2093, 0.2165 -0.4036 -0.2077, 0.2913 -0.3 -0.2185, 0.2807 -0.3273 -0.2185, 0.2676 -0.3534 -0.2185, 0.292 -0.2701 -0.2159, 0.2942 -0.2706 -0.2173, 0.2967 -0.2712 -0.2182, 0.2992 -0.2718 -0.2185, 0.2953 -0.2418 -0.2141, 0.2971 -0.242 -0.2159, 0.2994 -0.2423 -0.2173, 0.3018 -0.2426 -0.2182, 0.3044 -0.243 -0.2185, 0.2963 -0.2134 -0.2118, 0.2977 -0.2135 -0.2141, 0.2995 -0.2136 -0.2159, 0.3018 -0.2136 -0.2173, 0.3043 -0.2137 -0.2182, 0.3069 -0.2138 -0.2185, 0.2951 -0.1852 -0.2093, 0.2959 -0.1852 -0.2118, 0.2973 -0.1851 -0.2141, 0.2992 -0.185 -0.2159, 0.3014 -0.1849 -0.2173, 0.3039 -0.1847 -0.2182, 0.2285 -0.3967 -0.2159, 0.2444 -0.3729 -0.2141, 0.2433 -0.3721 -0.2118, 0.2583 -0.3482 -0.2118, 0.2575 -0.3478 -0.2093, 0.2702 -0.3226 -0.2093, 0.2342 -0.4014 -0.2185, 0.2499 -0.3767 -0.2182, 0.2478 -0.3753 -0.2173, 0.2631 -0.3509 -0.2173, 0.2612 -0.3498 -0.2159, 0.274 -0.3243 -0.2159, 0.2723 -0.3235 -0.2141, 0.2825 -0.2971 -0.2141, 0.2812 -0.2966 -0.2118, 0.2889 -0.2694 -0.2118, 0.288 -0.2692 -0.2093, 0.293 -0.2415 -0.2093, 0.252 -0.3782 -0.2185, 0.2653 -0.3521 -0.2182, 0.276 -0.3252 -0.2173, 0.2843 -0.2976 -0.2159, 0.2902 -0.2697 -0.2141, 0.2939 -0.2416 -0.2118, 0.2954 -0.2134 -0.2093, 0.2951 -0.2134 -0.2067, 0.2289 -0.389 -0.2067, 0.284 -0.2823 -0.2067, 0.2801 -0.2962 -0.2067, 0.2804 -0.2963 -0.2093, 0.271 -0.323 -0.2118, 0.2595 -0.3489 -0.2141, 0.246 -0.374 -0.2159, 0.2707 -0.3204 -0.2067, 0.2699 -0.3225 -0.2067, 0.2573 -0.3476 -0.2067, 0.2927 -0.2414 -0.2067, 0.2925 -0.243 -0.2067, 0.2877 -0.2691 -0.2067, 0.292 -0.1572 -0.2093, 0.2984 -0.1562 -0.2173, 0.2961 -0.1566 -0.2159, 0.2943 -0.1569 -0.2141, 0.2929 -0.1571 -0.2118, 0.2926 -0.128 -0.2173, 0.2904 -0.1286 -0.2159, 0.2886 -0.1291 -0.2141, 0.2872 -0.1294 -0.2118, 0.2841 -0.1005 -0.2173, 0.282 -0.1013 -0.2159, 0.2803 -0.1019 -0.2141, 0.2789 -0.1024 -0.2118, 0.2781 -0.1027 -0.2093, 0.2673 -0.0767 -0.2093, 0.2731 -0.0739 -0.2173, 0.2711 -0.0749 -0.2159, 0.2694 -0.0757 -0.2141, 0.2681 -0.0763 -0.2118, 0.2596 -0.0485 -0.2173, 0.2577 -0.0497 -0.2159, 0.2561 -0.0506 -0.2141, 0.2549 -0.0513 -0.2118, 0.2437 -0.0245 -0.2173, 0.2419 -0.0258 -0.2159, 0.2404 -0.0269 -0.2141, 0.2393 -0.0278 -0.2118, 0.2386 -0.0283 -0.2093, 0.2209 -0.0063 -0.2093, 0.2256 -0.0021 -0.2173, 0.224 -0.0036 -0.2159, 0.2226 -0.0048 -0.2141, 0.2215 -0.0058 -0.2118, 0.2012 0.0138 -0.2093, 0.2055 0.0185 -0.2173, 0.204 0.0168 -0.2159, 0.2027 0.0155 -0.2141, 0.2018 0.0144 -0.2118, 0.2018 0.0144 -0.2118
            ]
        }
        coordIndex [
            0,1,2,-1,2,1,3,-1,2,3,4,-1,4,3,5,-1,4,5,6,-1,6,5,7,-1,6,7,8,-1,8,7,9,-1,8,9,10,-1,10,9,11,-1,10,11,12,-1,12,11,13,-1,12,13,14,-1,14,13,15,-1,14,15,16,-1,16,15,17,-1,16,17,18,-1,18,17,19,-1,18,19,20,-1,20,19,21,-1,20,21,22,-1,22,21,23,-1,22,23,24,-1,24,23,25,-1,24,25,26,-1,26,25,27,-1,26,27,28,-1,28,27,29,-1,28,29,30,-1,30,29,31,-1,30,31,32,-1,32,31,33,-1,32,33,34,-1,34,33,35,-1,34,35,36,-1,36,35,37,-1,36,37,38,-1,38,37,39,-1,38,39,40,-1,40,39,41,-1,40,41,42,-1,42,41,43,-1,10,44,8,-1,8,44,45,-1,8,45,6,-1,6,45,46,-1,6,46,4,-1,4,46,47,-1,4,47,2,-1,2,47,48,-1,2,48,0,-1,0,48,49,-1,0,49,50,-1,50,49,51,-1,50,51,52,-1,52,51,53,-1,52,53,54,-1,54,53,55,-1,54,55,56,-1,56,55,57,-1,56,57,58,-1,59,60,61,-1,61,60,62,-1,61,62,63,-1,63,62,64,-1,63,64,65,-1,65,64,66,-1,65,66,67,-1,67,66,68,-1,67,68,42,-1,42,68,69,-1,42,69,40,-1,40,69,70,-1,40,70,38,-1,38,70,71,-1,38,71,36,-1,36,71,72,-1,36,72,34,-1,34,72,73,-1,34,73,32,-1,57,74,58,-1,58,74,75,-1,58,75,76,-1,76,75,77,-1,76,77,78,-1,78,77,79,-1,78,79,80,-1,80,79,81,-1,80,81,82,-1,82,81,83,-1,82,83,84,-1,84,83,85,-1,84,85,86,-1,86,85,87,-1,86,87,88,-1,88,87,89,-1,88,89,90,-1,90,89,91,-1,90,91,92,-1,92,91,93,-1,92,93,94,-1,94,93,95,-1,94,95,59,-1,59,95,96,-1,59,96,60,-1,73,97,32,-1,32,97,98,-1,32,98,30,-1,30,98,99,-1,30,99,28,-1,28,99,100,-1,28,100,26,-1,26,100,101,-1,26,101,24,-1,24,101,102,-1,24,102,22,-1,22,102,103,-1,22,103,20,-1,20,103,104,-1,20,104,18,-1,18,104,105,-1,18,105,16,-1,16,105,106,-1,16,106,14,-1,14,106,107,-1,14,107,12,-1,12,107,108,-1,12,108,10,-1,10,108,109,-1,10,109,44,-1,69,110,111,-1,69,111,70,-1,70,111,112,-1,70,112,71,-1,71,112,113,-1,71,113,72,-1,72,113,114,-1,72,114,73,-1,73,114,115,-1,73,115,97,-1,97,115,116,-1,97,116,98,-1,98,116,117,-1,98,117,99,-1,99,117,118,-1,99,118,100,-1,100,118,119,-1,100,119,101,-1,101,119,120,-1,101,120,102,-1,102,120,121,-1,102,121,103,-1,103,121,122,-1,103,122,104,-1,104,122,123,-1,104,123,105,-1,105,123,124,-1,105,124,106,-1,106,124,125,-1,106,125,107,-1,107,125,126,-1,107,126,108,-1,108,126,127,-1,108,127,109,-1,109,127,128,-1,109,128,44,-1,44,128,129,-1,44,129,45,-1,45,129,130,-1,45,130,46,-1,46,130,131,-1,46,131,47,-1,47,131,132,-1,47,132,48,-1,48,132,133,-1,48,133,49,-1,49,133,134,-1,49,134,51,-1,51,134,135,-1,51,135,53,-1,53,135,136,-1,53,136,55,-1,55,136,137,-1,55,137,57,-1,57,137,138,-1,57,138,74,-1,74,138,139,-1,74,139,75,-1,75,139,140,-1,75,140,77,-1,77,140,141,-1,77,141,79,-1,79,141,142,-1,79,142,81,-1,81,142,143,-1,81,143,83,-1,83,143,144,-1,83,144,85,-1,85,144,145,-1,85,145,87,-1,87,145,146,-1,87,146,89,-1,89,146,147,-1,89,147,91,-1,91,147,148,-1,91,148,93,-1,93,148,149,-1,93,149,95,-1,95,149,150,-1,95,150,96,-1,96,150,151,-1,96,151,60,-1,60,151,152,-1,60,152,62,-1,62,152,153,-1,62,153,64,-1,64,153,154,-1,64,154,66,-1,66,154,155,-1,66,155,68,-1,68,155,110,-1,68,110,69,-1,133,156,157,-1,133,157,134,-1,134,157,158,-1,134,158,135,-1,135,158,159,-1,135,159,136,-1,136,159,160,-1,136,160,137,-1,137,160,161,-1,137,161,138,-1,138,161,162,-1,138,162,139,-1,139,162,163,-1,139,163,140,-1,140,163,164,-1,140,164,141,-1,141,164,165,-1,141,165,142,-1,142,165,166,-1,142,166,143,-1,143,166,167,-1,143,167,144,-1,144,167,168,-1,144,168,145,-1,145,168,169,-1,145,169,146,-1,146,169,170,-1,146,170,147,-1,147,170,171,-1,147,171,148,-1,148,171,172,-1,148,172,149,-1,149,172,173,-1,149,173,150,-1,150,173,174,-1,150,174,151,-1,151,174,175,-1,151,175,152,-1,152,175,176,-1,152,176,153,-1,153,176,177,-1,153,177,154,-1,154,177,178,-1,154,178,155,-1,155,178,179,-1,155,179,110,-1,110,179,180,-1,110,180,111,-1,111,180,181,-1,111,181,112,-1,112,181,182,-1,112,182,113,-1,113,182,183,-1,113,183,114,-1,114,183,184,-1,114,184,115,-1,115,184,185,-1,115,185,116,-1,116,185,186,-1,116,186,117,-1,117,186,187,-1,117,187,118,-1,118,187,188,-1,118,188,119,-1,119,188,189,-1,119,189,120,-1,120,189,190,-1,120,190,121,-1,121,190,191,-1,121,191,122,-1,122,191,192,-1,122,192,123,-1,123,192,193,-1,123,193,124,-1,124,193,194,-1,124,194,125,-1,125,194,195,-1,125,195,126,-1,126,195,196,-1,126,196,127,-1,127,196,197,-1,127,197,128,-1,128,197,198,-1,128,198,129,-1,129,198,199,-1,129,199,130,-1,130,199,200,-1,130,200,131,-1,131,200,201,-1,131,201,132,-1,132,201,156,-1,132,156,133,-1,202,203,191,-1,156,201,204,-1,204,201,205,-1,205,201,206,-1,206,201,200,-1,206,200,207,-1,207,200,208,-1,208,200,199,-1,208,199,209,-1,209,199,210,-1,210,199,198,-1,210,198,211,-1,211,198,212,-1,212,198,197,-1,212,197,213,-1,213,197,214,-1,214,197,196,-1,214,196,215,-1,215,196,216,-1,216,196,195,-1,216,195,217,-1,194,193,218,-1,218,219,194,-1,194,219,220,-1,194,220,195,-1,195,220,221,-1,195,221,217,-1,191,203,192,-1,203,222,192,-1,192,222,223,-1,192,223,193,-1,193,223,224,-1,193,224,218,-1,202,191,225,-1,225,191,190,-1,225,190,226,-1,226,190,189,-1,226,189,227,-1,227,189,228,-1,228,189,188,-1,228,188,229,-1,229,188,230,-1,230,188,187,-1,230,187,231,-1,231,187,232,-1,232,187,186,-1,232,186,233,-1,233,186,234,-1,234,186,185,-1,234,185,235,-1,235,185,236,-1,236,185,184,-1,236,184,237,-1,237,184,238,-1,238,184,183,-1,238,183,239,-1,239,183,240,-1,240,183,182,-1,240,182,241,-1,241,182,242,-1,242,182,181,-1,242,181,243,-1,243,181,244,-1,244,181,180,-1,244,180,245,-1,245,180,179,-1,245,179,246,-1,247,248,168,-1,179,178,246,-1,246,178,249,-1,249,178,250,-1,250,178,177,-1,250,177,251,-1,251,177,252,-1,252,177,176,-1,252,176,253,-1,253,176,254,-1,254,176,175,-1,254,175,255,-1,255,175,256,-1,256,175,174,-1,256,174,257,-1,257,174,258,-1,258,174,173,-1,258,173,259,-1,259,173,260,-1,260,173,172,-1,260,172,261,-1,171,170,262,-1,262,263,171,-1,171,263,264,-1,171,264,172,-1,172,264,265,-1,172,265,261,-1,168,248,169,-1,248,266,169,-1,169,266,267,-1,169,267,170,-1,170,267,268,-1,170,268,262,-1,247,168,269,-1,269,168,167,-1,269,167,270,-1,270,167,166,-1,270,166,271,-1,271,166,272,-1,272,166,165,-1,272,165,273,-1,273,165,274,-1,274,165,164,-1,274,164,275,-1,275,164,276,-1,276,164,163,-1,276,163,277,-1,277,163,278,-1,278,163,162,-1,278,162,279,-1,279,162,280,-1,280,162,161,-1,280,161,281,-1,281,161,282,-1,282,161,160,-1,282,160,283,-1,283,160,284,-1,284,160,159,-1,284,159,285,-1,285,159,286,-1,286,159,158,-1,286,158,287,-1,287,158,288,-1,288,158,157,-1,288,157,289,-1,289,157,156,-1,289,156,204,-1,204,290,289,-1,289,290,291,-1,289,291,288,-1,288,291,292,-1,288,292,287,-1,287,292,293,-1,287,293,286,-1,286,293,294,-1,286,294,285,-1,285,294,295,-1,285,295,284,-1,284,295,296,-1,284,296,283,-1,283,296,297,-1,283,297,282,-1,282,297,298,-1,282,298,281,-1,281,298,299,-1,281,299,280,-1,280,299,300,-1,280,300,279,-1,279,300,301,-1,279,301,278,-1,278,301,302,-1,278,302,277,-1,277,302,303,-1,277,303,276,-1,276,303,304,-1,276,304,275,-1,275,304,305,-1,275,305,274,-1,274,305,306,-1,274,306,273,-1,273,306,307,-1,273,307,272,-1,272,307,308,-1,272,308,271,-1,271,308,309,-1,271,309,270,-1,270,309,310,-1,270,310,269,-1,269,310,311,-1,269,311,247,-1,247,311,312,-1,247,312,248,-1,248,312,313,-1,248,313,266,-1,266,313,314,-1,266,314,267,-1,267,314,315,-1,267,315,268,-1,268,315,316,-1,268,316,262,-1,262,316,317,-1,262,317,263,-1,263,317,318,-1,263,318,264,-1,264,318,319,-1,264,319,265,-1,265,319,320,-1,265,320,261,-1,261,320,321,-1,261,321,260,-1,260,321,322,-1,260,322,259,-1,259,322,323,-1,259,323,258,-1,258,323,324,-1,258,324,257,-1,257,324,325,-1,257,325,256,-1,256,325,326,-1,256,326,255,-1,255,326,327,-1,255,327,254,-1,254,327,328,-1,254,328,253,-1,253,328,329,-1,253,329,252,-1,252,329,330,-1,252,330,251,-1,251,330,331,-1,251,331,250,-1,250,331,332,-1,250,332,249,-1,249,332,333,-1,249,333,246,-1,246,333,334,-1,312,311,335,-1,336,337,290,-1,290,337,291,-1,291,337,292,-1,292,337,338,-1,292,338,293,-1,293,338,294,-1,294,338,339,-1,294,339,295,-1,295,339,296,-1,296,339,340,-1,296,340,297,-1,297,340,298,-1,298,340,341,-1,298,341,299,-1,299,341,300,-1,300,341,342,-1,300,342,301,-1,301,342,302,-1,302,342,343,-1,302,343,303,-1,344,345,307,-1,307,306,344,-1,344,306,305,-1,344,305,343,-1,343,305,304,-1,343,304,303,-1,335,311,346,-1,311,310,346,-1,346,310,309,-1,346,309,345,-1,345,309,308,-1,345,308,307,-1,312,335,313,-1,313,335,347,-1,313,347,314,-1,314,347,348,-1,314,348,315,-1,315,348,316,-1,316,348,349,-1,316,349,317,-1,317,349,318,-1,318,349,350,-1,318,350,319,-1,319,350,320,-1,320,350,351,-1,320,351,321,-1,321,351,322,-1,322,351,352,-1,322,352,323,-1,323,352,324,-1,324,352,353,-1,324,353,325,-1,325,353,326,-1,326,353,354,-1,326,354,327,-1,327,354,328,-1,328,354,355,-1,328,355,329,-1,329,355,330,-1,330,355,356,-1,330,356,331,-1,331,356,332,-1,332,356,357,-1,332,357,333,-1,333,357,358,-1,333,358,334,-1,359,360,361,-1,358,362,334,-1,334,362,363,-1,363,362,364,-1,364,362,365,-1,364,365,366,-1,366,365,367,-1,367,365,368,-1,367,368,369,-1,369,368,370,-1,370,368,371,-1,370,371,372,-1,372,371,373,-1,373,371,374,-1,373,374,375,-1,375,374,376,-1,376,374,377,-1,376,377,378,-1,378,377,379,-1,379,377,380,-1,379,380,381,-1,382,383,380,-1,380,383,384,-1,380,384,381,-1,361,360,385,-1,360,386,385,-1,385,386,387,-1,385,387,382,-1,382,387,388,-1,382,388,383,-1,359,361,389,-1,389,361,390,-1,389,390,391,-1,391,390,392,-1,391,392,393,-1,393,392,394,-1,394,392,395,-1,394,395,396,-1,396,395,397,-1,397,395,398,-1,397,398,399,-1,399,398,400,-1,400,398,401,-1,400,401,402,-1,402,401,403,-1,403,401,404,-1,403,404,405,-1,405,404,406,-1,406,404,407,-1,406,407,408,-1,408,407,409,-1,409,407,410,-1,409,410,411,-1,411,410,412,-1,412,410,413,-1,412,413,414,-1,414,413,415,-1,415,413,416,-1,415,416,417,-1,417,416,418,-1,418,416,419,-1,418,419,420,-1,420,419,421,-1,421,419,422,-1,421,422,423,-1,423,422,336,-1,423,336,290,-1,424,425,426,-1,426,425,404,-1,426,404,427,-1,404,401,427,-1,427,401,398,-1,427,398,428,-1,428,398,395,-1,428,395,429,-1,429,395,392,-1,429,392,430,-1,430,392,390,-1,430,390,431,-1,431,390,361,-1,431,361,432,-1,432,361,385,-1,432,385,433,-1,433,385,382,-1,433,382,434,-1,435,436,437,-1,434,382,437,-1,437,382,380,-1,437,380,435,-1,438,362,439,-1,439,362,358,-1,439,358,440,-1,438,441,362,-1,362,441,442,-1,362,442,365,-1,442,443,365,-1,365,443,444,-1,365,444,368,-1,445,371,446,-1,446,371,368,-1,446,368,447,-1,447,368,444,-1,445,448,371,-1,371,448,449,-1,371,449,374,-1,449,450,374,-1,374,450,451,-1,374,451,377,-1,451,452,377,-1,377,452,453,-1,377,453,380,-1,380,453,454,-1,380,454,435,-1,425,455,404,-1,404,455,456,-1,404,456,407,-1,457,410,458,-1,458,410,407,-1,458,407,459,-1,459,407,456,-1,457,460,410,-1,410,460,461,-1,410,461,413,-1,462,416,463,-1,463,416,413,-1,463,413,464,-1,464,413,461,-1,462,465,416,-1,416,465,466,-1,416,466,419,-1,466,467,419,-1,419,467,468,-1,419,468,422,-1,469,336,470,-1,470,336,422,-1,470,422,471,-1,471,422,468,-1,448,445,472,-1,443,442,473,-1,474,475,476,-1,477,478,479,-1,480,481,482,-1,483,480,484,-1,485,483,486,-1,487,485,488,-1,489,487,490,-1,491,489,492,-1,493,491,494,-1,495,493,496,-1,497,495,498,-1,499,500,501,-1,502,503,504,-1,505,506,507,-1,454,505,435,-1,435,505,507,-1,435,507,436,-1,506,505,508,-1,508,505,509,-1,508,509,510,-1,510,509,511,-1,511,509,512,-1,511,512,513,-1,513,512,514,-1,513,514,515,-1,515,514,516,-1,515,516,517,-1,517,516,518,-1,518,516,482,-1,518,482,519,-1,519,482,520,-1,520,482,481,-1,520,481,521,-1,503,522,523,-1,523,522,524,-1,523,524,525,-1,500,526,527,-1,527,526,528,-1,527,528,529,-1,499,501,530,-1,531,532,533,-1,533,532,534,-1,535,478,536,-1,536,478,477,-1,536,477,537,-1,538,479,539,-1,539,479,478,-1,539,478,540,-1,540,478,535,-1,540,535,541,-1,542,538,543,-1,543,538,539,-1,543,539,544,-1,544,539,540,-1,544,540,545,-1,545,540,541,-1,545,541,546,-1,547,542,548,-1,548,542,543,-1,548,543,549,-1,549,543,544,-1,549,544,550,-1,550,544,545,-1,550,545,551,-1,551,545,546,-1,551,546,552,-1,553,547,554,-1,554,547,548,-1,554,548,555,-1,555,548,549,-1,555,549,556,-1,556,549,550,-1,556,550,557,-1,557,550,551,-1,557,551,558,-1,558,551,552,-1,558,552,497,-1,534,530,533,-1,533,530,501,-1,533,501,476,-1,529,559,527,-1,527,559,560,-1,527,560,561,-1,561,560,562,-1,561,562,563,-1,563,562,564,-1,525,565,523,-1,523,565,566,-1,523,566,567,-1,567,566,568,-1,567,568,569,-1,569,568,570,-1,569,570,571,-1,571,570,572,-1,571,572,573,-1,573,572,574,-1,573,574,575,-1,575,574,576,-1,565,577,566,-1,566,577,578,-1,566,578,568,-1,568,578,579,-1,568,579,570,-1,570,579,580,-1,570,580,572,-1,572,580,581,-1,572,581,574,-1,574,581,582,-1,574,582,576,-1,576,582,583,-1,576,583,584,-1,584,583,440,-1,476,475,533,-1,533,475,585,-1,533,585,531,-1,500,527,501,-1,501,527,561,-1,501,561,476,-1,476,561,563,-1,476,563,474,-1,586,587,588,-1,588,587,564,-1,588,564,589,-1,589,564,562,-1,589,562,590,-1,590,562,560,-1,590,560,591,-1,591,560,559,-1,591,559,504,-1,504,559,529,-1,504,529,502,-1,587,592,564,-1,564,592,593,-1,564,593,563,-1,563,593,594,-1,563,594,474,-1,503,523,504,-1,504,523,567,-1,504,567,591,-1,591,567,569,-1,591,569,590,-1,590,569,571,-1,590,571,589,-1,589,571,573,-1,589,573,588,-1,588,573,575,-1,588,575,586,-1,584,595,576,-1,576,595,596,-1,576,596,575,-1,575,596,597,-1,575,597,586,-1,577,537,578,-1,578,537,477,-1,578,477,579,-1,579,477,479,-1,579,479,580,-1,580,479,538,-1,580,538,581,-1,581,538,542,-1,581,542,582,-1,582,542,547,-1,582,547,583,-1,583,547,553,-1,583,553,440,-1,440,553,439,-1,598,441,438,-1,497,498,558,-1,558,498,599,-1,558,599,557,-1,557,599,600,-1,557,600,556,-1,556,600,601,-1,556,601,555,-1,555,601,602,-1,555,602,554,-1,554,602,598,-1,554,598,553,-1,553,598,438,-1,553,438,439,-1,495,496,498,-1,498,496,603,-1,498,603,599,-1,599,603,604,-1,599,604,600,-1,600,604,605,-1,600,605,601,-1,601,605,606,-1,601,606,602,-1,602,606,473,-1,602,473,598,-1,598,473,442,-1,598,442,441,-1,493,494,496,-1,496,494,607,-1,496,607,603,-1,603,607,608,-1,603,608,604,-1,604,608,609,-1,604,609,605,-1,605,609,610,-1,605,610,606,-1,606,610,611,-1,606,611,473,-1,473,611,444,-1,473,444,443,-1,612,446,447,-1,491,492,494,-1,494,492,613,-1,494,613,607,-1,607,613,614,-1,607,614,608,-1,608,614,615,-1,608,615,609,-1,609,615,616,-1,609,616,610,-1,610,616,612,-1,610,612,611,-1,611,612,447,-1,611,447,444,-1,489,490,492,-1,492,490,617,-1,492,617,613,-1,613,617,618,-1,613,618,614,-1,614,618,619,-1,614,619,615,-1,615,619,620,-1,615,620,616,-1,616,620,472,-1,616,472,612,-1,612,472,445,-1,612,445,446,-1,487,488,490,-1,490,488,621,-1,490,621,617,-1,617,621,622,-1,617,622,618,-1,618,622,623,-1,618,623,619,-1,619,623,624,-1,619,624,620,-1,620,624,625,-1,620,625,472,-1,472,625,449,-1,472,449,448,-1,626,451,450,-1,485,486,488,-1,488,486,627,-1,488,627,621,-1,621,627,628,-1,621,628,622,-1,622,628,629,-1,622,629,623,-1,623,629,630,-1,623,630,624,-1,624,630,626,-1,624,626,625,-1,625,626,450,-1,625,450,449,-1,631,453,452,-1,483,484,486,-1,486,484,632,-1,486,632,627,-1,627,632,633,-1,627,633,628,-1,628,633,634,-1,628,634,629,-1,629,634,635,-1,629,635,630,-1,630,635,631,-1,630,631,626,-1,626,631,452,-1,626,452,451,-1,480,482,484,-1,484,482,516,-1,484,516,632,-1,632,516,514,-1,632,514,633,-1,633,514,512,-1,633,512,634,-1,634,512,509,-1,634,509,635,-1,635,509,505,-1,635,505,631,-1,631,505,454,-1,631,454,453,-1,
        ]
    }
}
Shape{
    appearance Appearance {
        material  Material 	{
            diffuseColor 1.0 1.0 1.0
            specularColor 0.5019607843137255 0.5019607843137255 0.5019607843137255
            ambientIntensity 0.2
            transparency 0
            shininess 0.5
        }
    }
    geometry IndexedFaceSet {
        ccw TRUE
        solid FALSE
        coord DEF co Coordinate {
            point [
                0.1654 0.0529 -0.2181, 0.1654 0.0419 -0.2028, 0.1654 0.0419 -0.2067, 0.1654 0.045 -0.214, 0.1654 0.0472 -0.2159, 0.1654 0.0499 -0.2173, 0.1654 0.1909 -0.2185, 0.1654 0.1909 -0.2028, 0.1654 0.056 -0.2185, 0.1654 0.0542 -0.2184, 0.1654 0.0422 -0.2091, 0.1654 0.0423 -0.2093, 0.1654 0.0504 -0.2175, 0.1654 0.0447 -0.2138, 0.1654 0.0433 -0.2118, 0.1654 0.0431 -0.2115, 0.0601 0.0863 -0.2028, 0.0989 0.0755 -0.2028, 0.1358 0.0594 -0.2028, -0.0989 0.0755 -0.2028, -0.1654 0.1909 -0.2028, -0.1358 0.0594 -0.2028, -0.1654 0.0419 -0.2028, -0.0601 0.0863 -0.2028, -0.0202 0.0918 -0.2028, 0.0202 0.0918 -0.2028, 0.0202 0.0918 -0.2028
            ]
        }
        coordIndex [
            0,1,2,-1,3,4,5,-1,6,7,8,-1,8,7,1,-1,8,1,9,-1,9,1,0,-1,2,10,0,-1,0,10,11,-1,0,11,12,-1,12,11,5,-1,13,3,14,-1,14,3,5,-1,14,5,15,-1,15,5,11,-1,16,17,7,-1,7,17,18,-1,7,18,1,-1,19,20,21,-1,21,20,22,-1,19,23,20,-1,20,23,24,-1,20,24,7,-1,7,24,25,-1,7,25,16,-1,
        ]
    }
}
Shape{
    appearance Appearance {
        material  Material 	{
            diffuseColor 0.9882352941176471 0.7372549019607844 0.5176470588235295
            specularColor 0.49411764705882355 0.3686274509803922 0.25882352941176473
            ambientIntensity 0.2
            transparency 0
            shininess 0.5
        }
    }
    geometry IndexedFaceSet {
        ccw TRUE
        solid FALSE
        coord DEF co Coordinate {
            point [
                -0.2666 0.176 -0.2657, -0.2666 0.176 -0.2185, -0.2651 0.1801 -0.2185, -0.2651 0.1801 -0.2657, -0.2627 0.1837 -0.2185, -0.2627 0.1837 -0.2657, -0.2596 0.1868 -0.2185, -0.2596 0.1868 -0.2657, -0.2559 0.189 -0.2185, -0.2559 0.189 -0.2657, -0.2518 0.1905 -0.2185, -0.2518 0.1905 -0.2657, -0.2475 0.1909 -0.2185, -0.2475 0.1909 -0.2657, -0.2691 0.1693 -0.2185, -0.2691 0.1693 -0.2657, -0.2732 0.1635 -0.2185, -0.2732 0.1635 -0.2657, -0.2785 0.1588 -0.2185, -0.2785 0.1588 -0.2657, -0.2848 0.1555 -0.2185, -0.2848 0.1555 -0.2657, -0.2917 0.1538 -0.2185, -0.2917 0.1538 -0.2657, -0.2988 0.1538 -0.2185, -0.2988 0.1538 -0.2657, -0.3058 0.1555 -0.2185, -0.3058 0.1555 -0.2657, -0.3121 0.1588 -0.2185, -0.3121 0.1588 -0.2657, -0.3174 0.1635 -0.2185, -0.3174 0.1635 -0.2657, -0.3214 0.1694 -0.2185, -0.3214 0.1694 -0.2657, -0.3239 0.176 -0.2185, -0.3239 0.176 -0.2657, -0.3248 0.1831 -0.2185, -0.3248 0.1831 -0.2657, -0.3937 0.1831 -0.2657, -0.3937 0.1831 -0.2185, -0.3937 -0.0059 -0.2185, -0.3937 -0.0059 -0.2657, -0.3543 -0.0453 -0.2657, -0.3543 -0.0453 -0.2185, -0.3543 -0.3602 -0.2657, -0.3543 -0.3602 -0.2185, -0.3937 -0.3996 -0.2657, -0.3937 -0.3996 -0.2185, -0.3937 -0.5886 -0.2657, -0.3937 -0.5886 -0.2185, -0.3248 -0.5886 -0.2657, -0.3248 -0.5886 -0.2185, -0.3239 -0.5815 -0.2185, -0.3239 -0.5815 -0.2657, -0.3214 -0.5749 -0.2185, -0.3214 -0.5749 -0.2657, -0.3174 -0.569 -0.2185, -0.3174 -0.569 -0.2657, -0.3121 -0.5643 -0.2185, -0.3121 -0.5643 -0.2657, -0.3058 -0.561 -0.2185, -0.3058 -0.561 -0.2657, -0.2988 -0.5593 -0.2185, -0.2988 -0.5593 -0.2657, -0.2917 -0.5593 -0.2185, -0.2917 -0.5593 -0.2657, -0.2848 -0.561 -0.2185, -0.2848 -0.561 -0.2657, -0.2785 -0.5643 -0.2185, -0.2785 -0.5643 -0.2657, -0.2732 -0.569 -0.2185, -0.2732 -0.569 -0.2657, -0.2691 -0.5748 -0.2185, -0.2691 -0.5748 -0.2657, -0.2666 -0.5815 -0.2185, -0.2666 -0.5815 -0.2657, -0.2651 -0.5856 -0.2657, -0.2651 -0.5856 -0.2185, -0.2627 -0.5892 -0.2657, -0.2627 -0.5892 -0.2185, -0.2596 -0.5923 -0.2657, -0.2596 -0.5923 -0.2185, -0.2559 -0.5946 -0.2657, -0.2559 -0.5946 -0.2185, -0.2518 -0.596 -0.2657, -0.2518 -0.596 -0.2185, -0.2475 -0.5965 -0.2657, -0.2475 -0.5965 -0.2185, -0.2475 -0.5965 -0.2185
            ]
        }
        coordIndex [
            0,1,2,-1,0,2,3,-1,3,2,4,-1,3,4,5,-1,5,4,6,-1,5,6,7,-1,7,6,8,-1,7,8,9,-1,9,8,10,-1,9,10,11,-1,11,10,12,-1,11,12,13,-1,1,0,14,-1,14,0,15,-1,14,15,16,-1,16,15,17,-1,16,17,18,-1,18,17,19,-1,18,19,20,-1,20,19,21,-1,20,21,22,-1,22,21,23,-1,22,23,24,-1,24,23,25,-1,24,25,26,-1,26,25,27,-1,26,27,28,-1,28,27,29,-1,28,29,30,-1,30,29,31,-1,30,31,32,-1,32,31,33,-1,32,33,34,-1,34,33,35,-1,34,35,36,-1,36,35,37,-1,38,39,37,-1,37,39,36,-1,40,39,41,-1,41,39,38,-1,42,43,41,-1,41,43,40,-1,44,45,42,-1,42,45,43,-1,46,47,44,-1,44,47,45,-1,46,48,47,-1,47,48,49,-1,50,51,48,-1,48,51,49,-1,51,50,52,-1,52,50,53,-1,52,53,54,-1,54,53,55,-1,54,55,56,-1,56,55,57,-1,56,57,58,-1,58,57,59,-1,58,59,60,-1,60,59,61,-1,60,61,62,-1,62,61,63,-1,62,63,64,-1,64,63,65,-1,64,65,66,-1,66,65,67,-1,66,67,68,-1,68,67,69,-1,68,69,70,-1,70,69,71,-1,70,71,72,-1,72,71,73,-1,72,73,74,-1,74,73,75,-1,74,75,76,-1,74,76,77,-1,77,76,78,-1,77,78,79,-1,79,78,80,-1,79,80,81,-1,81,80,82,-1,81,82,83,-1,83,82,84,-1,83,84,85,-1,85,84,86,-1,85,86,87,-1,
        ]
    }
}
Shape{
    appearance Appearance {
        material  Material 	{
            diffuseColor 1.0 1.0 1.0
            specularColor 0.5019607843137255 0.5019607843137255 0.5019607843137255
            ambientIntensity 0.2
            transparency 0
            shininess 0.5
        }
    }
    geometry IndexedFaceSet {
        ccw TRUE
        solid FALSE
        coord DEF co Coordinate {
            point [
                0.0552 -0.4446 -0.2421, 0.0709 -0.4404 -0.2421, 0.0709 -0.6004 -0.2421, -0.0709 -0.4404 -0.2421, -0.0552 -0.4446 -0.2421, -0.0709 -0.6004 -0.2421, -0.0185 -0.4501 -0.2421, 0.0185 -0.4501 -0.2421, 0.0185 -0.4501 -0.2421
            ]
        }
        coordIndex [
            0,1,2,-1,3,4,5,-1,5,4,6,-1,5,6,2,-1,2,6,7,-1,2,7,0,-1,
        ]
    }
}
Shape{
    appearance Appearance {
        material  Material 	{
            diffuseColor 0.9882352941176471 0.7372549019607844 0.5176470588235295
            specularColor 0.49411764705882355 0.3686274509803922 0.25882352941176473
            ambientIntensity 0.2
            transparency 0
            shininess 0.5
        }
    }
    geometry IndexedFaceSet {
        ccw TRUE
        solid FALSE
        coord DEF co Coordinate {
            point [
                0.2652 0.1799 -0.2185, 0.2666 0.176 -0.2185, 0.2666 0.176 -0.2657, 0.2652 0.1799 -0.2657, 0.2628 0.1836 -0.2657, 0.2628 0.1836 -0.2185, 0.2597 0.1867 -0.2657, 0.2597 0.1867 -0.2185, 0.256 0.189 -0.2657, 0.256 0.189 -0.2185, 0.2518 0.1905 -0.2657, 0.2518 0.1905 -0.2185, 0.2475 0.1909 -0.2657, 0.2475 0.1909 -0.2185, 0.3248 0.1831 -0.2185, 0.3248 0.1831 -0.2657, 0.3239 0.176 -0.2185, 0.3239 0.176 -0.2657, 0.3214 0.1693 -0.2185, 0.3214 0.1693 -0.2657, 0.3173 0.1634 -0.2185, 0.3173 0.1634 -0.2657, 0.3119 0.1587 -0.2185, 0.3119 0.1587 -0.2657, 0.3056 0.1554 -0.2185, 0.3056 0.1554 -0.2657, 0.2986 0.1537 -0.2185, 0.2986 0.1537 -0.2657, 0.2914 0.1538 -0.2185, 0.2914 0.1538 -0.2657, 0.2845 0.1556 -0.2185, 0.2845 0.1556 -0.2657, 0.2782 0.159 -0.2185, 0.2782 0.159 -0.2657, 0.2729 0.1638 -0.2185, 0.2729 0.1638 -0.2657, 0.2689 0.1698 -0.2185, 0.2689 0.1698 -0.2657, 0.3937 0.1831 -0.2657, 0.3937 0.1831 -0.2185, 0.3937 -0.0059 -0.2657, 0.3937 -0.0059 -0.2185, 0.3543 -0.0453 -0.2657, 0.3543 -0.0453 -0.2185, 0.3543 -0.3602 -0.2657, 0.3543 -0.3602 -0.2185, 0.3937 -0.3996 -0.2657, 0.3937 -0.3996 -0.2185, 0.3937 -0.5886 -0.2185, 0.3937 -0.5886 -0.2657, 0.3248 -0.5886 -0.2657, 0.3248 -0.5886 -0.2185, 0.2666 -0.5815 -0.2185, 0.2666 -0.5815 -0.2657, 0.2689 -0.5753 -0.2185, 0.2689 -0.5753 -0.2657, 0.2729 -0.5693 -0.2185, 0.2729 -0.5693 -0.2657, 0.2782 -0.5645 -0.2185, 0.2782 -0.5645 -0.2657, 0.2845 -0.5611 -0.2185, 0.2845 -0.5611 -0.2657, 0.2914 -0.5593 -0.2185, 0.2914 -0.5593 -0.2657, 0.2986 -0.5592 -0.2185, 0.2986 -0.5592 -0.2657, 0.3056 -0.5609 -0.2185, 0.3056 -0.5609 -0.2657, 0.3119 -0.5642 -0.2185, 0.3119 -0.5642 -0.2657, 0.3173 -0.5689 -0.2185, 0.3173 -0.5689 -0.2657, 0.3214 -0.5748 -0.2185, 0.3214 -0.5748 -0.2657, 0.3239 -0.5815 -0.2185, 0.3239 -0.5815 -0.2657, 0.2652 -0.5855 -0.2657, 0.2652 -0.5855 -0.2185, 0.2628 -0.5891 -0.2185, 0.2628 -0.5891 -0.2657, 0.2597 -0.5922 -0.2185, 0.2597 -0.5922 -0.2657, 0.256 -0.5945 -0.2185, 0.256 -0.5945 -0.2657, 0.2518 -0.596 -0.2185, 0.2518 -0.596 -0.2657, 0.2475 -0.5965 -0.2185, 0.2475 -0.5965 -0.2657, -0.3239 0.176 -0.2185, -0.3248 0.1831 -0.2185, -0.3937 0.1831 -0.2185, -0.2917 -0.5593 -0.2185, -0.2848 -0.561 -0.2185, -0.2165 -0.4205 -0.2185, -0.2785 -0.5643 -0.2185, -0.2754 -0.0669 -0.2185, -0.2618 -0.0423 -0.2185, -0.3543 -0.0453 -0.2185, -0.246 -0.019 -0.2185, -0.2282 0.0028 -0.2185, -0.2339 -0.4017 -0.2185, -0.3543 -0.3602 -0.2185, -0.2988 -0.5593 -0.2185, -0.3019 -0.1468 -0.2185, -0.2956 -0.1194 -0.2185, -0.2867 -0.0927 -0.2185, -0.3248 -0.5886 -0.2185, -0.3239 -0.5815 -0.2185, -0.3937 -0.5886 -0.2185, -0.3214 -0.5749 -0.2185, -0.3937 -0.3996 -0.2185, -0.3174 -0.569 -0.2185, -0.3121 -0.5643 -0.2185, -0.3058 -0.561 -0.2185, -0.1654 0.056 -0.2185, -0.1654 0.1909 -0.2185, -0.2666 0.176 -0.2185, -0.2475 0.1909 -0.2185, -0.2651 0.1801 -0.2185, -0.2518 0.1905 -0.2185, -0.2559 0.189 -0.2185, -0.2596 0.1868 -0.2185, -0.2627 0.1837 -0.2185, -0.3937 -0.0059 -0.2185, -0.3174 0.1635 -0.2185, -0.3214 0.1694 -0.2185, -0.2732 -0.569 -0.2185, -0.2691 -0.5748 -0.2185, -0.2165 -0.5965 -0.2185, -0.2666 -0.5815 -0.2185, -0.2475 -0.5965 -0.2185, -0.2691 0.1693 -0.2185, -0.2732 0.1635 -0.2185, -0.1869 0.0409 -0.2185, -0.2785 0.1588 -0.2185, -0.2084 0.0228 -0.2185, -0.2848 0.1555 -0.2185, -0.2917 0.1538 -0.2185, -0.2988 0.1538 -0.2185, -0.3058 0.1555 -0.2185, -0.3121 0.1588 -0.2185, -0.2505 -0.3804 -0.2185, -0.2652 -0.3576 -0.2185, -0.2778 -0.3337 -0.2185, -0.3023 -0.2566 -0.2185, -0.3059 -0.2298 -0.2185, -0.3071 -0.2028 -0.2185, -0.3058 -0.1746 -0.2185, -0.2882 -0.3087 -0.2185, -0.2964 -0.283 -0.2185, -0.2596 -0.5923 -0.2185, -0.2627 -0.5892 -0.2185, -0.2651 -0.5856 -0.2185, -0.2559 -0.5946 -0.2185, -0.2518 -0.596 -0.2185, -0.2518 -0.596 -0.2185
            ]
        }
        coordIndex [
            0,1,2,-1,2,3,0,-1,0,3,4,-1,0,4,5,-1,5,4,6,-1,5,6,7,-1,7,6,8,-1,7,8,9,-1,9,8,10,-1,9,10,11,-1,11,10,12,-1,11,12,13,-1,14,15,16,-1,16,15,17,-1,16,17,18,-1,18,17,19,-1,18,19,20,-1,20,19,21,-1,20,21,22,-1,22,21,23,-1,22,23,24,-1,24,23,25,-1,24,25,26,-1,26,25,27,-1,26,27,28,-1,28,27,29,-1,28,29,30,-1,30,29,31,-1,30,31,32,-1,32,31,33,-1,32,33,34,-1,34,33,35,-1,34,35,36,-1,36,35,37,-1,36,37,1,-1,1,37,2,-1,15,14,38,-1,38,14,39,-1,40,38,41,-1,41,38,39,-1,40,41,42,-1,42,41,43,-1,42,43,44,-1,44,43,45,-1,44,45,46,-1,46,45,47,-1,47,48,46,-1,46,48,49,-1,49,48,50,-1,50,48,51,-1,52,53,54,-1,54,53,55,-1,54,55,56,-1,56,55,57,-1,56,57,58,-1,58,57,59,-1,58,59,60,-1,60,59,61,-1,60,61,62,-1,62,61,63,-1,62,63,64,-1,64,63,65,-1,64,65,66,-1,66,65,67,-1,66,67,68,-1,68,67,69,-1,68,69,70,-1,70,69,71,-1,70,71,72,-1,72,71,73,-1,72,73,74,-1,74,73,75,-1,74,75,51,-1,51,75,50,-1,76,53,52,-1,52,77,76,-1,76,77,78,-1,76,78,79,-1,79,78,80,-1,79,80,81,-1,81,80,82,-1,81,82,83,-1,83,82,84,-1,83,84,85,-1,85,84,86,-1,85,86,87,-1,88,89,90,-1,91,92,93,-1,93,92,94,-1,95,96,97,-1,97,96,98,-1,97,98,99,-1,100,101,93,-1,93,101,102,-1,93,102,91,-1,103,104,97,-1,97,104,105,-1,97,105,95,-1,106,107,108,-1,108,107,109,-1,108,109,110,-1,109,111,110,-1,110,111,112,-1,110,112,101,-1,101,112,113,-1,101,113,102,-1,114,115,116,-1,116,115,117,-1,116,117,118,-1,118,117,119,-1,119,120,118,-1,118,120,121,-1,118,121,122,-1,123,124,90,-1,90,124,125,-1,90,125,88,-1,94,126,93,-1,93,126,127,-1,93,127,128,-1,128,127,129,-1,128,129,130,-1,116,131,114,-1,114,131,132,-1,114,132,133,-1,133,132,134,-1,133,134,135,-1,135,134,136,-1,135,136,99,-1,99,136,137,-1,99,137,97,-1,137,138,97,-1,97,138,139,-1,97,139,123,-1,123,139,140,-1,123,140,124,-1,100,141,101,-1,101,141,142,-1,101,142,143,-1,144,145,101,-1,101,145,146,-1,101,146,97,-1,97,146,147,-1,97,147,103,-1,143,148,101,-1,101,148,149,-1,101,149,144,-1,150,129,151,-1,151,129,152,-1,150,153,129,-1,129,153,154,-1,129,154,130,-1,
        ]
    }
}
Shape{
    appearance Appearance {
        material  Material 	{
            diffuseColor 1.0 1.0 1.0
            specularColor 0.5019607843137255 0.5019607843137255 0.5019607843137255
            ambientIntensity 0.2
            transparency 0
            shininess 0.5
        }
    }
    geometry IndexedFaceSet {
        ccw TRUE
        solid FALSE
        coord DEF co Coordinate {
            point [
                -0.1654 0.0433 -0.2118, -0.1654 0.0431 -0.2114, -0.1654 0.0423 -0.2093, -0.1654 0.0422 -0.2091, -0.1654 0.1909 -0.2028, -0.1654 0.0419 -0.2067, -0.1654 0.0419 -0.2028, -0.1654 0.1909 -0.2185, -0.1654 0.056 -0.2185, -0.1654 0.0536 -0.2183, -0.1654 0.0529 -0.2181, -0.1654 0.0498 -0.2173, -0.1654 0.0473 -0.2159, -0.1654 0.0468 -0.2156, -0.1654 0.045 -0.214, -0.1654 0.0446 -0.2137, -0.1654 0.0446 -0.2137
            ]
        }
        coordIndex [
            0,1,2,-1,2,3,4,-1,4,3,5,-1,4,5,6,-1,4,7,2,-1,2,7,8,-1,2,8,9,-1,9,10,2,-1,2,10,11,-1,2,11,12,-1,12,13,2,-1,2,13,14,-1,2,14,0,-1,0,14,15,-1,
        ]
    }
}
Shape{
    appearance Appearance {
        material  Material 	{
            diffuseColor 0.9882352941176471 0.7372549019607844 0.5176470588235295
            specularColor 0.49411764705882355 0.3686274509803922 0.25882352941176473
            ambientIntensity 0.2
            transparency 0
            shininess 0.5
        }
    }
    geometry IndexedFaceSet {
        ccw TRUE
        solid FALSE
        coord DEF co Coordinate {
            point [
                -0.2521 -0.3561 -0.2067, -0.255 -0.3517 -0.2067, -0.2552 -0.3518 -0.2093, -0.2842 -0.2824 -0.2067, -0.285 -0.2799 -0.2067, -0.2853 -0.28 -0.2093, -0.2505 -0.3804 -0.2185, -0.2339 -0.4017 -0.2185, -0.2319 -0.4 -0.2182, -0.2652 -0.3576 -0.2185, -0.2484 -0.3788 -0.2182, -0.2778 -0.3337 -0.2185, -0.2629 -0.3563 -0.2182, -0.2882 -0.3087 -0.2185, -0.2754 -0.3326 -0.2182, -0.2964 -0.283 -0.2185, -0.2857 -0.3078 -0.2182, -0.3023 -0.2566 -0.2185, -0.2939 -0.2823 -0.2182, -0.3059 -0.2298 -0.2185, -0.2997 -0.2561 -0.2182, -0.3071 -0.2028 -0.2185, -0.3033 -0.2295 -0.2182, -0.2251 -0.3943 -0.2093, -0.2165 -0.404 -0.2093, -0.2165 -0.4036 -0.2077, -0.2165 -0.4041 -0.2099, -0.2258 -0.3948 -0.2118, -0.2165 -0.4052 -0.2118, -0.2165 -0.4053 -0.2119, -0.2269 -0.3957 -0.2141, -0.2165 -0.4073 -0.2141, -0.2283 -0.3969 -0.2159, -0.2165 -0.41 -0.2159, -0.2165 -0.41 -0.216, -0.23 -0.3984 -0.2173, -0.2165 -0.4133 -0.2172, -0.2165 -0.4149 -0.2178, -0.2165 -0.4168 -0.2181, -0.2165 -0.4205 -0.2185, -0.3045 -0.2028 -0.2182, -0.3008 -0.2293 -0.2173, -0.302 -0.2028 -0.2173, -0.2986 -0.2291 -0.2159, -0.2997 -0.2028 -0.2159, -0.2967 -0.229 -0.2141, -0.2979 -0.2028 -0.2141, -0.2953 -0.2288 -0.2118, -0.2964 -0.2028 -0.2118, -0.2944 -0.2288 -0.2093, -0.2956 -0.2028 -0.2093, -0.2941 -0.2287 -0.2067, -0.2953 -0.2028 -0.2067, -0.291 -0.2546 -0.2093, -0.2907 -0.2545 -0.2067, -0.2922 -0.2429 -0.2067, -0.2973 -0.2557 -0.2173, -0.2951 -0.2553 -0.2159, -0.2932 -0.255 -0.2141, -0.2919 -0.2547 -0.2118, -0.2915 -0.2816 -0.2173, -0.2893 -0.2811 -0.2159, -0.2875 -0.2806 -0.2141, -0.2862 -0.2802 -0.2118, -0.2834 -0.307 -0.2173, -0.2813 -0.3062 -0.2159, -0.2795 -0.3056 -0.2141, -0.2782 -0.3051 -0.2118, -0.2774 -0.3048 -0.2093, -0.2771 -0.3047 -0.2067, -0.2674 -0.3288 -0.2093, -0.2671 -0.3287 -0.2067, -0.2706 -0.3203 -0.2067, -0.2731 -0.3315 -0.2173, -0.2711 -0.3306 -0.2159, -0.2694 -0.3298 -0.2141, -0.2681 -0.3292 -0.2118, -0.2607 -0.355 -0.2173, -0.2588 -0.3539 -0.2159, -0.2572 -0.353 -0.2141, -0.256 -0.3523 -0.2118, -0.2463 -0.3774 -0.2173, -0.2445 -0.3761 -0.2159, -0.243 -0.375 -0.2141, -0.2418 -0.3742 -0.2118, -0.2411 -0.3737 -0.2093, -0.2409 -0.3735 -0.2067, -0.2289 -0.389 -0.2067, -0.2249 -0.3941 -0.2067, -0.2165 -0.4035 -0.2067, 0.2015 -0.4186 -0.2028, 0.2165 -0.4035 -0.2028, 0.229 -0.3891 -0.1634, 0.2165 -0.4035 -0.2067, 0.2252 -0.3938 -0.2067, 0.2015 -0.4186 -0.1634, 0.1703 -0.444 -0.1634, 0.1703 -0.444 -0.2028, 0.1358 -0.4649 -0.1634, 0.1358 -0.4649 -0.2028, 0.0989 -0.481 -0.1634, 0.0989 -0.481 -0.2028, 0.0601 -0.4919 -0.1634, 0.0601 -0.4919 -0.2028, 0.0202 -0.4973 -0.1634, 0.0202 -0.4973 -0.2028, -0.0202 -0.4973 -0.1634, -0.0202 -0.4973 -0.2028, -0.0601 -0.4919 -0.1634, -0.0601 -0.4919 -0.2028, -0.0989 -0.481 -0.1634, -0.0989 -0.481 -0.2028, -0.1358 -0.4649 -0.1634, -0.1358 -0.4649 -0.2028, -0.1703 -0.444 -0.1634, -0.1703 -0.444 -0.2028, -0.2015 -0.4186 -0.1634, -0.2015 -0.4186 -0.2028, -0.2165 -0.4035 -0.2028, -0.229 -0.3891 -0.1634, -0.2925 -0.243 -0.1634, -0.2953 -0.2028 -0.1634, -0.2843 -0.2824 -0.1634, -0.2708 -0.3204 -0.1634, -0.2523 -0.3562 -0.1634, 0.2289 -0.389 -0.2067, 0.2423 -0.3715 -0.2067, 0.2523 -0.3562 -0.1634, 0.2699 -0.3225 -0.2067, 0.2708 -0.3204 -0.1634, 0.2573 -0.3476 -0.2067, 0.252 -0.356 -0.2067, 0.2707 -0.3204 -0.2067, 0.2801 -0.2962 -0.2067, 0.2843 -0.2824 -0.1634, 0.284 -0.2823 -0.2067, 0.2877 -0.2691 -0.2067, 0.2925 -0.243 -0.1634, 0.2925 -0.243 -0.2067, 0.2927 -0.2414 -0.2067, 0.2953 -0.2028 -0.1634, 0.2951 -0.2134 -0.2067, 0.2953 -0.2028 -0.2067, 0.3239 -0.5815 -0.2185, 0.3248 -0.5886 -0.2185, 0.3937 -0.5886 -0.2185, 0.2992 -0.2718 -0.2185, 0.2913 -0.3 -0.2185, 0.3543 -0.3602 -0.2185, 0.3248 0.1831 -0.2185, 0.3239 0.176 -0.2185, 0.3937 0.1831 -0.2185, 0.3214 0.1693 -0.2185, 0.3937 -0.0059 -0.2185, 0.264 -0.0459 -0.2185, 0.2777 -0.0717 -0.2185, 0.3543 -0.0453 -0.2185, 0.2986 0.1537 -0.2185, 0.2914 0.1538 -0.2185, 0.2295 0.0013 -0.2185, 0.2845 0.1556 -0.2185, 0.1654 0.056 -0.2185, 0.1866 0.0411 -0.2185, 0.2782 0.159 -0.2185, 0.2165 -0.4205 -0.2185, 0.2782 -0.5645 -0.2185, 0.2845 -0.5611 -0.2185, 0.3937 -0.3996 -0.2185, 0.3173 -0.5689 -0.2185, 0.3214 -0.5748 -0.2185, 0.2889 -0.0988 -0.2185, 0.2975 -0.1268 -0.2185, 0.3034 -0.1554 -0.2185, 0.2666 -0.5815 -0.2185, 0.2689 -0.5753 -0.2185, 0.2729 -0.5693 -0.2185, 0.2914 -0.5593 -0.2185, 0.2986 -0.5592 -0.2185, 0.3056 -0.5609 -0.2185, 0.3119 -0.5642 -0.2185, 0.2479 -0.0215 -0.2185, 0.3065 -0.1846 -0.2185, 0.3069 -0.2138 -0.2185, 0.3044 -0.243 -0.2185, 0.2807 -0.3273 -0.2185, 0.2676 -0.3534 -0.2185, 0.252 -0.3782 -0.2185, 0.3173 0.1634 -0.2185, 0.3119 0.1587 -0.2185, 0.3056 0.1554 -0.2185, 0.209 0.0222 -0.2185, 0.2342 -0.4014 -0.2185, 0.2597 0.1867 -0.2185, 0.256 0.189 -0.2185, 0.2518 0.1905 -0.2185, 0.2165 -0.5965 -0.2185, 0.2475 -0.5965 -0.2185, 0.2652 -0.5855 -0.2185, 0.2518 -0.596 -0.2185, 0.256 -0.5945 -0.2185, 0.2597 -0.5922 -0.2185, 0.2628 -0.5891 -0.2185, 0.2729 0.1638 -0.2185, 0.2689 0.1698 -0.2185, 0.1654 0.1909 -0.2185, 0.2666 0.176 -0.2185, 0.2475 0.1909 -0.2185, 0.2652 0.1799 -0.2185, 0.2628 0.1836 -0.2185, -0.1654 0.1909 -0.2185, 0.2165 0.1909 -0.2618, -0.2165 0.1909 -0.2618, -0.2165 0.1909 -0.2657, -0.2475 0.1909 -0.2657, -0.2475 0.1909 -0.2185, 0.2475 0.1909 -0.2657, 0.2165 0.1909 -0.2657, 0.1654 0.1909 -0.2028, -0.1654 0.1909 -0.2028, -0.3239 -0.5815 -0.2657, -0.3248 -0.5886 -0.2657, -0.3937 -0.5886 -0.2657, -0.2165 -0.5965 -0.2657, -0.3543 -0.3602 -0.2657, -0.3543 -0.0453 -0.2657, -0.2596 -0.5923 -0.2657, -0.2627 -0.5892 -0.2657, -0.2651 -0.5856 -0.2657, -0.2785 -0.5643 -0.2657, -0.2848 -0.561 -0.2657, -0.2917 -0.5593 -0.2657, -0.2988 0.1538 -0.2657, -0.2917 0.1538 -0.2657, -0.2848 0.1555 -0.2657, -0.2559 -0.5946 -0.2657, -0.2732 -0.569 -0.2657, -0.2691 -0.5748 -0.2657, -0.2988 -0.5593 -0.2657, -0.3058 -0.561 -0.2657, -0.3937 -0.3996 -0.2657, -0.3248 0.1831 -0.2657, -0.3239 0.176 -0.2657, -0.3937 0.1831 -0.2657, -0.3214 0.1694 -0.2657, -0.3937 -0.0059 -0.2657, -0.2785 0.1588 -0.2657, -0.2732 0.1635 -0.2657, -0.2691 0.1693 -0.2657, -0.2666 0.176 -0.2657, -0.2666 -0.5815 -0.2657, -0.2475 -0.5965 -0.2657, -0.2518 -0.596 -0.2657, -0.3121 -0.5643 -0.2657, -0.3174 -0.569 -0.2657, -0.3214 -0.5749 -0.2657, -0.3174 0.1635 -0.2657, -0.3121 0.1588 -0.2657, -0.3058 0.1555 -0.2657, -0.2559 0.189 -0.2657, -0.2518 0.1905 -0.2657, -0.2651 0.1801 -0.2657, -0.2627 0.1837 -0.2657, -0.2596 0.1868 -0.2657, -0.2596 0.1868 -0.2657
            ]
        }
        coordIndex [
            0,1,2,-1,3,4,5,-1,6,7,8,-1,9,6,10,-1,11,9,12,-1,13,11,14,-1,15,13,16,-1,17,15,18,-1,19,17,20,-1,21,19,22,-1,23,24,25,-1,24,23,26,-1,26,23,27,-1,26,27,28,-1,28,27,29,-1,29,27,30,-1,29,30,31,-1,31,30,32,-1,31,32,33,-1,33,32,34,-1,34,32,35,-1,34,35,36,-1,36,35,37,-1,37,35,8,-1,37,8,38,-1,38,8,7,-1,38,7,39,-1,21,22,40,-1,40,22,41,-1,40,41,42,-1,42,41,43,-1,42,43,44,-1,44,43,45,-1,44,45,46,-1,46,45,47,-1,46,47,48,-1,48,47,49,-1,48,49,50,-1,50,49,51,-1,50,51,52,-1,53,54,55,-1,19,20,22,-1,22,20,56,-1,22,56,41,-1,41,56,57,-1,41,57,43,-1,43,57,58,-1,43,58,45,-1,45,58,59,-1,45,59,47,-1,47,59,53,-1,47,53,49,-1,49,53,55,-1,49,55,51,-1,17,18,20,-1,20,18,60,-1,20,60,56,-1,56,60,61,-1,56,61,57,-1,57,61,62,-1,57,62,58,-1,58,62,63,-1,58,63,59,-1,59,63,5,-1,59,5,53,-1,53,5,4,-1,53,4,54,-1,15,16,18,-1,18,16,64,-1,18,64,60,-1,60,64,65,-1,60,65,61,-1,61,65,66,-1,61,66,62,-1,62,66,67,-1,62,67,63,-1,63,67,68,-1,63,68,5,-1,5,68,69,-1,5,69,3,-1,70,71,72,-1,13,14,16,-1,16,14,73,-1,16,73,64,-1,64,73,74,-1,64,74,65,-1,65,74,75,-1,65,75,66,-1,66,75,76,-1,66,76,67,-1,67,76,70,-1,67,70,68,-1,68,70,72,-1,68,72,69,-1,11,12,14,-1,14,12,77,-1,14,77,73,-1,73,77,78,-1,73,78,74,-1,74,78,79,-1,74,79,75,-1,75,79,80,-1,75,80,76,-1,76,80,2,-1,76,2,70,-1,70,2,1,-1,70,1,71,-1,9,10,12,-1,12,10,81,-1,12,81,77,-1,77,81,82,-1,77,82,78,-1,78,82,83,-1,78,83,79,-1,79,83,84,-1,79,84,80,-1,80,84,85,-1,80,85,2,-1,2,85,86,-1,2,86,0,-1,87,23,88,-1,88,23,25,-1,88,25,89,-1,6,8,10,-1,10,8,35,-1,10,35,81,-1,81,35,32,-1,81,32,82,-1,82,32,30,-1,82,30,83,-1,83,30,27,-1,83,27,84,-1,84,27,23,-1,84,23,85,-1,85,23,87,-1,85,87,86,-1,90,91,92,-1,92,91,93,-1,92,93,94,-1,92,95,90,-1,90,95,96,-1,90,96,97,-1,97,96,98,-1,97,98,99,-1,99,98,100,-1,99,100,101,-1,101,100,102,-1,101,102,103,-1,103,102,104,-1,103,104,105,-1,105,104,106,-1,105,106,107,-1,107,106,108,-1,107,108,109,-1,109,108,110,-1,109,110,111,-1,111,110,112,-1,111,112,113,-1,113,112,114,-1,113,114,115,-1,115,114,116,-1,115,116,117,-1,88,89,118,-1,117,116,118,-1,118,116,119,-1,118,119,88,-1,55,120,51,-1,51,120,121,-1,51,121,52,-1,55,54,120,-1,120,54,4,-1,120,4,122,-1,72,123,69,-1,69,123,122,-1,69,122,3,-1,3,122,4,-1,72,71,123,-1,123,71,1,-1,123,1,124,-1,1,0,124,-1,124,0,86,-1,124,86,119,-1,119,86,87,-1,119,87,88,-1,94,125,92,-1,92,125,126,-1,92,126,127,-1,128,129,130,-1,130,129,127,-1,130,127,131,-1,131,127,126,-1,128,132,129,-1,129,132,133,-1,129,133,134,-1,133,135,134,-1,134,135,136,-1,134,136,137,-1,136,138,137,-1,137,138,139,-1,137,139,140,-1,140,139,141,-1,140,141,142,-1,143,144,145,-1,146,147,148,-1,149,150,151,-1,151,150,152,-1,151,152,153,-1,154,155,156,-1,157,158,159,-1,159,158,160,-1,161,162,163,-1,164,165,166,-1,167,168,145,-1,145,168,169,-1,145,169,143,-1,155,170,156,-1,156,170,171,-1,156,171,172,-1,173,174,164,-1,164,174,175,-1,164,175,165,-1,176,177,148,-1,148,177,178,-1,148,178,167,-1,167,178,179,-1,167,179,168,-1,157,159,156,-1,156,159,180,-1,156,180,154,-1,172,181,156,-1,156,181,182,-1,156,182,148,-1,148,182,183,-1,148,183,146,-1,147,184,148,-1,148,184,185,-1,148,185,186,-1,152,187,153,-1,153,187,188,-1,153,188,156,-1,156,188,189,-1,156,189,157,-1,163,162,160,-1,160,162,190,-1,160,190,159,-1,166,176,164,-1,164,176,148,-1,164,148,191,-1,191,148,186,-1,192,193,194,-1,164,195,173,-1,173,195,196,-1,173,196,197,-1,197,196,198,-1,198,199,197,-1,197,199,200,-1,197,200,201,-1,163,202,161,-1,161,202,203,-1,161,203,204,-1,204,203,205,-1,204,205,206,-1,206,205,207,-1,206,207,194,-1,194,207,208,-1,194,208,192,-1,209,210,211,-1,212,213,211,-1,211,213,214,-1,211,214,209,-1,215,216,206,-1,206,216,210,-1,206,210,204,-1,204,210,209,-1,204,209,217,-1,217,209,218,-1,219,220,221,-1,222,223,212,-1,212,223,224,-1,225,226,227,-1,228,229,223,-1,223,229,230,-1,231,232,224,-1,224,232,233,-1,225,227,234,-1,228,223,235,-1,235,223,222,-1,235,222,236,-1,230,237,223,-1,223,237,238,-1,223,238,239,-1,240,241,242,-1,242,241,243,-1,242,243,244,-1,233,245,224,-1,224,245,246,-1,224,246,212,-1,212,246,247,-1,212,247,248,-1,236,222,249,-1,249,222,250,-1,249,250,227,-1,227,250,251,-1,227,251,234,-1,238,252,239,-1,239,252,253,-1,239,253,221,-1,221,253,254,-1,221,254,219,-1,243,255,244,-1,244,255,256,-1,244,256,224,-1,224,256,257,-1,224,257,231,-1,258,259,248,-1,248,259,213,-1,248,213,212,-1,260,261,248,-1,248,261,262,-1,248,262,258,-1,
        ]
    }
}
Shape{
    appearance Appearance {
        material  Material 	{
            diffuseColor 1.0 1.0 1.0
            specularColor 0.5019607843137255 0.5019607843137255 0.5019607843137255
            ambientIntensity 0.2
            transparency 0
            shininess 0.5
        }
    }
    geometry IndexedFaceSet {
        ccw TRUE
        solid FALSE
        coord DEF co Coordinate {
            point [
                0.0315 -0.313 -0.2618, 0.0315 -0.313 -0.2657, -0.0315 -0.313 -0.2618, -0.0315 -0.313 -0.2657, -0.2165 0.1909 -0.2657, -0.2165 0.1909 -0.2618, -0.2165 -0.5965 -0.2657, -0.2165 -0.5965 -0.2618, 0.2165 0.1909 -0.2657, 0.2165 -0.5965 -0.2657, 0.2165 0.1909 -0.2618, 0.2165 -0.5965 -0.2618, 0.2165 -0.6004 -0.2618, 0.0709 -0.6004 -0.2618, 0.0709 -0.4404 -0.2618, 0.0746 -0.4393 -0.2618, 0.0821 -0.436 -0.2618, 0.0898 -0.4304 -0.2618, 0.0952 -0.4241 -0.2618, -0.2165 -0.6004 -0.2618, -0.0898 -0.4304 -0.2618, -0.0709 -0.4404 -0.2618, -0.0709 -0.6004 -0.2618, -0.0746 -0.4393 -0.2618, -0.0821 -0.436 -0.2618, 0.119 -0.3896 -0.2618, 0.1228 -0.3826 -0.2618, 0.1252 -0.3751 -0.2618, -0.1252 -0.3751 -0.2618, -0.1228 -0.3826 -0.2618, 0.126 -0.3672 -0.2618, 0.126 -0.313 -0.2618, -0.126 -0.313 -0.2618, -0.126 -0.3672 -0.2618, -0.119 -0.3896 -0.2618, -0.0952 -0.4241 -0.2618, 0.1654 0.1949 -0.2028, 0.1654 0.1909 -0.2028, 0.1654 0.1949 -0.2618, 0.1654 0.1909 -0.2618, -0.1654 0.1909 -0.2028, -0.1654 0.1949 -0.2028, -0.1654 0.1909 -0.2618, -0.1654 0.1949 -0.2618, -0.1654 0.1949 -0.2618
            ]
        }
        coordIndex [
            0,1,2,-1,2,1,3,-1,4,5,6,-1,6,5,7,-1,8,9,10,-1,10,9,11,-1,12,13,14,-1,14,15,12,-1,12,15,16,-1,12,16,11,-1,11,16,17,-1,11,17,18,-1,19,7,20,-1,21,22,23,-1,23,22,19,-1,23,19,24,-1,24,19,20,-1,18,25,11,-1,11,25,26,-1,11,26,27,-1,7,28,29,-1,27,30,11,-1,11,30,31,-1,11,31,10,-1,10,31,0,-1,10,0,5,-1,0,2,5,-1,5,2,32,-1,5,32,7,-1,7,32,33,-1,7,33,28,-1,29,34,7,-1,7,34,35,-1,7,35,20,-1,36,37,38,-1,38,37,39,-1,40,41,42,-1,42,41,43,-1,43,41,38,-1,38,41,36,-1,37,40,39,-1,39,40,42,-1,36,41,37,-1,37,41,40,-1,42,43,39,-1,39,43,38,-1,
        ]
    }
}
Shape{
    appearance Appearance {
        material  Material 	{
            diffuseColor 0.0 0.0 0.0
            specularColor 0.0 0.0 0.0
            ambientIntensity 0.2
            transparency 0
            shininess 0.5
        }
    }
    geometry IndexedFaceSet {
        ccw TRUE
        solid FALSE
        coord DEF co Coordinate {
            point [
                -0.0871 -0.5779 -0.2024, -0.0855 -0.5793 -0.2024, -0.0908 -0.5617 -0.2024, -0.0778 -0.5342 -0.2024, -0.0767 -0.5348 -0.2024, -0.0814 -0.5237 -0.2024, -0.0652 -0.5568 -0.2024, -0.0767 -0.5612 -0.2024, -0.0757 -0.5613 -0.2024, -0.0614 -0.567 -0.2024, -0.0708 -0.5677 -0.2024, -0.0615 -0.5689 -0.2024, -0.0711 -0.5691 -0.2024, -0.0679 -0.5235 -0.2024, -0.0653 -0.5221 -0.2024, -0.0701 -0.5143 -0.2024, -0.0351 -0.5392 -0.2024, -0.0277 -0.531 -0.2024, -0.0354 -0.5374 -0.2024, -0.0362 -0.5346 -0.2024, -0.0814 -0.5636 -0.2024, -0.0902 -0.5602 -0.2024, -0.0822 -0.5648 -0.2024, -0.0826 -0.5663 -0.2024, -0.0292 -0.562 -0.2024, -0.0313 -0.5627 -0.2024, -0.0292 -0.5717 -0.2024, -0.091 -0.5719 -0.2024, -0.09 -0.5741 -0.2024, -0.0888 -0.5761 -0.2024, -0.072 -0.5636 -0.2024, -0.0713 -0.5648 -0.2024, -0.0709 -0.5662 -0.2024, -0.0401 -0.5542 -0.2024, -0.0448 -0.5462 -0.2024, -0.0614 -0.5655 -0.2024, -0.0781 -0.5614 -0.2024, -0.0758 -0.5517 -0.2024, -0.0765 -0.5517 -0.2024, -0.0955 -0.537 -0.2024, -0.0936 -0.5354 -0.2024, -0.0996 -0.5283 -0.2024, -0.0742 -0.5618 -0.2024, -0.073 -0.5625 -0.2024, -0.0718 -0.5705 -0.2024, -0.0629 -0.5737 -0.2024, -0.062 -0.5713 -0.2024, -0.0807 -0.5715 -0.2024, -0.0795 -0.5724 -0.2024, -0.0834 -0.5806 -0.2024, -0.0781 -0.5729 -0.2024, -0.0795 -0.5619 -0.2024, -0.0853 -0.5545 -0.2024, -0.0807 -0.5627 -0.2024, -0.0872 -0.5561 -0.2024, -0.0889 -0.558 -0.2024, -0.079 -0.5519 -0.2024, -0.0813 -0.5524 -0.2024, -0.0835 -0.5534 -0.2024, -0.0321 -0.5722 -0.2024, -0.033 -0.5629 -0.2024, -0.041 -0.5722 -0.2024, -0.0398 -0.5629 -0.2024, -0.0418 -0.572 -0.2024, -0.0668 -0.5129 -0.2024, -0.0625 -0.5211 -0.2024, -0.0635 -0.5119 -0.2024, -0.0374 -0.5318 -0.2024, -0.029 -0.5279 -0.2024, -0.0389 -0.5293 -0.2024, -0.093 -0.5605 -0.2024, -0.0955 -0.5702 -0.2024, -0.0926 -0.5714 -0.2024, -0.0669 -0.5551 -0.2024, -0.0689 -0.5537 -0.2024, -0.0711 -0.5527 -0.2024, -0.0735 -0.552 -0.2024, -0.0233 -0.5457 -0.2024, -0.0159 -0.5401 -0.2024, -0.0245 -0.5438 -0.2024, -0.0177 -0.5377 -0.2024, -0.026 -0.5422 -0.2024, -0.0197 -0.5356 -0.2024, -0.0278 -0.5409 -0.2024, -0.0756 -0.5321 -0.2024, -0.0741 -0.5295 -0.2024, -0.0794 -0.5212 -0.2024, -0.0723 -0.5272 -0.2024, -0.0771 -0.519 -0.2024, -0.0701 -0.5252 -0.2024, -0.0747 -0.517 -0.2024, -0.0732 -0.516 -0.2024, -0.0967 -0.557 -0.2024, -0.1031 -0.5646 -0.2024, -0.095 -0.5589 -0.2024, -0.1008 -0.5668 -0.2024, -0.0983 -0.5687 -0.2024, -0.0969 -0.5266 -0.2024, -0.0914 -0.5341 -0.2024, -0.0941 -0.5252 -0.2024, -0.0911 -0.5242 -0.2024, -0.0891 -0.5332 -0.2024, -0.088 -0.5236 -0.2024, -0.0866 -0.5326 -0.2024, -0.0849 -0.5234 -0.2024, -0.0847 -0.5325 -0.2024, -0.0832 -0.5235 -0.2024, -0.0824 -0.5327 -0.2024, -0.08 -0.5333 -0.2024, -0.0816 -0.5704 -0.2024, -0.0823 -0.5692 -0.2024, -0.0826 -0.5678 -0.2024, -0.0264 -0.5709 -0.2024, -0.0238 -0.5697 -0.2024, -0.0273 -0.5609 -0.2024, -0.0213 -0.5681 -0.2024, -0.0256 -0.5596 -0.2024, -0.0191 -0.5662 -0.2024, -0.025 -0.559 -0.2024, -0.0183 -0.5653 -0.2024, -0.0238 -0.5572 -0.2024, -0.0307 -0.525 -0.2024, -0.0328 -0.5222 -0.2024, -0.0408 -0.527 -0.2024, -0.0351 -0.5197 -0.2024, -0.043 -0.525 -0.2024, -0.0997 -0.5505 -0.2024, -0.1087 -0.5542 -0.2024, -0.099 -0.5529 -0.2024, -0.1077 -0.5572 -0.2024, -0.098 -0.5552 -0.2024, -0.1063 -0.5601 -0.2024, -0.1046 -0.5628 -0.2024, -0.0739 -0.5724 -0.2024, -0.0675 -0.5791 -0.2024, -0.0728 -0.5716 -0.2024, -0.0658 -0.5777 -0.2024, -0.0642 -0.5758 -0.2024, -0.0811 -0.5815 -0.2024, -0.0786 -0.582 -0.2024, -0.0767 -0.5731 -0.2024, -0.0765 -0.5822 -0.2024, -0.0752 -0.5729 -0.2024, -0.0222 -0.5532 -0.2024, -0.0127 -0.5521 -0.2024, -0.022 -0.5511 -0.2024, -0.0126 -0.5509 -0.2024, -0.0221 -0.5499 -0.2024, -0.0129 -0.5481 -0.2024, -0.0225 -0.5477 -0.2024, -0.0135 -0.5453 -0.2024, -0.0145 -0.5426 -0.2024, -0.0164 -0.5631 -0.2024, -0.0149 -0.5606 -0.2024, -0.0228 -0.5553 -0.2024, -0.0138 -0.5579 -0.2024, -0.013 -0.5551 -0.2024, -0.0741 -0.582 -0.2024, -0.0718 -0.5814 -0.2024, -0.0695 -0.5804 -0.2024, -0.0339 -0.5392 -0.2024, -0.0317 -0.5394 -0.2024, -0.0272 -0.5312 -0.2024, -0.0297 -0.54 -0.2024, -0.0247 -0.5322 -0.2024, -0.0221 -0.5337 -0.2024, -0.0405 -0.5628 -0.2024, -0.0442 -0.5705 -0.2024, -0.0438 -0.571 -0.2024, -0.0982 -0.5407 -0.2024, -0.1076 -0.5384 -0.2024, -0.0991 -0.5429 -0.2024, -0.1086 -0.5414 -0.2024, -0.0997 -0.5453 -0.2024, -0.1092 -0.5445 -0.2024, -0.0999 -0.5477 -0.2024, -0.1095 -0.5475 -0.2024, -0.0999 -0.5482 -0.2024, -0.1095 -0.548 -0.2024, -0.1093 -0.5511 -0.2024, -0.0454 -0.5674 -0.2024, -0.0453 -0.5685 -0.2024, -0.0449 -0.5696 -0.2024, -0.0401 -0.5629 -0.2024, -0.0428 -0.5717 -0.2024, -0.0565 -0.5111 -0.2024, -0.0564 -0.5202 -0.2024, -0.0556 -0.5111 -0.2024, -0.0534 -0.5204 -0.2024, -0.0419 -0.5629 -0.2024, -0.0429 -0.5633 -0.2024, -0.0454 -0.567 -0.2024, -0.0438 -0.5639 -0.2024, -0.0446 -0.5648 -0.2024, -0.0451 -0.5658 -0.2024, -0.06 -0.5113 -0.2024, -0.0596 -0.5205 -0.2024, -0.0568 -0.5202 -0.2024, -0.1019 -0.5303 -0.2024, -0.1024 -0.5307 -0.2024, -0.0969 -0.5386 -0.2024, -0.1044 -0.5331 -0.2024, -0.1061 -0.5356 -0.2024, -0.0407 -0.5627 -0.2024, -0.0359 -0.519 -0.2024, -0.0388 -0.5168 -0.2024, -0.0454 -0.5233 -0.2024, -0.0419 -0.5149 -0.2024, -0.0479 -0.522 -0.2024, -0.0452 -0.5133 -0.2024, -0.0506 -0.521 -0.2024, -0.0486 -0.5122 -0.2024, -0.0521 -0.5115 -0.2024, -0.0448 -0.5462 -0.2028, -0.0401 -0.5542 -0.2028, -0.0652 -0.5568 -0.2028, -0.0614 -0.5655 -0.2028, -0.0695 -0.5804 -0.2028, -0.0908 -0.5617 -0.2028, -0.0781 -0.5614 -0.2028, -0.0795 -0.5619 -0.2028, -0.0822 -0.5648 -0.2028, -0.0826 -0.5663 -0.2028, -0.0983 -0.5687 -0.2028, -0.0826 -0.5678 -0.2028, -0.0955 -0.5702 -0.2028, -0.0701 -0.5252 -0.2028, -0.0723 -0.5272 -0.2028, -0.0794 -0.5212 -0.2028, -0.0614 -0.567 -0.2028, -0.0615 -0.5689 -0.2028, -0.0675 -0.5791 -0.2028, -0.0658 -0.5777 -0.2028, -0.095 -0.5589 -0.2028, -0.093 -0.5605 -0.2028, -0.0795 -0.5724 -0.2028, -0.0855 -0.5793 -0.2028, -0.0807 -0.5715 -0.2028, -0.0871 -0.5779 -0.2028, -0.0816 -0.5704 -0.2028, -0.0767 -0.5731 -0.2028, -0.0752 -0.5729 -0.2028, -0.0741 -0.582 -0.2028, -0.0718 -0.5705 -0.2028, -0.0711 -0.5691 -0.2028, -0.0708 -0.5677 -0.2028, -0.0709 -0.5662 -0.2028, -0.0756 -0.5321 -0.2028, -0.0767 -0.5348 -0.2028, -0.0814 -0.5237 -0.2028, -0.0778 -0.5342 -0.2028, -0.0936 -0.5354 -0.2028, -0.0969 -0.5266 -0.2028, -0.0914 -0.5341 -0.2028, -0.0941 -0.5252 -0.2028, -0.0891 -0.5332 -0.2028, -0.0911 -0.5242 -0.2028, -0.0866 -0.5326 -0.2028, -0.088 -0.5236 -0.2028, -0.0847 -0.5325 -0.2028, -0.1008 -0.5668 -0.2028, -0.1031 -0.5646 -0.2028, -0.0967 -0.557 -0.2028, -0.1046 -0.5628 -0.2028, -0.098 -0.5552 -0.2028, -0.1063 -0.5601 -0.2028, -0.099 -0.5529 -0.2028, -0.0807 -0.5627 -0.2028, -0.0814 -0.5636 -0.2028, -0.0741 -0.5295 -0.2028, -0.062 -0.5713 -0.2028, -0.0629 -0.5737 -0.2028, -0.0642 -0.5758 -0.2028, -0.08 -0.5333 -0.2028, -0.0824 -0.5327 -0.2028, -0.0832 -0.5235 -0.2028, -0.0849 -0.5234 -0.2028, -0.0771 -0.519 -0.2028, -0.0747 -0.517 -0.2028, -0.0679 -0.5235 -0.2028, -0.0732 -0.516 -0.2028, -0.0653 -0.5221 -0.2028, -0.0228 -0.5553 -0.2028, -0.0149 -0.5606 -0.2028, -0.0238 -0.5572 -0.2028, -0.0164 -0.5631 -0.2028, -0.025 -0.559 -0.2028, -0.0183 -0.5653 -0.2028, -0.0256 -0.5596 -0.2028, -0.0191 -0.5662 -0.2028, -0.0273 -0.5609 -0.2028, -0.0245 -0.5438 -0.2028, -0.0159 -0.5401 -0.2028, -0.0233 -0.5457 -0.2028, -0.0145 -0.5426 -0.2028, -0.0225 -0.5477 -0.2028, -0.0135 -0.5453 -0.2028, -0.0221 -0.5499 -0.2028, -0.0129 -0.5481 -0.2028, -0.022 -0.5511 -0.2028, -0.0297 -0.54 -0.2028, -0.0317 -0.5394 -0.2028, -0.0277 -0.531 -0.2028, -0.0339 -0.5392 -0.2028, -0.0351 -0.5392 -0.2028, -0.0888 -0.5761 -0.2028, -0.09 -0.5741 -0.2028, -0.0823 -0.5692 -0.2028, -0.091 -0.5719 -0.2028, -0.0926 -0.5714 -0.2028, -0.0718 -0.5814 -0.2028, -0.0739 -0.5724 -0.2028, -0.0728 -0.5716 -0.2028, -0.0767 -0.5612 -0.2028, -0.0758 -0.5517 -0.2028, -0.0757 -0.5613 -0.2028, -0.0735 -0.552 -0.2028, -0.0742 -0.5618 -0.2028, -0.0354 -0.5374 -0.2028, -0.0362 -0.5346 -0.2028, -0.029 -0.5279 -0.2028, -0.0374 -0.5318 -0.2028, -0.0307 -0.525 -0.2028, -0.0389 -0.5293 -0.2028, -0.0328 -0.5222 -0.2028, -0.0408 -0.527 -0.2028, -0.0765 -0.5822 -0.2028, -0.0786 -0.582 -0.2028, -0.0781 -0.5729 -0.2028, -0.0811 -0.5815 -0.2028, -0.0834 -0.5806 -0.2028, -0.0711 -0.5527 -0.2028, -0.0689 -0.5537 -0.2028, -0.073 -0.5625 -0.2028, -0.0669 -0.5551 -0.2028, -0.072 -0.5636 -0.2028, -0.0713 -0.5648 -0.2028, -0.0835 -0.5534 -0.2028, -0.0813 -0.5524 -0.2028, -0.1077 -0.5572 -0.2028, -0.1087 -0.5542 -0.2028, -0.0997 -0.5505 -0.2028, -0.1093 -0.5511 -0.2028, -0.0999 -0.5482 -0.2028, -0.1095 -0.548 -0.2028, -0.0999 -0.5477 -0.2028, -0.1095 -0.5475 -0.2028, -0.0997 -0.5453 -0.2028, -0.1092 -0.5445 -0.2028, -0.0991 -0.5429 -0.2028, -0.0438 -0.571 -0.2028, -0.0442 -0.5705 -0.2028, -0.0405 -0.5628 -0.2028, -0.0449 -0.5696 -0.2028, -0.0126 -0.5509 -0.2028, -0.0127 -0.5521 -0.2028, -0.0222 -0.5532 -0.2028, -0.013 -0.5551 -0.2028, -0.0138 -0.5579 -0.2028, -0.0889 -0.558 -0.2028, -0.0872 -0.5561 -0.2028, -0.0853 -0.5545 -0.2028, -0.079 -0.5519 -0.2028, -0.0765 -0.5517 -0.2028, -0.0969 -0.5386 -0.2028, -0.1024 -0.5307 -0.2028, -0.0955 -0.537 -0.2028, -0.1019 -0.5303 -0.2028, -0.0996 -0.5283 -0.2028, -0.1086 -0.5414 -0.2028, -0.1076 -0.5384 -0.2028, -0.0982 -0.5407 -0.2028, -0.1061 -0.5356 -0.2028, -0.1044 -0.5331 -0.2028, -0.0213 -0.5681 -0.2028, -0.0238 -0.5697 -0.2028, -0.0292 -0.562 -0.2028, -0.0264 -0.5709 -0.2028, -0.0313 -0.5627 -0.2028, -0.0292 -0.5717 -0.2028, -0.033 -0.5629 -0.2028, -0.0321 -0.5722 -0.2028, -0.0398 -0.5629 -0.2028, -0.041 -0.5722 -0.2028, -0.0401 -0.5629 -0.2028, -0.0418 -0.572 -0.2028, -0.0428 -0.5717 -0.2028, -0.0453 -0.5685 -0.2028, -0.0454 -0.5674 -0.2028, -0.0454 -0.567 -0.2028, -0.0272 -0.5312 -0.2028, -0.0247 -0.5322 -0.2028, -0.0278 -0.5409 -0.2028, -0.0221 -0.5337 -0.2028, -0.026 -0.5422 -0.2028, -0.0197 -0.5356 -0.2028, -0.0177 -0.5377 -0.2028, -0.0902 -0.5602 -0.2028, -0.0451 -0.5658 -0.2028, -0.0446 -0.5648 -0.2028, -0.0438 -0.5639 -0.2028, -0.0429 -0.5633 -0.2028, -0.0454 -0.5233 -0.2028, -0.0388 -0.5168 -0.2028, -0.043 -0.525 -0.2028, -0.0359 -0.519 -0.2028, -0.0351 -0.5197 -0.2028, -0.0701 -0.5143 -0.2028, -0.0668 -0.5129 -0.2028, -0.0625 -0.5211 -0.2028, -0.0635 -0.5119 -0.2028, -0.0596 -0.5205 -0.2028, -0.06 -0.5113 -0.2028, -0.0568 -0.5202 -0.2028, -0.0565 -0.5111 -0.2028, -0.0564 -0.5202 -0.2028, -0.0556 -0.5111 -0.2028, -0.0534 -0.5204 -0.2028, -0.0521 -0.5115 -0.2028, -0.0506 -0.521 -0.2028, -0.0486 -0.5122 -0.2028, -0.0479 -0.522 -0.2028, -0.0452 -0.5133 -0.2028, -0.0419 -0.5149 -0.2028, -0.0419 -0.5629 -0.2028, -0.0407 -0.5627 -0.2028, 0.0161 -0.5358 -0.2024, 0.0161 -0.5382 -0.2024, 0.0161 -0.5358 -0.2028, 0.0161 -0.5382 -0.2028, 0.0076 -0.5358 -0.2024, 0.0076 -0.5358 -0.2028, 0.0076 -0.5169 -0.2024, 0.0076 -0.5169 -0.2028, 0.0049 -0.5169 -0.2024, 0.0049 -0.5169 -0.2028, 0.0049 -0.5382 -0.2024, 0.0049 -0.5382 -0.2028, 0.0271 -0.5386 -0.2024, 0.0271 -0.5386 -0.2028, 0.0284 -0.5385 -0.2028, 0.0284 -0.5385 -0.2024, 0.0296 -0.5384 -0.2028, 0.0296 -0.5384 -0.2024, 0.0307 -0.5382 -0.2028, 0.0307 -0.5382 -0.2024, 0.0317 -0.5379 -0.2028, 0.0317 -0.5379 -0.2024, 0.0326 -0.5375 -0.2028, 0.0326 -0.5375 -0.2024, 0.033 -0.5373 -0.2028, 0.033 -0.5373 -0.2024, 0.033 -0.5347 -0.2024, 0.033 -0.5347 -0.2028, 0.0322 -0.5351 -0.2028, 0.0322 -0.5351 -0.2024, 0.0313 -0.5355 -0.2028, 0.0313 -0.5355 -0.2024, 0.0304 -0.5358 -0.2028, 0.0304 -0.5358 -0.2024, 0.0294 -0.536 -0.2028, 0.0294 -0.536 -0.2024, 0.0284 -0.5361 -0.2028, 0.0284 -0.5361 -0.2024, 0.0275 -0.5361 -0.2028, 0.0275 -0.5361 -0.2024, 0.0265 -0.5361 -0.2028, 0.0265 -0.5361 -0.2024, 0.0256 -0.5359 -0.2028, 0.0256 -0.5359 -0.2024, 0.0248 -0.5357 -0.2028, 0.0248 -0.5357 -0.2024, 0.0241 -0.5354 -0.2028, 0.0241 -0.5354 -0.2024, 0.0234 -0.535 -0.2028, 0.0234 -0.535 -0.2024, 0.0228 -0.5346 -0.2028, 0.0228 -0.5346 -0.2024, 0.0222 -0.534 -0.2028, 0.0222 -0.534 -0.2024, 0.022 -0.5339 -0.2028, 0.022 -0.5339 -0.2024, 0.0215 -0.5332 -0.2028, 0.0215 -0.5332 -0.2024, 0.021 -0.5326 -0.2028, 0.021 -0.5326 -0.2024, 0.0206 -0.5318 -0.2028, 0.0206 -0.5318 -0.2024, 0.0203 -0.531 -0.2028, 0.0203 -0.531 -0.2024, 0.0201 -0.5301 -0.2028, 0.0201 -0.5301 -0.2024, 0.02 -0.5292 -0.2028, 0.02 -0.5292 -0.2024, 0.0199 -0.5282 -0.2028, 0.0199 -0.5282 -0.2024, 0.0199 -0.5278 -0.2028, 0.0199 -0.5278 -0.2024, 0.0199 -0.5267 -0.2028, 0.0199 -0.5267 -0.2024, 0.0201 -0.5256 -0.2028, 0.0201 -0.5256 -0.2024, 0.0203 -0.5247 -0.2028, 0.0203 -0.5247 -0.2024, 0.0206 -0.5238 -0.2028, 0.0206 -0.5238 -0.2024, 0.0209 -0.523 -0.2028, 0.0209 -0.523 -0.2024, 0.0214 -0.5223 -0.2028, 0.0214 -0.5223 -0.2024, 0.0219 -0.5216 -0.2028, 0.0219 -0.5216 -0.2024, 0.0221 -0.5214 -0.2028, 0.0221 -0.5214 -0.2024, 0.0227 -0.5208 -0.2028, 0.0227 -0.5208 -0.2024, 0.0234 -0.5203 -0.2028, 0.0234 -0.5203 -0.2024, 0.0241 -0.5198 -0.2028, 0.0241 -0.5198 -0.2024, 0.0249 -0.5195 -0.2028, 0.0249 -0.5195 -0.2024, 0.0256 -0.5193 -0.2028, 0.0256 -0.5193 -0.2024, 0.0265 -0.5191 -0.2028, 0.0265 -0.5191 -0.2024, 0.0274 -0.519 -0.2028, 0.0274 -0.519 -0.2024, 0.0279 -0.519 -0.2028, 0.0279 -0.519 -0.2024, 0.029 -0.519 -0.2028, 0.029 -0.519 -0.2024, 0.03 -0.5192 -0.2028, 0.03 -0.5192 -0.2024, 0.0309 -0.5194 -0.2028, 0.0309 -0.5194 -0.2024, 0.0318 -0.5197 -0.2028, 0.0318 -0.5197 -0.2024, 0.0327 -0.5201 -0.2028, 0.0327 -0.5201 -0.2024, 0.033 -0.5203 -0.2028, 0.033 -0.5203 -0.2024, 0.033 -0.5174 -0.2024, 0.033 -0.5174 -0.2028, 0.0321 -0.5171 -0.2028, 0.0321 -0.5171 -0.2024, 0.0312 -0.5168 -0.2028, 0.0312 -0.5168 -0.2024, 0.0302 -0.5166 -0.2028, 0.0302 -0.5166 -0.2024, 0.029 -0.5165 -0.2028, 0.029 -0.5165 -0.2024, 0.0279 -0.5165 -0.2028, 0.0279 -0.5165 -0.2024, 0.0268 -0.5165 -0.2028, 0.0268 -0.5165 -0.2024, 0.0257 -0.5167 -0.2028, 0.0257 -0.5167 -0.2024, 0.0247 -0.5169 -0.2028, 0.0247 -0.5169 -0.2024, 0.0238 -0.5172 -0.2028, 0.0238 -0.5172 -0.2024, 0.0229 -0.5176 -0.2028, 0.0229 -0.5176 -0.2024, 0.0221 -0.518 -0.2028, 0.0221 -0.518 -0.2024, 0.0213 -0.5186 -0.2028, 0.0213 -0.5186 -0.2024, 0.0205 -0.5192 -0.2028, 0.0205 -0.5192 -0.2024, 0.0201 -0.5196 -0.2028, 0.0201 -0.5196 -0.2024, 0.0194 -0.5204 -0.2028, 0.0194 -0.5204 -0.2024, 0.0188 -0.5212 -0.2028, 0.0188 -0.5212 -0.2024, 0.0183 -0.522 -0.2028, 0.0183 -0.522 -0.2024, 0.0179 -0.5229 -0.2028, 0.0179 -0.5229 -0.2024, 0.0176 -0.5238 -0.2028, 0.0176 -0.5238 -0.2024, 0.0173 -0.5248 -0.2028, 0.0173 -0.5248 -0.2024, 0.0171 -0.5259 -0.2028, 0.0171 -0.5259 -0.2024, 0.017 -0.527 -0.2028, 0.017 -0.527 -0.2024, 0.017 -0.5279 -0.2028, 0.017 -0.5279 -0.2024, 0.017 -0.5291 -0.2028, 0.017 -0.5291 -0.2024, 0.0172 -0.5303 -0.2028, 0.0172 -0.5303 -0.2024, 0.0174 -0.5313 -0.2028, 0.0174 -0.5313 -0.2024, 0.0177 -0.5323 -0.2028, 0.0177 -0.5323 -0.2024, 0.0181 -0.5332 -0.2028, 0.0181 -0.5332 -0.2024, 0.0185 -0.534 -0.2028, 0.0185 -0.534 -0.2024, 0.019 -0.5348 -0.2028, 0.019 -0.5348 -0.2024, 0.0196 -0.5355 -0.2028, 0.0196 -0.5355 -0.2024, 0.0197 -0.5357 -0.2028, 0.0197 -0.5357 -0.2024, 0.0204 -0.5363 -0.2028, 0.0204 -0.5363 -0.2024, 0.0211 -0.5369 -0.2028, 0.0211 -0.5369 -0.2024, 0.0219 -0.5373 -0.2028, 0.0219 -0.5373 -0.2024, 0.0227 -0.5377 -0.2028, 0.0227 -0.5377 -0.2024, 0.0235 -0.5381 -0.2028, 0.0235 -0.5381 -0.2024, 0.0245 -0.5383 -0.2028, 0.0245 -0.5383 -0.2024, 0.0254 -0.5385 -0.2028, 0.0254 -0.5385 -0.2024, 0.0265 -0.5386 -0.2028, 0.0265 -0.5386 -0.2024, 0.0487 -0.5358 -0.2024, 0.0487 -0.5382 -0.2024, 0.0487 -0.5358 -0.2028, 0.0487 -0.5382 -0.2028, 0.04 -0.5358 -0.2024, 0.04 -0.5358 -0.2028, 0.04 -0.5286 -0.2024, 0.04 -0.5286 -0.2028, 0.0476 -0.5286 -0.2024, 0.0476 -0.5286 -0.2028, 0.0476 -0.5261 -0.2024, 0.0476 -0.5261 -0.2028, 0.04 -0.5261 -0.2024, 0.04 -0.5261 -0.2028, 0.04 -0.5193 -0.2024, 0.04 -0.5193 -0.2028, 0.0482 -0.5193 -0.2024, 0.0482 -0.5193 -0.2028, 0.0482 -0.5169 -0.2024, 0.0482 -0.5169 -0.2028, 0.0372 -0.5169 -0.2024, 0.0372 -0.5169 -0.2028, 0.0372 -0.5382 -0.2024, 0.0372 -0.5382 -0.2028, 0.0626 -0.5351 -0.2024, 0.0641 -0.5371 -0.2024, 0.0634 -0.5347 -0.2024, 0.065 -0.5367 -0.2024, 0.0641 -0.5343 -0.2024, 0.0658 -0.5361 -0.2024, 0.0647 -0.5338 -0.2024, 0.0666 -0.5355 -0.2024, 0.065 -0.5335 -0.2024, 0.0669 -0.5352 -0.2024, 0.0655 -0.533 -0.2024, 0.0676 -0.5345 -0.2024, 0.066 -0.5323 -0.2024, 0.0682 -0.5338 -0.2024, 0.0664 -0.5316 -0.2024, 0.0687 -0.533 -0.2024, 0.0667 -0.5308 -0.2024, 0.0671 -0.5253 -0.2024, 0.0697 -0.5241 -0.2024, 0.0668 -0.5244 -0.2024, 0.0694 -0.5232 -0.2024, 0.0666 -0.5236 -0.2024, 0.0691 -0.5224 -0.2024, 0.0662 -0.5229 -0.2024, 0.0686 -0.5216 -0.2024, 0.0658 -0.5222 -0.2024, 0.0692 -0.5321 -0.2024, 0.0695 -0.5312 -0.2024, 0.0669 -0.53 -0.2024, 0.0698 -0.5303 -0.2024, 0.0671 -0.5291 -0.2024, 0.07 -0.5293 -0.2024, 0.0672 -0.5281 -0.2024, 0.0701 -0.5282 -0.2024, 0.0672 -0.5273 -0.2024, 0.0701 -0.5273 -0.2024, 0.0672 -0.5263 -0.2024, 0.0701 -0.5262 -0.2024, 0.07 -0.5251 -0.2024, 0.0681 -0.5209 -0.2024, 0.0674 -0.5202 -0.2024, 0.0653 -0.5217 -0.2024, 0.0669 -0.5197 -0.2024, 0.0649 -0.5213 -0.2024, 0.0661 -0.519 -0.2024, 0.0642 -0.5208 -0.2024, 0.0653 -0.5185 -0.2024, 0.0635 -0.5204 -0.2024, 0.0644 -0.518 -0.2024, 0.0627 -0.52 -0.2024, 0.0635 -0.5176 -0.2024, 0.0619 -0.5197 -0.2024, 0.0625 -0.5173 -0.2024, 0.061 -0.5195 -0.2024, 0.0615 -0.5171 -0.2024, 0.06 -0.5194 -0.2024, 0.0604 -0.5169 -0.2024, 0.059 -0.5193 -0.2024, 0.0592 -0.5169 -0.2024, 0.0587 -0.5193 -0.2024, 0.0589 -0.5169 -0.2024, 0.0555 -0.5193 -0.2024, 0.0528 -0.5169 -0.2024, 0.0555 -0.5358 -0.2024, 0.0528 -0.5382 -0.2024, 0.0586 -0.5358 -0.2024, 0.0586 -0.5382 -0.2024, 0.0597 -0.5357 -0.2024, 0.0599 -0.5382 -0.2024, 0.0608 -0.5356 -0.2024, 0.061 -0.538 -0.2024, 0.0617 -0.5354 -0.2024, 0.0621 -0.5378 -0.2024, 0.0631 -0.5375 -0.2024, 0.0642 -0.5208 -0.2028, 0.0661 -0.519 -0.2028, 0.0649 -0.5213 -0.2028, 0.0669 -0.5197 -0.2028, 0.0653 -0.5217 -0.2028, 0.0674 -0.5202 -0.2028, 0.0658 -0.5222 -0.2028, 0.0681 -0.5209 -0.2028, 0.0662 -0.5229 -0.2028, 0.0686 -0.5216 -0.2028, 0.0666 -0.5236 -0.2028, 0.0691 -0.5224 -0.2028, 0.0668 -0.5244 -0.2028, 0.0634 -0.5347 -0.2028, 0.0641 -0.5371 -0.2028, 0.0626 -0.5351 -0.2028, 0.0631 -0.5375 -0.2028, 0.0617 -0.5354 -0.2028, 0.0621 -0.5378 -0.2028, 0.0608 -0.5356 -0.2028, 0.061 -0.538 -0.2028, 0.0597 -0.5357 -0.2028, 0.0599 -0.5382 -0.2028, 0.0586 -0.5358 -0.2028, 0.0586 -0.5382 -0.2028, 0.0555 -0.5358 -0.2028, 0.0528 -0.5382 -0.2028, 0.0555 -0.5193 -0.2028, 0.0528 -0.5169 -0.2028, 0.0587 -0.5193 -0.2028, 0.0589 -0.5169 -0.2028, 0.059 -0.5193 -0.2028, 0.0592 -0.5169 -0.2028, 0.06 -0.5194 -0.2028, 0.0604 -0.5169 -0.2028, 0.061 -0.5195 -0.2028, 0.0615 -0.5171 -0.2028, 0.0619 -0.5197 -0.2028, 0.0625 -0.5173 -0.2028, 0.0627 -0.52 -0.2028, 0.0635 -0.5176 -0.2028, 0.0635 -0.5204 -0.2028, 0.0644 -0.518 -0.2028, 0.0653 -0.5185 -0.2028, 0.0669 -0.53 -0.2028, 0.0695 -0.5312 -0.2028, 0.0667 -0.5308 -0.2028, 0.0692 -0.5321 -0.2028, 0.0664 -0.5316 -0.2028, 0.0687 -0.533 -0.2028, 0.066 -0.5323 -0.2028, 0.0682 -0.5338 -0.2028, 0.0655 -0.533 -0.2028, 0.0676 -0.5345 -0.2028, 0.065 -0.5335 -0.2028, 0.0669 -0.5352 -0.2028, 0.0647 -0.5338 -0.2028, 0.0666 -0.5355 -0.2028, 0.0641 -0.5343 -0.2028, 0.0658 -0.5361 -0.2028, 0.065 -0.5367 -0.2028, 0.0694 -0.5232 -0.2028, 0.0697 -0.5241 -0.2028, 0.0671 -0.5253 -0.2028, 0.07 -0.5251 -0.2028, 0.0672 -0.5263 -0.2028, 0.0701 -0.5262 -0.2028, 0.0672 -0.5273 -0.2028, 0.0701 -0.5273 -0.2028, 0.0672 -0.5281 -0.2028, 0.0701 -0.5282 -0.2028, 0.0671 -0.5291 -0.2028, 0.07 -0.5293 -0.2028, 0.0698 -0.5303 -0.2028, 0.0773 -0.53 -0.2024, 0.0764 -0.5324 -0.2024, 0.0845 -0.53 -0.2024, 0.0853 -0.5324 -0.2024, 0.0805 -0.5211 -0.2024, 0.0795 -0.5169 -0.2024, 0.0713 -0.5382 -0.2024, 0.0744 -0.5382 -0.2024, 0.0807 -0.5204 -0.2024, 0.0808 -0.5196 -0.2024, 0.0824 -0.5169 -0.2024, 0.0809 -0.5196 -0.2024, 0.0811 -0.5205 -0.2024, 0.0812 -0.5211 -0.2024, 0.0905 -0.5382 -0.2024, 0.0875 -0.5382 -0.2024, 0.0764 -0.5324 -0.2028, 0.0773 -0.53 -0.2028, 0.0853 -0.5324 -0.2028, 0.0845 -0.53 -0.2028, 0.0812 -0.5211 -0.2028, 0.0824 -0.5169 -0.2028, 0.0905 -0.5382 -0.2028, 0.0875 -0.5382 -0.2028, 0.0811 -0.5205 -0.2028, 0.0809 -0.5196 -0.2028, 0.0795 -0.5169 -0.2028, 0.0808 -0.5196 -0.2028, 0.0807 -0.5204 -0.2028, 0.0805 -0.5211 -0.2028, 0.0713 -0.5382 -0.2028, 0.0744 -0.5382 -0.2028, 0.0163 -0.5696 -0.2024, 0.0163 -0.5721 -0.2024, 0.0163 -0.5696 -0.2028, 0.0163 -0.5721 -0.2028, 0.0076 -0.5696 -0.2024, 0.0076 -0.5696 -0.2028, 0.0076 -0.5625 -0.2024, 0.0076 -0.5625 -0.2028, 0.0152 -0.5625 -0.2024, 0.0152 -0.5625 -0.2028, 0.0152 -0.56 -0.2024, 0.0152 -0.56 -0.2028, 0.0076 -0.56 -0.2024, 0.0076 -0.56 -0.2028, 0.0076 -0.5532 -0.2024, 0.0076 -0.5532 -0.2028, 0.0158 -0.5532 -0.2024, 0.0158 -0.5532 -0.2028, 0.0158 -0.5507 -0.2024, 0.0158 -0.5507 -0.2028, 0.0049 -0.5507 -0.2024, 0.0049 -0.5507 -0.2028, 0.0049 -0.5721 -0.2024, 0.0049 -0.5721 -0.2028, 0.0235 -0.5652 -0.2024, 0.0241 -0.5651 -0.2024, 0.0285 -0.5624 -0.2024, 0.0249 -0.5649 -0.2024, 0.0275 -0.5594 -0.2024, 0.029 -0.5573 -0.2024, 0.0272 -0.5591 -0.2024, 0.0285 -0.557 -0.2024, 0.0269 -0.5589 -0.2024, 0.0279 -0.5568 -0.2024, 0.0264 -0.5588 -0.2024, 0.0202 -0.5646 -0.2024, 0.0221 -0.5661 -0.2024, 0.0223 -0.5658 -0.2024, 0.0285 -0.566 -0.2024, 0.0284 -0.5666 -0.2024, 0.0311 -0.5623 -0.2024, 0.0278 -0.5597 -0.2024, 0.0298 -0.5579 -0.2024, 0.0294 -0.5576 -0.2024, 0.0201 -0.5646 -0.2024, 0.0198 -0.565 -0.2024, 0.0219 -0.5665 -0.2024, 0.0195 -0.5655 -0.2024, 0.0217 -0.5668 -0.2024, 0.023 -0.5654 -0.2024, 0.024 -0.563 -0.2024, 0.0231 -0.5632 -0.2024, 0.0285 -0.5721 -0.2024, 0.0311 -0.5721 -0.2024, 0.0285 -0.5697 -0.2024, 0.0283 -0.5671 -0.2024, 0.0221 -0.5693 -0.2024, 0.0219 -0.569 -0.2024, 0.0197 -0.5706 -0.2024, 0.0216 -0.5682 -0.2024, 0.019 -0.5692 -0.2024, 0.0217 -0.5686 -0.2024, 0.0192 -0.5697 -0.2024, 0.0194 -0.5702 -0.2024, 0.0223 -0.5634 -0.2024, 0.0217 -0.5636 -0.2024, 0.0226 -0.5656 -0.2024, 0.0211 -0.5639 -0.2024, 0.0206 -0.5642 -0.2024, 0.0283 -0.561 -0.2024, 0.0309 -0.5599 -0.2024, 0.0282 -0.5605 -0.2024, 0.0307 -0.5593 -0.2024, 0.028 -0.5601 -0.2024, 0.0304 -0.5588 -0.2024, 0.0301 -0.5583 -0.2024, 0.0311 -0.5614 -0.2024, 0.0285 -0.5644 -0.2024, 0.0285 -0.5659 -0.2024, 0.0284 -0.5616 -0.2024, 0.031 -0.5606 -0.2024, 0.0285 -0.5622 -0.2024, 0.0224 -0.5696 -0.2024, 0.0211 -0.5719 -0.2024, 0.0227 -0.5698 -0.2024, 0.0216 -0.5721 -0.2024, 0.0231 -0.57 -0.2024, 0.0221 -0.5723 -0.2024, 0.0235 -0.5701 -0.2024, 0.02 -0.571 -0.2024, 0.0202 -0.5712 -0.2024, 0.0206 -0.5716 -0.2024, 0.0193 -0.5659 -0.2024, 0.0191 -0.5664 -0.2024, 0.0216 -0.5673 -0.2024, 0.019 -0.567 -0.2024, 0.0216 -0.5678 -0.2024, 0.0273 -0.5566 -0.2024, 0.0267 -0.5565 -0.2024, 0.0259 -0.5587 -0.2024, 0.0259 -0.5565 -0.2024, 0.0254 -0.5587 -0.2024, 0.0256 -0.5565 -0.2024, 0.0251 -0.5587 -0.2024, 0.0247 -0.5565 -0.2024, 0.0244 -0.5587 -0.2024, 0.0239 -0.5566 -0.2024, 0.0237 -0.5588 -0.2024, 0.023 -0.5568 -0.2024, 0.023 -0.559 -0.2024, 0.0223 -0.557 -0.2024, 0.0224 -0.5593 -0.2024, 0.0215 -0.5573 -0.2024, 0.0217 -0.5596 -0.2024, 0.0208 -0.5576 -0.2024, 0.021 -0.56 -0.2024, 0.0204 -0.5579 -0.2024, 0.0204 -0.5605 -0.2024, 0.0189 -0.5676 -0.2024, 0.0189 -0.568 -0.2024, 0.0189 -0.5686 -0.2024, 0.0282 -0.5677 -0.2024, 0.028 -0.5681 -0.2024, 0.0284 -0.5697 -0.2024, 0.0277 -0.5686 -0.2024, 0.0283 -0.5699 -0.2024, 0.025 -0.5702 -0.2024, 0.0256 -0.5721 -0.2024, 0.0255 -0.5701 -0.2024, 0.0261 -0.5719 -0.2024, 0.026 -0.57 -0.2024, 0.0266 -0.5716 -0.2024, 0.0264 -0.5697 -0.2024, 0.0271 -0.5713 -0.2024, 0.0275 -0.5709 -0.2024, 0.0268 -0.5694 -0.2024, 0.0279 -0.5704 -0.2024, 0.0272 -0.5691 -0.2024, 0.0273 -0.569 -0.2024, 0.0227 -0.5724 -0.2024, 0.0234 -0.5724 -0.2024, 0.0239 -0.5702 -0.2024, 0.0237 -0.5724 -0.2024, 0.0244 -0.5702 -0.2024, 0.0244 -0.5724 -0.2024, 0.025 -0.5723 -0.2024, 0.021 -0.56 -0.2028, 0.0204 -0.5605 -0.2028, 0.0204 -0.5579 -0.2028, 0.029 -0.5573 -0.2028, 0.0275 -0.5594 -0.2028, 0.0272 -0.5591 -0.2028, 0.0216 -0.5682 -0.2028, 0.0189 -0.568 -0.2028, 0.0216 -0.5678 -0.2028, 0.0189 -0.5676 -0.2028, 0.0216 -0.5673 -0.2028, 0.0223 -0.5658 -0.2028, 0.0221 -0.5661 -0.2028, 0.0202 -0.5646 -0.2028, 0.0283 -0.5671 -0.2028, 0.0284 -0.5666 -0.2028, 0.0311 -0.5623 -0.2028, 0.0217 -0.5686 -0.2028, 0.019 -0.5692 -0.2028, 0.0189 -0.5686 -0.2028, 0.0221 -0.5693 -0.2028, 0.0197 -0.5706 -0.2028, 0.0219 -0.569 -0.2028, 0.0194 -0.5702 -0.2028, 0.0192 -0.5697 -0.2028, 0.0219 -0.5665 -0.2028, 0.0198 -0.565 -0.2028, 0.0201 -0.5646 -0.2028, 0.0294 -0.5576 -0.2028, 0.0298 -0.5579 -0.2028, 0.0278 -0.5597 -0.2028, 0.0301 -0.5583 -0.2028, 0.028 -0.5601 -0.2028, 0.0304 -0.5588 -0.2028, 0.0282 -0.5605 -0.2028, 0.0259 -0.5587 -0.2028, 0.0267 -0.5565 -0.2028, 0.0264 -0.5588 -0.2028, 0.0273 -0.5566 -0.2028, 0.0269 -0.5589 -0.2028, 0.0279 -0.5568 -0.2028, 0.0285 -0.557 -0.2028, 0.0282 -0.5677 -0.2028, 0.0285 -0.5697 -0.2028, 0.0285 -0.5721 -0.2028, 0.0311 -0.5721 -0.2028, 0.0206 -0.5642 -0.2028, 0.0211 -0.5639 -0.2028, 0.0226 -0.5656 -0.2028, 0.0217 -0.5636 -0.2028, 0.023 -0.5654 -0.2028, 0.0223 -0.5634 -0.2028, 0.0235 -0.5652 -0.2028, 0.0231 -0.5632 -0.2028, 0.0241 -0.5651 -0.2028, 0.024 -0.563 -0.2028, 0.0224 -0.5696 -0.2028, 0.0202 -0.5712 -0.2028, 0.02 -0.571 -0.2028, 0.0227 -0.5698 -0.2028, 0.0211 -0.5719 -0.2028, 0.0206 -0.5716 -0.2028, 0.019 -0.567 -0.2028, 0.0191 -0.5664 -0.2028, 0.0217 -0.5668 -0.2028, 0.0193 -0.5659 -0.2028, 0.0195 -0.5655 -0.2028, 0.0285 -0.5644 -0.2028, 0.0311 -0.5614 -0.2028, 0.0285 -0.5659 -0.2028, 0.0285 -0.566 -0.2028, 0.0307 -0.5593 -0.2028, 0.0309 -0.5599 -0.2028, 0.0283 -0.561 -0.2028, 0.031 -0.5606 -0.2028, 0.0284 -0.5616 -0.2028, 0.0285 -0.5622 -0.2028, 0.0285 -0.5624 -0.2028, 0.0249 -0.5649 -0.2028, 0.0217 -0.5596 -0.2028, 0.0208 -0.5576 -0.2028, 0.0224 -0.5593 -0.2028, 0.0215 -0.5573 -0.2028, 0.023 -0.559 -0.2028, 0.0223 -0.557 -0.2028, 0.0237 -0.5588 -0.2028, 0.023 -0.5568 -0.2028, 0.0244 -0.5587 -0.2028, 0.0239 -0.5566 -0.2028, 0.0251 -0.5587 -0.2028, 0.0247 -0.5565 -0.2028, 0.0254 -0.5587 -0.2028, 0.0256 -0.5565 -0.2028, 0.0259 -0.5565 -0.2028, 0.0283 -0.5699 -0.2028, 0.0279 -0.5704 -0.2028, 0.0268 -0.5694 -0.2028, 0.0275 -0.5709 -0.2028, 0.0264 -0.5697 -0.2028, 0.0271 -0.5713 -0.2028, 0.026 -0.57 -0.2028, 0.0266 -0.5716 -0.2028, 0.0255 -0.5701 -0.2028, 0.0239 -0.5702 -0.2028, 0.0234 -0.5724 -0.2028, 0.0235 -0.5701 -0.2028, 0.0227 -0.5724 -0.2028, 0.0231 -0.57 -0.2028, 0.0221 -0.5723 -0.2028, 0.0216 -0.5721 -0.2028, 0.0261 -0.5719 -0.2028, 0.0256 -0.5721 -0.2028, 0.025 -0.5702 -0.2028, 0.025 -0.5723 -0.2028, 0.0244 -0.5702 -0.2028, 0.0244 -0.5724 -0.2028, 0.0237 -0.5724 -0.2028, 0.0272 -0.5691 -0.2028, 0.0273 -0.569 -0.2028, 0.0284 -0.5697 -0.2028, 0.0277 -0.5686 -0.2028, 0.028 -0.5681 -0.2028, 0.0392 -0.5703 -0.2024, 0.0392 -0.5703 -0.2028, 0.0385 -0.5702 -0.2028, 0.0385 -0.5702 -0.2024, 0.0378 -0.5701 -0.2028, 0.0378 -0.5701 -0.2024, 0.0372 -0.57 -0.2028, 0.0372 -0.57 -0.2024, 0.0365 -0.5697 -0.2028, 0.0365 -0.5697 -0.2024, 0.0359 -0.5695 -0.2028, 0.0359 -0.5695 -0.2024, 0.0353 -0.5691 -0.2028, 0.0353 -0.5691 -0.2024, 0.0348 -0.5688 -0.2028, 0.0348 -0.5688 -0.2024, 0.0348 -0.5715 -0.2024, 0.0348 -0.5715 -0.2028, 0.0354 -0.5718 -0.2028, 0.0354 -0.5718 -0.2024, 0.0361 -0.5721 -0.2028, 0.0361 -0.5721 -0.2024, 0.0368 -0.5722 -0.2028, 0.0368 -0.5722 -0.2024, 0.0376 -0.5724 -0.2028, 0.0376 -0.5724 -0.2024, 0.0384 -0.5724 -0.2028, 0.0384 -0.5724 -0.2024, 0.0389 -0.5724 -0.2028, 0.0389 -0.5724 -0.2024, 0.0398 -0.5724 -0.2028, 0.0398 -0.5724 -0.2024, 0.0406 -0.5723 -0.2028, 0.0406 -0.5723 -0.2024, 0.0413 -0.5722 -0.2028, 0.0413 -0.5722 -0.2024, 0.0419 -0.572 -0.2028, 0.0419 -0.572 -0.2024, 0.0425 -0.5717 -0.2028, 0.0425 -0.5717 -0.2024, 0.0431 -0.5714 -0.2028, 0.0431 -0.5714 -0.2024, 0.0434 -0.5712 -0.2028, 0.0434 -0.5712 -0.2024, 0.0438 -0.5709 -0.2028, 0.0438 -0.5709 -0.2024, 0.0442 -0.5705 -0.2028, 0.0442 -0.5705 -0.2024, 0.0445 -0.5701 -0.2028, 0.0445 -0.5701 -0.2024, 0.0447 -0.5697 -0.2028, 0.0447 -0.5697 -0.2024, 0.0449 -0.5693 -0.2028, 0.0449 -0.5693 -0.2024, 0.045 -0.5688 -0.2028, 0.045 -0.5688 -0.2024, 0.0451 -0.5683 -0.2028, 0.0451 -0.5683 -0.2024, 0.0451 -0.5679 -0.2028, 0.0451 -0.5679 -0.2024, 0.045 -0.5674 -0.2028, 0.045 -0.5674 -0.2024, 0.0449 -0.5669 -0.2028, 0.0449 -0.5669 -0.2024, 0.0448 -0.5664 -0.2028, 0.0448 -0.5664 -0.2024, 0.0446 -0.566 -0.2028, 0.0446 -0.566 -0.2024, 0.0443 -0.5656 -0.2028, 0.0443 -0.5656 -0.2024, 0.0442 -0.5654 -0.2028, 0.0442 -0.5654 -0.2024, 0.0438 -0.5651 -0.2028, 0.0438 -0.5651 -0.2024, 0.0434 -0.5647 -0.2028, 0.0434 -0.5647 -0.2024, 0.0429 -0.5644 -0.2028, 0.0429 -0.5644 -0.2024, 0.0422 -0.564 -0.2028, 0.0422 -0.564 -0.2024, 0.0413 -0.5637 -0.2028, 0.0413 -0.5637 -0.2024, 0.0407 -0.5634 -0.2028, 0.0407 -0.5634 -0.2024, 0.0396 -0.5629 -0.2028, 0.0396 -0.5629 -0.2024, 0.0388 -0.5626 -0.2028, 0.0388 -0.5626 -0.2024, 0.0384 -0.5623 -0.2028, 0.0384 -0.5623 -0.2024, 0.0381 -0.5621 -0.2028, 0.0381 -0.5621 -0.2024, 0.0379 -0.5619 -0.2028, 0.0379 -0.5619 -0.2024, 0.0377 -0.5616 -0.2028, 0.0377 -0.5616 -0.2024, 0.0376 -0.5613 -0.2028, 0.0376 -0.5613 -0.2024, 0.0376 -0.561 -0.2028, 0.0376 -0.561 -0.2024, 0.0375 -0.5607 -0.2028, 0.0375 -0.5607 -0.2024, 0.0376 -0.5604 -0.2028, 0.0376 -0.5604 -0.2024, 0.0377 -0.56 -0.2028, 0.0377 -0.56 -0.2024, 0.0378 -0.5598 -0.2028, 0.0378 -0.5598 -0.2024, 0.038 -0.5595 -0.2028, 0.038 -0.5595 -0.2024, 0.0383 -0.5593 -0.2028, 0.0383 -0.5593 -0.2024, 0.0384 -0.5592 -0.2028, 0.0384 -0.5592 -0.2024, 0.0387 -0.559 -0.2028, 0.0387 -0.559 -0.2024, 0.0391 -0.5588 -0.2028, 0.0391 -0.5588 -0.2024, 0.0396 -0.5587 -0.2028, 0.0396 -0.5587 -0.2024, 0.0401 -0.5587 -0.2028, 0.0401 -0.5587 -0.2024, 0.0405 -0.5587 -0.2028, 0.0405 -0.5587 -0.2024, 0.0412 -0.5587 -0.2028, 0.0412 -0.5587 -0.2024, 0.0419 -0.5588 -0.2028, 0.0419 -0.5588 -0.2024, 0.0425 -0.5589 -0.2028, 0.0425 -0.5589 -0.2024, 0.0432 -0.5591 -0.2028, 0.0432 -0.5591 -0.2024, 0.0438 -0.5594 -0.2028, 0.0438 -0.5594 -0.2024, 0.0443 -0.5598 -0.2028, 0.0443 -0.5598 -0.2024, 0.0443 -0.5572 -0.2024, 0.0443 -0.5572 -0.2028, 0.0436 -0.5569 -0.2028, 0.0436 -0.5569 -0.2024, 0.0429 -0.5567 -0.2028, 0.0429 -0.5567 -0.2024, 0.0422 -0.5566 -0.2028, 0.0422 -0.5566 -0.2024, 0.0414 -0.5565 -0.2028, 0.0414 -0.5565 -0.2024, 0.0407 -0.5565 -0.2028, 0.0407 -0.5565 -0.2024, 0.0399 -0.5565 -0.2028, 0.0399 -0.5565 -0.2024, 0.0392 -0.5566 -0.2028, 0.0392 -0.5566 -0.2024, 0.0385 -0.5568 -0.2028, 0.0385 -0.5568 -0.2024, 0.0379 -0.557 -0.2028, 0.0379 -0.557 -0.2024, 0.0373 -0.5572 -0.2028, 0.0373 -0.5572 -0.2024, 0.0367 -0.5575 -0.2028, 0.0367 -0.5575 -0.2024, 0.0365 -0.5577 -0.2028, 0.0365 -0.5577 -0.2024, 0.0361 -0.558 -0.2028, 0.0361 -0.558 -0.2024, 0.0357 -0.5584 -0.2028, 0.0357 -0.5584 -0.2024, 0.0354 -0.5588 -0.2028, 0.0354 -0.5588 -0.2024, 0.0351 -0.5593 -0.2028, 0.0351 -0.5593 -0.2024, 0.035 -0.5597 -0.2028, 0.035 -0.5597 -0.2024, 0.0349 -0.5602 -0.2028, 0.0349 -0.5602 -0.2024, 0.0348 -0.5607 -0.2028, 0.0348 -0.5607 -0.2024, 0.0348 -0.5609 -0.2028, 0.0348 -0.5609 -0.2024, 0.0348 -0.5615 -0.2028, 0.0348 -0.5615 -0.2024, 0.0349 -0.562 -0.2028, 0.0349 -0.562 -0.2024, 0.0351 -0.5625 -0.2028, 0.0351 -0.5625 -0.2024, 0.0353 -0.5629 -0.2028, 0.0353 -0.5629 -0.2024, 0.0355 -0.5634 -0.2028, 0.0355 -0.5634 -0.2024, 0.0358 -0.5637 -0.2028, 0.0358 -0.5637 -0.2024, 0.0362 -0.564 -0.2028, 0.0362 -0.564 -0.2024, 0.0367 -0.5643 -0.2028, 0.0367 -0.5643 -0.2024, 0.0373 -0.5647 -0.2028, 0.0373 -0.5647 -0.2024, 0.0381 -0.5651 -0.2028, 0.0381 -0.5651 -0.2024, 0.0388 -0.5654 -0.2028, 0.0388 -0.5654 -0.2024, 0.04 -0.5658 -0.2028, 0.04 -0.5658 -0.2024, 0.0408 -0.5662 -0.2028, 0.0408 -0.5662 -0.2024, 0.0413 -0.5665 -0.2028, 0.0413 -0.5665 -0.2024, 0.0416 -0.5667 -0.2028, 0.0416 -0.5667 -0.2024, 0.0419 -0.567 -0.2028, 0.0419 -0.567 -0.2024, 0.0421 -0.5673 -0.2028, 0.0421 -0.5673 -0.2024, 0.0422 -0.5676 -0.2028, 0.0422 -0.5676 -0.2024, 0.0423 -0.5679 -0.2028, 0.0423 -0.5679 -0.2024, 0.0423 -0.5682 -0.2028, 0.0423 -0.5682 -0.2024, 0.0423 -0.5686 -0.2028, 0.0423 -0.5686 -0.2024, 0.0422 -0.5689 -0.2028, 0.0422 -0.5689 -0.2024, 0.0421 -0.5692 -0.2028, 0.0421 -0.5692 -0.2024, 0.0419 -0.5695 -0.2028, 0.0419 -0.5695 -0.2024, 0.0416 -0.5697 -0.2028, 0.0416 -0.5697 -0.2024, 0.0413 -0.5699 -0.2028, 0.0413 -0.5699 -0.2024, 0.0409 -0.57 -0.2028, 0.0409 -0.57 -0.2024, 0.0405 -0.5701 -0.2028, 0.0405 -0.5701 -0.2024, 0.0399 -0.5702 -0.2028, 0.0399 -0.5702 -0.2024, 0.0583 -0.5568 -0.2024, 0.0611 -0.5568 -0.2024, 0.0583 -0.5568 -0.2028, 0.0611 -0.5568 -0.2028, 0.0542 -0.5683 -0.2024, 0.0542 -0.5683 -0.2028, 0.054 -0.569 -0.2028, 0.054 -0.569 -0.2024, 0.0538 -0.5695 -0.2028, 0.0538 -0.5695 -0.2024, 0.0538 -0.5695 -0.2024, 0.0538 -0.5695 -0.2028, 0.0534 -0.5683 -0.2024, 0.0534 -0.5683 -0.2028, 0.0495 -0.5568 -0.2024, 0.0495 -0.5568 -0.2028, 0.0465 -0.5568 -0.2024, 0.0465 -0.5568 -0.2028, 0.0524 -0.572 -0.2024, 0.0524 -0.572 -0.2028, 0.0513 -0.5748 -0.2024, 0.0513 -0.5748 -0.2028, 0.051 -0.5755 -0.2028, 0.051 -0.5755 -0.2024, 0.0506 -0.5759 -0.2028, 0.0506 -0.5759 -0.2024, 0.0503 -0.5763 -0.2028, 0.0503 -0.5763 -0.2024, 0.0499 -0.5766 -0.2028, 0.0499 -0.5766 -0.2024, 0.0494 -0.5768 -0.2028, 0.0494 -0.5768 -0.2024, 0.049 -0.5769 -0.2028, 0.049 -0.5769 -0.2024, 0.0485 -0.577 -0.2028, 0.0485 -0.577 -0.2024, 0.048 -0.5769 -0.2028, 0.048 -0.5769 -0.2024, 0.0474 -0.5768 -0.2028, 0.0474 -0.5768 -0.2024, 0.047 -0.5767 -0.2028, 0.047 -0.5767 -0.2024, 0.047 -0.579 -0.2024, 0.047 -0.579 -0.2028, 0.0476 -0.5792 -0.2028, 0.0476 -0.5792 -0.2024, 0.0484 -0.5793 -0.2028, 0.0484 -0.5793 -0.2024, 0.0487 -0.5793 -0.2028, 0.0487 -0.5793 -0.2024, 0.0494 -0.5792 -0.2028, 0.0494 -0.5792 -0.2024, 0.05 -0.5791 -0.2028, 0.05 -0.5791 -0.2024, 0.0506 -0.5789 -0.2028, 0.0506 -0.5789 -0.2024, 0.0512 -0.5786 -0.2028, 0.0512 -0.5786 -0.2024, 0.0517 -0.5782 -0.2028, 0.0517 -0.5782 -0.2024, 0.0522 -0.5777 -0.2028, 0.0522 -0.5777 -0.2024, 0.0527 -0.5771 -0.2028, 0.0527 -0.5771 -0.2024, 0.0532 -0.5763 -0.2028, 0.0532 -0.5763 -0.2024, 0.0537 -0.5755 -0.2028, 0.0537 -0.5755 -0.2024, 0.0542 -0.5744 -0.2028, 0.0542 -0.5744 -0.2024, 0.0755 -0.5696 -0.2024, 0.0755 -0.5721 -0.2024, 0.0755 -0.5696 -0.2028, 0.0755 -0.5721 -0.2028, 0.0667 -0.5696 -0.2024, 0.0667 -0.5696 -0.2028, 0.0667 -0.5625 -0.2024, 0.0667 -0.5625 -0.2028, 0.0744 -0.5625 -0.2024, 0.0744 -0.5625 -0.2028, 0.0744 -0.56 -0.2024, 0.0744 -0.56 -0.2028, 0.0667 -0.56 -0.2024, 0.0667 -0.56 -0.2028, 0.0667 -0.5532 -0.2024, 0.0667 -0.5532 -0.2028, 0.075 -0.5532 -0.2024, 0.075 -0.5532 -0.2028, 0.075 -0.5507 -0.2024, 0.075 -0.5507 -0.2028, 0.064 -0.5507 -0.2024, 0.064 -0.5507 -0.2028, 0.064 -0.5721 -0.2024, 0.064 -0.5721 -0.2028, 0.0893 -0.569 -0.2024, 0.0908 -0.571 -0.2024, 0.0901 -0.5686 -0.2024, 0.0917 -0.5705 -0.2024, 0.0908 -0.5681 -0.2024, 0.0926 -0.57 -0.2024, 0.0915 -0.5676 -0.2024, 0.0933 -0.5694 -0.2024, 0.0917 -0.5674 -0.2024, 0.0937 -0.5691 -0.2024, 0.0922 -0.5668 -0.2024, 0.0944 -0.5684 -0.2024, 0.0927 -0.5662 -0.2024, 0.095 -0.5676 -0.2024, 0.0931 -0.5655 -0.2024, 0.0955 -0.5668 -0.2024, 0.0934 -0.5647 -0.2024, 0.0938 -0.5591 -0.2024, 0.0965 -0.558 -0.2024, 0.0936 -0.5582 -0.2024, 0.0962 -0.5571 -0.2024, 0.0933 -0.5575 -0.2024, 0.0958 -0.5563 -0.2024, 0.0929 -0.5567 -0.2024, 0.0953 -0.5555 -0.2024, 0.0925 -0.5561 -0.2024, 0.0959 -0.566 -0.2024, 0.0963 -0.5651 -0.2024, 0.0937 -0.5639 -0.2024, 0.0965 -0.5642 -0.2024, 0.0939 -0.563 -0.2024, 0.0967 -0.5632 -0.2024, 0.094 -0.562 -0.2024, 0.0969 -0.5621 -0.2024, 0.094 -0.5612 -0.2024, 0.0969 -0.5611 -0.2024, 0.0939 -0.5601 -0.2024, 0.0968 -0.56 -0.2024, 0.0967 -0.559 -0.2024, 0.0948 -0.5547 -0.2024, 0.0942 -0.554 -0.2024, 0.092 -0.5555 -0.2024, 0.0937 -0.5536 -0.2024, 0.0916 -0.5552 -0.2024, 0.0929 -0.5529 -0.2024, 0.091 -0.5547 -0.2024, 0.092 -0.5524 -0.2024, 0.0903 -0.5542 -0.2024, 0.0911 -0.5519 -0.2024, 0.0895 -0.5539 -0.2024, 0.0902 -0.5515 -0.2024, 0.0886 -0.5536 -0.2024, 0.0892 -0.5512 -0.2024, 0.0877 -0.5534 -0.2024, 0.0882 -0.551 -0.2024, 0.0867 -0.5532 -0.2024, 0.0871 -0.5508 -0.2024, 0.0857 -0.5532 -0.2024, 0.0859 -0.5507 -0.2024, 0.0855 -0.5532 -0.2024, 0.0856 -0.5507 -0.2024, 0.0823 -0.5532 -0.2024, 0.0795 -0.5507 -0.2024, 0.0823 -0.5696 -0.2024, 0.0795 -0.5721 -0.2024, 0.0854 -0.5696 -0.2024, 0.0854 -0.5721 -0.2024, 0.0865 -0.5696 -0.2024, 0.0866 -0.572 -0.2024, 0.0875 -0.5695 -0.2024, 0.0878 -0.5719 -0.2024, 0.0885 -0.5692 -0.2024, 0.0889 -0.5717 -0.2024, 0.0899 -0.5714 -0.2024, 0.091 -0.5547 -0.2028, 0.0929 -0.5529 -0.2028, 0.0916 -0.5552 -0.2028, 0.0937 -0.5536 -0.2028, 0.092 -0.5555 -0.2028, 0.0942 -0.554 -0.2028, 0.0925 -0.5561 -0.2028, 0.0948 -0.5547 -0.2028, 0.0929 -0.5567 -0.2028, 0.0953 -0.5555 -0.2028, 0.0933 -0.5575 -0.2028, 0.0958 -0.5563 -0.2028, 0.0936 -0.5582 -0.2028, 0.0901 -0.5686 -0.2028, 0.0908 -0.571 -0.2028, 0.0893 -0.569 -0.2028, 0.0899 -0.5714 -0.2028, 0.0885 -0.5692 -0.2028, 0.0889 -0.5717 -0.2028, 0.0875 -0.5695 -0.2028, 0.0878 -0.5719 -0.2028, 0.0865 -0.5696 -0.2028, 0.0866 -0.572 -0.2028, 0.0854 -0.5696 -0.2028, 0.0854 -0.5721 -0.2028, 0.0823 -0.5696 -0.2028, 0.0795 -0.5721 -0.2028, 0.0823 -0.5532 -0.2028, 0.0795 -0.5507 -0.2028, 0.0855 -0.5532 -0.2028, 0.0856 -0.5507 -0.2028, 0.0857 -0.5532 -0.2028, 0.0859 -0.5507 -0.2028, 0.0867 -0.5532 -0.2028, 0.0871 -0.5508 -0.2028, 0.0877 -0.5534 -0.2028, 0.0882 -0.551 -0.2028, 0.0886 -0.5536 -0.2028, 0.0892 -0.5512 -0.2028, 0.0895 -0.5539 -0.2028, 0.0902 -0.5515 -0.2028, 0.0903 -0.5542 -0.2028, 0.0911 -0.5519 -0.2028, 0.092 -0.5524 -0.2028, 0.0937 -0.5639 -0.2028, 0.0963 -0.5651 -0.2028, 0.0934 -0.5647 -0.2028, 0.0959 -0.566 -0.2028, 0.0931 -0.5655 -0.2028, 0.0955 -0.5668 -0.2028, 0.0927 -0.5662 -0.2028, 0.095 -0.5676 -0.2028, 0.0922 -0.5668 -0.2028, 0.0944 -0.5684 -0.2028, 0.0917 -0.5674 -0.2028, 0.0937 -0.5691 -0.2028, 0.0915 -0.5676 -0.2028, 0.0933 -0.5694 -0.2028, 0.0908 -0.5681 -0.2028, 0.0926 -0.57 -0.2028, 0.0917 -0.5705 -0.2028, 0.0962 -0.5571 -0.2028, 0.0965 -0.558 -0.2028, 0.0938 -0.5591 -0.2028, 0.0967 -0.559 -0.2028, 0.0939 -0.5601 -0.2028, 0.0968 -0.56 -0.2028, 0.094 -0.5612 -0.2028, 0.0969 -0.5611 -0.2028, 0.094 -0.562 -0.2028, 0.0969 -0.5621 -0.2028, 0.0939 -0.563 -0.2028, 0.0967 -0.5632 -0.2028, 0.0965 -0.5642 -0.2028, 0.104 -0.5638 -0.2024, 0.1032 -0.5662 -0.2024, 0.1112 -0.5638 -0.2024, 0.1121 -0.5662 -0.2024, 0.1072 -0.555 -0.2024, 0.1062 -0.5507 -0.2024, 0.0981 -0.5721 -0.2024, 0.1011 -0.5721 -0.2024, 0.1074 -0.5543 -0.2024, 0.1076 -0.5535 -0.2024, 0.1091 -0.5507 -0.2024, 0.1076 -0.5535 -0.2024, 0.1078 -0.5544 -0.2024, 0.108 -0.555 -0.2024, 0.1173 -0.5721 -0.2024, 0.1142 -0.5721 -0.2024, 0.1032 -0.5662 -0.2028, 0.104 -0.5638 -0.2028, 0.1121 -0.5662 -0.2028, 0.1112 -0.5638 -0.2028, 0.108 -0.555 -0.2028, 0.1091 -0.5507 -0.2028, 0.1173 -0.5721 -0.2028, 0.1142 -0.5721 -0.2028, 0.1078 -0.5544 -0.2028, 0.1076 -0.5535 -0.2028, 0.1062 -0.5507 -0.2028, 0.1076 -0.5535 -0.2028, 0.1074 -0.5543 -0.2028, 0.1072 -0.555 -0.2028, 0.0981 -0.5721 -0.2028, 0.1011 -0.5721 -0.2028, 0.1011 -0.5721 -0.2028
            ]
        }
        coordIndex [
            0,1,2,-1,3,4,5,-1,6,7,8,-1,9,10,11,-1,11,10,12,-1,13,14,15,-1,16,17,18,-1,18,17,19,-1,20,21,22,-1,22,21,2,-1,22,2,23,-1,24,25,26,-1,27,28,2,-1,2,28,29,-1,2,29,0,-1,30,31,9,-1,9,31,32,-1,9,32,10,-1,33,34,35,-1,35,34,6,-1,36,37,38,-1,39,40,41,-1,6,8,35,-1,35,8,42,-1,35,42,9,-1,9,42,43,-1,9,43,30,-1,44,45,12,-1,12,45,46,-1,12,46,11,-1,47,1,48,-1,48,1,49,-1,48,49,50,-1,51,52,53,-1,53,52,54,-1,53,54,20,-1,20,54,55,-1,20,55,21,-1,38,56,36,-1,36,56,57,-1,36,57,51,-1,51,57,58,-1,51,58,52,-1,26,25,59,-1,59,25,60,-1,59,60,61,-1,61,60,62,-1,61,62,63,-1,15,14,64,-1,64,14,65,-1,64,65,66,-1,19,17,67,-1,67,17,68,-1,67,68,69,-1,70,71,2,-1,2,71,72,-1,2,72,27,-1,7,6,36,-1,36,6,73,-1,36,73,74,-1,74,75,36,-1,36,75,76,-1,36,76,37,-1,77,78,79,-1,79,78,80,-1,79,80,81,-1,81,80,82,-1,81,82,83,-1,4,84,5,-1,5,84,85,-1,5,85,86,-1,86,85,87,-1,86,87,88,-1,88,87,89,-1,88,89,90,-1,90,89,13,-1,90,13,91,-1,91,13,15,-1,92,93,94,-1,94,93,95,-1,94,95,70,-1,70,95,96,-1,70,96,71,-1,41,40,97,-1,97,40,98,-1,97,98,99,-1,99,98,100,-1,100,98,101,-1,100,101,102,-1,102,101,103,-1,102,103,104,-1,104,103,105,-1,104,105,106,-1,106,105,107,-1,106,107,5,-1,5,107,108,-1,5,108,3,-1,47,109,1,-1,1,109,110,-1,1,110,2,-1,2,110,111,-1,2,111,23,-1,26,112,24,-1,24,112,113,-1,24,113,114,-1,114,113,115,-1,114,115,116,-1,116,115,117,-1,116,117,118,-1,118,117,119,-1,118,119,120,-1,68,121,69,-1,69,121,122,-1,69,122,123,-1,123,122,124,-1,123,124,125,-1,126,127,128,-1,128,127,129,-1,128,129,130,-1,130,129,131,-1,130,131,92,-1,92,131,132,-1,92,132,93,-1,133,134,135,-1,135,134,136,-1,135,136,44,-1,44,136,137,-1,44,137,45,-1,49,138,50,-1,50,138,139,-1,50,139,140,-1,140,139,141,-1,140,141,142,-1,143,144,145,-1,145,144,146,-1,145,146,147,-1,147,146,148,-1,147,148,149,-1,149,148,150,-1,149,150,77,-1,77,150,151,-1,77,151,78,-1,119,152,120,-1,120,152,153,-1,120,153,154,-1,154,153,155,-1,154,155,143,-1,143,155,156,-1,143,156,144,-1,141,157,142,-1,142,157,158,-1,142,158,133,-1,133,158,159,-1,133,159,134,-1,16,160,17,-1,17,160,161,-1,17,161,162,-1,162,161,163,-1,162,163,164,-1,164,163,83,-1,164,83,165,-1,165,83,82,-1,166,167,168,-1,169,170,171,-1,171,170,172,-1,171,172,173,-1,173,172,174,-1,173,174,175,-1,175,174,176,-1,175,176,177,-1,177,176,178,-1,177,178,126,-1,126,178,179,-1,126,179,127,-1,180,181,166,-1,166,181,182,-1,166,182,167,-1,62,183,63,-1,63,183,166,-1,63,166,184,-1,184,166,168,-1,185,186,187,-1,187,186,188,-1,189,190,191,-1,190,192,191,-1,191,192,193,-1,191,193,194,-1,66,65,195,-1,195,65,196,-1,195,196,185,-1,185,196,197,-1,185,197,186,-1,41,198,39,-1,39,198,199,-1,39,199,200,-1,200,199,201,-1,200,201,169,-1,169,201,202,-1,169,202,170,-1,180,166,191,-1,191,166,203,-1,191,203,189,-1,124,204,125,-1,125,204,205,-1,125,205,206,-1,206,205,207,-1,206,207,208,-1,208,207,209,-1,208,209,210,-1,210,209,211,-1,210,211,188,-1,188,211,212,-1,188,212,187,-1,213,214,215,-1,215,214,216,-1,215,216,217,-1,218,219,220,-1,221,222,223,-1,223,222,224,-1,223,224,225,-1,226,227,228,-1,216,229,217,-1,217,229,230,-1,217,230,231,-1,231,230,232,-1,233,234,223,-1,223,234,218,-1,223,218,221,-1,235,236,237,-1,237,236,238,-1,237,238,239,-1,240,241,242,-1,243,244,217,-1,217,244,245,-1,217,245,215,-1,215,245,246,-1,247,248,249,-1,249,248,250,-1,251,252,253,-1,253,252,254,-1,253,254,255,-1,255,254,256,-1,255,256,257,-1,257,256,258,-1,257,258,259,-1,223,260,233,-1,233,260,261,-1,233,261,262,-1,262,261,263,-1,262,263,264,-1,264,263,265,-1,264,265,266,-1,220,267,218,-1,218,267,268,-1,218,268,221,-1,228,227,249,-1,249,227,269,-1,249,269,247,-1,270,271,230,-1,230,271,272,-1,230,272,232,-1,250,273,249,-1,249,273,274,-1,249,274,275,-1,275,274,259,-1,275,259,276,-1,276,259,258,-1,228,277,226,-1,226,277,278,-1,226,278,279,-1,279,278,280,-1,279,280,281,-1,282,283,284,-1,284,283,285,-1,284,285,286,-1,286,285,287,-1,286,287,288,-1,288,287,289,-1,288,289,290,-1,291,292,293,-1,293,292,294,-1,293,294,295,-1,295,294,296,-1,295,296,297,-1,297,296,298,-1,297,298,299,-1,300,301,302,-1,302,301,303,-1,302,303,304,-1,238,305,239,-1,239,305,306,-1,239,306,307,-1,307,306,308,-1,307,308,224,-1,224,308,309,-1,224,309,225,-1,242,241,310,-1,310,241,311,-1,310,311,217,-1,217,311,312,-1,217,312,243,-1,313,314,315,-1,315,314,316,-1,315,316,317,-1,304,318,302,-1,302,318,319,-1,302,319,320,-1,320,319,321,-1,320,321,322,-1,322,321,323,-1,322,323,324,-1,324,323,325,-1,242,326,240,-1,240,326,327,-1,240,327,328,-1,328,327,329,-1,328,329,235,-1,235,329,330,-1,235,330,236,-1,316,331,317,-1,317,331,332,-1,317,332,333,-1,333,332,334,-1,333,334,335,-1,335,334,215,-1,335,215,336,-1,336,215,246,-1,313,337,338,-1,265,339,266,-1,266,339,340,-1,266,340,341,-1,341,340,342,-1,341,342,343,-1,343,342,344,-1,343,344,345,-1,345,344,346,-1,345,346,347,-1,347,346,348,-1,347,348,349,-1,350,351,352,-1,352,351,353,-1,298,354,299,-1,299,354,355,-1,299,355,356,-1,356,355,357,-1,356,357,282,-1,282,357,358,-1,282,358,283,-1,359,360,313,-1,313,360,361,-1,313,361,337,-1,338,362,313,-1,313,362,363,-1,313,363,314,-1,364,365,366,-1,366,365,367,-1,366,367,251,-1,251,367,368,-1,251,368,252,-1,348,369,349,-1,349,369,370,-1,349,370,371,-1,371,370,372,-1,371,372,364,-1,364,372,373,-1,364,373,365,-1,289,374,290,-1,290,374,375,-1,290,375,376,-1,376,375,377,-1,376,377,378,-1,378,377,379,-1,378,379,380,-1,380,379,381,-1,380,381,382,-1,382,381,383,-1,382,383,384,-1,384,383,385,-1,384,385,352,-1,352,385,386,-1,352,386,350,-1,353,387,352,-1,352,387,388,-1,352,388,389,-1,302,390,300,-1,300,390,391,-1,300,391,392,-1,392,391,393,-1,392,393,394,-1,394,393,395,-1,394,395,291,-1,291,395,396,-1,291,396,292,-1,219,218,313,-1,313,218,397,-1,313,397,359,-1,398,399,389,-1,389,399,400,-1,389,400,401,-1,402,403,404,-1,404,403,405,-1,404,405,325,-1,325,405,406,-1,325,406,324,-1,280,407,281,-1,281,407,408,-1,281,408,409,-1,409,408,410,-1,409,410,411,-1,411,410,412,-1,411,412,413,-1,413,412,414,-1,413,414,415,-1,415,414,416,-1,415,416,417,-1,417,416,418,-1,417,418,419,-1,419,418,420,-1,419,420,421,-1,421,420,422,-1,421,422,402,-1,402,422,423,-1,402,423,403,-1,401,424,389,-1,389,424,425,-1,389,425,352,-1,146,354,298,-1,146,298,148,-1,148,298,296,-1,148,296,150,-1,150,296,294,-1,150,294,151,-1,151,294,292,-1,151,292,78,-1,78,292,396,-1,78,396,80,-1,80,396,395,-1,80,395,82,-1,82,395,393,-1,82,393,165,-1,165,393,391,-1,165,391,164,-1,164,391,390,-1,164,390,162,-1,162,390,302,-1,162,302,17,-1,17,302,320,-1,17,320,68,-1,68,320,322,-1,68,322,121,-1,121,322,324,-1,121,324,122,-1,122,324,406,-1,122,406,124,-1,124,406,405,-1,124,405,204,-1,204,405,403,-1,204,403,205,-1,205,403,423,-1,205,423,207,-1,207,423,422,-1,207,422,209,-1,209,422,420,-1,209,420,211,-1,211,420,418,-1,211,418,212,-1,212,418,416,-1,212,416,187,-1,187,416,414,-1,187,414,185,-1,185,414,412,-1,185,412,195,-1,195,412,410,-1,195,410,66,-1,66,410,408,-1,66,408,64,-1,64,408,407,-1,64,407,15,-1,15,407,280,-1,15,280,91,-1,91,280,278,-1,91,278,90,-1,90,278,277,-1,90,277,88,-1,88,277,228,-1,88,228,86,-1,86,228,249,-1,86,249,5,-1,5,249,275,-1,5,275,106,-1,106,275,276,-1,106,276,104,-1,104,276,258,-1,104,258,102,-1,102,258,256,-1,102,256,100,-1,100,256,254,-1,100,254,99,-1,99,254,252,-1,99,252,97,-1,97,252,368,-1,97,368,41,-1,41,368,367,-1,41,367,198,-1,198,367,365,-1,198,365,199,-1,199,365,373,-1,199,373,201,-1,201,373,372,-1,201,372,202,-1,202,372,370,-1,202,370,170,-1,170,370,369,-1,170,369,172,-1,172,369,348,-1,172,348,174,-1,174,348,346,-1,174,346,176,-1,176,346,344,-1,176,344,178,-1,178,344,342,-1,178,342,179,-1,179,342,340,-1,179,340,127,-1,127,340,339,-1,127,339,129,-1,129,339,265,-1,129,265,131,-1,131,265,263,-1,131,263,132,-1,132,263,261,-1,132,261,93,-1,93,261,260,-1,93,260,95,-1,95,260,223,-1,95,223,96,-1,96,223,225,-1,96,225,71,-1,71,225,309,-1,71,309,72,-1,72,309,308,-1,72,308,27,-1,27,308,306,-1,27,306,28,-1,28,306,305,-1,28,305,29,-1,29,305,238,-1,29,238,0,-1,0,238,236,-1,0,236,1,-1,1,236,330,-1,1,330,49,-1,49,330,329,-1,49,329,138,-1,138,329,327,-1,138,327,139,-1,139,327,326,-1,139,326,141,-1,141,326,242,-1,141,242,157,-1,157,242,310,-1,157,310,158,-1,158,310,217,-1,158,217,159,-1,159,217,231,-1,159,231,134,-1,134,231,232,-1,134,232,136,-1,136,232,272,-1,136,272,137,-1,137,272,271,-1,137,271,45,-1,45,271,270,-1,45,270,46,-1,46,270,230,-1,46,230,11,-1,11,230,229,-1,11,229,9,-1,35,9,216,-1,216,9,229,-1,33,35,214,-1,214,35,216,-1,34,33,213,-1,213,33,214,-1,6,34,215,-1,215,34,213,-1,6,215,334,-1,6,334,73,-1,73,334,332,-1,73,332,74,-1,74,332,331,-1,74,331,75,-1,75,331,316,-1,75,316,76,-1,76,316,314,-1,76,314,37,-1,37,314,363,-1,37,363,38,-1,38,363,362,-1,38,362,56,-1,56,362,338,-1,56,338,57,-1,57,338,337,-1,57,337,58,-1,58,337,361,-1,58,361,52,-1,52,361,360,-1,52,360,54,-1,54,360,359,-1,54,359,55,-1,55,359,397,-1,55,397,21,-1,21,397,218,-1,21,218,2,-1,2,218,234,-1,2,234,70,-1,70,234,233,-1,70,233,94,-1,94,233,262,-1,94,262,92,-1,92,262,264,-1,92,264,130,-1,130,264,266,-1,130,266,128,-1,128,266,341,-1,128,341,126,-1,126,341,343,-1,126,343,177,-1,177,343,345,-1,177,345,175,-1,175,345,347,-1,175,347,173,-1,173,347,349,-1,173,349,171,-1,171,349,371,-1,171,371,169,-1,169,371,364,-1,169,364,200,-1,200,364,366,-1,200,366,39,-1,39,366,251,-1,39,251,40,-1,40,251,253,-1,40,253,98,-1,98,253,255,-1,98,255,101,-1,101,255,257,-1,101,257,103,-1,103,257,259,-1,103,259,105,-1,105,259,274,-1,105,274,107,-1,107,274,273,-1,107,273,108,-1,108,273,250,-1,108,250,3,-1,3,250,248,-1,3,248,4,-1,4,248,247,-1,4,247,84,-1,84,247,269,-1,84,269,85,-1,85,269,227,-1,85,227,87,-1,87,227,226,-1,87,226,89,-1,89,226,279,-1,89,279,13,-1,13,279,281,-1,13,281,14,-1,14,281,409,-1,14,409,65,-1,65,409,411,-1,65,411,196,-1,196,411,413,-1,196,413,197,-1,197,413,415,-1,197,415,186,-1,186,415,417,-1,186,417,188,-1,188,417,419,-1,188,419,210,-1,210,419,421,-1,210,421,208,-1,208,421,402,-1,208,402,206,-1,206,402,404,-1,206,404,125,-1,125,404,325,-1,125,325,123,-1,123,325,323,-1,123,323,69,-1,69,323,321,-1,69,321,67,-1,67,321,319,-1,67,319,19,-1,19,319,318,-1,19,318,18,-1,18,318,304,-1,18,304,16,-1,160,16,303,-1,303,16,304,-1,160,303,301,-1,160,301,161,-1,161,301,300,-1,161,300,163,-1,163,300,392,-1,163,392,83,-1,83,392,394,-1,83,394,81,-1,81,394,291,-1,81,291,79,-1,79,291,293,-1,79,293,77,-1,77,293,295,-1,77,295,149,-1,149,295,297,-1,149,297,147,-1,147,297,299,-1,147,299,145,-1,145,299,356,-1,145,356,143,-1,143,356,282,-1,143,282,154,-1,154,282,284,-1,154,284,120,-1,120,284,286,-1,120,286,118,-1,118,286,288,-1,118,288,116,-1,116,288,290,-1,116,290,114,-1,114,290,376,-1,114,376,24,-1,24,376,378,-1,24,378,25,-1,25,378,380,-1,25,380,60,-1,62,60,382,-1,382,60,380,-1,62,382,384,-1,62,384,183,-1,183,384,352,-1,183,352,166,-1,166,352,425,-1,166,425,203,-1,203,425,424,-1,203,424,189,-1,189,424,401,-1,189,401,190,-1,190,401,400,-1,190,400,192,-1,192,400,399,-1,192,399,193,-1,193,399,398,-1,193,398,194,-1,194,398,389,-1,194,389,191,-1,191,389,388,-1,191,388,180,-1,180,388,387,-1,180,387,181,-1,181,387,353,-1,181,353,182,-1,182,353,351,-1,182,351,167,-1,167,351,350,-1,167,350,168,-1,168,350,386,-1,168,386,184,-1,184,386,385,-1,184,385,63,-1,63,385,383,-1,63,383,61,-1,59,61,381,-1,381,61,383,-1,59,381,379,-1,59,379,26,-1,26,379,377,-1,26,377,112,-1,112,377,375,-1,112,375,113,-1,113,375,374,-1,113,374,115,-1,115,374,289,-1,115,289,117,-1,117,289,287,-1,117,287,119,-1,119,287,285,-1,119,285,152,-1,152,285,283,-1,152,283,153,-1,153,283,358,-1,153,358,155,-1,155,358,357,-1,155,357,156,-1,156,357,355,-1,156,355,144,-1,144,355,354,-1,144,354,146,-1,7,313,315,-1,7,315,8,-1,8,315,317,-1,8,317,42,-1,42,317,333,-1,42,333,43,-1,43,333,335,-1,43,335,30,-1,30,335,336,-1,30,336,31,-1,31,336,246,-1,31,246,32,-1,32,246,245,-1,32,245,10,-1,10,245,244,-1,10,244,12,-1,12,244,243,-1,12,243,44,-1,44,243,312,-1,44,312,135,-1,135,312,311,-1,135,311,133,-1,133,311,241,-1,133,241,142,-1,142,241,240,-1,142,240,140,-1,140,240,328,-1,140,328,50,-1,50,328,235,-1,50,235,48,-1,48,235,237,-1,48,237,47,-1,47,237,239,-1,47,239,109,-1,109,239,307,-1,109,307,110,-1,110,307,224,-1,110,224,111,-1,111,224,222,-1,111,222,23,-1,23,222,221,-1,23,221,22,-1,22,221,268,-1,22,268,20,-1,20,268,267,-1,20,267,53,-1,53,267,220,-1,53,220,51,-1,51,220,219,-1,51,219,36,-1,36,219,313,-1,36,313,7,-1,426,427,428,-1,428,427,429,-1,430,426,431,-1,431,426,428,-1,432,430,433,-1,433,430,431,-1,434,432,435,-1,435,432,433,-1,436,434,437,-1,437,434,435,-1,427,436,429,-1,429,436,437,-1,432,434,430,-1,430,434,436,-1,430,436,426,-1,426,436,427,-1,428,429,431,-1,431,429,437,-1,431,437,433,-1,433,437,435,-1,438,439,440,-1,438,440,441,-1,441,440,442,-1,441,442,443,-1,443,442,444,-1,443,444,445,-1,445,444,446,-1,445,446,447,-1,447,446,448,-1,447,448,449,-1,449,448,450,-1,449,450,451,-1,452,451,453,-1,453,451,450,-1,452,453,454,-1,452,454,455,-1,455,454,456,-1,455,456,457,-1,457,456,458,-1,457,458,459,-1,459,458,460,-1,459,460,461,-1,461,460,462,-1,461,462,463,-1,463,462,464,-1,463,464,465,-1,465,464,466,-1,465,466,467,-1,467,466,468,-1,467,468,469,-1,469,468,470,-1,469,470,471,-1,471,470,472,-1,471,472,473,-1,473,472,474,-1,473,474,475,-1,475,474,476,-1,475,476,477,-1,477,476,478,-1,477,478,479,-1,479,478,480,-1,479,480,481,-1,481,480,482,-1,481,482,483,-1,483,482,484,-1,483,484,485,-1,485,484,486,-1,485,486,487,-1,487,486,488,-1,487,488,489,-1,489,488,490,-1,489,490,491,-1,491,490,492,-1,491,492,493,-1,493,492,494,-1,493,494,495,-1,495,494,496,-1,495,496,497,-1,497,496,498,-1,497,498,499,-1,499,498,500,-1,499,500,501,-1,501,500,502,-1,501,502,503,-1,503,502,504,-1,503,504,505,-1,505,504,506,-1,505,506,507,-1,507,506,508,-1,507,508,509,-1,509,508,510,-1,509,510,511,-1,511,510,512,-1,511,512,513,-1,513,512,514,-1,513,514,515,-1,515,514,516,-1,515,516,517,-1,517,516,518,-1,517,518,519,-1,519,518,520,-1,519,520,521,-1,521,520,522,-1,521,522,523,-1,523,522,524,-1,523,524,525,-1,525,524,526,-1,525,526,527,-1,527,526,528,-1,527,528,529,-1,529,528,530,-1,529,530,531,-1,531,530,532,-1,531,532,533,-1,533,532,534,-1,533,534,535,-1,535,534,536,-1,535,536,537,-1,537,536,538,-1,537,538,539,-1,539,538,540,-1,539,540,541,-1,542,541,543,-1,543,541,540,-1,542,543,544,-1,542,544,545,-1,545,544,546,-1,545,546,547,-1,547,546,548,-1,547,548,549,-1,549,548,550,-1,549,550,551,-1,551,550,552,-1,551,552,553,-1,553,552,554,-1,553,554,555,-1,555,554,556,-1,555,556,557,-1,557,556,558,-1,557,558,559,-1,559,558,560,-1,559,560,561,-1,561,560,562,-1,561,562,563,-1,563,562,564,-1,563,564,565,-1,565,564,566,-1,565,566,567,-1,567,566,568,-1,567,568,569,-1,569,568,570,-1,569,570,571,-1,571,570,572,-1,571,572,573,-1,573,572,574,-1,573,574,575,-1,575,574,576,-1,575,576,577,-1,577,576,578,-1,577,578,579,-1,579,578,580,-1,579,580,581,-1,581,580,582,-1,581,582,583,-1,583,582,584,-1,583,584,585,-1,585,584,586,-1,585,586,587,-1,587,586,588,-1,587,588,589,-1,589,588,590,-1,589,590,591,-1,591,590,592,-1,591,592,593,-1,593,592,594,-1,593,594,595,-1,595,594,596,-1,595,596,597,-1,597,596,598,-1,597,598,599,-1,599,598,600,-1,599,600,601,-1,601,600,602,-1,601,602,603,-1,603,602,604,-1,603,604,605,-1,605,604,606,-1,605,606,607,-1,607,606,608,-1,607,608,609,-1,609,608,610,-1,609,610,611,-1,611,610,612,-1,611,612,613,-1,613,612,614,-1,613,614,615,-1,615,614,616,-1,615,616,617,-1,617,616,618,-1,617,618,619,-1,619,618,620,-1,619,620,621,-1,621,620,622,-1,621,622,623,-1,623,622,439,-1,623,439,438,-1,539,541,542,-1,483,603,605,-1,457,449,455,-1,455,449,451,-1,455,451,452,-1,483,605,481,-1,481,605,607,-1,481,607,479,-1,479,607,609,-1,479,609,477,-1,477,609,611,-1,477,611,475,-1,475,611,613,-1,475,613,473,-1,613,615,473,-1,473,615,617,-1,473,617,471,-1,471,617,619,-1,471,619,469,-1,469,619,621,-1,469,621,467,-1,467,621,623,-1,467,623,465,-1,465,623,438,-1,465,438,463,-1,463,438,441,-1,463,441,461,-1,461,441,443,-1,461,443,459,-1,459,443,445,-1,459,445,457,-1,457,445,447,-1,457,447,449,-1,515,569,513,-1,513,569,571,-1,513,571,511,-1,511,571,509,-1,539,542,537,-1,537,542,545,-1,537,545,535,-1,535,545,547,-1,535,547,533,-1,533,547,549,-1,533,549,531,-1,531,549,551,-1,531,551,529,-1,529,551,553,-1,529,553,527,-1,527,553,555,-1,527,555,525,-1,525,555,557,-1,525,557,523,-1,523,557,559,-1,523,559,521,-1,521,559,561,-1,521,561,519,-1,519,561,563,-1,519,563,517,-1,517,563,565,-1,517,565,515,-1,515,565,567,-1,515,567,569,-1,571,573,509,-1,509,573,575,-1,509,575,507,-1,507,575,577,-1,507,577,505,-1,505,577,579,-1,505,579,503,-1,503,579,581,-1,503,581,501,-1,501,581,583,-1,501,583,499,-1,603,483,601,-1,601,483,485,-1,601,485,599,-1,599,485,487,-1,599,487,597,-1,597,487,489,-1,597,489,595,-1,595,489,491,-1,595,491,593,-1,593,491,591,-1,591,491,493,-1,591,493,589,-1,493,495,589,-1,589,495,497,-1,589,497,587,-1,587,497,499,-1,587,499,585,-1,585,499,583,-1,470,616,472,-1,472,616,614,-1,472,614,474,-1,474,614,612,-1,474,612,476,-1,476,612,610,-1,476,610,478,-1,478,610,608,-1,478,608,480,-1,608,606,480,-1,480,606,604,-1,480,604,482,-1,482,604,602,-1,482,602,484,-1,484,602,600,-1,484,600,486,-1,486,600,598,-1,486,598,488,-1,453,450,454,-1,454,450,448,-1,454,448,456,-1,456,448,446,-1,456,446,458,-1,458,446,444,-1,458,444,460,-1,460,444,442,-1,460,442,462,-1,462,442,440,-1,462,440,464,-1,464,440,439,-1,464,439,466,-1,466,439,622,-1,466,622,468,-1,468,622,620,-1,468,620,470,-1,470,620,618,-1,470,618,616,-1,540,538,543,-1,543,538,536,-1,543,536,544,-1,544,536,534,-1,506,574,508,-1,508,574,572,-1,508,572,510,-1,510,572,570,-1,510,570,512,-1,512,570,568,-1,512,568,514,-1,514,568,566,-1,514,566,516,-1,516,566,564,-1,516,564,518,-1,518,564,562,-1,518,562,520,-1,520,562,560,-1,520,560,522,-1,522,560,558,-1,522,558,524,-1,524,558,556,-1,524,556,526,-1,526,556,554,-1,526,554,528,-1,528,554,552,-1,528,552,530,-1,530,552,550,-1,530,550,532,-1,532,550,548,-1,532,548,534,-1,534,548,546,-1,534,546,544,-1,598,596,488,-1,488,596,594,-1,488,594,490,-1,490,594,592,-1,490,592,492,-1,492,592,590,-1,492,590,494,-1,494,590,588,-1,494,588,496,-1,496,588,586,-1,496,586,498,-1,498,586,584,-1,498,584,500,-1,500,584,582,-1,500,582,502,-1,502,582,580,-1,502,580,504,-1,504,580,578,-1,504,578,506,-1,506,578,576,-1,506,576,574,-1,624,625,626,-1,626,625,627,-1,628,624,629,-1,629,624,626,-1,630,628,631,-1,631,628,629,-1,632,630,633,-1,633,630,631,-1,634,632,635,-1,635,632,633,-1,636,634,637,-1,637,634,635,-1,638,636,639,-1,639,636,637,-1,640,638,641,-1,641,638,639,-1,642,640,643,-1,643,640,641,-1,644,642,645,-1,645,642,643,-1,646,644,647,-1,647,644,645,-1,625,646,627,-1,627,646,647,-1,632,634,630,-1,630,634,636,-1,625,624,646,-1,646,624,628,-1,640,642,638,-1,638,642,644,-1,638,644,636,-1,636,644,646,-1,636,646,630,-1,630,646,628,-1,645,643,641,-1,641,639,645,-1,645,639,637,-1,645,637,647,-1,626,627,629,-1,629,627,647,-1,629,647,631,-1,631,647,637,-1,631,637,633,-1,633,637,635,-1,648,649,650,-1,650,649,651,-1,650,651,652,-1,652,651,653,-1,652,653,654,-1,654,653,655,-1,654,655,656,-1,656,655,657,-1,656,657,658,-1,658,657,659,-1,658,659,660,-1,660,659,661,-1,660,661,662,-1,662,661,663,-1,662,663,664,-1,665,666,667,-1,667,666,668,-1,667,668,669,-1,669,668,670,-1,669,670,671,-1,671,670,672,-1,671,672,673,-1,663,674,664,-1,664,674,675,-1,664,675,676,-1,676,675,677,-1,676,677,678,-1,678,677,679,-1,678,679,680,-1,680,679,681,-1,680,681,682,-1,682,681,683,-1,682,683,684,-1,684,683,685,-1,684,685,665,-1,665,685,686,-1,665,686,666,-1,672,687,673,-1,673,687,688,-1,673,688,689,-1,689,688,690,-1,689,690,691,-1,691,690,692,-1,691,692,693,-1,693,692,694,-1,693,694,695,-1,695,694,696,-1,695,696,697,-1,697,696,698,-1,697,698,699,-1,699,698,700,-1,699,700,701,-1,701,700,702,-1,701,702,703,-1,703,702,704,-1,703,704,705,-1,705,704,706,-1,705,706,707,-1,707,706,708,-1,707,708,709,-1,709,708,710,-1,709,710,711,-1,711,710,712,-1,711,712,713,-1,713,712,714,-1,713,714,715,-1,715,714,716,-1,715,716,717,-1,717,716,718,-1,717,718,719,-1,719,718,720,-1,719,720,648,-1,648,720,721,-1,648,721,649,-1,722,723,724,-1,724,723,725,-1,724,725,726,-1,726,725,727,-1,726,727,728,-1,728,727,729,-1,728,729,730,-1,730,729,731,-1,730,731,732,-1,732,731,733,-1,732,733,734,-1,735,736,737,-1,737,736,738,-1,737,738,739,-1,739,738,740,-1,739,740,741,-1,741,740,742,-1,741,742,743,-1,743,742,744,-1,743,744,745,-1,745,744,746,-1,745,746,747,-1,747,746,748,-1,747,748,749,-1,749,748,750,-1,749,750,751,-1,751,750,752,-1,751,752,753,-1,753,752,754,-1,753,754,755,-1,755,754,756,-1,755,756,757,-1,757,756,758,-1,757,758,759,-1,759,758,760,-1,759,760,761,-1,761,760,762,-1,761,762,763,-1,763,762,764,-1,763,764,722,-1,722,764,765,-1,722,765,723,-1,766,767,768,-1,768,767,769,-1,768,769,770,-1,770,769,771,-1,770,771,772,-1,772,771,773,-1,772,773,774,-1,774,773,775,-1,774,775,776,-1,776,775,777,-1,776,777,778,-1,778,777,779,-1,778,779,780,-1,780,779,781,-1,780,781,735,-1,735,781,782,-1,735,782,736,-1,733,783,734,-1,734,783,784,-1,734,784,785,-1,785,784,786,-1,785,786,787,-1,787,786,788,-1,787,788,789,-1,789,788,790,-1,789,790,791,-1,791,790,792,-1,791,792,793,-1,793,792,794,-1,793,794,766,-1,766,794,795,-1,766,795,767,-1,714,712,746,-1,746,712,748,-1,714,746,744,-1,714,744,716,-1,716,744,742,-1,716,742,718,-1,718,742,740,-1,718,740,720,-1,720,740,738,-1,720,738,721,-1,721,738,736,-1,721,736,649,-1,649,736,782,-1,649,782,651,-1,651,782,781,-1,651,781,653,-1,653,781,779,-1,653,779,655,-1,655,779,777,-1,655,777,657,-1,657,777,775,-1,657,775,659,-1,659,775,773,-1,659,773,661,-1,661,773,771,-1,661,771,663,-1,663,771,769,-1,663,769,674,-1,674,769,767,-1,674,767,675,-1,675,767,795,-1,675,795,677,-1,677,795,794,-1,677,794,679,-1,679,794,792,-1,679,792,681,-1,681,792,790,-1,681,790,683,-1,683,790,788,-1,683,788,685,-1,685,788,786,-1,685,786,686,-1,686,786,784,-1,686,784,666,-1,666,784,783,-1,666,783,668,-1,668,783,733,-1,668,733,670,-1,670,733,731,-1,670,731,672,-1,672,731,729,-1,672,729,687,-1,687,729,727,-1,687,727,688,-1,688,727,725,-1,688,725,690,-1,690,725,723,-1,690,723,692,-1,692,723,765,-1,692,765,694,-1,694,765,764,-1,694,764,696,-1,696,764,762,-1,696,762,698,-1,698,762,760,-1,698,760,700,-1,700,760,758,-1,700,758,702,-1,702,758,756,-1,702,756,704,-1,704,756,754,-1,704,754,706,-1,706,754,752,-1,706,752,708,-1,710,708,750,-1,750,708,752,-1,712,710,748,-1,748,710,750,-1,707,709,751,-1,751,709,749,-1,709,711,749,-1,749,711,747,-1,711,713,747,-1,747,713,745,-1,656,776,778,-1,656,778,654,-1,654,778,780,-1,654,780,652,-1,652,780,735,-1,652,735,650,-1,650,735,737,-1,650,737,648,-1,648,737,739,-1,648,739,719,-1,719,739,741,-1,719,741,717,-1,717,741,743,-1,717,743,715,-1,715,743,745,-1,715,745,713,-1,682,789,791,-1,682,791,680,-1,680,791,793,-1,680,793,678,-1,678,793,766,-1,678,766,676,-1,676,766,768,-1,676,768,664,-1,664,768,770,-1,664,770,662,-1,662,770,772,-1,662,772,660,-1,660,772,774,-1,660,774,658,-1,658,774,776,-1,658,776,656,-1,691,724,726,-1,691,726,689,-1,689,726,728,-1,689,728,673,-1,673,728,730,-1,673,730,671,-1,671,730,732,-1,671,732,669,-1,669,732,734,-1,669,734,667,-1,667,734,785,-1,667,785,665,-1,665,785,787,-1,665,787,684,-1,684,787,789,-1,684,789,682,-1,707,751,753,-1,707,753,705,-1,705,753,755,-1,705,755,703,-1,703,755,757,-1,703,757,701,-1,701,757,759,-1,701,759,699,-1,699,759,761,-1,699,761,697,-1,697,761,763,-1,697,763,695,-1,695,763,722,-1,695,722,693,-1,693,722,724,-1,693,724,691,-1,796,797,798,-1,798,797,799,-1,800,801,796,-1,796,801,802,-1,796,802,797,-1,797,802,803,-1,800,804,801,-1,801,804,805,-1,801,805,806,-1,806,805,807,-1,806,807,808,-1,808,809,806,-1,806,809,798,-1,806,798,810,-1,810,798,799,-1,810,799,811,-1,812,813,814,-1,814,813,815,-1,816,817,815,-1,815,817,818,-1,815,818,814,-1,814,818,819,-1,816,820,817,-1,817,820,821,-1,817,821,822,-1,822,821,823,-1,822,823,824,-1,824,825,822,-1,822,825,813,-1,822,813,826,-1,826,813,812,-1,826,812,827,-1,806,810,817,-1,817,810,818,-1,801,806,822,-1,822,806,817,-1,802,801,826,-1,826,801,822,-1,803,802,827,-1,827,802,826,-1,797,803,812,-1,812,803,827,-1,799,797,814,-1,814,797,812,-1,811,799,819,-1,819,799,814,-1,810,811,818,-1,818,811,819,-1,796,798,813,-1,813,798,815,-1,798,809,815,-1,815,809,816,-1,807,821,820,-1,807,820,808,-1,808,820,816,-1,808,816,809,-1,807,805,821,-1,821,805,823,-1,800,825,824,-1,800,824,804,-1,804,824,823,-1,804,823,805,-1,800,796,825,-1,825,796,813,-1,828,829,830,-1,830,829,831,-1,832,828,833,-1,833,828,830,-1,834,832,835,-1,835,832,833,-1,836,834,837,-1,837,834,835,-1,838,836,839,-1,839,836,837,-1,840,838,841,-1,841,838,839,-1,842,840,843,-1,843,840,841,-1,844,842,845,-1,845,842,843,-1,846,844,847,-1,847,844,845,-1,848,846,849,-1,849,846,847,-1,850,848,851,-1,851,848,849,-1,829,850,831,-1,831,850,851,-1,829,828,850,-1,850,828,832,-1,836,838,834,-1,834,838,840,-1,844,846,842,-1,842,846,848,-1,842,848,840,-1,840,848,850,-1,840,850,834,-1,834,850,832,-1,849,847,845,-1,845,843,849,-1,849,843,841,-1,849,841,851,-1,830,831,833,-1,833,831,851,-1,833,851,835,-1,835,851,841,-1,835,841,837,-1,837,841,839,-1,852,853,854,-1,854,853,855,-1,856,857,858,-1,858,857,859,-1,858,859,860,-1,860,859,861,-1,860,861,862,-1,863,864,865,-1,866,867,868,-1,869,870,856,-1,856,870,871,-1,856,871,857,-1,863,872,864,-1,864,872,873,-1,864,873,874,-1,874,873,875,-1,874,875,876,-1,852,854,877,-1,877,854,878,-1,877,878,879,-1,880,881,882,-1,882,881,868,-1,882,868,883,-1,883,868,867,-1,884,885,886,-1,887,888,889,-1,889,888,890,-1,889,890,885,-1,885,890,891,-1,885,891,886,-1,879,892,877,-1,877,892,893,-1,877,893,894,-1,894,893,895,-1,894,895,865,-1,865,895,896,-1,865,896,863,-1,897,898,899,-1,899,898,900,-1,899,900,901,-1,901,900,902,-1,901,902,869,-1,869,902,903,-1,869,903,870,-1,904,905,868,-1,868,905,906,-1,868,906,866,-1,907,904,897,-1,897,904,908,-1,897,908,898,-1,855,905,854,-1,854,905,904,-1,854,904,909,-1,909,904,907,-1,910,911,912,-1,912,911,913,-1,912,913,914,-1,914,913,915,-1,914,915,916,-1,886,917,884,-1,884,917,918,-1,884,918,910,-1,910,918,919,-1,910,919,911,-1,875,920,876,-1,876,920,921,-1,876,921,922,-1,922,921,923,-1,922,923,924,-1,861,925,862,-1,862,925,926,-1,862,926,927,-1,927,926,928,-1,927,928,929,-1,929,928,930,-1,929,930,931,-1,931,930,932,-1,931,932,933,-1,933,932,934,-1,933,934,935,-1,935,934,936,-1,935,936,937,-1,937,936,938,-1,937,938,939,-1,939,938,940,-1,939,940,941,-1,941,940,942,-1,941,942,943,-1,943,942,944,-1,943,944,945,-1,923,946,924,-1,924,946,947,-1,924,947,887,-1,887,947,948,-1,887,948,888,-1,883,949,882,-1,882,949,950,-1,882,950,951,-1,951,950,952,-1,951,952,953,-1,954,955,956,-1,956,955,957,-1,956,957,958,-1,958,957,959,-1,958,959,960,-1,959,961,960,-1,960,961,962,-1,960,962,963,-1,963,962,964,-1,963,964,965,-1,965,964,953,-1,965,953,966,-1,966,953,952,-1,915,967,916,-1,916,967,968,-1,916,968,969,-1,969,968,970,-1,969,970,971,-1,971,970,972,-1,971,972,954,-1,954,972,973,-1,954,973,955,-1,974,975,976,-1,977,978,979,-1,980,981,982,-1,982,981,983,-1,982,983,984,-1,985,986,987,-1,988,989,990,-1,991,992,980,-1,980,992,993,-1,980,993,981,-1,994,995,996,-1,996,995,997,-1,996,997,991,-1,991,997,998,-1,991,998,992,-1,999,1000,986,-1,986,1000,1001,-1,986,1001,987,-1,977,1002,978,-1,978,1002,1003,-1,978,1003,1004,-1,1004,1003,1005,-1,1004,1005,1006,-1,1006,1005,1007,-1,1006,1007,1008,-1,1009,1010,1011,-1,1011,1010,1012,-1,1011,1012,1013,-1,1013,1012,1014,-1,1013,1014,979,-1,979,1014,1015,-1,979,1015,977,-1,1016,988,1017,-1,1017,988,990,-1,1017,990,1018,-1,1018,990,1019,-1,987,1020,985,-1,985,1020,1021,-1,985,1021,1022,-1,1022,1021,1023,-1,1022,1023,1024,-1,1024,1023,1025,-1,1024,1025,1026,-1,1026,1025,1027,-1,1026,1027,1028,-1,1028,1027,1029,-1,1030,1031,994,-1,994,1031,1032,-1,994,1032,995,-1,1033,1034,1030,-1,1030,1034,1035,-1,1030,1035,1031,-1,983,1036,984,-1,984,1036,1037,-1,984,1037,1038,-1,1038,1037,1039,-1,1038,1039,999,-1,999,1039,1040,-1,999,1040,1000,-1,1041,1042,1043,-1,1043,1042,990,-1,1043,990,1044,-1,1044,990,989,-1,1007,1045,1008,-1,1008,1045,1046,-1,1008,1046,1047,-1,1047,1046,1048,-1,1047,1048,1049,-1,1049,1048,1042,-1,1049,1042,1050,-1,1050,1042,1051,-1,1051,1042,1041,-1,1051,1041,1029,-1,1029,1041,1052,-1,1029,1052,1028,-1,974,976,1053,-1,1053,976,1054,-1,1053,1054,1055,-1,1055,1054,1056,-1,1055,1056,1057,-1,1057,1056,1058,-1,1057,1058,1059,-1,1059,1058,1060,-1,1059,1060,1061,-1,1061,1060,1062,-1,1061,1062,1063,-1,1063,1062,1064,-1,1063,1064,1065,-1,1065,1064,1066,-1,1065,1066,1009,-1,1009,1066,1067,-1,1009,1067,1010,-1,1068,1069,1070,-1,1070,1069,1071,-1,1070,1071,1072,-1,1072,1071,1073,-1,1072,1073,1074,-1,1074,1073,1075,-1,1074,1075,1076,-1,1077,1078,1079,-1,1079,1078,1080,-1,1079,1080,1081,-1,1081,1080,1082,-1,1081,1082,1033,-1,1033,1082,1083,-1,1033,1083,1034,-1,1075,1084,1076,-1,1076,1084,1085,-1,1076,1085,1086,-1,1086,1085,1087,-1,1086,1087,1088,-1,1088,1087,1089,-1,1088,1089,1077,-1,1077,1089,1090,-1,1077,1090,1078,-1,1070,1091,1068,-1,1068,1091,1092,-1,1068,1092,1093,-1,1093,1092,1094,-1,1093,1094,1017,-1,1017,1094,1095,-1,1017,1095,1016,-1,930,1066,1064,-1,930,1064,932,-1,932,1064,1062,-1,932,1062,934,-1,934,1062,1060,-1,934,1060,936,-1,936,1060,1058,-1,936,1058,938,-1,938,1058,1056,-1,938,1056,940,-1,940,1056,1054,-1,940,1054,942,-1,942,1054,976,-1,942,976,944,-1,945,944,975,-1,975,944,976,-1,945,975,974,-1,945,974,943,-1,943,974,1053,-1,943,1053,941,-1,941,1053,1055,-1,941,1055,939,-1,939,1055,1057,-1,939,1057,937,-1,937,1057,1059,-1,937,1059,935,-1,935,1059,1061,-1,935,1061,933,-1,933,1061,1063,-1,933,1063,931,-1,931,1063,1065,-1,931,1065,929,-1,929,1065,1009,-1,929,1009,927,-1,927,1009,1011,-1,927,1011,862,-1,862,1011,1013,-1,862,1013,860,-1,860,1013,979,-1,860,979,858,-1,858,979,978,-1,858,978,856,-1,856,978,1004,-1,856,1004,869,-1,869,1004,1006,-1,869,1006,901,-1,901,1006,1008,-1,901,1008,899,-1,899,1008,1047,-1,899,1047,897,-1,897,1047,1049,-1,897,1049,907,-1,907,1049,1050,-1,907,1050,909,-1,909,1050,1051,-1,909,1051,854,-1,878,854,1029,-1,1029,854,1051,-1,878,1029,1027,-1,878,1027,879,-1,879,1027,1025,-1,879,1025,892,-1,892,1025,1023,-1,892,1023,893,-1,893,1023,1021,-1,893,1021,895,-1,895,1021,1020,-1,895,1020,896,-1,896,1020,987,-1,896,987,863,-1,863,987,1001,-1,863,1001,872,-1,872,1001,1000,-1,872,1000,873,-1,873,1000,1040,-1,873,1040,875,-1,875,1040,1039,-1,875,1039,920,-1,920,1039,1037,-1,920,1037,921,-1,921,1037,1036,-1,921,1036,923,-1,923,1036,983,-1,923,983,946,-1,946,983,981,-1,946,981,947,-1,947,981,993,-1,947,993,948,-1,948,993,992,-1,948,992,888,-1,888,992,998,-1,888,998,890,-1,890,998,997,-1,890,997,891,-1,891,997,995,-1,891,995,886,-1,886,995,1032,-1,886,1032,917,-1,917,1032,1031,-1,917,1031,918,-1,918,1031,1035,-1,918,1035,919,-1,919,1035,1034,-1,919,1034,911,-1,911,1034,1083,-1,911,1083,913,-1,913,1083,1082,-1,913,1082,915,-1,915,1082,1080,-1,915,1080,967,-1,967,1080,1078,-1,967,1078,968,-1,968,1078,1090,-1,968,1090,970,-1,970,1090,1089,-1,970,1089,972,-1,972,1089,1087,-1,972,1087,973,-1,973,1087,1085,-1,973,1085,955,-1,955,1085,1084,-1,955,1084,957,-1,957,1084,1075,-1,957,1075,959,-1,959,1075,1073,-1,959,1073,961,-1,961,1073,1071,-1,961,1071,962,-1,962,1071,1069,-1,962,1069,964,-1,964,1069,1068,-1,964,1068,953,-1,953,1068,1093,-1,953,1093,951,-1,882,951,1017,-1,1017,951,1093,-1,880,882,1018,-1,1018,882,1017,-1,881,880,1019,-1,1019,880,1018,-1,868,881,990,-1,990,881,1019,-1,868,990,1042,-1,868,1042,904,-1,904,1042,1048,-1,904,1048,908,-1,908,1048,1046,-1,908,1046,898,-1,898,1046,1045,-1,898,1045,900,-1,900,1045,1007,-1,900,1007,902,-1,902,1007,1005,-1,902,1005,903,-1,903,1005,1003,-1,903,1003,870,-1,870,1003,1002,-1,870,1002,871,-1,871,1002,977,-1,871,977,857,-1,857,977,1015,-1,857,1015,859,-1,859,1015,1014,-1,859,1014,861,-1,861,1014,1012,-1,861,1012,925,-1,925,1012,1010,-1,925,1010,926,-1,926,1010,1067,-1,926,1067,928,-1,928,1067,1066,-1,928,1066,930,-1,865,985,1022,-1,865,1022,894,-1,894,1022,1024,-1,894,1024,877,-1,877,1024,1026,-1,877,1026,852,-1,852,1026,1028,-1,852,1028,853,-1,853,1028,1052,-1,853,1052,855,-1,924,982,984,-1,924,984,922,-1,922,984,1038,-1,922,1038,876,-1,876,1038,999,-1,876,999,874,-1,874,999,986,-1,874,986,864,-1,864,986,985,-1,864,985,865,-1,910,1030,994,-1,910,994,884,-1,884,994,996,-1,884,996,885,-1,885,996,991,-1,885,991,889,-1,889,991,980,-1,889,980,887,-1,887,980,982,-1,887,982,924,-1,971,1088,1077,-1,971,1077,969,-1,969,1077,1079,-1,969,1079,916,-1,916,1079,1081,-1,916,1081,914,-1,914,1081,1033,-1,914,1033,912,-1,912,1033,1030,-1,912,1030,910,-1,966,1092,1091,-1,966,1091,965,-1,965,1091,1070,-1,965,1070,963,-1,963,1070,1072,-1,963,1072,960,-1,960,1072,1074,-1,960,1074,958,-1,958,1074,1076,-1,958,1076,956,-1,956,1076,1086,-1,956,1086,954,-1,954,1086,1088,-1,954,1088,971,-1,906,1043,1044,-1,906,1044,866,-1,866,1044,989,-1,866,989,867,-1,867,989,988,-1,867,988,883,-1,883,988,1016,-1,883,1016,949,-1,949,1016,1095,-1,949,1095,950,-1,950,1095,1094,-1,950,1094,952,-1,952,1094,1092,-1,952,1092,966,-1,906,905,1043,-1,1043,905,1041,-1,905,855,1041,-1,1041,855,1052,-1,1096,1097,1098,-1,1096,1098,1099,-1,1099,1098,1100,-1,1099,1100,1101,-1,1101,1100,1102,-1,1101,1102,1103,-1,1103,1102,1104,-1,1103,1104,1105,-1,1105,1104,1106,-1,1105,1106,1107,-1,1107,1106,1108,-1,1107,1108,1109,-1,1109,1108,1110,-1,1109,1110,1111,-1,1112,1111,1113,-1,1113,1111,1110,-1,1112,1113,1114,-1,1112,1114,1115,-1,1115,1114,1116,-1,1115,1116,1117,-1,1117,1116,1118,-1,1117,1118,1119,-1,1119,1118,1120,-1,1119,1120,1121,-1,1121,1120,1122,-1,1121,1122,1123,-1,1123,1122,1124,-1,1123,1124,1125,-1,1125,1124,1126,-1,1125,1126,1127,-1,1127,1126,1128,-1,1127,1128,1129,-1,1129,1128,1130,-1,1129,1130,1131,-1,1131,1130,1132,-1,1131,1132,1133,-1,1133,1132,1134,-1,1133,1134,1135,-1,1135,1134,1136,-1,1135,1136,1137,-1,1137,1136,1138,-1,1137,1138,1139,-1,1139,1138,1140,-1,1139,1140,1141,-1,1141,1140,1142,-1,1141,1142,1143,-1,1143,1142,1144,-1,1143,1144,1145,-1,1145,1144,1146,-1,1145,1146,1147,-1,1147,1146,1148,-1,1147,1148,1149,-1,1149,1148,1150,-1,1149,1150,1151,-1,1151,1150,1152,-1,1151,1152,1153,-1,1153,1152,1154,-1,1153,1154,1155,-1,1155,1154,1156,-1,1155,1156,1157,-1,1157,1156,1158,-1,1157,1158,1159,-1,1159,1158,1160,-1,1159,1160,1161,-1,1161,1160,1162,-1,1161,1162,1163,-1,1163,1162,1164,-1,1163,1164,1165,-1,1165,1164,1166,-1,1165,1166,1167,-1,1167,1166,1168,-1,1167,1168,1169,-1,1169,1168,1170,-1,1169,1170,1171,-1,1171,1170,1172,-1,1171,1172,1173,-1,1173,1172,1174,-1,1173,1174,1175,-1,1175,1174,1176,-1,1175,1176,1177,-1,1177,1176,1178,-1,1177,1178,1179,-1,1179,1178,1180,-1,1179,1180,1181,-1,1181,1180,1182,-1,1181,1182,1183,-1,1183,1182,1184,-1,1183,1184,1185,-1,1185,1184,1186,-1,1185,1186,1187,-1,1187,1186,1188,-1,1187,1188,1189,-1,1189,1188,1190,-1,1189,1190,1191,-1,1191,1190,1192,-1,1191,1192,1193,-1,1193,1192,1194,-1,1193,1194,1195,-1,1195,1194,1196,-1,1195,1196,1197,-1,1197,1196,1198,-1,1197,1198,1199,-1,1199,1198,1200,-1,1199,1200,1201,-1,1201,1200,1202,-1,1201,1202,1203,-1,1203,1202,1204,-1,1203,1204,1205,-1,1205,1204,1206,-1,1205,1206,1207,-1,1207,1206,1208,-1,1207,1208,1209,-1,1209,1208,1210,-1,1209,1210,1211,-1,1211,1210,1212,-1,1211,1212,1213,-1,1213,1212,1214,-1,1213,1214,1215,-1,1215,1214,1216,-1,1215,1216,1217,-1,1217,1216,1218,-1,1217,1218,1219,-1,1219,1218,1220,-1,1219,1220,1221,-1,1221,1220,1222,-1,1221,1222,1223,-1,1223,1222,1224,-1,1223,1224,1225,-1,1225,1224,1226,-1,1225,1226,1227,-1,1227,1226,1228,-1,1227,1228,1229,-1,1229,1228,1230,-1,1229,1230,1231,-1,1232,1231,1233,-1,1233,1231,1230,-1,1232,1233,1234,-1,1232,1234,1235,-1,1235,1234,1236,-1,1235,1236,1237,-1,1237,1236,1238,-1,1237,1238,1239,-1,1239,1238,1240,-1,1239,1240,1241,-1,1241,1240,1242,-1,1241,1242,1243,-1,1243,1242,1244,-1,1243,1244,1245,-1,1245,1244,1246,-1,1245,1246,1247,-1,1247,1246,1248,-1,1247,1248,1249,-1,1249,1248,1250,-1,1249,1250,1251,-1,1251,1250,1252,-1,1251,1252,1253,-1,1253,1252,1254,-1,1253,1254,1255,-1,1255,1254,1256,-1,1255,1256,1257,-1,1257,1256,1258,-1,1257,1258,1259,-1,1259,1258,1260,-1,1259,1260,1261,-1,1261,1260,1262,-1,1261,1262,1263,-1,1263,1262,1264,-1,1263,1264,1265,-1,1265,1264,1266,-1,1265,1266,1267,-1,1267,1266,1268,-1,1267,1268,1269,-1,1269,1268,1270,-1,1269,1270,1271,-1,1271,1270,1272,-1,1271,1272,1273,-1,1273,1272,1274,-1,1273,1274,1275,-1,1275,1274,1276,-1,1275,1276,1277,-1,1277,1276,1278,-1,1277,1278,1279,-1,1279,1278,1280,-1,1279,1280,1281,-1,1281,1280,1282,-1,1281,1282,1283,-1,1283,1282,1284,-1,1283,1284,1285,-1,1285,1284,1286,-1,1285,1286,1287,-1,1287,1286,1288,-1,1287,1288,1289,-1,1289,1288,1290,-1,1289,1290,1291,-1,1291,1290,1292,-1,1291,1292,1293,-1,1293,1292,1294,-1,1293,1294,1295,-1,1295,1294,1296,-1,1295,1296,1297,-1,1297,1296,1298,-1,1297,1298,1299,-1,1299,1298,1300,-1,1299,1300,1301,-1,1301,1300,1302,-1,1301,1302,1303,-1,1303,1302,1304,-1,1303,1304,1305,-1,1305,1304,1306,-1,1305,1306,1307,-1,1307,1306,1308,-1,1307,1308,1309,-1,1309,1308,1310,-1,1309,1310,1311,-1,1311,1310,1312,-1,1311,1312,1313,-1,1313,1312,1314,-1,1313,1314,1315,-1,1315,1314,1316,-1,1315,1316,1317,-1,1317,1316,1318,-1,1317,1318,1319,-1,1319,1318,1320,-1,1319,1320,1321,-1,1321,1320,1322,-1,1321,1322,1323,-1,1323,1322,1324,-1,1323,1324,1325,-1,1325,1324,1326,-1,1325,1326,1327,-1,1327,1326,1328,-1,1327,1328,1329,-1,1329,1328,1330,-1,1329,1330,1331,-1,1331,1330,1097,-1,1331,1097,1096,-1,1109,1111,1112,-1,1229,1231,1232,-1,1139,1141,1321,-1,1321,1141,1319,-1,1141,1143,1319,-1,1319,1143,1145,-1,1319,1145,1317,-1,1317,1145,1147,-1,1317,1147,1315,-1,1203,1263,1201,-1,1201,1263,1265,-1,1201,1265,1199,-1,1205,1259,1203,-1,1203,1259,1261,-1,1203,1261,1263,-1,1139,1321,1137,-1,1137,1321,1323,-1,1137,1323,1135,-1,1135,1323,1325,-1,1135,1325,1133,-1,1133,1325,1327,-1,1133,1327,1131,-1,1163,1307,1161,-1,1161,1307,1309,-1,1279,1191,1193,-1,1265,1267,1199,-1,1199,1267,1269,-1,1199,1269,1197,-1,1279,1281,1191,-1,1191,1281,1283,-1,1191,1283,1189,-1,1189,1283,1285,-1,1189,1285,1187,-1,1187,1285,1287,-1,1187,1287,1185,-1,1185,1287,1289,-1,1185,1289,1183,-1,1313,1155,1311,-1,1311,1155,1157,-1,1311,1157,1309,-1,1309,1157,1159,-1,1309,1159,1161,-1,1147,1149,1315,-1,1315,1149,1151,-1,1315,1151,1313,-1,1313,1151,1153,-1,1313,1153,1155,-1,1269,1271,1197,-1,1197,1271,1273,-1,1197,1273,1195,-1,1195,1273,1275,-1,1195,1275,1193,-1,1193,1275,1277,-1,1193,1277,1279,-1,1163,1165,1307,-1,1307,1165,1167,-1,1307,1167,1305,-1,1305,1167,1169,-1,1305,1169,1303,-1,1303,1169,1171,-1,1303,1171,1301,-1,1301,1171,1173,-1,1301,1173,1299,-1,1299,1173,1175,-1,1299,1175,1297,-1,1131,1327,1129,-1,1129,1327,1329,-1,1129,1329,1127,-1,1127,1329,1331,-1,1127,1331,1125,-1,1125,1331,1096,-1,1125,1096,1123,-1,1123,1096,1099,-1,1123,1099,1121,-1,1121,1099,1101,-1,1121,1101,1119,-1,1119,1101,1103,-1,1119,1103,1117,-1,1117,1103,1105,-1,1117,1105,1115,-1,1115,1105,1112,-1,1112,1105,1107,-1,1112,1107,1109,-1,1289,1291,1183,-1,1183,1291,1293,-1,1183,1293,1181,-1,1181,1293,1295,-1,1181,1295,1179,-1,1179,1295,1297,-1,1179,1297,1177,-1,1177,1297,1175,-1,1229,1232,1227,-1,1227,1232,1235,-1,1227,1235,1225,-1,1225,1235,1237,-1,1225,1237,1223,-1,1223,1237,1239,-1,1223,1239,1221,-1,1221,1239,1241,-1,1221,1241,1219,-1,1219,1241,1243,-1,1219,1243,1217,-1,1217,1243,1245,-1,1217,1245,1215,-1,1215,1245,1247,-1,1215,1247,1213,-1,1213,1247,1249,-1,1213,1249,1211,-1,1211,1249,1251,-1,1211,1251,1209,-1,1209,1251,1253,-1,1209,1253,1207,-1,1207,1253,1255,-1,1207,1255,1205,-1,1205,1255,1257,-1,1205,1257,1259,-1,1318,1140,1320,-1,1320,1140,1138,-1,1320,1138,1322,-1,1322,1138,1136,-1,1322,1136,1324,-1,1282,1190,1188,-1,1316,1144,1318,-1,1318,1144,1142,-1,1318,1142,1140,-1,1310,1308,1158,-1,1202,1200,1262,-1,1158,1308,1160,-1,1160,1308,1306,-1,1160,1306,1162,-1,1304,1166,1306,-1,1306,1166,1164,-1,1306,1164,1162,-1,1282,1280,1190,-1,1190,1280,1278,-1,1190,1278,1192,-1,1192,1278,1276,-1,1192,1276,1194,-1,1196,1268,1198,-1,1198,1268,1266,-1,1198,1266,1200,-1,1200,1266,1264,-1,1200,1264,1262,-1,1276,1274,1194,-1,1194,1274,1272,-1,1194,1272,1196,-1,1196,1272,1270,-1,1196,1270,1268,-1,1312,1150,1314,-1,1314,1150,1148,-1,1314,1148,1316,-1,1316,1148,1146,-1,1316,1146,1144,-1,1158,1156,1310,-1,1310,1156,1154,-1,1310,1154,1312,-1,1312,1154,1152,-1,1312,1152,1150,-1,1136,1134,1324,-1,1324,1134,1132,-1,1324,1132,1326,-1,1326,1132,1130,-1,1326,1130,1328,-1,1328,1130,1128,-1,1328,1128,1330,-1,1330,1128,1126,-1,1330,1126,1097,-1,1097,1126,1124,-1,1097,1124,1098,-1,1098,1124,1122,-1,1098,1122,1100,-1,1100,1122,1120,-1,1100,1120,1102,-1,1230,1228,1233,-1,1233,1228,1226,-1,1233,1226,1234,-1,1234,1226,1224,-1,1120,1118,1102,-1,1102,1118,1116,-1,1102,1116,1104,-1,1104,1116,1114,-1,1104,1114,1106,-1,1106,1114,1113,-1,1106,1113,1108,-1,1108,1113,1110,-1,1296,1294,1180,-1,1180,1294,1292,-1,1180,1292,1182,-1,1182,1292,1290,-1,1182,1290,1184,-1,1184,1290,1288,-1,1184,1288,1186,-1,1186,1288,1286,-1,1186,1286,1188,-1,1188,1286,1284,-1,1188,1284,1282,-1,1262,1260,1202,-1,1202,1260,1258,-1,1202,1258,1204,-1,1204,1258,1256,-1,1204,1256,1206,-1,1206,1256,1254,-1,1206,1254,1208,-1,1208,1254,1252,-1,1208,1252,1210,-1,1210,1252,1250,-1,1210,1250,1212,-1,1212,1250,1248,-1,1212,1248,1214,-1,1214,1248,1246,-1,1214,1246,1216,-1,1216,1246,1244,-1,1216,1244,1218,-1,1218,1244,1242,-1,1218,1242,1220,-1,1220,1242,1240,-1,1220,1240,1222,-1,1222,1240,1238,-1,1222,1238,1224,-1,1224,1238,1236,-1,1224,1236,1234,-1,1180,1178,1296,-1,1296,1178,1176,-1,1296,1176,1298,-1,1298,1176,1174,-1,1298,1174,1300,-1,1300,1174,1172,-1,1300,1172,1302,-1,1302,1172,1170,-1,1302,1170,1304,-1,1304,1170,1168,-1,1304,1168,1166,-1,1332,1333,1334,-1,1334,1333,1335,-1,1336,1332,1337,-1,1337,1332,1334,-1,1336,1337,1338,-1,1336,1338,1339,-1,1339,1338,1340,-1,1339,1340,1341,-1,1342,1341,1343,-1,1343,1341,1340,-1,1344,1342,1345,-1,1345,1342,1343,-1,1346,1344,1347,-1,1347,1344,1345,-1,1348,1346,1349,-1,1349,1346,1347,-1,1350,1348,1351,-1,1351,1348,1349,-1,1352,1350,1353,-1,1353,1350,1351,-1,1352,1353,1354,-1,1352,1354,1355,-1,1355,1354,1356,-1,1355,1356,1357,-1,1357,1356,1358,-1,1357,1358,1359,-1,1359,1358,1360,-1,1359,1360,1361,-1,1361,1360,1362,-1,1361,1362,1363,-1,1363,1362,1364,-1,1363,1364,1365,-1,1365,1364,1366,-1,1365,1366,1367,-1,1367,1366,1368,-1,1367,1368,1369,-1,1369,1368,1370,-1,1369,1370,1371,-1,1371,1370,1372,-1,1371,1372,1373,-1,1374,1373,1375,-1,1375,1373,1372,-1,1374,1375,1376,-1,1374,1376,1377,-1,1377,1376,1378,-1,1377,1378,1379,-1,1379,1378,1380,-1,1379,1380,1381,-1,1381,1380,1382,-1,1381,1382,1383,-1,1383,1382,1384,-1,1383,1384,1385,-1,1385,1384,1386,-1,1385,1386,1387,-1,1387,1386,1388,-1,1387,1388,1389,-1,1389,1388,1390,-1,1389,1390,1391,-1,1391,1390,1392,-1,1391,1392,1393,-1,1393,1392,1394,-1,1393,1394,1395,-1,1395,1394,1396,-1,1395,1396,1397,-1,1397,1396,1398,-1,1397,1398,1399,-1,1399,1398,1400,-1,1399,1400,1401,-1,1333,1401,1335,-1,1335,1401,1400,-1,1339,1341,1401,-1,1333,1332,1401,-1,1401,1332,1336,-1,1401,1336,1339,-1,1346,1348,1344,-1,1344,1348,1350,-1,1344,1350,1342,-1,1357,1359,1391,-1,1391,1359,1389,-1,1389,1359,1361,-1,1389,1361,1387,-1,1387,1361,1363,-1,1387,1363,1385,-1,1385,1363,1383,-1,1383,1363,1365,-1,1383,1365,1381,-1,1381,1365,1367,-1,1381,1367,1379,-1,1379,1367,1377,-1,1377,1367,1369,-1,1377,1369,1374,-1,1374,1369,1371,-1,1374,1371,1373,-1,1391,1393,1357,-1,1357,1393,1395,-1,1357,1395,1355,-1,1355,1395,1397,-1,1355,1397,1352,-1,1352,1397,1399,-1,1352,1399,1350,-1,1350,1399,1401,-1,1350,1401,1342,-1,1342,1401,1341,-1,1343,1353,1351,-1,1364,1362,1384,-1,1334,1335,1337,-1,1337,1335,1400,-1,1337,1400,1338,-1,1338,1400,1340,-1,1349,1347,1351,-1,1351,1347,1345,-1,1351,1345,1343,-1,1384,1362,1386,-1,1386,1362,1360,-1,1386,1360,1388,-1,1384,1382,1364,-1,1364,1382,1380,-1,1364,1380,1366,-1,1366,1380,1378,-1,1366,1378,1368,-1,1368,1378,1376,-1,1368,1376,1370,-1,1370,1376,1375,-1,1370,1375,1372,-1,1388,1360,1390,-1,1390,1360,1358,-1,1390,1358,1392,-1,1392,1358,1356,-1,1392,1356,1394,-1,1394,1356,1354,-1,1394,1354,1396,-1,1396,1354,1398,-1,1398,1354,1353,-1,1398,1353,1400,-1,1400,1353,1343,-1,1400,1343,1340,-1,1402,1403,1404,-1,1404,1403,1405,-1,1406,1402,1407,-1,1407,1402,1404,-1,1408,1406,1409,-1,1409,1406,1407,-1,1410,1408,1411,-1,1411,1408,1409,-1,1412,1410,1413,-1,1413,1410,1411,-1,1414,1412,1415,-1,1415,1412,1413,-1,1416,1414,1417,-1,1417,1414,1415,-1,1418,1416,1419,-1,1419,1416,1417,-1,1420,1418,1421,-1,1421,1418,1419,-1,1422,1420,1423,-1,1423,1420,1421,-1,1424,1422,1425,-1,1425,1422,1423,-1,1403,1424,1405,-1,1405,1424,1425,-1,1424,1403,1402,-1,1402,1406,1424,-1,1424,1406,1408,-1,1424,1408,1422,-1,1418,1420,1416,-1,1416,1420,1422,-1,1416,1422,1414,-1,1414,1422,1408,-1,1414,1408,1412,-1,1412,1408,1410,-1,1413,1411,1415,-1,1415,1411,1409,-1,1421,1419,1423,-1,1423,1419,1417,-1,1404,1405,1407,-1,1407,1405,1425,-1,1407,1425,1409,-1,1409,1425,1423,-1,1409,1423,1415,-1,1415,1423,1417,-1,1426,1427,1428,-1,1428,1427,1429,-1,1428,1429,1430,-1,1430,1429,1431,-1,1430,1431,1432,-1,1432,1431,1433,-1,1432,1433,1434,-1,1434,1433,1435,-1,1434,1435,1436,-1,1436,1435,1437,-1,1436,1437,1438,-1,1438,1437,1439,-1,1438,1439,1440,-1,1440,1439,1441,-1,1440,1441,1442,-1,1443,1444,1445,-1,1445,1444,1446,-1,1445,1446,1447,-1,1447,1446,1448,-1,1447,1448,1449,-1,1449,1448,1450,-1,1449,1450,1451,-1,1441,1452,1442,-1,1442,1452,1453,-1,1442,1453,1454,-1,1454,1453,1455,-1,1454,1455,1456,-1,1456,1455,1457,-1,1456,1457,1458,-1,1458,1457,1459,-1,1458,1459,1460,-1,1460,1459,1461,-1,1460,1461,1462,-1,1462,1461,1463,-1,1462,1463,1443,-1,1443,1463,1464,-1,1443,1464,1444,-1,1450,1465,1451,-1,1451,1465,1466,-1,1451,1466,1467,-1,1467,1466,1468,-1,1467,1468,1469,-1,1469,1468,1470,-1,1469,1470,1471,-1,1471,1470,1472,-1,1471,1472,1473,-1,1473,1472,1474,-1,1473,1474,1475,-1,1475,1474,1476,-1,1475,1476,1477,-1,1477,1476,1478,-1,1477,1478,1479,-1,1479,1478,1480,-1,1479,1480,1481,-1,1481,1480,1482,-1,1481,1482,1483,-1,1483,1482,1484,-1,1483,1484,1485,-1,1485,1484,1486,-1,1485,1486,1487,-1,1487,1486,1488,-1,1487,1488,1489,-1,1489,1488,1490,-1,1489,1490,1491,-1,1491,1490,1492,-1,1491,1492,1493,-1,1493,1492,1494,-1,1493,1494,1495,-1,1495,1494,1496,-1,1495,1496,1497,-1,1497,1496,1498,-1,1497,1498,1426,-1,1426,1498,1499,-1,1426,1499,1427,-1,1500,1501,1502,-1,1502,1501,1503,-1,1502,1503,1504,-1,1504,1503,1505,-1,1504,1505,1506,-1,1506,1505,1507,-1,1506,1507,1508,-1,1508,1507,1509,-1,1508,1509,1510,-1,1510,1509,1511,-1,1510,1511,1512,-1,1513,1514,1515,-1,1515,1514,1516,-1,1515,1516,1517,-1,1517,1516,1518,-1,1517,1518,1519,-1,1519,1518,1520,-1,1519,1520,1521,-1,1521,1520,1522,-1,1521,1522,1523,-1,1523,1522,1524,-1,1523,1524,1525,-1,1525,1524,1526,-1,1525,1526,1527,-1,1527,1526,1528,-1,1527,1528,1529,-1,1529,1528,1530,-1,1529,1530,1531,-1,1531,1530,1532,-1,1531,1532,1533,-1,1533,1532,1534,-1,1533,1534,1535,-1,1535,1534,1536,-1,1535,1536,1537,-1,1537,1536,1538,-1,1537,1538,1539,-1,1539,1538,1540,-1,1539,1540,1541,-1,1541,1540,1542,-1,1541,1542,1500,-1,1500,1542,1543,-1,1500,1543,1501,-1,1544,1545,1546,-1,1546,1545,1547,-1,1546,1547,1548,-1,1548,1547,1549,-1,1548,1549,1550,-1,1550,1549,1551,-1,1550,1551,1552,-1,1552,1551,1553,-1,1552,1553,1554,-1,1554,1553,1555,-1,1554,1555,1556,-1,1556,1555,1557,-1,1556,1557,1558,-1,1558,1557,1559,-1,1558,1559,1513,-1,1513,1559,1560,-1,1513,1560,1514,-1,1511,1561,1512,-1,1512,1561,1562,-1,1512,1562,1563,-1,1563,1562,1564,-1,1563,1564,1565,-1,1565,1564,1566,-1,1565,1566,1567,-1,1567,1566,1568,-1,1567,1568,1569,-1,1569,1568,1570,-1,1569,1570,1571,-1,1571,1570,1572,-1,1571,1572,1544,-1,1544,1572,1573,-1,1544,1573,1545,-1,1492,1490,1524,-1,1524,1490,1526,-1,1492,1524,1522,-1,1492,1522,1494,-1,1494,1522,1520,-1,1494,1520,1496,-1,1496,1520,1518,-1,1496,1518,1498,-1,1498,1518,1516,-1,1498,1516,1499,-1,1499,1516,1514,-1,1499,1514,1427,-1,1427,1514,1560,-1,1427,1560,1429,-1,1429,1560,1559,-1,1429,1559,1431,-1,1431,1559,1557,-1,1431,1557,1433,-1,1433,1557,1555,-1,1433,1555,1435,-1,1435,1555,1553,-1,1435,1553,1437,-1,1437,1553,1551,-1,1437,1551,1439,-1,1439,1551,1549,-1,1439,1549,1441,-1,1441,1549,1547,-1,1441,1547,1452,-1,1452,1547,1545,-1,1452,1545,1453,-1,1453,1545,1573,-1,1453,1573,1455,-1,1455,1573,1572,-1,1455,1572,1457,-1,1457,1572,1570,-1,1457,1570,1459,-1,1459,1570,1568,-1,1459,1568,1461,-1,1461,1568,1566,-1,1461,1566,1463,-1,1463,1566,1564,-1,1463,1564,1464,-1,1464,1564,1562,-1,1464,1562,1444,-1,1444,1562,1561,-1,1444,1561,1446,-1,1446,1561,1511,-1,1446,1511,1448,-1,1448,1511,1509,-1,1448,1509,1450,-1,1450,1509,1507,-1,1450,1507,1465,-1,1465,1507,1505,-1,1465,1505,1466,-1,1466,1505,1503,-1,1466,1503,1468,-1,1468,1503,1501,-1,1468,1501,1470,-1,1470,1501,1543,-1,1470,1543,1472,-1,1472,1543,1542,-1,1472,1542,1474,-1,1474,1542,1540,-1,1474,1540,1476,-1,1476,1540,1538,-1,1476,1538,1478,-1,1478,1538,1536,-1,1478,1536,1480,-1,1480,1536,1534,-1,1480,1534,1482,-1,1482,1534,1532,-1,1482,1532,1484,-1,1484,1532,1530,-1,1484,1530,1486,-1,1488,1486,1528,-1,1528,1486,1530,-1,1490,1488,1526,-1,1526,1488,1528,-1,1485,1487,1529,-1,1529,1487,1527,-1,1487,1489,1527,-1,1527,1489,1525,-1,1489,1491,1525,-1,1525,1491,1523,-1,1434,1554,1556,-1,1434,1556,1432,-1,1432,1556,1558,-1,1432,1558,1430,-1,1430,1558,1513,-1,1430,1513,1428,-1,1428,1513,1515,-1,1428,1515,1426,-1,1426,1515,1517,-1,1426,1517,1497,-1,1497,1517,1519,-1,1497,1519,1495,-1,1495,1519,1521,-1,1495,1521,1493,-1,1493,1521,1523,-1,1493,1523,1491,-1,1460,1567,1569,-1,1460,1569,1458,-1,1458,1569,1571,-1,1458,1571,1456,-1,1456,1571,1544,-1,1456,1544,1454,-1,1454,1544,1546,-1,1454,1546,1442,-1,1442,1546,1548,-1,1442,1548,1440,-1,1440,1548,1550,-1,1440,1550,1438,-1,1438,1550,1552,-1,1438,1552,1436,-1,1436,1552,1554,-1,1436,1554,1434,-1,1469,1502,1504,-1,1469,1504,1467,-1,1467,1504,1506,-1,1467,1506,1451,-1,1451,1506,1508,-1,1451,1508,1449,-1,1449,1508,1510,-1,1449,1510,1447,-1,1447,1510,1512,-1,1447,1512,1445,-1,1445,1512,1563,-1,1445,1563,1443,-1,1443,1563,1565,-1,1443,1565,1462,-1,1462,1565,1567,-1,1462,1567,1460,-1,1485,1529,1531,-1,1485,1531,1483,-1,1483,1531,1533,-1,1483,1533,1481,-1,1481,1533,1535,-1,1481,1535,1479,-1,1479,1535,1537,-1,1479,1537,1477,-1,1477,1537,1539,-1,1477,1539,1475,-1,1475,1539,1541,-1,1475,1541,1473,-1,1473,1541,1500,-1,1473,1500,1471,-1,1471,1500,1502,-1,1471,1502,1469,-1,1574,1575,1576,-1,1576,1575,1577,-1,1578,1579,1574,-1,1574,1579,1580,-1,1574,1580,1575,-1,1575,1580,1581,-1,1578,1582,1579,-1,1579,1582,1583,-1,1579,1583,1584,-1,1584,1583,1585,-1,1584,1585,1586,-1,1586,1587,1584,-1,1584,1587,1576,-1,1584,1576,1588,-1,1588,1576,1577,-1,1588,1577,1589,-1,1590,1591,1592,-1,1592,1591,1593,-1,1594,1595,1593,-1,1593,1595,1596,-1,1593,1596,1592,-1,1592,1596,1597,-1,1594,1598,1595,-1,1595,1598,1599,-1,1595,1599,1600,-1,1600,1599,1601,-1,1600,1601,1602,-1,1602,1603,1600,-1,1600,1603,1591,-1,1600,1591,1604,-1,1604,1591,1590,-1,1604,1590,1605,-1,1584,1588,1595,-1,1595,1588,1596,-1,1579,1584,1600,-1,1600,1584,1595,-1,1580,1579,1604,-1,1604,1579,1600,-1,1581,1580,1605,-1,1605,1580,1604,-1,1575,1581,1590,-1,1590,1581,1605,-1,1577,1575,1592,-1,1592,1575,1590,-1,1589,1577,1597,-1,1597,1577,1592,-1,1588,1589,1596,-1,1596,1589,1597,-1,1574,1576,1591,-1,1591,1576,1593,-1,1576,1587,1593,-1,1593,1587,1594,-1,1585,1599,1598,-1,1585,1598,1586,-1,1586,1598,1594,-1,1586,1594,1587,-1,1585,1583,1599,-1,1599,1583,1601,-1,1578,1603,1602,-1,1578,1602,1582,-1,1582,1602,1601,-1,1582,1601,1583,-1,1578,1574,1603,-1,1603,1574,1591,-1,
        ]
    }
}